sample_id,texture_class,sand_pct,silt_pct,clay_pct,om_percent_true,soc_percent_est,bulk_density_g_cm3,porosity_frac,field_capacity_vwc,wilting_point_vwc,available_water_vwc,moisture_percent_sensor,wfps_frac,air_filled_porosity_frac,ec_dS_m,ec_uS_cm,salinity_class,ph_sensor,temp_c,n_mgkg_sensor,p_mgkg_sensor,k_mgkg_sensor,n_mgkg_true,p_mgkg_true,k_mgkg_true,om_percent_lab
S00000,Sandy clay loam,53.8,13.3,32.9,3.9,2.26,1.467,0.446,0.204,0.088,0.116,27.5,0.617,0.171,0.229,229.0,normal(<1),6.51,23.7,50.0,51.0,182.0,93.0,28.0,228.0,3.8
S00001,Sandy loam,61.3,33.0,5.7,1.03,0.6,1.573,0.406,0.144,0.067,0.077,27.4,0.675,0.132,0.969,969.0,normal(<1),6.72,25.0,89.0,42.0,299.0,32.0,12.0,320.0,1.05
S00002,Sandy clay loam,58.3,11.1,30.6,1.94,1.12,1.604,0.395,0.175,0.098,0.077,15.1,0.381,0.244,1.014,1014.0,germination-critical(1-2),6.38,25.9,57.0,22.0,165.0,58.0,15.0,160.0,1.97
S00003,Silty clay loam,11.1,51.7,37.2,2.93,1.7,1.454,0.451,0.25,0.113,0.137,28.2,0.626,0.169,0.904,904.0,normal(<1),6.43,26.1,49.0,11.0,430.0,62.0,6.0,497.0,2.71
S00004,Sandy loam,78.9,4.4,16.7,2.31,1.34,1.543,0.418,0.164,0.046,0.118,26.0,0.622,0.158,0.308,308.0,normal(<1),6.52,28.1,65.0,25.0,113.0,76.0,16.0,74.0,2.52
S00005,Sandy loam,48.6,37.6,13.8,1.31,0.76,1.602,0.395,0.177,0.062,0.115,17.8,0.45,0.217,0.721,721.0,normal(<1),6.15,18.4,43.0,22.0,336.0,38.0,5.0,355.0,1.35
S00006,Sandy loam,64.4,29.0,6.6,0.92,0.53,1.607,0.394,0.168,0.054,0.113,19.4,0.493,0.199,1.056,1056.0,germination-critical(1-2),6.22,32.2,56.0,47.0,229.0,32.0,9.0,280.0,0.61
S00007,Clay,23.3,27.2,49.5,2.45,1.42,1.54,0.419,0.254,0.117,0.137,14.1,0.336,0.278,1.85,1850.0,germination-critical(1-2),6.17,24.0,127.0,73.0,403.0,64.0,16.0,396.0,2.48
S00008,Clay loam,23.0,43.4,33.6,1.96,1.14,1.551,0.415,0.214,0.113,0.101,19.2,0.464,0.222,0.432,432.0,normal(<1),6.21,27.0,53.0,30.0,444.0,49.0,19.0,434.0,2.43
S00009,Silty clay,15.7,43.9,40.4,4.23,2.46,1.434,0.459,0.243,0.122,0.121,34.3,0.748,0.116,0.156,156.0,normal(<1),5.98,36.3,94.0,52.0,359.0,130.0,19.0,488.0,4.17
S00010,Silty clay,3.3,51.0,45.7,2.79,1.62,1.466,0.447,0.265,0.143,0.122,28.2,0.631,0.165,0.259,259.0,normal(<1),6.53,27.6,49.0,12.0,519.0,92.0,37.0,590.0,2.85
S00011,Silty clay,2.0,41.1,56.9,3.74,2.17,1.415,0.466,0.285,0.15,0.135,20.5,0.44,0.261,0.582,582.0,normal(<1),6.52,26.3,21.0,56.0,479.0,51.0,31.0,599.0,3.73
S00012,Clay loam,27.4,33.2,39.3,2.47,1.43,1.573,0.406,0.243,0.125,0.118,25.0,0.616,0.156,1.004,1004.0,germination-critical(1-2),6.42,33.3,50.0,55.0,334.0,66.0,38.0,443.0,2.34
S00013,Silt loam,23.5,55.1,21.5,1.68,0.98,1.551,0.415,0.237,0.106,0.131,16.0,0.385,0.255,0.078,78.0,normal(<1),6.23,30.7,35.0,12.0,470.0,17.0,30.0,550.0,1.95
S00014,Sandy clay,52.3,6.4,41.3,1.77,1.02,1.502,0.433,0.228,0.095,0.133,19.4,0.448,0.239,1.074,1074.0,germination-critical(1-2),6.81,30.5,140.0,33.0,125.0,77.0,14.0,125.0,2.09
S00015,Sandy clay loam,50.9,22.2,26.9,1.2,0.69,1.477,0.443,0.156,0.089,0.067,25.3,0.571,0.19,0.61,610.0,normal(<1),6.68,24.8,38.0,39.0,260.0,29.0,14.0,321.0,1.17
S00016,Sand,88.6,2.9,8.5,0.74,0.43,1.667,0.371,0.145,0.046,0.099,23.6,0.637,0.135,0.223,223.0,normal(<1),6.35,31.6,15.0,16.0,76.0,49.0,0.0,95.0,0.28
S00017,Sandy loam,48.2,44.0,7.8,0.7,0.41,1.611,0.392,0.178,0.083,0.095,17.6,0.449,0.216,0.701,701.0,normal(<1),6.47,29.6,70.0,64.0,311.0,52.0,30.0,408.0,0.79
S00018,Silty clay loam,8.2,59.4,32.3,1.58,0.92,1.493,0.437,0.278,0.131,0.147,24.7,0.566,0.19,0.867,867.0,normal(<1),6.38,32.8,62.0,65.0,586.0,21.0,15.0,706.0,1.72
S00019,Silt loam,15.6,62.8,21.6,2.31,1.34,1.537,0.42,0.228,0.11,0.118,29.0,0.689,0.131,0.129,129.0,normal(<1),6.9,32.0,17.0,55.0,401.0,41.0,4.0,479.0,2.17
S00020,Clay loam,37.6,30.3,32.0,1.98,1.15,1.549,0.416,0.204,0.111,0.093,29.6,0.713,0.119,1.757,1757.0,germination-critical(1-2),6.41,34.5,107.0,47.0,364.0,48.0,19.0,431.0,2.09
S00021,Sandy loam,55.2,32.4,12.4,3.31,1.92,1.495,0.436,0.183,0.072,0.111,22.4,0.514,0.212,0.902,902.0,normal(<1),6.59,30.5,82.0,44.0,240.0,74.0,45.0,323.0,3.0
S00022,Silt loam,15.9,81.2,2.8,1.74,1.01,1.612,0.392,0.222,0.084,0.137,19.7,0.504,0.194,0.629,629.0,normal(<1),6.16,28.9,37.0,46.0,519.0,20.0,29.0,738.0,1.45
S00023,Sandy clay loam,62.3,16.0,21.7,4.39,2.55,1.58,0.404,0.166,0.083,0.083,25.8,0.64,0.145,0.339,339.0,normal(<1),6.19,31.7,58.0,45.0,180.0,93.0,14.0,243.0,4.23
S00024,Silty clay,16.5,42.8,40.7,1.59,0.92,1.424,0.463,0.254,0.115,0.139,21.4,0.462,0.249,0.334,334.0,normal(<1),6.47,29.2,24.0,51.0,349.0,29.0,19.0,473.0,0.99
S00025,Loam,47.7,39.3,13.0,0.52,0.3,1.532,0.422,0.186,0.08,0.106,11.3,0.268,0.309,0.437,437.0,normal(<1),6.71,20.2,31.0,49.0,336.0,22.0,4.0,457.0,0.66
S00026,Sand,91.8,1.9,6.3,3.66,2.12,1.515,0.428,0.126,0.046,0.08,9.9,0.231,0.329,1.006,1006.0,germination-critical(1-2),6.55,24.8,144.0,63.0,96.0,56.0,35.0,78.0,3.62
S00027,Loam,36.8,36.3,26.9,1.83,1.06,1.504,0.432,0.222,0.113,0.109,22.4,0.518,0.209,0.065,65.0,normal(<1),6.14,24.5,3.0,29.0,284.0,8.0,6.0,364.0,1.57
S00028,Loam,48.0,45.0,7.0,2.21,1.28,1.548,0.416,0.163,0.071,0.092,30.9,0.742,0.107,0.64,640.0,normal(<1),6.73,22.9,65.0,31.0,353.0,33.0,23.0,413.0,2.25
S00029,Sandy loam,46.1,47.2,6.7,0.3,0.17,1.511,0.43,0.174,0.079,0.095,28.6,0.666,0.144,0.379,379.0,normal(<1),6.15,37.2,66.0,37.0,336.0,42.0,18.0,391.0,0.61
S00030,Loam,44.0,34.8,21.2,3.49,2.02,1.511,0.43,0.205,0.079,0.126,30.1,0.701,0.129,2.504,2504.0,salt-sensitive-critical(2-3),6.89,28.1,144.0,91.0,315.0,76.0,26.0,364.0,3.17
S00031,Sandy loam,68.2,14.2,17.5,1.14,0.66,1.578,0.404,0.148,0.057,0.09,17.4,0.43,0.231,0.162,162.0,normal(<1),6.35,29.0,12.0,0.0,179.0,27.0,6.0,207.0,1.04
S00032,Clay loam,23.7,36.8,39.5,2.55,1.48,1.389,0.476,0.242,0.119,0.122,19.5,0.41,0.281,0.252,252.0,normal(<1),6.11,26.5,107.0,35.0,410.0,77.0,39.0,429.0,2.52
S00033,Loam,32.3,48.6,19.2,2.33,1.35,1.507,0.431,0.223,0.094,0.13,22.2,0.514,0.21,0.905,905.0,normal(<1),6.14,21.5,97.0,14.0,363.0,51.0,20.0,448.0,2.18
S00034,Sandy loam,46.6,41.2,12.2,3.81,2.21,1.522,0.426,0.188,0.079,0.109,18.2,0.427,0.244,0.186,186.0,normal(<1),6.48,33.6,32.0,0.0,252.0,72.0,3.0,328.0,3.82
S00035,Sandy loam,74.8,11.4,13.8,1.3,0.75,1.589,0.4,0.147,0.077,0.07,19.8,0.496,0.202,0.189,189.0,normal(<1),6.19,29.8,63.0,39.0,184.0,42.0,7.0,202.0,1.64
S00036,Sandy loam,50.6,30.3,19.1,1.99,1.15,1.539,0.419,0.192,0.079,0.113,23.2,0.553,0.187,0.656,656.0,normal(<1),6.68,22.8,65.0,56.0,321.0,45.0,26.0,364.0,2.29
S00037,Loam,44.5,39.1,16.4,2.96,1.72,1.599,0.397,0.188,0.107,0.081,15.4,0.388,0.243,0.45,450.0,normal(<1),6.41,21.9,59.0,19.0,349.0,59.0,15.0,429.0,3.02
S00038,Silty clay,3.5,42.9,53.6,4.2,2.44,1.395,0.473,0.279,0.156,0.122,27.8,0.587,0.195,0.99,990.0,normal(<1),6.48,28.6,98.0,63.0,424.0,98.0,30.0,505.0,4.29
S00039,Silty clay loam,13.1,51.3,35.6,2.29,1.33,1.407,0.469,0.233,0.111,0.122,28.6,0.61,0.183,0.66,660.0,normal(<1),6.61,30.8,46.0,30.0,418.0,20.0,15.0,460.0,2.59
S00040,Loam,42.9,49.7,7.5,0.95,0.55,1.628,0.386,0.19,0.064,0.126,23.1,0.598,0.155,0.306,306.0,normal(<1),6.67,23.7,38.0,58.0,311.0,34.0,0.0,441.0,1.32
S00041,Silty clay loam,5.8,63.9,30.4,2.3,1.34,1.553,0.414,0.243,0.12,0.123,15.3,0.369,0.261,0.182,182.0,normal(<1),6.35,20.8,102.0,8.0,602.0,38.0,21.0,685.0,2.36
S00042,Loamy sand,85.8,10.1,4.1,2.05,1.19,1.626,0.386,0.125,0.04,0.085,20.3,0.526,0.183,2.057,2057.0,salt-sensitive-critical(2-3),6.76,32.4,157.0,92.0,121.0,66.0,29.0,148.0,2.23
S00043,Sandy clay loam,61.4,12.3,26.2,2.83,1.64,1.51,0.43,0.185,0.084,0.101,25.8,0.6,0.172,0.498,498.0,normal(<1),6.17,26.9,57.0,24.0,159.0,58.0,19.0,278.0,2.6
S00044,Silt loam,24.6,72.9,2.5,1.56,0.91,1.572,0.407,0.199,0.097,0.102,15.6,0.384,0.251,0.76,760.0,normal(<1),6.36,32.6,77.0,23.0,567.0,54.0,16.0,659.0,1.59
S00045,Sandy clay,48.8,11.7,39.4,2.62,1.52,1.45,0.453,0.248,0.122,0.126,30.3,0.668,0.15,0.202,202.0,normal(<1),6.39,20.8,48.0,0.0,239.0,46.0,22.0,257.0,2.42
S00046,Loamy sand,70.0,26.8,3.2,0.82,0.48,1.689,0.363,0.158,0.05,0.108,14.8,0.409,0.214,1.89,1890.0,germination-critical(1-2),6.24,22.0,89.0,53.0,213.0,17.0,14.0,250.0,0.6
S00047,Loam,29.0,46.3,24.8,2.06,1.19,1.411,0.467,0.2,0.114,0.087,22.4,0.479,0.244,0.796,796.0,normal(<1),6.74,25.4,45.0,16.0,381.0,55.0,23.0,453.0,2.14
S00048,Silt loam,3.8,87.5,8.7,2.08,1.21,1.627,0.386,0.224,0.11,0.114,27.7,0.717,0.109,1.186,1186.0,germination-critical(1-2),7.04,24.4,110.0,42.0,669.0,52.0,10.0,731.0,1.96
S00049,Clay loam,29.7,40.5,29.8,1.88,1.09,1.551,0.415,0.231,0.111,0.121,28.5,0.688,0.13,0.507,507.0,normal(<1),6.25,35.3,1.0,0.0,431.0,49.0,14.0,491.0,1.9
S00050,Sandy clay loam,51.6,15.2,33.2,3.98,2.31,1.46,0.449,0.175,0.101,0.074,28.0,0.624,0.169,0.521,521.0,normal(<1),5.67,30.8,57.0,59.0,35.0,93.0,26.0,152.0,3.9
S00051,Loamy sand,85.9,1.5,12.6,1.0,0.58,1.617,0.39,0.111,0.064,0.047,17.1,0.439,0.219,1.186,1186.0,germination-critical(1-2),6.65,20.8,48.0,66.0,37.0,26.0,18.0,5.0,1.1
S00052,Clay,3.6,36.8,59.6,6.38,3.7,1.377,0.48,0.293,0.147,0.146,36.4,0.758,0.116,0.396,396.0,normal(<1),6.52,22.2,88.0,45.0,411.0,130.0,62.0,522.0,6.32
S00053,Loam,24.8,48.8,26.4,2.84,1.65,1.569,0.408,0.247,0.115,0.131,16.7,0.408,0.241,0.689,689.0,normal(<1),6.64,28.8,2.0,40.0,447.0,66.0,37.0,549.0,2.41
S00054,Loam,45.6,38.5,15.9,1.41,0.82,1.469,0.446,0.215,0.087,0.128,30.4,0.682,0.142,0.413,413.0,normal(<1),6.3,25.4,48.0,34.0,323.0,46.0,16.0,412.0,1.97
S00055,Sandy clay,46.8,13.7,39.5,3.22,1.87,1.47,0.445,0.222,0.12,0.102,22.9,0.514,0.216,0.971,971.0,normal(<1),6.37,23.8,79.0,26.0,130.0,55.0,8.0,267.0,2.91
S00056,Loam,40.2,48.2,11.6,1.01,0.58,1.562,0.411,0.178,0.076,0.103,25.3,0.617,0.157,3.934,3934.0,detrimental(>3),6.8,36.0,195.0,142.0,451.0,33.0,21.0,422.0,1.02
S00057,Clay loam,31.5,38.7,29.8,0.97,0.56,1.424,0.463,0.213,0.101,0.112,22.0,0.475,0.243,0.668,668.0,normal(<1),6.78,24.4,62.0,8.0,366.0,41.0,0.0,442.0,0.81
S00058,Clay loam,21.7,45.0,33.3,2.37,1.37,1.469,0.446,0.227,0.127,0.1,24.2,0.544,0.203,2.997,2997.0,salt-sensitive-critical(2-3),6.7,28.3,144.0,114.0,363.0,61.0,28.0,410.0,2.7
S00059,Silty clay loam,17.3,42.7,40.0,2.05,1.19,1.479,0.442,0.215,0.129,0.087,24.6,0.558,0.195,0.209,209.0,normal(<1),6.7,20.4,51.0,34.0,385.0,33.0,32.0,481.0,2.39
S00060,Silty clay,6.9,42.0,51.1,4.47,2.6,1.383,0.478,0.275,0.13,0.145,21.7,0.453,0.262,0.349,349.0,normal(<1),6.42,24.3,32.0,29.0,428.0,73.0,22.0,494.0,4.08
S00061,Sandy loam,72.2,11.3,16.6,2.2,1.27,1.61,0.392,0.126,0.07,0.056,21.2,0.54,0.18,0.115,115.0,normal(<1),5.6,32.2,0.0,10.0,68.0,35.0,14.0,114.0,2.29
S00062,Loam,34.7,39.8,25.5,3.72,2.16,1.555,0.413,0.197,0.097,0.1,25.6,0.62,0.157,0.644,644.0,normal(<1),6.33,27.8,152.0,0.0,381.0,78.0,21.0,446.0,3.53
S00063,Sandy loam,67.4,15.9,16.7,2.14,1.24,1.637,0.382,0.17,0.08,0.09,16.1,0.422,0.221,1.318,1318.0,germination-critical(1-2),5.9,32.4,108.0,2.0,168.0,49.0,16.0,148.0,1.76
S00064,Silt loam,15.2,69.1,15.7,2.15,1.25,1.56,0.411,0.22,0.097,0.123,27.0,0.657,0.141,4.256,4256.0,detrimental(>3),6.37,27.5,264.0,149.0,577.0,76.0,30.0,602.0,1.97
S00065,Loam,31.7,45.9,22.4,0.92,0.54,1.539,0.419,0.185,0.084,0.101,23.5,0.559,0.185,0.621,621.0,normal(<1),6.45,31.9,29.0,0.0,354.0,19.0,0.0,409.0,0.81
S00066,Sandy loam,53.1,41.5,5.4,0.63,0.36,1.615,0.391,0.193,0.06,0.133,21.1,0.541,0.179,0.884,884.0,normal(<1),6.49,23.4,73.0,2.0,340.0,23.0,3.0,357.0,0.28
S00067,Loamy sand,89.8,9.1,1.1,1.4,0.81,1.617,0.39,0.118,0.039,0.079,19.8,0.508,0.192,0.419,419.0,normal(<1),6.18,28.5,6.0,46.0,82.0,29.0,28.0,126.0,1.26
S00068,Clay loam,27.7,42.5,29.8,1.82,1.05,1.573,0.406,0.233,0.123,0.11,27.9,0.686,0.128,0.282,282.0,normal(<1),6.08,23.3,15.0,67.0,384.0,41.0,4.0,493.0,1.84
S00069,Loam,37.5,43.1,19.4,2.12,1.23,1.611,0.392,0.215,0.091,0.124,21.1,0.537,0.181,1.239,1239.0,germination-critical(1-2),5.94,28.0,85.0,41.0,307.0,52.0,15.0,359.0,1.98
S00070,Sandy loam,66.9,23.2,9.9,1.16,0.67,1.614,0.391,0.154,0.062,0.092,12.5,0.319,0.266,0.903,903.0,normal(<1),6.84,30.2,92.0,40.0,208.0,27.0,0.0,276.0,1.33
S00071,Loam,38.9,42.9,18.2,2.1,1.22,1.496,0.436,0.191,0.088,0.103,30.8,0.707,0.128,0.182,182.0,normal(<1),6.3,31.0,49.0,29.0,312.0,38.0,20.0,416.0,2.06
S00072,Sandy clay loam,48.1,22.8,29.1,2.03,1.18,1.54,0.419,0.202,0.091,0.111,24.0,0.573,0.179,0.285,285.0,normal(<1),6.02,23.2,61.0,0.0,329.0,19.0,24.0,372.0,2.38
S00073,Clay loam,20.5,46.8,32.7,2.54,1.47,1.521,0.426,0.254,0.106,0.147,20.3,0.477,0.223,0.747,747.0,normal(<1),6.31,23.2,62.0,56.0,396.0,47.0,31.0,527.0,2.54
S00074,Clay loam,44.3,17.0,38.8,1.5,0.87,1.574,0.406,0.166,0.098,0.068,29.8,0.734,0.108,0.088,88.0,normal(<1),6.84,27.8,38.0,23.0,135.0,19.0,8.0,241.0,1.4
S00075,Silty clay,14.7,41.0,44.3,5.17,3.0,1.375,0.481,0.248,0.134,0.114,23.0,0.477,0.252,0.219,219.0,normal(<1),6.04,37.0,57.0,38.0,304.0,104.0,38.0,420.0,5.4
S00076,Clay,29.3,27.2,43.5,2.79,1.62,1.435,0.458,0.247,0.122,0.124,22.2,0.484,0.236,0.546,546.0,normal(<1),7.03,22.0,110.0,28.0,327.0,72.0,3.0,387.0,2.65
S00077,Loam,38.4,42.7,18.9,1.99,1.15,1.474,0.444,0.207,0.094,0.112,25.3,0.57,0.191,0.457,457.0,normal(<1),6.27,38.0,53.0,0.0,405.0,39.0,10.0,446.0,1.97
S00078,Loam,47.4,39.1,13.5,0.7,0.4,1.591,0.4,0.179,0.069,0.109,23.7,0.593,0.163,0.466,466.0,normal(<1),6.03,21.4,30.0,40.0,305.0,31.0,0.0,391.0,0.86
S00079,Sand,90.9,7.1,2.0,1.06,0.62,1.666,0.371,0.127,0.058,0.069,21.5,0.579,0.156,0.544,544.0,normal(<1),6.1,31.5,43.0,44.0,159.0,11.0,23.0,207.0,0.61
S00080,Clay loam,37.8,22.3,39.9,3.83,2.22,1.454,0.451,0.244,0.113,0.132,27.3,0.604,0.179,0.392,392.0,normal(<1),6.42,22.2,44.0,40.0,215.0,79.0,29.0,242.0,3.55
S00081,Clay loam,44.8,16.2,39.1,2.46,1.43,1.505,0.432,0.225,0.107,0.117,23.3,0.54,0.199,0.098,98.0,normal(<1),6.95,29.2,15.0,2.0,297.0,29.0,13.0,307.0,2.2
S00082,Loamy sand,75.5,18.3,6.2,1.67,0.97,1.579,0.404,0.143,0.054,0.089,18.7,0.464,0.217,0.528,528.0,normal(<1),6.46,28.9,97.0,25.0,262.0,73.0,10.0,212.0,1.58
S00083,Clay,37.7,18.0,44.3,2.53,1.46,1.475,0.443,0.224,0.142,0.082,30.3,0.682,0.141,0.358,358.0,normal(<1),6.48,27.7,63.0,31.0,230.0,66.0,12.0,264.0,2.32
S00084,Clay loam,31.1,39.9,29.0,2.45,1.42,1.571,0.407,0.264,0.087,0.177,25.8,0.634,0.149,0.166,166.0,normal(<1),6.54,28.2,36.0,65.0,380.0,61.0,25.0,460.0,1.98
S00085,Silty clay,2.7,50.9,46.4,4.38,2.54,1.371,0.483,0.281,0.143,0.138,18.4,0.382,0.298,0.306,306.0,normal(<1),6.31,28.4,63.0,47.0,479.0,98.0,42.0,564.0,4.27
S00086,Clay loam,44.7,22.4,33.0,3.93,2.28,1.473,0.444,0.205,0.087,0.118,23.4,0.527,0.21,0.613,613.0,normal(<1),6.46,30.6,72.0,15.0,329.0,113.0,31.0,327.0,3.7
S00087,Loamy sand,87.8,0.8,11.5,0.34,0.2,1.544,0.417,0.142,0.054,0.087,24.0,0.575,0.177,0.195,195.0,normal(<1),6.46,31.0,18.0,23.0,61.0,0.0,17.0,23.0,0.48
S00088,Clay,34.4,10.7,54.9,2.74,1.59,1.498,0.435,0.246,0.098,0.149,24.0,0.551,0.195,0.503,503.0,normal(<1),6.82,29.2,122.0,52.0,201.0,66.0,25.0,308.0,2.85
S00089,Loamy sand,84.6,11.1,4.3,1.15,0.66,1.585,0.402,0.123,0.04,0.082,18.5,0.461,0.217,2.834,2834.0,salt-sensitive-critical(2-3),6.68,33.8,197.0,100.0,189.0,35.0,20.0,143.0,1.24
S00090,Sandy loam,59.7,29.9,10.5,0.94,0.54,1.591,0.4,0.127,0.071,0.056,9.9,0.247,0.301,0.123,123.0,normal(<1),6.55,27.8,39.0,33.0,361.0,19.0,11.0,411.0,1.31
S00091,Clay loam,29.0,43.9,27.1,3.08,1.79,1.574,0.406,0.236,0.111,0.125,22.8,0.562,0.178,0.568,568.0,normal(<1),6.55,33.4,73.0,54.0,438.0,89.0,39.0,423.0,3.45
S00092,Sandy loam,63.5,30.5,6.0,2.33,1.35,1.653,0.376,0.154,0.037,0.117,21.2,0.563,0.164,1.011,1011.0,germination-critical(1-2),5.95,25.7,105.0,62.0,201.0,62.0,13.0,228.0,1.84
S00093,Sandy loam,52.1,34.8,13.1,1.08,0.63,1.546,0.417,0.184,0.069,0.115,28.5,0.683,0.132,0.228,228.0,normal(<1),5.89,29.3,3.0,38.0,206.0,24.0,0.0,326.0,0.72
S00094,Sandy clay loam,56.9,14.3,28.9,2.55,1.48,1.506,0.432,0.214,0.084,0.13,23.2,0.538,0.2,1.252,1252.0,germination-critical(1-2),6.15,28.5,101.0,65.0,174.0,52.0,11.0,191.0,2.56
S00095,Silt loam,16.6,77.7,5.7,2.91,1.69,1.577,0.405,0.23,0.085,0.145,26.1,0.644,0.144,1.217,1217.0,germination-critical(1-2),6.28,19.7,77.0,20.0,493.0,34.0,10.0,616.0,2.72
S00096,Sandy loam,64.7,24.8,10.5,1.71,0.99,1.606,0.394,0.146,0.065,0.081,12.4,0.316,0.269,0.225,225.0,normal(<1),6.52,27.8,56.0,44.0,216.0,39.0,14.0,264.0,1.91
S00097,Sandy loam,56.2,34.4,9.4,2.72,1.57,1.528,0.424,0.191,0.075,0.116,23.0,0.544,0.193,1.953,1953.0,germination-critical(1-2),6.68,32.1,136.0,85.0,365.0,54.0,15.0,402.0,2.57
S00098,Clay loam,40.7,25.2,34.1,0.94,0.55,1.561,0.411,0.206,0.083,0.123,29.0,0.705,0.121,0.305,305.0,normal(<1),6.88,30.4,60.0,0.0,211.0,31.0,12.0,327.0,1.09
S00099,Silty clay,15.1,44.3,40.6,3.2,1.85,1.378,0.48,0.254,0.122,0.132,19.7,0.41,0.283,1.807,1807.0,germination-critical(1-2),7.05,29.6,160.0,62.0,502.0,68.0,37.0,574.0,3.31
S00100,Loam,48.7,31.7,19.6,2.76,1.6,1.599,0.397,0.177,0.094,0.083,19.7,0.497,0.199,1.767,1767.0,germination-critical(1-2),6.65,30.8,134.0,51.0,295.0,47.0,43.0,361.0,3.07
S00101,Loam,29.5,46.6,23.8,1.64,0.95,1.485,0.44,0.212,0.107,0.105,15.4,0.35,0.286,0.093,93.0,normal(<1),6.2,28.0,20.0,0.0,488.0,53.0,7.0,541.0,1.69
S00102,Silt loam,8.6,71.5,20.0,3.75,2.17,1.44,0.457,0.244,0.11,0.133,26.7,0.586,0.189,0.41,410.0,normal(<1),6.63,25.4,48.0,60.0,501.0,86.0,27.0,623.0,4.16
S00103,Sandy loam,67.5,12.9,19.6,0.8,0.46,1.537,0.42,0.161,0.064,0.097,22.9,0.544,0.191,0.264,264.0,normal(<1),6.36,21.6,17.0,15.0,123.0,18.0,11.0,176.0,0.97
S00104,Loam,43.5,38.0,18.5,0.61,0.36,1.622,0.388,0.178,0.068,0.11,20.9,0.539,0.179,0.157,157.0,normal(<1),6.11,27.7,30.0,23.0,359.0,16.0,23.0,428.0,0.4
S00105,Loamy sand,76.3,22.6,1.1,2.48,1.44,1.443,0.455,0.144,0.048,0.096,23.2,0.51,0.223,0.528,528.0,normal(<1),6.49,28.7,101.0,0.0,194.0,70.0,9.0,221.0,2.34
S00106,Silt loam,28.0,61.5,10.4,4.62,2.68,1.587,0.401,0.208,0.09,0.118,23.9,0.596,0.162,0.23,230.0,normal(<1),6.59,24.3,78.0,28.0,479.0,67.0,43.0,600.0,4.81
S00107,Sand,85.4,9.0,5.6,1.95,1.13,1.609,0.393,0.142,0.056,0.086,19.9,0.508,0.193,0.266,266.0,normal(<1),5.81,35.9,62.0,20.0,125.0,58.0,24.0,157.0,1.85
S00108,Loam,35.6,48.7,15.8,3.08,1.79,1.544,0.417,0.207,0.089,0.118,25.2,0.603,0.166,0.245,245.0,normal(<1),6.23,33.0,72.0,15.0,361.0,76.0,29.0,456.0,3.33
S00109,Loam,39.2,35.2,25.6,3.35,1.94,1.432,0.459,0.203,0.094,0.109,21.9,0.478,0.24,1.002,1002.0,germination-critical(1-2),6.72,31.8,53.0,50.0,349.0,47.0,28.0,416.0,3.81
S00110,Silty clay loam,12.2,48.0,39.8,1.69,0.98,1.517,0.427,0.25,0.131,0.12,26.8,0.626,0.16,0.837,837.0,normal(<1),6.75,25.0,76.0,51.0,418.0,25.0,9.0,508.0,2.05
S00111,Sandy clay,45.7,5.1,49.2,3.96,2.3,1.401,0.471,0.208,0.124,0.084,29.0,0.615,0.181,1.967,1967.0,germination-critical(1-2),6.54,30.6,83.0,77.0,101.0,54.0,22.0,176.0,3.63
S00112,Sandy clay loam,48.4,27.4,24.3,1.89,1.1,1.538,0.42,0.198,0.093,0.105,25.7,0.611,0.163,0.456,456.0,normal(<1),6.23,25.0,17.0,48.0,249.0,26.0,26.0,325.0,1.54
S00113,Sandy loam,61.4,23.8,14.8,1.64,0.95,1.596,0.398,0.16,0.089,0.071,21.4,0.539,0.183,2.58,2580.0,salt-sensitive-critical(2-3),6.28,32.1,130.0,76.0,254.0,29.0,17.0,214.0,1.84
S00114,Silt loam,14.2,68.1,17.7,1.28,0.74,1.508,0.431,0.185,0.083,0.101,30.8,0.714,0.123,0.508,508.0,normal(<1),6.38,27.4,65.0,59.0,485.0,36.0,29.0,645.0,1.47
S00115,Sandy loam,58.8,25.1,16.1,0.36,0.21,1.599,0.397,0.196,0.059,0.138,23.7,0.597,0.16,1.766,1766.0,germination-critical(1-2),6.37,37.1,97.0,54.0,261.0,16.0,17.0,277.0,0.44
S00116,Clay loam,44.4,22.6,33.0,1.41,0.82,1.605,0.394,0.202,0.101,0.101,14.7,0.374,0.247,0.606,606.0,normal(<1),6.97,30.9,54.0,12.0,294.0,60.0,13.0,406.0,1.99
S00117,Loam,46.7,31.9,21.5,0.89,0.51,1.616,0.39,0.185,0.092,0.093,28.5,0.73,0.105,0.298,298.0,normal(<1),6.26,32.8,71.0,17.0,220.0,32.0,0.0,300.0,0.84
S00118,Sandy loam,50.9,29.8,19.3,0.79,0.46,1.6,0.396,0.163,0.083,0.079,22.9,0.578,0.167,0.465,465.0,normal(<1),6.93,27.5,20.0,27.0,295.0,11.0,5.0,334.0,1.01
S00119,Loam,43.0,31.1,25.9,1.89,1.1,1.591,0.4,0.205,0.118,0.087,23.7,0.592,0.163,3.219,3219.0,detrimental(>3),6.38,31.9,221.0,80.0,374.0,47.0,1.0,388.0,1.46
S00120,Loam,32.1,41.3,26.6,1.24,0.72,1.505,0.432,0.227,0.091,0.136,27.1,0.628,0.161,0.846,846.0,normal(<1),6.15,25.6,70.0,57.0,372.0,44.0,23.0,438.0,0.91
S00121,Sandy loam,47.0,46.8,6.2,3.02,1.75,1.517,0.427,0.18,0.064,0.115,17.7,0.413,0.251,0.618,618.0,normal(<1),6.63,27.8,90.0,16.0,364.0,71.0,16.0,438.0,2.87
S00122,Loamy sand,71.9,22.8,5.3,1.42,0.83,1.749,0.34,0.141,0.057,0.084,16.2,0.476,0.178,0.616,616.0,normal(<1),6.58,23.9,37.0,80.0,166.0,42.0,12.0,204.0,1.06
S00123,Sandy loam,49.6,31.0,19.3,2.73,1.58,1.488,0.439,0.181,0.074,0.107,15.9,0.362,0.28,0.999,999.0,normal(<1),5.86,31.9,62.0,19.0,276.0,62.0,28.0,352.0,2.87
S00124,Sand,86.2,6.8,7.0,1.11,0.64,1.566,0.409,0.129,0.035,0.094,26.9,0.658,0.14,0.341,341.0,normal(<1),6.27,33.2,24.0,36.0,116.0,25.0,23.0,123.0,1.37
S00125,Sandy loam,67.4,18.2,14.4,1.73,1.01,1.504,0.432,0.179,0.089,0.09,24.1,0.557,0.192,0.625,625.0,normal(<1),6.27,23.9,44.0,64.0,104.0,40.0,22.0,161.0,1.95
S00126,Silty clay,5.8,52.9,41.3,2.02,1.17,1.493,0.437,0.27,0.134,0.135,20.4,0.467,0.233,0.477,477.0,normal(<1),5.97,32.3,89.0,11.0,439.0,41.0,21.0,551.0,2.05
S00127,Sandy loam,63.2,26.7,10.1,2.68,1.55,1.542,0.418,0.153,0.077,0.076,21.3,0.51,0.205,1.179,1179.0,germination-critical(1-2),5.76,24.6,76.0,88.0,241.0,52.0,39.0,304.0,2.93
S00128,Silt loam,9.4,81.6,8.9,1.16,0.67,1.591,0.4,0.213,0.101,0.112,26.5,0.663,0.134,3.176,3176.0,detrimental(>3),7.03,32.4,223.0,87.0,631.0,77.0,17.0,729.0,1.04
S00129,Loam,43.3,30.3,26.5,1.52,0.88,1.458,0.45,0.196,0.094,0.101,25.9,0.576,0.191,0.271,271.0,normal(<1),6.36,28.1,37.0,2.0,265.0,37.0,0.0,336.0,1.64
S00130,Sandy loam,66.7,16.5,16.8,1.94,1.13,1.549,0.415,0.168,0.071,0.097,24.5,0.59,0.17,0.24,240.0,normal(<1),6.32,15.8,38.0,14.0,63.0,36.0,11.0,172.0,2.0
S00131,Sandy loam,46.4,43.1,10.5,1.58,0.91,1.558,0.412,0.158,0.06,0.098,22.3,0.54,0.19,0.208,208.0,normal(<1),6.35,29.0,35.0,38.0,307.0,43.0,33.0,380.0,1.45
S00132,Silty clay loam,6.0,62.9,31.0,1.48,0.86,1.541,0.418,0.236,0.117,0.119,14.5,0.347,0.273,1.28,1280.0,germination-critical(1-2),6.01,22.4,91.0,16.0,472.0,47.0,31.0,646.0,1.51
S00133,Sandy clay loam,59.3,9.3,31.4,2.01,1.17,1.527,0.424,0.186,0.099,0.087,18.2,0.429,0.242,2.69,2690.0,salt-sensitive-critical(2-3),6.91,20.8,143.0,101.0,193.0,67.0,14.0,203.0,2.03
S00134,Silt loam,26.0,71.0,3.0,1.94,1.13,1.552,0.414,0.193,0.09,0.103,30.2,0.73,0.112,0.95,950.0,normal(<1),7.01,24.2,96.0,36.0,448.0,49.0,7.0,598.0,1.61
S00135,Loam,36.9,36.1,27.0,2.67,1.55,1.434,0.459,0.209,0.11,0.099,24.3,0.53,0.216,1.383,1383.0,germination-critical(1-2),6.52,25.8,134.0,85.0,415.0,71.0,31.0,452.0,2.74
S00136,Clay loam,23.5,45.5,31.0,1.51,0.88,1.517,0.427,0.244,0.12,0.124,26.0,0.607,0.168,0.17,170.0,normal(<1),6.5,35.4,3.0,28.0,362.0,35.0,19.0,509.0,1.36
S00137,Clay,42.8,4.0,53.1,2.98,1.73,1.419,0.464,0.234,0.119,0.115,12.9,0.278,0.336,0.124,124.0,normal(<1),6.36,35.0,55.0,2.0,224.0,61.0,36.0,236.0,2.9
S00138,Loam,47.2,32.4,20.4,2.01,1.16,1.51,0.43,0.216,0.096,0.12,26.1,0.606,0.169,0.107,107.0,normal(<1),6.75,26.9,10.0,32.0,305.0,43.0,21.0,374.0,1.69
S00139,Loam,30.2,45.7,24.2,2.55,1.48,1.552,0.414,0.23,0.104,0.126,21.7,0.524,0.197,0.887,887.0,normal(<1),7.19,28.4,52.0,47.0,429.0,55.0,23.0,549.0,2.41
S00140,Sandy clay,51.4,2.1,46.4,1.88,1.09,1.467,0.447,0.186,0.122,0.063,31.6,0.707,0.131,1.026,1026.0,germination-critical(1-2),5.93,34.6,66.0,30.0,174.0,56.0,16.0,212.0,1.42
S00141,Silt loam,20.5,77.8,1.6,1.93,1.12,1.524,0.425,0.221,0.082,0.139,31.9,0.751,0.106,0.955,955.0,normal(<1),6.92,25.1,67.0,66.0,512.0,43.0,15.0,606.0,1.59
S00142,Sandy loam,69.8,13.8,16.4,1.6,0.93,1.55,0.415,0.179,0.067,0.112,24.1,0.582,0.174,0.679,679.0,normal(<1),6.4,36.6,59.0,22.0,177.0,25.0,15.0,190.0,1.56
S00143,Loam,44.8,38.9,16.3,0.62,0.36,1.606,0.394,0.156,0.067,0.089,23.8,0.605,0.156,0.281,281.0,normal(<1),6.68,28.6,0.0,17.0,418.0,14.0,0.0,401.0,0.95
S00144,Loamy sand,85.2,0.4,14.4,0.56,0.32,1.594,0.398,0.119,0.042,0.077,23.5,0.59,0.163,0.403,403.0,normal(<1),6.43,30.7,48.0,13.0,87.0,18.0,6.0,95.0,0.36
S00145,Sandy loam,51.2,43.5,5.3,1.93,1.12,1.623,0.388,0.185,0.066,0.119,23.3,0.602,0.154,0.256,256.0,normal(<1),6.69,40.8,24.0,51.0,282.0,39.0,17.0,376.0,1.81
S00146,Loam,50.1,30.4,19.5,2.64,1.53,1.578,0.404,0.179,0.096,0.083,21.7,0.537,0.187,0.318,318.0,normal(<1),6.36,22.3,73.0,18.0,278.0,63.0,3.0,314.0,2.62
S00147,Silty clay loam,4.4,58.1,37.5,3.83,2.22,1.472,0.445,0.276,0.141,0.134,18.9,0.425,0.256,0.696,696.0,normal(<1),5.77,23.7,86.0,54.0,523.0,99.0,46.0,559.0,3.7
S00148,Loam,43.8,30.9,25.3,2.8,1.62,1.463,0.448,0.217,0.093,0.124,25.9,0.578,0.189,0.05,50.0,normal(<1),6.11,28.7,30.0,9.0,283.0,59.0,26.0,364.0,3.09
S00149,Sandy clay loam,62.6,9.2,28.2,2.85,1.65,1.515,0.428,0.181,0.082,0.1,20.1,0.47,0.227,0.208,208.0,normal(<1),7.16,27.2,55.0,29.0,152.0,50.0,36.0,199.0,2.81
S00150,Silt loam,15.3,83.7,1.0,5.6,3.25,1.631,0.385,0.238,0.082,0.156,29.1,0.757,0.093,0.092,92.0,normal(<1),5.92,28.0,85.0,9.0,583.0,105.0,43.0,654.0,5.17
S00151,Clay,42.6,14.2,43.2,2.65,1.54,1.457,0.45,0.204,0.099,0.106,25.1,0.557,0.199,0.32,320.0,normal(<1),6.92,29.5,37.0,11.0,218.0,76.0,13.0,275.0,2.47
S00152,Silt loam,7.0,82.9,10.0,1.73,1.0,1.638,0.382,0.219,0.102,0.117,27.1,0.71,0.111,4.489,4489.0,detrimental(>3),6.23,23.3,300.0,125.0,666.0,25.0,0.0,778.0,1.17
S00153,Sandy loam,50.7,35.2,14.2,1.77,1.03,1.507,0.432,0.19,0.077,0.114,30.0,0.696,0.131,0.192,192.0,normal(<1),6.71,29.6,75.0,29.0,296.0,58.0,20.0,362.0,2.14
S00154,Silty clay loam,10.9,60.5,28.6,2.1,1.22,1.572,0.407,0.214,0.115,0.1,15.0,0.369,0.257,0.508,508.0,normal(<1),5.76,24.6,96.0,50.0,481.0,63.0,11.0,566.0,1.99
S00155,Loam,43.4,46.4,10.2,0.86,0.5,1.669,0.37,0.172,0.078,0.093,19.1,0.516,0.179,0.395,395.0,normal(<1),6.36,21.8,39.0,39.0,285.0,13.0,4.0,387.0,0.93
S00156,Silty clay,1.5,55.0,43.6,4.22,2.45,1.442,0.456,0.292,0.142,0.15,34.5,0.756,0.111,0.234,234.0,normal(<1),6.78,29.6,70.0,31.0,593.0,90.0,37.0,669.0,4.46
S00157,Sandy clay loam,55.0,13.5,31.5,3.34,1.94,1.449,0.453,0.189,0.1,0.089,30.2,0.666,0.151,0.848,848.0,normal(<1),6.19,28.7,100.0,45.0,175.0,103.0,25.0,205.0,3.33
S00158,Sandy clay,52.8,1.6,45.6,1.86,1.08,1.518,0.427,0.202,0.112,0.089,27.3,0.638,0.154,0.844,844.0,normal(<1),6.46,29.1,82.0,40.0,112.0,59.0,10.0,154.0,1.84
S00159,Silty clay loam,5.0,67.8,27.3,1.85,1.07,1.47,0.445,0.209,0.112,0.097,18.7,0.419,0.259,0.356,356.0,normal(<1),6.81,27.9,55.0,56.0,518.0,31.0,0.0,636.0,1.66
S00160,Silt loam,2.4,78.0,19.5,2.61,1.51,1.538,0.42,0.25,0.104,0.145,28.3,0.675,0.136,1.862,1862.0,germination-critical(1-2),6.56,30.5,112.0,54.0,665.0,65.0,14.0,735.0,2.85
S00161,Silt loam,5.6,76.1,18.3,2.76,1.6,1.506,0.432,0.258,0.106,0.152,21.0,0.487,0.221,0.466,466.0,normal(<1),6.07,25.3,79.0,28.0,653.0,80.0,24.0,653.0,2.83
S00162,Sandy clay loam,61.6,11.3,27.1,2.0,1.16,1.517,0.428,0.203,0.087,0.116,24.6,0.576,0.181,1.28,1280.0,germination-critical(1-2),6.68,22.0,74.0,60.0,104.0,26.0,22.0,148.0,1.74
S00163,Silt loam,12.7,65.3,22.0,3.28,1.9,1.471,0.445,0.246,0.113,0.133,12.0,0.27,0.325,4.138,4138.0,detrimental(>3),6.7,29.7,305.0,159.0,583.0,75.0,21.0,589.0,3.43
S00164,Loamy sand,81.8,6.1,12.1,3.0,1.74,1.516,0.428,0.116,0.063,0.053,27.8,0.65,0.15,1.363,1363.0,germination-critical(1-2),6.38,28.2,106.0,88.0,157.0,69.0,29.0,110.0,3.12
S00165,Sandy clay,46.2,14.8,39.0,1.91,1.11,1.552,0.414,0.229,0.111,0.117,16.1,0.39,0.253,0.609,609.0,normal(<1),6.44,30.9,38.0,28.0,190.0,45.0,8.0,223.0,1.96
S00166,Sandy clay loam,58.1,21.1,20.8,2.69,1.56,1.447,0.454,0.199,0.095,0.104,17.7,0.389,0.277,1.084,1084.0,germination-critical(1-2),6.25,25.9,77.0,24.0,230.0,46.0,25.0,307.0,2.79
S00167,Clay loam,24.9,36.5,38.7,3.43,1.99,1.537,0.42,0.204,0.127,0.078,15.1,0.36,0.269,0.442,442.0,normal(<1),6.56,26.0,53.0,34.0,391.0,48.0,17.0,489.0,3.26
S00168,Clay loam,20.5,49.0,30.6,3.82,2.22,1.473,0.444,0.245,0.135,0.11,25.6,0.575,0.189,0.62,620.0,normal(<1),6.4,27.8,159.0,20.0,396.0,88.0,23.0,475.0,3.45
S00169,Loamy sand,74.7,24.8,0.4,1.9,1.1,1.69,0.362,0.12,0.064,0.057,23.0,0.636,0.132,0.51,510.0,normal(<1),6.38,18.8,48.0,33.0,147.0,61.0,16.0,210.0,1.34
S00170,Silty clay loam,13.2,52.9,33.9,2.0,1.16,1.461,0.449,0.259,0.115,0.143,22.6,0.504,0.223,0.29,290.0,normal(<1),5.68,32.4,65.0,0.0,425.0,53.0,15.0,550.0,1.72
S00171,Sandy loam,74.0,6.5,19.6,0.59,0.34,1.683,0.365,0.158,0.071,0.087,19.8,0.541,0.167,0.115,115.0,normal(<1),7.03,28.8,1.0,8.0,87.0,40.0,0.0,103.0,0.48
S00172,Silty clay loam,9.2,62.1,28.7,1.63,0.95,1.578,0.405,0.236,0.118,0.118,19.2,0.474,0.213,0.252,252.0,normal(<1),6.39,24.1,81.0,43.0,534.0,58.0,18.0,628.0,1.28
S00173,Clay loam,25.9,40.0,34.2,2.6,1.51,1.49,0.438,0.209,0.118,0.091,23.0,0.526,0.208,0.141,141.0,normal(<1),6.08,29.5,24.0,0.0,347.0,24.0,20.0,412.0,2.61
S00174,Clay loam,26.3,37.0,36.7,2.04,1.18,1.622,0.388,0.224,0.111,0.113,20.4,0.525,0.184,0.285,285.0,normal(<1),6.79,30.4,22.0,24.0,406.0,47.0,14.0,533.0,2.49
S00175,Silt loam,2.3,79.4,18.3,2.19,1.27,1.531,0.422,0.244,0.115,0.129,27.2,0.644,0.15,0.73,730.0,normal(<1),6.36,35.9,66.0,2.0,543.0,36.0,11.0,682.0,1.66
S00176,Silty clay loam,14.0,54.8,31.2,3.04,1.76,1.564,0.41,0.258,0.107,0.151,23.7,0.578,0.173,0.253,253.0,normal(<1),6.44,32.3,15.0,2.0,457.0,77.0,22.0,551.0,3.01
S00177,Sandy loam,60.7,29.5,9.9,1.61,0.94,1.624,0.387,0.168,0.084,0.084,14.3,0.37,0.244,0.183,183.0,normal(<1),6.69,32.8,49.0,6.0,115.0,43.0,0.0,257.0,1.92
S00178,Sandy clay,47.1,6.4,46.5,1.74,1.01,1.577,0.405,0.222,0.115,0.107,23.7,0.586,0.168,0.405,405.0,normal(<1),6.64,28.5,31.0,22.0,262.0,0.0,17.0,246.0,1.81
S00179,Loam,47.8,30.6,21.6,1.3,0.75,1.537,0.42,0.201,0.086,0.115,26.8,0.639,0.151,0.107,107.0,normal(<1),6.29,31.8,58.0,31.0,252.0,57.0,15.0,328.0,1.38
S00180,Sandy loam,57.1,29.1,13.9,1.46,0.84,1.581,0.403,0.155,0.085,0.071,16.1,0.4,0.242,0.273,273.0,normal(<1),6.27,35.5,28.0,0.0,335.0,0.0,4.0,413.0,1.47
S00181,Sandy loam,52.9,30.4,16.7,1.53,0.89,1.475,0.444,0.156,0.068,0.088,23.6,0.533,0.207,0.325,325.0,normal(<1),6.25,34.8,32.0,9.0,263.0,28.0,23.0,323.0,1.34
S00182,Sandy loam,68.1,18.4,13.5,2.79,1.62,1.547,0.416,0.15,0.068,0.082,27.7,0.665,0.14,0.266,266.0,normal(<1),7.3,32.0,41.0,0.0,223.0,80.0,30.0,292.0,2.93
S00183,Sand,89.1,1.3,9.6,2.14,1.24,1.663,0.372,0.133,0.043,0.09,18.9,0.507,0.184,0.417,417.0,normal(<1),6.24,33.0,50.0,34.0,65.0,53.0,20.0,40.0,2.12
S00184,Sandy loam,62.5,24.4,13.1,1.07,0.62,1.612,0.392,0.169,0.064,0.105,17.8,0.455,0.214,0.224,224.0,normal(<1),6.26,35.4,40.0,0.0,193.0,42.0,8.0,276.0,1.06
S00185,Loam,28.8,49.5,21.6,2.05,1.19,1.571,0.407,0.214,0.095,0.12,23.5,0.578,0.172,0.978,978.0,normal(<1),6.07,23.3,74.0,19.0,483.0,21.0,26.0,501.0,1.9
S00186,Silt loam,16.6,77.4,6.0,0.88,0.51,1.659,0.374,0.228,0.091,0.137,26.0,0.694,0.114,0.05,50.0,normal(<1),6.34,30.9,0.0,12.0,508.0,22.0,17.0,633.0,0.8
S00187,Silt loam,8.7,86.5,4.9,2.73,1.59,1.639,0.382,0.234,0.077,0.158,10.5,0.274,0.277,0.681,681.0,normal(<1),6.75,26.0,65.0,55.0,604.0,53.0,22.0,758.0,2.4
S00188,Silt loam,21.5,70.8,7.7,1.98,1.15,1.554,0.414,0.212,0.064,0.148,25.9,0.625,0.155,0.271,271.0,normal(<1),6.96,25.4,42.0,41.0,420.0,57.0,10.0,601.0,1.65
S00189,Sandy loam,79.3,12.3,8.4,0.6,0.35,1.671,0.369,0.142,0.054,0.088,22.1,0.598,0.148,1.119,1119.0,germination-critical(1-2),6.77,24.7,120.0,2.0,130.0,21.0,5.0,145.0,0.9
S00190,Sandy loam,73.4,7.9,18.7,1.17,0.68,1.601,0.396,0.142,0.067,0.075,10.0,0.253,0.296,0.584,584.0,normal(<1),6.02,22.6,53.0,33.0,123.0,15.0,8.0,187.0,1.03
S00191,Clay loam,24.2,48.3,27.6,2.55,1.48,1.497,0.435,0.246,0.112,0.134,23.3,0.536,0.202,0.863,863.0,normal(<1),6.91,29.4,73.0,30.0,492.0,49.0,0.0,502.0,2.86
S00192,Loam,40.8,48.2,11.0,1.86,1.08,1.61,0.392,0.184,0.088,0.097,28.7,0.731,0.105,0.664,664.0,normal(<1),7.0,32.8,79.0,17.0,404.0,54.0,7.0,518.0,1.92
S00193,Silty clay loam,1.1,69.7,29.2,2.99,1.73,1.474,0.444,0.288,0.137,0.151,23.9,0.538,0.205,0.463,463.0,normal(<1),5.79,33.1,95.0,12.0,458.0,95.0,24.0,590.0,3.15
S00194,Sand,91.2,1.2,7.6,0.99,0.57,1.58,0.404,0.124,0.05,0.074,19.8,0.49,0.206,2.747,2747.0,salt-sensitive-critical(2-3),6.17,29.9,178.0,61.0,87.0,34.0,14.0,43.0,0.85
S00195,Loamy sand,88.5,2.5,9.0,0.91,0.53,1.595,0.398,0.122,0.04,0.082,27.1,0.682,0.127,0.238,238.0,normal(<1),6.58,31.5,25.0,0.0,87.0,7.0,0.0,144.0,0.78
S00196,Silty clay loam,11.3,57.6,31.1,4.26,2.47,1.327,0.499,0.253,0.119,0.134,27.4,0.548,0.226,0.474,474.0,normal(<1),6.74,21.4,54.0,30.0,395.0,97.0,23.0,518.0,4.36
S00197,Clay loam,29.2,34.1,36.7,3.26,1.89,1.497,0.435,0.237,0.125,0.112,21.9,0.504,0.216,0.53,530.0,normal(<1),6.44,23.3,68.0,33.0,260.0,81.0,15.0,404.0,3.48
S00198,Clay loam,23.1,41.2,35.8,2.49,1.44,1.492,0.437,0.244,0.116,0.128,31.6,0.722,0.121,0.407,407.0,normal(<1),6.69,33.9,95.0,27.0,352.0,40.0,13.0,409.0,2.15
S00199,Loam,29.8,47.2,23.0,1.93,1.12,1.531,0.422,0.227,0.114,0.112,27.6,0.652,0.147,0.579,579.0,normal(<1),5.97,26.5,67.0,53.0,449.0,44.0,11.0,536.0,1.95
S00200,Sandy clay loam,60.0,6.8,33.1,1.06,0.61,1.566,0.409,0.177,0.093,0.083,22.1,0.54,0.188,0.55,550.0,normal(<1),7.05,24.6,43.0,17.0,258.0,29.0,0.0,249.0,1.23
S00201,Sandy loam,70.6,10.0,19.4,1.11,0.64,1.655,0.375,0.162,0.06,0.102,25.1,0.669,0.124,0.955,955.0,normal(<1),6.49,26.1,110.0,79.0,87.0,16.0,32.0,161.0,0.94
S00202,Loam,52.0,35.1,12.9,0.73,0.43,1.623,0.387,0.175,0.062,0.113,21.8,0.562,0.17,1.154,1154.0,germination-critical(1-2),6.58,22.7,54.0,21.0,269.0,14.0,7.0,360.0,0.32
S00203,Clay loam,38.6,31.2,30.2,1.69,0.98,1.498,0.435,0.204,0.105,0.099,17.3,0.397,0.262,1.142,1142.0,germination-critical(1-2),5.83,34.1,86.0,46.0,344.0,46.0,25.0,386.0,1.61
S00204,Silty clay,12.9,45.6,41.5,3.04,1.76,1.428,0.461,0.27,0.137,0.133,19.8,0.43,0.263,0.226,226.0,normal(<1),6.37,34.4,34.0,43.0,402.0,90.0,38.0,551.0,2.67
S00205,Sandy clay loam,54.1,11.9,34.0,1.77,1.03,1.561,0.411,0.185,0.103,0.082,21.7,0.529,0.194,0.555,555.0,normal(<1),6.31,26.0,46.0,35.0,216.0,71.0,0.0,243.0,1.86
S00206,Loam,28.5,50.0,21.5,4.54,2.63,1.602,0.396,0.227,0.116,0.111,17.4,0.439,0.222,0.24,240.0,normal(<1),6.71,33.4,73.0,69.0,430.0,114.0,50.0,500.0,4.29
S00207,Sandy loam,78.0,14.6,7.3,0.99,0.58,1.508,0.431,0.141,0.059,0.083,21.5,0.498,0.216,3.066,3066.0,detrimental(>3),6.41,30.4,183.0,136.0,248.0,36.0,15.0,185.0,0.73
S00208,Loamy sand,84.8,14.4,0.8,2.1,1.22,1.498,0.435,0.126,0.036,0.09,14.2,0.326,0.293,0.648,648.0,normal(<1),6.82,24.3,60.0,29.0,64.0,48.0,26.0,70.0,1.97
S00209,Loam,44.6,42.1,13.3,2.31,1.34,1.55,0.415,0.216,0.087,0.128,28.1,0.676,0.135,0.491,491.0,normal(<1),6.34,26.9,48.0,44.0,367.0,67.0,31.0,380.0,2.6
S00210,Clay,6.6,36.3,57.1,2.1,1.22,1.461,0.449,0.287,0.151,0.136,27.0,0.602,0.179,0.151,151.0,normal(<1),6.43,29.1,19.0,16.0,425.0,65.0,2.0,493.0,2.42
S00211,Silt loam,8.7,65.1,26.2,1.17,0.68,1.468,0.446,0.255,0.101,0.154,21.6,0.485,0.23,0.543,543.0,normal(<1),6.84,38.3,58.0,8.0,456.0,8.0,15.0,586.0,1.02
S00212,Sandy clay,48.0,16.7,35.4,1.88,1.09,1.574,0.406,0.195,0.083,0.111,21.0,0.518,0.196,2.416,2416.0,salt-sensitive-critical(2-3),6.26,24.7,168.0,90.0,324.0,52.0,0.0,320.0,1.84
S00213,Silt loam,19.0,56.3,24.7,2.08,1.21,1.565,0.41,0.226,0.102,0.124,23.3,0.568,0.177,0.88,880.0,normal(<1),6.8,23.6,114.0,51.0,489.0,57.0,12.0,555.0,2.56
S00214,Loamy sand,78.9,16.5,4.7,1.09,0.63,1.647,0.378,0.14,0.043,0.097,21.9,0.578,0.16,0.186,186.0,normal(<1),6.2,28.3,23.0,19.0,119.0,15.0,6.0,127.0,1.09
S00215,Silty clay loam,4.6,60.9,34.5,2.19,1.27,1.561,0.411,0.27,0.115,0.155,29.8,0.726,0.113,0.14,140.0,normal(<1),6.58,29.0,50.0,16.0,482.0,46.0,18.0,592.0,2.28
S00216,Sandy clay loam,57.3,9.7,33.0,2.49,1.44,1.543,0.418,0.176,0.092,0.084,22.7,0.543,0.191,0.948,948.0,normal(<1),6.43,30.5,81.0,51.0,169.0,45.0,18.0,213.0,2.15
S00217,Clay loam,27.3,44.1,28.6,3.1,1.8,1.561,0.411,0.21,0.106,0.104,26.0,0.633,0.151,1.367,1367.0,germination-critical(1-2),6.47,29.8,113.0,61.0,488.0,59.0,15.0,510.0,2.84
S00218,Loamy sand,85.3,13.8,1.0,2.52,1.46,1.599,0.397,0.143,0.048,0.095,23.1,0.582,0.166,0.368,368.0,normal(<1),7.03,34.0,26.0,23.0,123.0,65.0,24.0,140.0,2.57
S00219,Clay loam,21.7,48.9,29.4,1.55,0.9,1.516,0.428,0.228,0.109,0.119,23.6,0.552,0.192,0.321,321.0,normal(<1),6.89,29.8,0.0,55.0,378.0,0.0,21.0,586.0,1.79
S00220,Sandy clay,49.9,4.6,45.5,3.14,1.82,1.378,0.48,0.229,0.128,0.101,33.6,0.7,0.144,0.517,517.0,normal(<1),6.56,21.6,68.0,0.0,144.0,78.0,30.0,182.0,3.15
S00221,Silt loam,27.2,55.0,17.8,1.47,0.85,1.564,0.41,0.208,0.087,0.121,23.0,0.562,0.179,0.37,370.0,normal(<1),6.29,20.6,31.0,60.0,440.0,42.0,16.0,557.0,1.25
S00222,Sandy clay loam,59.4,18.0,22.6,3.81,2.21,1.491,0.437,0.183,0.097,0.085,24.1,0.551,0.197,0.094,94.0,normal(<1),6.28,33.2,63.0,43.0,178.0,88.0,28.0,202.0,3.85
S00223,Silty clay,4.4,53.6,42.0,4.05,2.35,1.437,0.458,0.266,0.146,0.12,28.4,0.62,0.174,0.569,569.0,normal(<1),6.47,20.3,19.0,46.0,485.0,75.0,41.0,531.0,4.06
S00224,Sandy loam,49.2,43.5,7.3,1.69,0.98,1.633,0.384,0.184,0.077,0.107,27.6,0.718,0.108,0.442,442.0,normal(<1),6.6,29.5,62.0,15.0,294.0,57.0,27.0,365.0,1.77
S00225,Loamy sand,86.8,5.2,7.9,0.83,0.48,1.587,0.401,0.152,0.046,0.106,20.5,0.51,0.196,4.878,4878.0,detrimental(>3),6.96,28.5,253.0,132.0,114.0,28.0,23.0,72.0,0.7
S00226,Sand,96.2,0.8,3.0,0.3,0.17,1.637,0.382,0.102,0.047,0.055,8.6,0.224,0.296,0.718,718.0,normal(<1),6.36,21.7,42.0,15.0,35.0,26.0,18.0,33.0,0.16
S00227,Silty clay loam,7.4,57.2,35.5,2.75,1.59,1.491,0.437,0.254,0.13,0.124,31.9,0.729,0.119,0.091,91.0,normal(<1),6.58,32.3,35.0,19.0,467.0,97.0,18.0,572.0,2.54
S00228,Silt loam,6.6,73.0,20.4,1.3,0.75,1.561,0.411,0.259,0.116,0.144,26.5,0.645,0.146,1.304,1304.0,germination-critical(1-2),6.77,21.5,77.0,69.0,637.0,21.0,10.0,706.0,1.6
S00229,Sandy clay loam,54.1,24.1,21.8,1.65,0.96,1.536,0.42,0.203,0.086,0.117,21.0,0.501,0.21,0.157,157.0,normal(<1),6.83,25.7,54.0,17.0,269.0,30.0,28.0,335.0,1.63
S00230,Sandy clay loam,62.4,15.3,22.3,3.91,2.27,1.594,0.399,0.213,0.093,0.12,21.2,0.531,0.187,0.748,748.0,normal(<1),6.44,26.5,78.0,44.0,215.0,78.0,30.0,288.0,4.09
S00231,Sandy clay loam,56.4,11.5,32.1,1.88,1.09,1.514,0.429,0.218,0.118,0.099,25.2,0.588,0.176,0.845,845.0,normal(<1),6.55,30.4,23.0,12.0,151.0,33.0,14.0,217.0,2.07
S00232,Sand,93.6,5.6,0.8,0.76,0.44,1.539,0.419,0.124,0.027,0.097,28.8,0.686,0.132,0.558,558.0,normal(<1),6.18,31.5,0.0,64.0,57.0,2.0,22.0,61.0,1.24
S00233,Silty clay loam,1.7,66.3,32.0,2.48,1.44,1.477,0.443,0.259,0.138,0.121,27.3,0.617,0.169,0.253,253.0,normal(<1),6.95,27.1,48.0,0.0,555.0,65.0,0.0,679.0,2.36
S00234,Sandy loam,78.5,13.7,7.9,1.73,1.0,1.67,0.37,0.144,0.04,0.104,14.3,0.386,0.227,0.811,811.0,normal(<1),6.14,21.6,81.0,53.0,96.0,38.0,19.0,97.0,1.51
S00235,Clay loam,34.0,34.5,31.4,3.33,1.93,1.48,0.441,0.233,0.093,0.14,27.3,0.619,0.168,0.678,678.0,normal(<1),7.0,34.5,72.0,47.0,285.0,76.0,22.0,375.0,3.52
S00236,Clay loam,26.6,38.3,35.1,1.4,0.81,1.488,0.438,0.241,0.11,0.132,23.6,0.538,0.203,0.887,887.0,normal(<1),6.32,23.3,42.0,47.0,372.0,32.0,24.0,421.0,1.81
S00237,Sandy loam,63.7,20.9,15.4,0.99,0.58,1.621,0.388,0.167,0.07,0.098,12.1,0.312,0.267,0.239,239.0,normal(<1),5.7,29.6,38.0,22.0,219.0,11.0,0.0,189.0,0.82
S00238,Silty clay loam,3.5,69.0,27.5,1.74,1.01,1.47,0.445,0.265,0.118,0.148,28.2,0.634,0.163,0.581,581.0,normal(<1),6.38,39.0,60.0,26.0,510.0,61.0,8.0,653.0,1.85
S00239,Sandy clay loam,46.5,21.5,32.0,1.24,0.72,1.582,0.403,0.197,0.093,0.104,15.5,0.384,0.248,0.411,411.0,normal(<1),6.43,28.8,47.0,0.0,197.0,46.0,0.0,327.0,1.21
S00240,Clay loam,43.2,18.0,38.8,3.64,2.11,1.446,0.455,0.211,0.088,0.124,29.2,0.642,0.163,0.172,172.0,normal(<1),6.31,35.9,47.0,32.0,234.0,107.0,10.0,276.0,3.48
S00241,Silt loam,15.9,65.0,19.1,4.79,2.78,1.578,0.404,0.259,0.088,0.171,16.7,0.414,0.237,0.512,512.0,normal(<1),5.46,23.1,74.0,65.0,383.0,97.0,42.0,529.0,4.84
S00242,Sandy clay,54.0,5.3,40.7,2.71,1.57,1.518,0.427,0.203,0.098,0.106,20.0,0.467,0.228,0.253,253.0,normal(<1),6.47,34.7,39.0,0.0,204.0,46.0,23.0,187.0,2.52
S00243,Sandy loam,64.4,20.1,15.5,1.09,0.63,1.59,0.4,0.174,0.066,0.108,19.8,0.495,0.202,0.374,374.0,normal(<1),6.48,31.4,59.0,4.0,192.0,30.0,9.0,236.0,1.1
S00244,Sandy loam,49.7,36.3,14.0,1.64,0.95,1.512,0.429,0.173,0.088,0.085,19.2,0.448,0.237,0.23,230.0,normal(<1),6.28,36.2,63.0,4.0,325.0,43.0,12.0,391.0,1.87
S00245,Sandy loam,75.7,8.9,15.4,0.62,0.36,1.562,0.41,0.148,0.049,0.098,23.5,0.572,0.176,0.08,80.0,normal(<1),6.66,42.0,57.0,27.0,68.0,19.0,8.0,177.0,0.76
S00246,Sandy clay loam,61.3,15.4,23.4,1.56,0.9,1.556,0.413,0.163,0.074,0.09,25.6,0.619,0.157,0.161,161.0,normal(<1),6.49,32.4,20.0,4.0,193.0,30.0,30.0,194.0,2.08
S00247,Sandy clay,47.3,16.8,35.9,1.8,1.05,1.513,0.429,0.198,0.091,0.107,27.0,0.629,0.159,0.639,639.0,normal(<1),7.37,27.5,89.0,41.0,229.0,36.0,26.0,282.0,1.36
S00248,Loam,40.0,34.7,25.3,1.05,0.61,1.506,0.432,0.211,0.085,0.126,19.3,0.447,0.239,0.501,501.0,normal(<1),6.62,24.3,56.0,35.0,392.0,60.0,5.0,446.0,1.34
S00249,Sandy loam,57.0,23.0,20.0,2.07,1.2,1.53,0.423,0.206,0.069,0.137,17.0,0.401,0.253,0.556,556.0,normal(<1),6.23,28.6,39.0,26.0,209.0,21.0,24.0,287.0,2.25
S00250,Clay loam,27.0,34.8,38.2,4.3,2.49,1.448,0.454,0.222,0.122,0.1,25.4,0.559,0.2,0.197,197.0,normal(<1),6.62,32.9,49.0,44.0,283.0,73.0,31.0,368.0,4.24
S00251,Silty clay loam,8.7,56.2,35.1,4.11,2.39,1.372,0.482,0.246,0.14,0.106,27.9,0.579,0.203,0.05,50.0,normal(<1),6.43,27.8,97.0,24.0,401.0,106.0,39.0,540.0,4.16
S00252,Sand,86.7,10.6,2.7,0.88,0.51,1.691,0.362,0.131,0.044,0.088,23.4,0.646,0.128,0.493,493.0,normal(<1),6.33,34.6,56.0,24.0,74.0,38.0,13.0,110.0,0.91
S00253,Silty clay,4.0,42.0,54.0,2.7,1.56,1.474,0.444,0.282,0.172,0.111,29.0,0.654,0.153,0.104,104.0,normal(<1),6.1,27.8,16.0,1.0,404.0,27.0,16.0,518.0,3.13
S00254,Silty clay loam,10.5,55.7,33.8,2.84,1.65,1.46,0.449,0.236,0.121,0.115,26.8,0.596,0.181,3.694,3694.0,detrimental(>3),7.13,34.5,271.0,120.0,545.0,103.0,30.0,584.0,2.68
S00255,Sandy clay,45.7,10.1,44.1,4.08,2.37,1.396,0.473,0.212,0.117,0.095,24.0,0.507,0.233,0.6,600.0,normal(<1),6.79,32.1,76.0,41.0,172.0,89.0,42.0,150.0,4.47
S00256,Clay,22.2,32.8,45.0,2.12,1.23,1.531,0.422,0.24,0.124,0.116,24.3,0.576,0.179,0.443,443.0,normal(<1),6.22,28.3,53.0,24.0,275.0,58.0,15.0,409.0,2.24
S00257,Silt loam,25.6,52.9,21.5,3.51,2.04,1.464,0.447,0.244,0.116,0.127,19.5,0.436,0.252,0.117,117.0,normal(<1),6.56,19.2,42.0,16.0,459.0,67.0,28.0,534.0,3.59
S00258,Sandy clay loam,62.7,11.1,26.2,2.82,1.64,1.496,0.435,0.179,0.081,0.097,16.4,0.377,0.271,0.607,607.0,normal(<1),6.7,22.0,50.0,0.0,152.0,59.0,21.0,222.0,2.8
S00259,Loam,42.0,40.9,17.1,3.04,1.76,1.597,0.397,0.205,0.079,0.125,22.6,0.57,0.171,0.674,674.0,normal(<1),6.32,26.0,52.0,41.0,361.0,45.0,24.0,401.0,3.21
S00260,Sandy clay loam,48.4,27.4,24.3,1.12,0.65,1.558,0.412,0.176,0.07,0.106,28.0,0.679,0.132,1.712,1712.0,germination-critical(1-2),6.44,27.0,174.0,0.0,351.0,46.0,0.0,400.0,0.94
S00261,Loam,41.4,31.9,26.7,2.47,1.43,1.618,0.39,0.197,0.094,0.103,26.7,0.686,0.122,0.39,390.0,normal(<1),5.83,31.7,36.0,45.0,315.0,38.0,35.0,438.0,2.62
S00262,Silt loam,10.6,75.4,14.0,1.45,0.84,1.635,0.383,0.207,0.116,0.091,21.4,0.558,0.169,1.915,1915.0,germination-critical(1-2),7.01,26.2,90.0,53.0,555.0,39.0,6.0,635.0,0.97
S00263,Silty clay loam,12.4,56.4,31.2,1.81,1.05,1.563,0.41,0.24,0.135,0.106,16.1,0.391,0.25,0.849,849.0,normal(<1),6.73,36.0,43.0,62.0,417.0,58.0,10.0,534.0,2.18
S00264,Clay loam,42.1,26.3,31.5,2.16,1.25,1.496,0.435,0.22,0.098,0.122,21.3,0.489,0.222,0.167,167.0,normal(<1),7.04,35.0,80.0,8.0,240.0,62.0,14.0,323.0,2.62
S00265,Sandy loam,69.8,17.8,12.4,1.96,1.14,1.512,0.429,0.173,0.056,0.117,16.7,0.388,0.263,0.176,176.0,normal(<1),6.97,26.4,0.0,0.0,177.0,29.0,0.0,184.0,1.87
S00266,Loamy sand,81.3,10.6,8.1,0.97,0.56,1.527,0.424,0.157,0.046,0.111,22.6,0.534,0.198,1.327,1327.0,germination-critical(1-2),6.29,31.5,81.0,28.0,132.0,22.0,14.0,121.0,0.98
S00267,Sand,86.9,10.5,2.6,0.96,0.56,1.672,0.369,0.126,0.054,0.073,12.7,0.345,0.242,0.598,598.0,normal(<1),6.82,22.9,37.0,53.0,117.0,33.0,11.0,136.0,1.41
S00268,Sandy loam,78.9,10.4,10.7,1.18,0.69,1.441,0.456,0.16,0.067,0.092,31.9,0.699,0.137,0.201,201.0,normal(<1),7.04,38.1,72.0,16.0,69.0,38.0,12.0,94.0,1.3
S00269,Sandy loam,48.0,43.5,8.5,0.61,0.36,1.585,0.402,0.171,0.058,0.113,25.8,0.641,0.144,0.107,107.0,normal(<1),6.39,31.6,11.0,0.0,329.0,15.0,6.0,410.0,0.86
S00270,Clay loam,43.7,23.8,32.6,3.64,2.11,1.465,0.447,0.197,0.091,0.105,27.4,0.613,0.173,0.197,197.0,normal(<1),6.4,28.2,93.0,72.0,182.0,110.0,33.0,294.0,3.43
S00271,Clay loam,36.9,32.7,30.4,1.54,0.89,1.579,0.404,0.212,0.091,0.121,20.0,0.494,0.204,1.032,1032.0,germination-critical(1-2),6.56,28.9,74.0,34.0,300.0,59.0,10.0,354.0,1.33
S00272,Sandy loam,67.8,21.2,11.0,0.95,0.55,1.662,0.373,0.165,0.079,0.086,22.5,0.603,0.148,0.366,366.0,normal(<1),6.7,24.8,27.0,20.0,300.0,24.0,0.0,301.0,1.02
S00273,Loamy sand,87.0,2.1,10.9,1.62,0.94,1.575,0.406,0.155,0.032,0.122,18.0,0.444,0.226,0.3,300.0,normal(<1),6.3,22.5,47.0,9.0,0.0,23.0,19.0,35.0,1.48
S00274,Silt loam,0.7,85.7,13.6,3.05,1.77,1.516,0.428,0.252,0.093,0.159,23.4,0.548,0.193,0.117,117.0,normal(<1),5.84,26.5,33.0,2.0,594.0,62.0,9.0,732.0,2.89
S00275,Silt loam,23.9,50.3,25.8,1.85,1.07,1.562,0.411,0.225,0.119,0.106,27.8,0.678,0.132,2.253,2253.0,salt-sensitive-critical(2-3),6.63,26.2,114.0,92.0,426.0,36.0,4.0,532.0,1.88
S00276,Sandy loam,52.5,39.5,8.0,1.03,0.6,1.603,0.395,0.184,0.073,0.111,18.4,0.466,0.211,5.207,5207.0,detrimental(>3),6.66,34.7,293.0,166.0,434.0,29.0,22.0,343.0,1.14
S00277,Loam,28.7,48.6,22.7,3.02,1.75,1.395,0.474,0.229,0.097,0.132,17.3,0.366,0.3,1.092,1092.0,germination-critical(1-2),6.78,27.6,86.0,24.0,379.0,54.0,17.0,520.0,3.22
S00278,Silty clay,0.4,54.8,44.8,1.89,1.1,1.535,0.421,0.252,0.143,0.109,28.8,0.683,0.133,0.839,839.0,normal(<1),6.69,23.6,40.0,42.0,512.0,59.0,28.0,610.0,1.61
S00279,Clay loam,22.0,39.2,38.8,2.49,1.44,1.509,0.43,0.236,0.111,0.125,21.6,0.502,0.214,0.339,339.0,normal(<1),6.31,39.3,53.0,0.0,510.0,43.0,14.0,592.0,2.26
S00280,Sand,96.0,0.5,3.5,2.28,1.33,1.656,0.375,0.12,0.057,0.062,19.3,0.514,0.182,0.458,458.0,normal(<1),6.53,26.1,73.0,30.0,22.0,56.0,19.0,76.0,2.73
S00281,Sandy loam,49.6,44.9,5.6,0.78,0.46,1.593,0.399,0.179,0.068,0.111,23.4,0.585,0.165,0.854,854.0,normal(<1),6.31,31.2,22.0,49.0,291.0,11.0,4.0,385.0,0.61
S00282,Sandy clay loam,56.0,21.8,22.2,0.88,0.51,1.593,0.399,0.18,0.075,0.105,16.1,0.402,0.238,0.379,379.0,normal(<1),6.09,28.8,0.0,4.0,174.0,20.0,1.0,212.0,0.66
S00283,Clay,34.6,9.3,56.1,2.72,1.58,1.456,0.45,0.227,0.135,0.092,22.1,0.491,0.229,0.27,270.0,normal(<1),6.55,33.3,57.0,45.0,249.0,84.0,22.0,346.0,2.83
S00284,Silt loam,22.5,72.5,5.0,0.73,0.42,1.538,0.42,0.194,0.073,0.121,23.5,0.56,0.185,1.737,1737.0,germination-critical(1-2),6.23,28.3,125.0,75.0,502.0,41.0,21.0,608.0,0.88
S00285,Sandy loam,56.0,32.7,11.3,2.01,1.16,1.536,0.42,0.205,0.068,0.136,26.7,0.634,0.154,0.516,516.0,normal(<1),5.91,30.4,76.0,74.0,222.0,40.0,32.0,301.0,1.96
S00286,Silt loam,14.4,78.2,7.4,1.72,1.0,1.527,0.424,0.219,0.085,0.134,22.6,0.533,0.198,0.097,97.0,normal(<1),6.18,26.7,26.0,15.0,544.0,28.0,32.0,678.0,1.41
S00287,Sandy loam,60.5,26.5,13.0,2.3,1.33,1.592,0.399,0.163,0.06,0.103,18.7,0.468,0.212,0.431,431.0,normal(<1),6.91,35.6,12.0,36.0,193.0,36.0,14.0,239.0,2.31
S00288,Sandy loam,48.9,44.8,6.3,1.07,0.62,1.585,0.402,0.14,0.069,0.071,19.6,0.487,0.206,0.909,909.0,normal(<1),6.32,26.2,61.0,35.0,359.0,22.0,24.0,406.0,1.41
S00289,Clay loam,43.0,26.1,30.9,1.16,0.67,1.483,0.44,0.176,0.083,0.092,25.9,0.589,0.181,1.325,1325.0,germination-critical(1-2),6.49,31.1,56.0,38.0,263.0,34.0,0.0,328.0,1.25
S00290,Loam,30.5,45.6,23.9,3.11,1.81,1.514,0.429,0.243,0.085,0.158,22.1,0.517,0.207,0.05,50.0,normal(<1),6.47,31.6,0.0,0.0,396.0,52.0,19.0,503.0,2.93
S00291,Sandy clay,46.3,12.2,41.5,3.34,1.94,1.457,0.45,0.217,0.119,0.098,15.7,0.348,0.294,0.069,69.0,normal(<1),6.76,28.5,28.0,38.0,137.0,59.0,37.0,218.0,3.32
S00292,Clay loam,42.2,23.3,34.5,5.24,3.04,1.486,0.439,0.202,0.104,0.098,27.8,0.632,0.162,0.681,681.0,normal(<1),6.32,32.7,79.0,64.0,289.0,92.0,38.0,338.0,5.43
S00293,Sandy clay loam,47.8,23.9,28.3,1.33,0.77,1.55,0.415,0.161,0.086,0.075,23.9,0.577,0.176,0.673,673.0,normal(<1),6.66,32.3,47.0,3.0,151.0,31.0,11.0,253.0,1.06
S00294,Loam,47.7,44.9,7.5,0.92,0.53,1.563,0.41,0.173,0.073,0.101,22.6,0.55,0.185,1.189,1189.0,germination-critical(1-2),6.12,29.4,97.0,46.0,364.0,29.0,20.0,406.0,0.54
S00295,Loam,42.3,42.0,15.7,1.65,0.96,1.578,0.405,0.2,0.1,0.1,28.5,0.705,0.119,0.747,747.0,normal(<1),7.58,29.5,40.0,23.0,294.0,20.0,13.0,374.0,1.31
S00296,Sandy loam,73.8,15.2,11.0,2.0,1.16,1.582,0.403,0.16,0.067,0.093,16.9,0.42,0.234,0.721,721.0,normal(<1),6.26,24.4,44.0,35.0,160.0,41.0,12.0,126.0,2.14
S00297,Loam,39.4,46.6,14.0,2.35,1.36,1.544,0.418,0.216,0.084,0.133,25.6,0.613,0.162,0.329,329.0,normal(<1),6.69,23.6,66.0,39.0,317.0,35.0,39.0,406.0,2.34
S00298,Sandy loam,58.3,22.3,19.5,1.31,0.76,1.607,0.394,0.175,0.071,0.104,27.3,0.694,0.12,0.462,462.0,normal(<1),6.34,33.3,72.0,30.0,192.0,26.0,0.0,239.0,1.66
S00299,Silty clay,0.6,56.7,42.7,3.08,1.79,1.369,0.483,0.271,0.134,0.138,34.0,0.703,0.143,0.477,477.0,normal(<1),7.05,31.0,81.0,6.0,459.0,59.0,26.0,598.0,3.2
S00300,Clay loam,35.1,33.5,31.4,4.2,2.44,1.47,0.445,0.225,0.113,0.112,25.3,0.569,0.192,0.244,244.0,normal(<1),6.69,25.2,52.0,11.0,386.0,73.0,25.0,435.0,4.73
S00301,Sandy clay loam,59.8,11.0,29.2,1.91,1.11,1.502,0.433,0.179,0.079,0.1,22.1,0.51,0.212,0.127,127.0,normal(<1),6.52,30.3,23.0,0.0,201.0,48.0,9.0,215.0,2.11
S00302,Loam,43.5,36.3,20.2,2.75,1.6,1.531,0.422,0.193,0.106,0.087,24.2,0.574,0.18,1.878,1878.0,germination-critical(1-2),6.3,24.7,117.0,53.0,333.0,42.0,35.0,426.0,2.8
S00303,Loam,24.5,49.9,25.6,1.39,0.81,1.485,0.44,0.244,0.093,0.151,28.2,0.642,0.157,0.828,828.0,normal(<1),5.79,30.0,57.0,7.0,408.0,0.0,11.0,540.0,1.22
S00304,Loam,42.9,39.8,17.3,0.58,0.34,1.602,0.396,0.191,0.077,0.114,19.0,0.481,0.206,1.778,1778.0,germination-critical(1-2),6.59,30.5,120.0,50.0,345.0,0.0,11.0,398.0,0.84
S00305,Silt loam,25.5,72.2,2.4,0.83,0.48,1.582,0.403,0.192,0.076,0.116,18.8,0.467,0.215,0.361,361.0,normal(<1),6.32,21.0,2.0,3.0,505.0,23.0,6.0,661.0,1.19
S00306,Sandy clay,46.1,12.1,41.8,2.87,1.66,1.419,0.464,0.224,0.11,0.114,32.0,0.689,0.144,0.282,282.0,normal(<1),5.45,30.9,42.0,47.0,257.0,46.0,27.0,308.0,3.26
S00307,Loam,41.1,48.0,10.9,1.75,1.01,1.67,0.37,0.193,0.084,0.108,27.6,0.746,0.094,0.405,405.0,normal(<1),6.46,17.3,68.0,29.0,408.0,39.0,8.0,483.0,1.37
S00308,Loam,50.0,38.8,11.2,1.26,0.73,1.566,0.409,0.192,0.062,0.13,20.3,0.496,0.206,0.428,428.0,normal(<1),6.2,31.9,40.0,18.0,301.0,32.0,23.0,366.0,1.44
S00309,Loam,38.5,50.0,11.5,2.08,1.21,1.631,0.385,0.176,0.067,0.11,25.2,0.656,0.132,0.322,322.0,normal(<1),6.31,25.3,79.0,12.0,407.0,72.0,10.0,412.0,1.95
S00310,Sandy clay,46.5,7.9,45.6,1.63,0.95,1.443,0.455,0.178,0.116,0.062,30.6,0.672,0.15,0.271,271.0,normal(<1),6.49,30.6,37.0,0.0,213.0,73.0,15.0,274.0,1.23
S00311,Loam,39.8,39.0,21.2,5.01,2.91,1.441,0.456,0.23,0.088,0.142,20.8,0.456,0.248,0.799,799.0,normal(<1),6.65,28.9,100.0,30.0,404.0,98.0,21.0,430.0,4.65
S00312,Silt loam,7.7,86.8,5.6,1.67,0.97,1.593,0.399,0.22,0.072,0.149,21.5,0.538,0.184,0.421,421.0,normal(<1),6.68,24.3,53.0,37.0,671.0,64.0,16.0,759.0,1.64
S00313,Clay,31.1,11.2,57.8,3.13,1.82,1.395,0.474,0.258,0.135,0.123,27.7,0.585,0.197,0.278,278.0,normal(<1),7.34,21.7,15.0,30.0,314.0,58.0,19.0,374.0,3.22
S00314,Silty clay loam,4.3,62.9,32.8,3.06,1.77,1.436,0.458,0.257,0.108,0.149,26.6,0.581,0.192,1.404,1404.0,germination-critical(1-2),6.71,33.2,87.0,68.0,564.0,88.0,16.0,692.0,2.83
S00315,Sandy clay loam,51.6,14.6,33.8,2.06,1.2,1.544,0.417,0.203,0.104,0.099,25.7,0.615,0.161,0.324,324.0,normal(<1),6.49,31.4,0.0,0.0,255.0,16.0,12.0,263.0,2.31
S00316,Sandy loam,47.6,41.6,10.9,2.14,1.24,1.622,0.388,0.205,0.089,0.116,21.3,0.55,0.174,0.81,810.0,normal(<1),6.6,25.1,108.0,62.0,377.0,55.0,7.0,421.0,1.8
S00317,Sandy loam,79.1,5.0,15.9,1.17,0.68,1.548,0.416,0.131,0.072,0.058,17.3,0.415,0.243,0.749,749.0,normal(<1),6.36,33.5,60.0,23.0,105.0,92.0,19.0,122.0,1.04
S00318,Sand,90.2,2.8,7.0,0.61,0.36,1.532,0.422,0.132,0.054,0.078,24.1,0.571,0.181,0.326,326.0,normal(<1),6.68,23.0,40.0,10.0,46.0,1.0,16.0,84.0,0.95
S00319,Sandy loam,69.5,17.0,13.5,2.88,1.67,1.485,0.44,0.147,0.073,0.075,23.5,0.535,0.204,0.829,829.0,normal(<1),6.83,30.1,86.0,27.0,193.0,77.0,9.0,202.0,3.04
S00320,Silty clay,4.0,45.5,50.5,2.67,1.55,1.473,0.444,0.273,0.136,0.137,29.6,0.666,0.148,0.483,483.0,normal(<1),6.04,21.9,47.0,22.0,440.0,52.0,14.0,517.0,2.36
S00321,Sandy clay loam,53.2,20.5,26.3,5.06,2.94,1.5,0.434,0.201,0.08,0.121,27.0,0.623,0.164,2.308,2308.0,salt-sensitive-critical(2-3),6.71,25.5,154.0,69.0,271.0,118.0,29.0,279.0,5.16
S00322,Silt loam,24.8,70.1,5.1,1.15,0.67,1.579,0.404,0.198,0.088,0.11,16.1,0.398,0.243,1.055,1055.0,germination-critical(1-2),6.71,22.4,88.0,25.0,583.0,21.0,3.0,677.0,0.81
S00323,Silt loam,26.5,56.1,17.4,2.22,1.29,1.546,0.417,0.221,0.097,0.124,17.7,0.425,0.24,0.343,343.0,normal(<1),6.52,22.9,55.0,14.0,456.0,70.0,20.0,504.0,2.17
S00324,Silty clay loam,11.0,50.0,39.0,3.72,2.16,1.451,0.452,0.263,0.128,0.134,33.2,0.733,0.121,0.766,766.0,normal(<1),6.59,40.4,65.0,44.0,468.0,86.0,39.0,535.0,3.82
S00325,Silt loam,23.2,54.2,22.6,1.71,0.99,1.57,0.407,0.212,0.106,0.106,25.0,0.614,0.157,0.226,226.0,normal(<1),6.42,26.8,16.0,26.0,476.0,33.0,11.0,576.0,1.36
S00326,Silty clay,3.3,45.7,51.0,2.6,1.51,1.483,0.441,0.275,0.124,0.151,26.7,0.607,0.173,0.247,247.0,normal(<1),6.72,22.7,98.0,36.0,537.0,90.0,43.0,614.0,2.57
S00327,Sandy loam,79.1,10.8,10.1,1.58,0.92,1.635,0.383,0.117,0.058,0.06,16.3,0.425,0.22,0.159,159.0,normal(<1),6.18,17.3,14.0,11.0,177.0,6.0,32.0,230.0,1.8
S00328,Clay loam,39.9,25.0,35.2,1.67,0.97,1.539,0.419,0.207,0.105,0.102,23.7,0.565,0.182,0.509,509.0,normal(<1),7.14,19.2,43.0,43.0,260.0,39.0,30.0,304.0,2.06
S00329,Loam,42.1,37.9,20.0,1.11,0.65,1.584,0.402,0.177,0.094,0.083,22.2,0.552,0.18,0.97,970.0,normal(<1),6.56,20.5,93.0,21.0,327.0,45.0,11.0,424.0,1.28
S00330,Silty clay loam,3.9,60.2,35.8,3.45,2.0,1.473,0.444,0.283,0.128,0.155,29.3,0.66,0.151,0.533,533.0,normal(<1),6.49,24.8,87.0,14.0,568.0,69.0,29.0,653.0,3.43
S00331,Clay loam,26.2,40.8,33.0,2.25,1.3,1.539,0.419,0.211,0.131,0.08,29.6,0.707,0.123,0.668,668.0,normal(<1),6.73,25.5,57.0,9.0,352.0,34.0,22.0,434.0,2.43
S00332,Loam,51.6,37.8,10.6,1.48,0.86,1.59,0.4,0.197,0.074,0.123,11.4,0.284,0.286,0.405,405.0,normal(<1),6.5,28.9,50.0,15.0,317.0,54.0,15.0,415.0,1.02
S00333,Sandy loam,57.5,35.0,7.5,2.31,1.34,1.668,0.371,0.19,0.074,0.116,22.9,0.618,0.142,0.519,519.0,normal(<1),6.35,21.4,47.0,20.0,217.0,51.0,16.0,285.0,2.54
S00334,Silt loam,21.8,57.9,20.3,2.47,1.43,1.521,0.426,0.217,0.116,0.101,15.5,0.364,0.271,0.888,888.0,normal(<1),6.73,29.3,87.0,82.0,485.0,57.0,21.0,531.0,2.54
S00335,Clay loam,41.4,21.5,37.1,3.71,2.15,1.581,0.403,0.224,0.126,0.098,26.7,0.661,0.137,0.196,196.0,normal(<1),6.26,32.1,82.0,12.0,294.0,75.0,22.0,353.0,3.4
S00336,Clay,30.6,6.9,62.6,2.42,1.4,1.343,0.493,0.24,0.119,0.121,30.7,0.623,0.186,0.098,98.0,normal(<1),6.52,23.5,41.0,1.0,284.0,36.0,18.0,322.0,1.86
S00337,Loam,40.4,49.9,9.7,1.61,0.93,1.596,0.398,0.19,0.075,0.115,26.7,0.67,0.131,0.184,184.0,normal(<1),7.08,22.0,17.0,0.0,427.0,34.0,5.0,546.0,1.63
S00338,Loam,41.6,36.7,21.8,1.62,0.94,1.535,0.421,0.211,0.078,0.132,31.4,0.747,0.106,0.584,584.0,normal(<1),7.0,24.6,68.0,37.0,339.0,55.0,8.0,398.0,1.44
S00339,Sandy clay loam,56.8,11.2,32.0,0.85,0.49,1.575,0.406,0.18,0.086,0.094,20.6,0.507,0.2,0.563,563.0,normal(<1),6.1,21.0,56.0,32.0,193.0,35.0,17.0,201.0,1.0
S00340,Sandy clay,45.3,4.2,50.5,2.96,1.72,1.467,0.447,0.251,0.129,0.122,34.0,0.761,0.107,0.606,606.0,normal(<1),6.49,31.1,87.0,8.0,237.0,84.0,23.0,306.0,2.87
S00341,Sandy loam,51.1,41.0,7.8,1.16,0.67,1.645,0.379,0.166,0.081,0.085,22.6,0.597,0.153,0.289,289.0,normal(<1),6.3,27.0,4.0,2.0,335.0,39.0,7.0,360.0,1.18
S00342,Loam,35.8,47.8,16.4,3.29,1.91,1.634,0.383,0.212,0.087,0.126,20.8,0.543,0.175,0.171,171.0,normal(<1),6.63,27.9,31.0,37.0,417.0,73.0,23.0,452.0,3.15
S00343,Sandy loam,55.3,32.2,12.5,0.71,0.41,1.587,0.401,0.136,0.052,0.084,23.1,0.576,0.17,0.522,522.0,normal(<1),6.93,26.4,61.0,18.0,321.0,13.0,23.0,327.0,0.78
S00344,Sand,94.4,0.3,5.3,3.13,1.82,1.488,0.439,0.134,0.032,0.102,23.7,0.539,0.202,0.05,50.0,normal(<1),6.28,29.9,48.0,0.0,54.0,91.0,41.0,0.0,3.39
S00345,Sand,85.1,7.8,7.1,2.15,1.25,1.624,0.387,0.146,0.047,0.098,13.4,0.347,0.253,0.681,681.0,normal(<1),6.64,25.6,124.0,27.0,118.0,77.0,22.0,135.0,1.84
S00346,Sand,86.2,10.4,3.4,1.58,0.92,1.548,0.416,0.129,0.051,0.078,21.8,0.523,0.198,1.801,1801.0,germination-critical(1-2),6.17,20.6,127.0,21.0,51.0,41.0,10.0,63.0,1.44
S00347,Sandy clay loam,61.7,4.4,33.9,1.71,0.99,1.59,0.4,0.194,0.078,0.116,27.8,0.696,0.121,0.337,337.0,normal(<1),6.04,34.9,97.0,18.0,152.0,48.0,11.0,121.0,1.93
S00348,Sand,90.0,5.3,4.7,2.25,1.3,1.539,0.419,0.13,0.031,0.099,22.1,0.527,0.198,0.199,199.0,normal(<1),6.98,30.2,100.0,6.0,49.0,77.0,17.0,64.0,2.43
S00349,Clay loam,38.3,25.3,36.5,2.83,1.64,1.446,0.454,0.254,0.092,0.161,16.0,0.352,0.294,0.082,82.0,normal(<1),6.23,19.6,61.0,28.0,228.0,73.0,6.0,290.0,2.97
S00350,Sandy loam,67.7,25.9,6.4,1.5,0.87,1.533,0.422,0.161,0.058,0.103,22.4,0.531,0.198,0.203,203.0,normal(<1),6.34,35.3,76.0,0.0,164.0,53.0,0.0,310.0,1.48
S00351,Clay,21.2,11.4,67.4,5.1,2.96,1.431,0.46,0.302,0.162,0.14,17.8,0.388,0.282,1.264,1264.0,germination-critical(1-2),6.37,22.2,84.0,103.0,317.0,99.0,39.0,320.0,5.02
S00352,Sand,91.4,7.6,1.0,1.37,0.8,1.56,0.411,0.141,0.039,0.103,24.6,0.598,0.165,0.071,71.0,normal(<1),6.52,29.6,11.0,0.0,30.0,54.0,7.0,4.0,0.69
S00353,Sand,91.2,6.3,2.5,0.3,0.17,1.579,0.404,0.116,0.027,0.089,19.2,0.476,0.212,0.109,109.0,normal(<1),7.02,23.4,6.0,5.0,122.0,10.0,13.0,147.0,0.14
S00354,Sandy clay loam,56.9,9.4,33.6,3.44,1.99,1.519,0.427,0.188,0.099,0.09,26.7,0.626,0.159,1.433,1433.0,germination-critical(1-2),6.76,35.9,88.0,82.0,205.0,50.0,39.0,167.0,3.15
S00355,Silt loam,27.0,62.4,10.6,2.48,1.44,1.478,0.442,0.203,0.079,0.125,27.2,0.614,0.171,0.446,446.0,normal(<1),6.67,32.0,50.0,49.0,523.0,74.0,24.0,603.0,2.85
S00356,Clay,21.4,33.2,45.3,1.23,0.71,1.474,0.444,0.228,0.119,0.109,26.7,0.603,0.176,2.682,2682.0,salt-sensitive-critical(2-3),6.52,29.5,109.0,61.0,351.0,23.0,6.0,364.0,1.5
S00357,Sandy clay loam,63.6,11.3,25.1,1.74,1.01,1.619,0.389,0.183,0.072,0.111,19.1,0.492,0.198,0.581,581.0,normal(<1),6.43,30.5,85.0,14.0,112.0,54.0,20.0,184.0,0.94
S00358,Loam,40.8,39.1,20.1,0.67,0.39,1.587,0.401,0.186,0.086,0.099,23.1,0.577,0.17,0.881,881.0,normal(<1),6.17,27.2,7.0,42.0,342.0,16.0,8.0,363.0,0.22
S00359,Silty clay loam,12.1,60.0,27.9,1.98,1.15,1.515,0.428,0.239,0.103,0.136,27.1,0.634,0.157,0.283,283.0,normal(<1),6.89,24.7,93.0,38.0,440.0,62.0,29.0,582.0,1.89
S00360,Silt loam,27.8,59.2,12.9,2.0,1.16,1.56,0.411,0.207,0.101,0.105,30.2,0.735,0.109,2.04,2040.0,salt-sensitive-critical(2-3),6.31,24.0,157.0,58.0,398.0,55.0,11.0,532.0,1.68
S00361,Loamy sand,84.0,6.3,9.7,0.3,0.17,1.563,0.41,0.114,0.052,0.062,10.8,0.263,0.302,0.213,213.0,normal(<1),6.89,13.3,37.0,35.0,21.0,9.0,6.0,83.0,0.82
S00362,Silt loam,13.6,65.5,20.8,1.79,1.04,1.483,0.44,0.228,0.098,0.13,26.7,0.606,0.173,0.554,554.0,normal(<1),7.16,18.1,75.0,24.0,537.0,49.0,16.0,649.0,1.61
S00363,Sandy loam,65.5,14.9,19.6,1.75,1.01,1.624,0.387,0.216,0.085,0.131,16.8,0.433,0.22,0.469,469.0,normal(<1),6.75,20.7,77.0,1.0,259.0,31.0,21.0,209.0,1.36
S00364,Clay,28.7,8.8,62.5,2.94,1.71,1.452,0.452,0.255,0.151,0.104,32.0,0.709,0.132,0.147,147.0,normal(<1),6.59,20.0,32.0,37.0,232.0,84.0,24.0,286.0,2.77
S00365,Sandy loam,70.3,23.6,6.1,0.5,0.29,1.567,0.409,0.152,0.054,0.099,18.2,0.446,0.226,0.442,442.0,normal(<1),6.45,26.1,0.0,15.0,198.0,0.0,9.0,205.0,0.55
S00366,Clay,22.2,10.3,67.5,1.91,1.11,1.522,0.426,0.279,0.151,0.128,20.5,0.481,0.221,0.325,325.0,normal(<1),6.75,19.3,51.0,0.0,251.0,45.0,8.0,298.0,1.85
S00367,Clay loam,36.9,34.3,28.8,1.59,0.92,1.608,0.393,0.217,0.095,0.122,23.7,0.604,0.156,0.704,704.0,normal(<1),6.31,26.4,2.0,20.0,332.0,30.0,44.0,364.0,1.92
S00368,Sandy clay loam,62.1,13.0,24.9,1.57,0.91,1.57,0.408,0.167,0.078,0.088,29.6,0.727,0.111,0.635,635.0,normal(<1),6.52,32.0,71.0,30.0,147.0,49.0,17.0,181.0,2.24
S00369,Loam,50.3,28.8,20.9,2.48,1.44,1.533,0.422,0.178,0.093,0.084,26.9,0.639,0.152,0.121,121.0,normal(<1),6.95,21.1,0.0,61.0,207.0,39.0,24.0,299.0,2.43
S00370,Sand,94.2,2.9,3.0,0.44,0.26,1.574,0.406,0.142,0.03,0.112,25.3,0.624,0.153,0.342,342.0,normal(<1),6.15,31.1,46.0,15.0,40.0,6.0,0.0,46.0,0.08
S00371,Loamy sand,84.8,0.7,14.5,2.21,1.28,1.525,0.425,0.148,0.054,0.094,22.7,0.534,0.198,0.85,850.0,normal(<1),6.36,35.3,119.0,11.0,149.0,56.0,21.0,84.0,2.16
S00372,Loam,28.4,49.9,21.7,2.62,1.52,1.485,0.44,0.214,0.086,0.129,19.2,0.437,0.248,0.478,478.0,normal(<1),6.49,26.1,72.0,0.0,400.0,65.0,11.0,456.0,2.62
S00373,Silt loam,25.4,74.4,0.2,1.05,0.61,1.683,0.365,0.194,0.086,0.108,20.5,0.562,0.16,0.192,192.0,normal(<1),7.03,26.7,25.0,8.0,511.0,22.0,0.0,651.0,0.9
S00374,Sandy clay loam,60.9,9.2,30.0,1.75,1.01,1.545,0.417,0.164,0.088,0.075,28.7,0.688,0.13,0.447,447.0,normal(<1),6.69,38.6,51.0,6.0,124.0,47.0,8.0,168.0,1.99
S00375,Loam,44.6,34.0,21.4,1.21,0.7,1.532,0.422,0.187,0.092,0.094,22.6,0.535,0.196,0.421,421.0,normal(<1),6.92,28.0,0.0,32.0,226.0,13.0,10.0,282.0,1.45
S00376,Silty clay loam,0.4,68.9,30.7,3.13,1.81,1.458,0.45,0.283,0.115,0.168,31.1,0.691,0.139,1.303,1303.0,germination-critical(1-2),6.47,28.3,121.0,51.0,528.0,74.0,17.0,645.0,3.11
S00377,Sandy clay loam,63.2,8.8,28.0,0.66,0.38,1.568,0.408,0.189,0.088,0.101,19.0,0.465,0.218,0.902,902.0,normal(<1),6.81,35.1,76.0,19.0,196.0,41.0,28.0,209.0,0.52
S00378,Loam,30.4,48.7,21.0,0.65,0.37,1.597,0.397,0.232,0.095,0.137,23.0,0.578,0.168,0.183,183.0,normal(<1),6.66,28.1,38.0,0.0,361.0,16.0,3.0,502.0,0.88
S00379,Sandy clay,48.5,9.4,42.1,3.75,2.18,1.5,0.434,0.253,0.085,0.167,25.4,0.585,0.18,0.559,559.0,normal(<1),6.32,25.6,93.0,51.0,210.0,69.0,30.0,201.0,3.47
S00380,Clay loam,32.5,32.7,34.8,3.3,1.92,1.412,0.467,0.25,0.109,0.141,19.8,0.423,0.269,0.664,664.0,normal(<1),5.72,26.6,101.0,90.0,343.0,87.0,31.0,437.0,3.4
S00381,Sand,86.1,7.1,6.8,2.64,1.53,1.59,0.4,0.139,0.047,0.092,24.7,0.618,0.153,0.408,408.0,normal(<1),6.66,31.8,40.0,53.0,80.0,31.0,20.0,125.0,2.13
S00382,Clay loam,31.9,31.4,36.7,2.83,1.64,1.444,0.455,0.231,0.1,0.131,31.9,0.702,0.136,0.318,318.0,normal(<1),6.76,36.2,16.0,35.0,269.0,78.0,10.0,400.0,2.63
S00383,Loamy sand,75.6,24.2,0.2,2.3,1.33,1.676,0.367,0.127,0.066,0.061,20.4,0.554,0.164,1.339,1339.0,germination-critical(1-2),6.84,22.5,48.0,63.0,261.0,47.0,0.0,241.0,2.18
S00384,Sandy loam,50.5,38.6,10.9,1.24,0.72,1.573,0.407,0.172,0.075,0.097,19.1,0.471,0.215,1.225,1225.0,germination-critical(1-2),6.74,30.0,85.0,33.0,285.0,43.0,0.0,300.0,1.24
S00385,Silty clay loam,11.5,51.7,36.8,2.05,1.19,1.418,0.465,0.245,0.132,0.113,33.9,0.729,0.126,0.822,822.0,normal(<1),6.64,30.7,58.0,8.0,396.0,47.0,15.0,511.0,2.07
S00386,Loam,44.3,29.2,26.4,2.07,1.2,1.57,0.407,0.195,0.091,0.104,24.3,0.595,0.165,0.821,821.0,normal(<1),6.4,26.9,73.0,67.0,262.0,21.0,23.0,315.0,1.81
S00387,Loamy sand,89.1,1.0,9.8,0.62,0.36,1.53,0.423,0.132,0.04,0.093,29.5,0.697,0.128,0.881,881.0,normal(<1),6.57,19.1,49.0,40.0,57.0,40.0,13.0,20.0,0.5
S00388,Silty clay,7.5,46.6,46.0,4.14,2.4,1.418,0.465,0.281,0.122,0.159,30.9,0.665,0.156,0.641,641.0,normal(<1),6.19,28.3,87.0,84.0,422.0,94.0,49.0,535.0,3.81
S00389,Silt loam,6.3,73.8,19.9,2.2,1.28,1.458,0.45,0.237,0.105,0.132,19.9,0.443,0.251,0.113,113.0,normal(<1),6.51,25.7,28.0,41.0,641.0,77.0,37.0,760.0,2.39
S00390,Sandy loam,64.6,24.7,10.6,1.35,0.78,1.607,0.393,0.162,0.066,0.096,22.4,0.57,0.169,0.24,240.0,normal(<1),6.0,23.4,26.0,39.0,129.0,39.0,12.0,175.0,1.31
S00391,Loamy sand,81.6,13.2,5.2,0.3,0.17,1.585,0.402,0.102,0.047,0.055,14.5,0.36,0.257,0.795,795.0,normal(<1),6.44,26.5,54.0,0.0,166.0,31.0,19.0,194.0,0.11
S00392,Sand,91.3,8.7,0.0,0.3,0.17,1.64,0.381,0.126,0.045,0.081,19.7,0.517,0.184,0.095,95.0,normal(<1),6.29,31.1,10.0,41.0,73.0,6.0,23.0,97.0,0.34
S00393,Sandy loam,73.7,18.6,7.7,0.3,0.17,1.689,0.363,0.117,0.037,0.08,21.9,0.603,0.144,0.239,239.0,normal(<1),6.24,28.9,23.0,16.0,160.0,29.0,0.0,194.0,0.16
S00394,Sandy clay loam,64.3,14.7,21.0,0.56,0.33,1.609,0.393,0.174,0.094,0.08,22.7,0.579,0.165,0.54,540.0,normal(<1),6.94,34.9,3.0,58.0,103.0,28.0,30.0,196.0,0.37
S00395,Sandy loam,76.2,5.5,18.4,0.5,0.29,1.55,0.415,0.13,0.055,0.075,18.1,0.436,0.234,0.725,725.0,normal(<1),6.21,31.1,100.0,37.0,127.0,8.0,0.0,135.0,0.59
S00396,Silt loam,17.2,55.9,27.0,3.78,2.19,1.401,0.471,0.238,0.13,0.108,34.5,0.732,0.126,0.102,102.0,normal(<1),6.05,22.3,70.0,25.0,469.0,76.0,30.0,538.0,3.69
S00397,Silty clay loam,18.6,50.4,31.0,2.12,1.23,1.41,0.468,0.24,0.1,0.14,16.5,0.353,0.303,0.259,259.0,normal(<1),6.13,24.8,60.0,0.0,485.0,60.0,13.0,616.0,1.91
S00398,Clay loam,21.9,48.2,29.8,1.52,0.88,1.547,0.416,0.228,0.117,0.111,17.7,0.425,0.239,0.553,553.0,normal(<1),6.57,32.2,60.0,16.0,394.0,50.0,16.0,488.0,2.17
S00399,Sandy loam,51.8,33.0,15.2,2.3,1.33,1.601,0.396,0.201,0.08,0.121,25.8,0.651,0.138,0.104,104.0,normal(<1),6.71,23.7,23.0,13.0,273.0,44.0,17.0,341.0,2.19
S00400,Clay,21.2,36.3,42.5,2.24,1.3,1.456,0.451,0.244,0.134,0.111,28.1,0.623,0.17,0.463,463.0,normal(<1),6.45,26.3,58.0,34.0,412.0,91.0,14.0,466.0,2.09
S00401,Loam,51.7,28.9,19.4,4.8,2.78,1.451,0.452,0.193,0.102,0.091,29.6,0.654,0.156,0.688,688.0,normal(<1),6.5,25.8,96.0,71.0,284.0,97.0,15.0,338.0,4.56
S00402,Loam,39.6,38.0,22.3,2.88,1.67,1.531,0.422,0.194,0.095,0.099,23.9,0.565,0.184,0.446,446.0,normal(<1),6.41,33.3,4.0,43.0,302.0,27.0,23.0,398.0,2.79
S00403,Sandy clay,52.3,11.6,36.0,1.38,0.8,1.455,0.451,0.205,0.094,0.111,28.6,0.635,0.165,0.336,336.0,normal(<1),6.28,33.1,17.0,0.0,285.0,31.0,27.0,303.0,1.3
S00404,Loam,50.9,29.0,20.0,2.4,1.39,1.522,0.426,0.183,0.089,0.094,27.1,0.637,0.154,0.351,351.0,normal(<1),6.04,24.4,13.0,17.0,293.0,50.0,26.0,373.0,2.6
S00405,Silty clay,0.6,44.0,55.4,2.23,1.29,1.403,0.471,0.302,0.149,0.153,31.8,0.676,0.152,1.414,1414.0,germination-critical(1-2),6.91,22.7,108.0,69.0,461.0,70.0,15.0,518.0,2.17
S00406,Loam,45.5,39.2,15.3,1.41,0.82,1.644,0.38,0.165,0.078,0.087,20.5,0.541,0.174,0.244,244.0,normal(<1),5.82,20.3,0.0,10.0,345.0,27.0,7.0,380.0,1.81
S00407,Loam,45.3,43.6,11.1,3.48,2.02,1.53,0.423,0.197,0.072,0.125,12.3,0.292,0.299,0.206,206.0,normal(<1),6.71,21.9,87.0,11.0,373.0,49.0,20.0,491.0,3.07
S00408,Silty clay loam,12.7,59.3,27.9,2.95,1.71,1.518,0.427,0.237,0.119,0.118,21.8,0.51,0.209,0.389,389.0,normal(<1),5.92,26.2,80.0,43.0,464.0,57.0,36.0,594.0,2.98
S00409,Loam,43.4,29.8,26.8,1.28,0.74,1.511,0.43,0.183,0.103,0.08,23.3,0.542,0.197,1.453,1453.0,germination-critical(1-2),6.92,28.0,85.0,32.0,228.0,48.0,6.0,276.0,1.04
S00410,Silt loam,24.8,51.6,23.6,1.57,0.91,1.57,0.408,0.234,0.101,0.134,21.4,0.525,0.194,1.142,1142.0,germination-critical(1-2),6.61,32.7,118.0,57.0,508.0,58.0,19.0,493.0,1.65
S00411,Silty clay loam,5.9,60.5,33.6,2.14,1.24,1.508,0.431,0.248,0.12,0.128,21.9,0.508,0.212,0.244,244.0,normal(<1),6.1,35.8,32.0,36.0,543.0,50.0,29.0,670.0,1.85
S00412,Sandy clay loam,45.6,22.2,32.3,1.31,0.76,1.557,0.412,0.199,0.091,0.109,20.2,0.491,0.21,1.556,1556.0,germination-critical(1-2),6.85,25.5,63.0,19.0,251.0,41.0,18.0,272.0,1.39
S00413,Sandy loam,60.0,23.0,17.0,3.81,2.21,1.553,0.414,0.172,0.062,0.11,20.0,0.484,0.214,0.073,73.0,normal(<1),6.42,34.4,26.0,25.0,155.0,65.0,26.0,249.0,3.78
S00414,Clay,6.6,36.6,56.8,4.75,2.75,1.347,0.492,0.296,0.153,0.143,35.2,0.716,0.14,0.587,587.0,normal(<1),5.84,25.4,37.0,25.0,427.0,111.0,26.0,526.0,5.18
S00415,Clay,19.4,32.2,48.5,3.06,1.77,1.478,0.442,0.255,0.133,0.123,31.4,0.71,0.128,0.914,914.0,normal(<1),6.17,23.4,94.0,70.0,328.0,60.0,24.0,362.0,2.89
S00416,Sand,91.8,4.0,4.2,2.04,1.19,1.592,0.399,0.135,0.052,0.083,22.7,0.569,0.172,1.658,1658.0,germination-critical(1-2),6.44,30.3,156.0,59.0,43.0,57.0,5.0,38.0,2.01
S00417,Clay,25.3,27.7,47.0,4.37,2.53,1.484,0.44,0.261,0.114,0.147,24.1,0.548,0.199,2.447,2447.0,salt-sensitive-critical(2-3),6.84,34.3,182.0,110.0,384.0,92.0,44.0,358.0,4.45
S00418,Sandy loam,59.1,28.7,12.2,0.3,0.17,1.641,0.381,0.183,0.072,0.111,23.4,0.615,0.147,1.174,1174.0,germination-critical(1-2),5.71,25.4,114.0,57.0,222.0,16.0,0.0,278.0,0.18
S00419,Silt loam,10.8,82.2,7.0,2.42,1.4,1.642,0.38,0.224,0.101,0.122,25.7,0.675,0.123,0.288,288.0,normal(<1),6.87,25.2,78.0,44.0,576.0,64.0,35.0,708.0,2.6
S00420,Clay,42.6,0.7,56.7,1.66,0.96,1.368,0.484,0.222,0.129,0.093,29.4,0.609,0.189,0.842,842.0,normal(<1),6.55,30.4,90.0,52.0,208.0,47.0,6.0,221.0,1.41
S00421,Loam,52.0,35.8,12.2,1.01,0.59,1.589,0.4,0.152,0.059,0.092,18.0,0.449,0.221,0.367,367.0,normal(<1),6.49,23.1,15.0,0.0,309.0,8.0,0.0,379.0,0.7
S00422,Sandy clay,58.4,0.8,40.8,3.19,1.85,1.49,0.438,0.209,0.087,0.122,25.5,0.581,0.183,0.68,680.0,normal(<1),6.66,31.1,111.0,27.0,99.0,90.0,24.0,165.0,3.32
S00423,Silt loam,13.7,71.4,14.9,2.92,1.7,1.498,0.435,0.258,0.098,0.16,32.9,0.758,0.105,2.654,2654.0,salt-sensitive-critical(2-3),6.17,26.3,163.0,77.0,588.0,49.0,12.0,691.0,2.78
S00424,Silt loam,6.9,85.5,7.6,1.65,0.96,1.527,0.424,0.224,0.118,0.106,32.4,0.765,0.1,0.347,347.0,normal(<1),6.54,37.0,26.0,47.0,583.0,40.0,22.0,758.0,1.98
S00425,Clay loam,34.8,27.0,38.3,2.62,1.52,1.463,0.448,0.239,0.116,0.123,23.2,0.518,0.216,0.26,260.0,normal(<1),6.03,21.3,76.0,72.0,332.0,62.0,23.0,412.0,2.56
S00426,Loamy sand,78.5,11.7,9.8,1.79,1.04,1.591,0.4,0.132,0.067,0.065,23.8,0.596,0.161,0.092,92.0,normal(<1),6.25,22.1,19.0,9.0,120.0,39.0,24.0,79.0,1.89
S00427,Loam,31.5,47.2,21.3,2.02,1.17,1.499,0.434,0.233,0.092,0.141,17.9,0.412,0.256,0.29,290.0,normal(<1),6.35,28.1,15.0,19.0,436.0,35.0,15.0,507.0,1.82
S00428,Silt loam,0.3,75.9,23.9,1.14,0.66,1.558,0.412,0.265,0.103,0.162,29.2,0.708,0.12,0.636,636.0,normal(<1),6.38,23.6,56.0,33.0,596.0,57.0,18.0,722.0,1.24
S00429,Loamy sand,83.2,7.9,8.9,1.5,0.87,1.618,0.389,0.165,0.032,0.133,26.0,0.668,0.129,0.515,515.0,normal(<1),6.45,19.3,78.0,54.0,76.0,38.0,22.0,110.0,1.9
S00430,Sandy clay,52.5,2.0,45.5,2.46,1.43,1.567,0.409,0.236,0.116,0.12,25.4,0.622,0.154,0.06,60.0,normal(<1),6.77,34.8,52.0,0.0,187.0,79.0,30.0,230.0,2.62
S00431,Loamy sand,80.0,10.3,9.7,0.3,0.17,1.615,0.391,0.139,0.042,0.097,27.4,0.702,0.117,0.798,798.0,normal(<1),7.11,37.2,31.0,39.0,155.0,12.0,14.0,145.0,0.35
S00432,Silt loam,20.5,78.1,1.3,0.98,0.57,1.545,0.417,0.192,0.096,0.096,24.4,0.586,0.173,1.352,1352.0,germination-critical(1-2),6.57,24.1,137.0,43.0,589.0,57.0,19.0,641.0,1.35
S00433,Loam,37.2,38.8,24.0,4.42,2.56,1.482,0.441,0.201,0.101,0.1,29.1,0.661,0.149,0.604,604.0,normal(<1),6.78,29.2,99.0,62.0,409.0,68.0,26.0,419.0,4.45
S00434,Clay loam,26.2,42.2,31.6,1.12,0.65,1.484,0.44,0.231,0.102,0.128,16.7,0.379,0.273,0.375,375.0,normal(<1),7.02,29.4,27.0,58.0,400.0,0.0,36.0,470.0,1.31
S00435,Sandy loam,69.4,17.9,12.7,3.45,2.0,1.517,0.427,0.157,0.063,0.095,24.8,0.581,0.179,1.408,1408.0,germination-critical(1-2),7.13,34.8,122.0,71.0,206.0,86.0,24.0,186.0,3.61
S00436,Silty clay loam,16.3,54.5,29.2,3.77,2.18,1.44,0.456,0.249,0.12,0.128,19.4,0.424,0.263,0.377,377.0,normal(<1),6.14,28.2,81.0,9.0,385.0,84.0,19.0,544.0,3.38
S00437,Loam,48.3,31.1,20.6,3.74,2.17,1.529,0.423,0.192,0.086,0.106,25.4,0.6,0.169,0.545,545.0,normal(<1),5.92,25.9,75.0,11.0,272.0,64.0,38.0,321.0,3.44
S00438,Silty clay,14.4,43.5,42.1,2.94,1.71,1.388,0.476,0.253,0.114,0.139,29.2,0.612,0.185,0.666,666.0,normal(<1),6.73,21.3,100.0,32.0,426.0,52.0,23.0,529.0,2.72
S00439,Sandy loam,45.9,37.3,16.8,1.97,1.15,1.571,0.407,0.144,0.076,0.068,18.7,0.459,0.22,0.291,291.0,normal(<1),6.3,28.4,9.0,19.0,287.0,39.0,13.0,338.0,1.62
S00440,Sand,86.2,13.2,0.5,0.6,0.35,1.578,0.405,0.096,0.057,0.039,27.0,0.666,0.135,0.156,156.0,normal(<1),5.79,37.8,35.0,0.0,77.0,25.0,13.0,129.0,0.63
S00441,Clay,24.0,24.2,51.8,2.9,1.68,1.458,0.45,0.25,0.118,0.132,21.9,0.486,0.231,0.918,918.0,normal(<1),6.04,28.3,89.0,63.0,370.0,50.0,18.0,425.0,2.99
S00442,Sandy clay,45.3,1.7,53.0,3.59,2.08,1.503,0.433,0.231,0.129,0.102,30.5,0.705,0.128,0.911,911.0,normal(<1),6.76,25.0,128.0,61.0,238.0,66.0,25.0,260.0,3.93
S00443,Sandy loam,67.8,25.1,7.0,0.94,0.55,1.628,0.386,0.171,0.041,0.129,29.2,0.757,0.094,0.608,608.0,normal(<1),6.42,24.4,68.0,42.0,147.0,6.0,22.0,284.0,0.63
S00444,Silty clay,16.1,42.5,41.4,1.67,0.97,1.46,0.449,0.251,0.111,0.141,35.1,0.781,0.098,0.098,98.0,normal(<1),6.0,29.0,36.0,5.0,423.0,67.0,17.0,522.0,1.51
S00445,Clay loam,22.2,39.7,38.0,3.46,2.01,1.526,0.424,0.242,0.123,0.119,28.8,0.679,0.136,0.663,663.0,normal(<1),6.11,26.5,129.0,17.0,411.0,80.0,24.0,450.0,3.17
S00446,Clay loam,40.6,28.5,30.9,1.36,0.79,1.477,0.443,0.209,0.084,0.125,22.9,0.518,0.213,0.274,274.0,normal(<1),6.13,22.1,29.0,33.0,189.0,51.0,10.0,263.0,1.74
S00447,Loam,47.2,37.4,15.4,2.76,1.6,1.497,0.435,0.204,0.077,0.128,27.5,0.633,0.16,0.54,540.0,normal(<1),6.6,25.8,81.0,30.0,267.0,46.0,23.0,334.0,2.87
S00448,Sand,88.2,8.8,3.0,3.43,1.99,1.542,0.418,0.118,0.034,0.084,28.0,0.67,0.138,0.817,817.0,normal(<1),6.15,34.9,50.0,58.0,101.0,51.0,28.0,129.0,3.6
S00449,Sandy clay loam,52.8,15.5,31.7,2.51,1.45,1.506,0.432,0.21,0.102,0.108,28.3,0.655,0.149,1.099,1099.0,germination-critical(1-2),6.74,24.7,48.0,27.0,253.0,25.0,14.0,332.0,2.81
S00450,Sand,85.8,9.7,4.5,2.51,1.46,1.584,0.402,0.108,0.029,0.079,24.9,0.618,0.154,0.327,327.0,normal(<1),7.02,26.8,58.0,33.0,100.0,53.0,25.0,112.0,3.21
S00451,Loamy sand,82.4,9.1,8.5,1.11,0.65,1.619,0.389,0.149,0.056,0.093,23.1,0.595,0.158,1.249,1249.0,germination-critical(1-2),6.52,27.5,107.0,44.0,101.0,54.0,11.0,131.0,1.21
S00452,Sand,90.2,6.2,3.6,0.52,0.3,1.601,0.396,0.12,0.039,0.081,19.2,0.486,0.203,0.492,492.0,normal(<1),6.36,31.6,60.0,36.0,100.0,7.0,19.0,134.0,0.54
S00453,Loam,43.4,34.8,21.8,1.72,1.0,1.489,0.438,0.184,0.103,0.081,24.7,0.563,0.192,0.668,668.0,normal(<1),6.67,31.3,46.0,30.0,376.0,30.0,23.0,432.0,1.55
S00454,Loam,48.0,34.5,17.5,2.29,1.33,1.581,0.403,0.188,0.087,0.102,20.5,0.508,0.199,0.343,343.0,normal(<1),6.44,28.0,83.0,42.0,263.0,38.0,23.0,293.0,1.86
S00455,Silt loam,25.1,53.1,21.7,2.99,1.73,1.559,0.412,0.207,0.089,0.118,18.4,0.447,0.228,0.18,180.0,normal(<1),6.17,25.2,49.0,31.0,340.0,43.0,18.0,477.0,2.92
S00456,Clay,4.8,31.3,63.9,3.13,1.82,1.432,0.459,0.284,0.156,0.128,34.8,0.757,0.112,0.194,194.0,normal(<1),6.3,27.0,30.0,0.0,366.0,49.0,5.0,445.0,3.42
S00457,Silty clay,15.0,41.2,43.8,1.89,1.09,1.462,0.448,0.244,0.12,0.124,25.9,0.577,0.19,0.196,196.0,normal(<1),6.18,26.2,57.0,2.0,421.0,75.0,3.0,474.0,1.81
S00458,Loam,47.8,36.3,15.9,1.56,0.91,1.568,0.408,0.172,0.089,0.083,25.7,0.63,0.151,0.294,294.0,normal(<1),6.26,29.3,71.0,45.0,412.0,66.0,20.0,426.0,1.38
S00459,Loamy sand,79.4,16.9,3.8,1.72,1.0,1.543,0.418,0.146,0.054,0.092,17.8,0.427,0.239,0.46,460.0,normal(<1),5.95,38.5,32.0,66.0,66.0,42.0,20.0,155.0,1.79
S00460,Loam,25.2,48.0,26.8,2.5,1.45,1.504,0.432,0.206,0.121,0.086,26.0,0.602,0.172,4.598,4598.0,detrimental(>3),7.03,32.9,298.0,157.0,550.0,81.0,22.0,557.0,2.05
S00461,Silty clay,9.5,43.6,46.9,2.95,1.71,1.461,0.449,0.254,0.145,0.109,32.5,0.724,0.124,1.189,1189.0,germination-critical(1-2),6.21,25.5,85.0,60.0,367.0,48.0,16.0,463.0,2.93
S00462,Sandy loam,48.1,40.3,11.6,1.63,0.95,1.562,0.411,0.181,0.088,0.093,23.4,0.569,0.177,0.667,667.0,normal(<1),5.88,34.6,19.0,18.0,287.0,47.0,6.0,364.0,1.3
S00463,Loam,51.7,38.8,9.5,1.34,0.78,1.547,0.416,0.168,0.073,0.095,28.4,0.683,0.132,4.94,4940.0,detrimental(>3),6.7,29.5,268.0,189.0,351.0,77.0,15.0,366.0,1.45
S00464,Loam,35.1,45.9,19.0,4.21,2.44,1.47,0.445,0.219,0.103,0.116,23.4,0.525,0.211,0.45,450.0,normal(<1),5.83,28.9,89.0,16.0,428.0,65.0,27.0,461.0,4.45
S00465,Silty clay loam,1.7,60.0,38.3,2.46,1.43,1.43,0.46,0.27,0.124,0.146,26.9,0.584,0.192,0.108,108.0,normal(<1),6.55,28.7,72.0,15.0,504.0,68.0,26.0,617.0,2.38
S00466,Sandy clay loam,55.5,13.9,30.6,3.07,1.78,1.434,0.459,0.191,0.092,0.099,20.3,0.443,0.256,1.319,1319.0,germination-critical(1-2),6.57,24.2,94.0,93.0,243.0,66.0,44.0,219.0,2.86
S00467,Sandy clay,51.6,5.7,42.6,2.77,1.61,1.602,0.396,0.216,0.105,0.112,29.7,0.751,0.098,0.118,118.0,normal(<1),6.38,18.7,28.0,19.0,141.0,55.0,24.0,208.0,2.77
S00468,Silty clay loam,18.2,48.1,33.8,1.87,1.08,1.49,0.438,0.235,0.111,0.124,24.2,0.553,0.195,0.205,205.0,normal(<1),5.83,25.9,63.0,29.0,533.0,57.0,18.0,578.0,1.84
S00469,Silt loam,26.3,57.3,16.5,1.77,1.03,1.571,0.407,0.218,0.091,0.127,27.4,0.672,0.133,0.571,571.0,normal(<1),6.26,21.8,74.0,39.0,438.0,61.0,12.0,506.0,1.78
S00470,Clay loam,20.6,51.7,27.7,2.65,1.54,1.495,0.436,0.245,0.091,0.153,13.7,0.315,0.299,0.347,347.0,normal(<1),6.34,29.4,37.0,0.0,446.0,38.0,10.0,515.0,2.55
S00471,Silty clay loam,10.6,53.8,35.5,4.34,2.52,1.45,0.453,0.242,0.112,0.13,32.1,0.709,0.132,1.398,1398.0,germination-critical(1-2),6.47,29.3,118.0,52.0,383.0,85.0,4.0,522.0,4.33
S00472,Loam,42.4,43.1,14.5,2.28,1.32,1.529,0.423,0.235,0.07,0.165,20.2,0.477,0.221,0.076,76.0,normal(<1),6.97,27.1,32.0,14.0,355.0,70.0,0.0,429.0,2.37
S00473,Silt loam,8.1,74.7,17.3,2.59,1.5,1.523,0.425,0.277,0.123,0.154,30.8,0.725,0.117,0.177,177.0,normal(<1),6.83,27.7,21.0,16.0,572.0,43.0,32.0,617.0,2.42
S00474,Clay,7.7,33.6,58.7,5.09,2.95,1.366,0.484,0.28,0.147,0.132,23.4,0.483,0.25,0.159,159.0,normal(<1),5.78,28.9,79.0,54.0,341.0,103.0,30.0,456.0,5.11
S00475,Sandy loam,65.5,18.2,16.3,1.5,0.87,1.598,0.397,0.146,0.069,0.077,22.0,0.554,0.177,0.745,745.0,normal(<1),6.33,29.3,71.0,28.0,198.0,25.0,0.0,211.0,1.55
S00476,Sandy clay loam,63.3,2.5,34.2,2.0,1.16,1.528,0.423,0.183,0.085,0.098,24.4,0.578,0.179,0.84,840.0,normal(<1),6.41,19.0,94.0,10.0,144.0,55.0,18.0,113.0,1.98
S00477,Loamy sand,70.4,21.5,8.2,0.96,0.56,1.507,0.431,0.167,0.055,0.112,16.9,0.393,0.262,0.294,294.0,normal(<1),6.29,23.0,6.0,15.0,225.0,18.0,11.0,236.0,0.54
S00478,Loamy sand,71.6,15.8,12.6,2.42,1.41,1.608,0.393,0.127,0.049,0.079,17.0,0.431,0.224,0.198,198.0,normal(<1),6.6,22.3,74.0,67.0,125.0,73.0,24.0,161.0,2.56
S00479,Loam,48.5,40.2,11.3,1.1,0.64,1.566,0.409,0.197,0.071,0.125,25.7,0.628,0.152,0.204,204.0,normal(<1),6.5,24.5,11.0,0.0,314.0,23.0,7.0,383.0,1.37
S00480,Sandy loam,69.6,17.8,12.6,0.3,0.17,1.566,0.409,0.144,0.071,0.073,26.7,0.654,0.142,0.566,566.0,normal(<1),6.55,30.4,11.0,27.0,223.0,6.0,20.0,210.0,0.19
S00481,Silt loam,25.6,56.4,17.9,2.27,1.31,1.488,0.439,0.215,0.09,0.125,27.4,0.625,0.165,0.507,507.0,normal(<1),6.39,24.1,84.0,28.0,401.0,56.0,16.0,499.0,2.6
S00482,Clay loam,43.5,24.9,31.6,2.83,1.64,1.595,0.398,0.207,0.103,0.104,29.4,0.738,0.104,0.06,60.0,normal(<1),6.27,36.3,33.0,25.0,239.0,51.0,30.0,372.0,2.65
S00483,Loam,37.6,40.0,22.4,2.33,1.35,1.534,0.421,0.232,0.081,0.151,24.8,0.59,0.173,1.489,1489.0,germination-critical(1-2),6.29,24.3,82.0,82.0,345.0,52.0,19.0,410.0,2.69
S00484,Loamy sand,84.1,13.6,2.4,0.3,0.17,1.676,0.367,0.133,0.045,0.088,17.3,0.471,0.194,0.421,421.0,normal(<1),6.37,33.8,0.0,0.0,182.0,4.0,0.0,178.0,0.34
S00485,Sandy clay loam,55.5,17.1,27.3,1.35,0.78,1.523,0.425,0.189,0.088,0.101,26.2,0.616,0.163,0.056,56.0,normal(<1),6.67,28.7,1.0,17.0,141.0,43.0,0.0,237.0,1.11
S00486,Silt loam,21.0,73.6,5.4,2.33,1.35,1.542,0.418,0.206,0.08,0.127,27.1,0.648,0.147,0.711,711.0,normal(<1),7.1,24.8,43.0,4.0,466.0,24.0,26.0,604.0,1.95
S00487,Sandy loam,50.1,35.3,14.6,4.21,2.44,1.517,0.427,0.19,0.081,0.109,24.2,0.566,0.186,0.197,197.0,normal(<1),6.35,22.9,45.0,28.0,261.0,60.0,27.0,414.0,4.32
S00488,Silt loam,15.7,64.6,19.8,2.6,1.51,1.507,0.431,0.244,0.092,0.152,25.5,0.591,0.176,1.956,1956.0,germination-critical(1-2),6.07,30.2,115.0,63.0,487.0,83.0,27.0,553.0,2.65
S00489,Sandy loam,65.3,17.0,17.7,1.9,1.1,1.503,0.433,0.176,0.071,0.105,26.4,0.609,0.169,0.815,815.0,normal(<1),6.46,25.0,44.0,65.0,214.0,24.0,24.0,246.0,2.09
S00490,Loam,40.5,49.8,9.7,0.81,0.47,1.607,0.394,0.168,0.084,0.084,21.9,0.557,0.175,0.189,189.0,normal(<1),6.45,37.6,3.0,19.0,363.0,14.0,15.0,468.0,0.72
S00491,Silt loam,19.0,57.4,23.6,3.14,1.82,1.475,0.443,0.211,0.104,0.107,21.5,0.485,0.228,0.412,412.0,normal(<1),6.7,27.0,25.0,60.0,441.0,75.0,22.0,589.0,3.34
S00492,Silt loam,5.8,86.7,7.5,1.65,0.96,1.625,0.387,0.232,0.114,0.119,21.8,0.564,0.168,0.781,781.0,normal(<1),6.48,29.9,113.0,28.0,490.0,53.0,15.0,629.0,1.37
S00493,Sandy loam,63.7,24.9,11.4,0.57,0.33,1.654,0.376,0.152,0.065,0.086,23.9,0.637,0.136,0.528,528.0,normal(<1),6.09,26.7,20.0,27.0,244.0,0.0,9.0,273.0,0.63
S00494,Loamy sand,70.5,17.9,11.6,2.69,1.56,1.548,0.416,0.175,0.075,0.1,20.6,0.495,0.21,0.372,372.0,normal(<1),6.72,34.4,39.0,9.0,98.0,42.0,20.0,122.0,3.43
S00495,Sandy loam,70.4,12.8,16.8,2.24,1.3,1.489,0.438,0.146,0.07,0.076,26.0,0.594,0.178,1.102,1102.0,germination-critical(1-2),6.47,35.3,94.0,32.0,225.0,40.0,20.0,169.0,1.82
S00496,Loamy sand,82.7,16.4,0.9,2.98,1.73,1.673,0.369,0.12,0.067,0.053,21.1,0.571,0.158,0.342,342.0,normal(<1),6.33,23.2,54.0,32.0,120.0,75.0,21.0,138.0,2.8
S00497,Loam,38.5,36.2,25.3,2.27,1.32,1.476,0.443,0.204,0.111,0.094,20.3,0.458,0.24,3.711,3711.0,detrimental(>3),6.53,23.4,280.0,129.0,381.0,48.0,16.0,363.0,2.16
S00498,Silt loam,4.5,73.8,21.7,4.14,2.4,1.543,0.418,0.247,0.119,0.128,30.9,0.74,0.109,1.142,1142.0,germination-critical(1-2),6.16,28.1,92.0,51.0,504.0,83.0,20.0,634.0,4.06
S00499,Silt loam,12.8,71.6,15.6,2.77,1.6,1.478,0.442,0.256,0.123,0.133,28.9,0.653,0.154,0.408,408.0,normal(<1),7.24,26.7,73.0,11.0,499.0,47.0,13.0,696.0,2.48
S00500,Sandy loam,57.2,37.7,5.1,3.37,1.96,1.522,0.426,0.166,0.051,0.115,20.7,0.486,0.219,0.358,358.0,normal(<1),5.86,33.8,50.0,20.0,278.0,92.0,16.0,333.0,3.28
S00501,Sandy loam,45.9,40.6,13.5,1.98,1.15,1.627,0.386,0.169,0.086,0.083,24.1,0.624,0.145,0.311,311.0,normal(<1),6.56,30.1,92.0,19.0,332.0,78.0,20.0,319.0,2.34
S00502,Loam,41.1,42.1,16.7,2.91,1.69,1.511,0.43,0.175,0.072,0.103,26.0,0.606,0.17,0.245,245.0,normal(<1),6.58,27.6,17.0,0.0,431.0,69.0,26.0,400.0,3.28
S00503,Loam,46.2,44.3,9.5,1.17,0.68,1.623,0.388,0.164,0.07,0.094,23.2,0.598,0.156,0.624,624.0,normal(<1),6.27,25.5,60.0,0.0,348.0,14.0,0.0,408.0,1.37
S00504,Loam,50.0,40.8,9.2,1.9,1.1,1.566,0.409,0.169,0.072,0.097,25.7,0.627,0.153,0.116,116.0,normal(<1),6.78,27.2,63.0,14.0,356.0,47.0,24.0,397.0,1.93
S00505,Sand,85.3,12.6,2.1,2.22,1.28,1.556,0.413,0.113,0.023,0.09,14.8,0.36,0.264,0.499,499.0,normal(<1),7.12,35.0,36.0,45.0,146.0,54.0,7.0,99.0,2.26
S00506,Sandy loam,48.3,45.5,6.1,2.05,1.19,1.535,0.421,0.198,0.089,0.108,25.8,0.612,0.163,0.455,455.0,normal(<1),6.6,26.2,38.0,40.0,267.0,44.0,15.0,400.0,2.45
S00507,Loam,47.0,42.2,10.8,1.45,0.84,1.608,0.393,0.171,0.081,0.091,9.1,0.231,0.303,0.275,275.0,normal(<1),5.4,23.4,0.0,0.0,352.0,52.0,8.0,381.0,1.6
S00508,Sandy loam,49.0,44.0,7.0,1.23,0.71,1.508,0.431,0.174,0.067,0.107,26.9,0.625,0.162,0.668,668.0,normal(<1),5.98,30.1,62.0,10.0,273.0,25.0,8.0,372.0,1.51
S00509,Silt loam,19.0,69.3,11.7,1.34,0.78,1.57,0.407,0.203,0.101,0.102,30.8,0.756,0.099,0.172,172.0,normal(<1),6.44,17.6,6.0,4.0,473.0,11.0,25.0,634.0,1.39
S00510,Silty clay loam,3.9,69.0,27.1,2.65,1.54,1.476,0.443,0.246,0.122,0.124,27.0,0.61,0.173,0.287,287.0,normal(<1),6.35,27.1,76.0,18.0,571.0,66.0,29.0,668.0,2.91
S00511,Loam,45.1,47.1,7.8,0.86,0.5,1.613,0.391,0.158,0.068,0.091,19.9,0.51,0.192,0.828,828.0,normal(<1),6.25,38.3,84.0,17.0,282.0,24.0,0.0,391.0,1.07
S00512,Sandy loam,74.7,7.9,17.4,2.9,1.68,1.532,0.422,0.193,0.085,0.108,28.1,0.666,0.141,1.903,1903.0,germination-critical(1-2),6.46,27.5,112.0,55.0,136.0,74.0,6.0,148.0,2.74
S00513,Silty clay loam,0.5,65.8,33.6,2.64,1.53,1.456,0.451,0.252,0.125,0.127,33.5,0.744,0.115,0.641,641.0,normal(<1),6.24,33.8,54.0,72.0,511.0,49.0,35.0,615.0,3.21
S00514,Loamy sand,88.3,9.6,2.1,2.26,1.31,1.663,0.372,0.101,0.035,0.066,20.6,0.554,0.166,1.272,1272.0,germination-critical(1-2),6.64,34.1,85.0,47.0,86.0,59.0,14.0,67.0,1.73
S00515,Silt loam,11.6,67.1,21.3,4.56,2.64,1.506,0.432,0.233,0.12,0.113,27.8,0.644,0.154,0.075,75.0,normal(<1),6.05,22.2,56.0,44.0,425.0,100.0,36.0,523.0,4.6
S00516,Sandy loam,78.2,14.9,6.9,1.06,0.62,1.659,0.374,0.132,0.037,0.095,20.8,0.557,0.166,0.941,941.0,normal(<1),6.42,23.8,59.0,63.0,221.0,45.0,0.0,260.0,1.46
S00517,Sand,86.9,8.6,4.5,2.08,1.21,1.655,0.375,0.118,0.051,0.067,17.8,0.475,0.197,0.566,566.0,normal(<1),6.43,35.1,45.0,71.0,42.0,63.0,20.0,82.0,2.11
S00518,Loam,47.0,39.8,13.1,1.14,0.66,1.58,0.404,0.191,0.073,0.118,20.9,0.517,0.195,0.266,266.0,normal(<1),6.04,20.5,0.0,2.0,271.0,19.0,18.0,349.0,1.06
S00519,Sandy loam,48.5,35.4,16.0,4.44,2.58,1.481,0.441,0.208,0.086,0.123,25.1,0.569,0.19,0.377,377.0,normal(<1),5.85,34.6,64.0,0.0,374.0,101.0,28.0,414.0,4.12
S00520,Sandy loam,50.4,32.8,16.8,2.29,1.33,1.56,0.411,0.163,0.096,0.067,23.2,0.564,0.179,0.309,309.0,normal(<1),6.84,29.0,65.0,0.0,295.0,44.0,17.0,391.0,2.41
S00521,Silt loam,24.9,64.0,11.1,1.08,0.63,1.542,0.418,0.197,0.089,0.108,28.9,0.691,0.129,0.546,546.0,normal(<1),6.59,25.2,39.0,32.0,409.0,32.0,37.0,622.0,1.35
S00522,Sand,91.3,6.4,2.2,0.3,0.17,1.64,0.381,0.128,0.042,0.087,25.5,0.669,0.126,1.312,1312.0,germination-critical(1-2),7.23,27.3,56.0,99.0,98.0,6.0,0.0,123.0,0.83
S00523,Clay loam,27.6,33.7,38.6,2.75,1.6,1.511,0.43,0.236,0.104,0.132,32.1,0.747,0.109,0.155,155.0,normal(<1),6.29,26.6,58.0,0.0,392.0,88.0,24.0,457.0,2.59
S00524,Sandy loam,50.9,38.4,10.7,1.89,1.1,1.464,0.448,0.159,0.055,0.104,27.7,0.62,0.17,0.13,130.0,normal(<1),5.99,28.0,0.0,34.0,247.0,62.0,16.0,337.0,1.6
S00525,Silt loam,9.9,75.6,14.5,1.84,1.07,1.65,0.377,0.204,0.103,0.101,22.0,0.584,0.157,1.726,1726.0,germination-critical(1-2),5.8,24.2,156.0,31.0,622.0,65.0,25.0,700.0,2.11
S00526,Sandy loam,48.3,38.8,12.8,0.46,0.26,1.617,0.39,0.168,0.09,0.078,23.8,0.612,0.151,0.368,368.0,normal(<1),6.51,23.2,0.0,0.0,189.0,0.0,10.0,300.0,0.56
S00527,Sand,91.3,4.3,4.3,0.72,0.42,1.53,0.423,0.106,0.04,0.067,16.9,0.4,0.254,0.495,495.0,normal(<1),6.04,33.6,36.0,21.0,175.0,36.0,17.0,132.0,0.88
S00528,Sandy clay,48.9,7.7,43.4,1.14,0.66,1.544,0.418,0.232,0.11,0.122,23.7,0.568,0.18,0.505,505.0,normal(<1),7.24,24.6,49.0,12.0,161.0,48.0,11.0,163.0,1.16
S00529,Sandy clay loam,59.1,12.5,28.4,3.53,2.05,1.473,0.444,0.194,0.087,0.107,20.3,0.457,0.241,1.561,1561.0,germination-critical(1-2),6.2,26.5,110.0,71.0,196.0,62.0,18.0,192.0,3.27
S00530,Clay,4.1,34.8,61.1,4.43,2.57,1.39,0.476,0.302,0.157,0.145,25.6,0.539,0.219,0.766,766.0,normal(<1),6.29,32.6,136.0,32.0,393.0,93.0,33.0,486.0,4.12
S00531,Clay loam,39.7,22.8,37.5,2.35,1.36,1.521,0.426,0.188,0.116,0.072,24.7,0.579,0.179,0.329,329.0,normal(<1),5.61,27.6,71.0,46.0,247.0,78.0,24.0,304.0,3.01
S00532,Loam,47.1,37.0,15.9,0.97,0.56,1.589,0.4,0.159,0.086,0.073,20.3,0.506,0.198,0.399,399.0,normal(<1),6.32,37.8,34.0,13.0,403.0,41.0,1.0,455.0,0.48
S00533,Sandy clay,58.9,3.0,38.1,2.51,1.46,1.518,0.427,0.198,0.098,0.1,28.2,0.66,0.145,0.326,326.0,normal(<1),6.39,25.5,68.0,47.0,73.0,61.0,14.0,132.0,2.57
S00534,Sandy clay,57.6,6.1,36.3,3.78,2.19,1.482,0.441,0.191,0.117,0.073,26.1,0.593,0.179,2.22,2220.0,salt-sensitive-critical(2-3),6.28,33.0,158.0,111.0,225.0,86.0,37.0,184.0,4.17
S00535,Sandy clay,59.1,1.7,39.1,1.63,0.95,1.496,0.436,0.213,0.09,0.123,22.2,0.511,0.213,0.108,108.0,normal(<1),6.36,27.9,32.0,0.0,152.0,44.0,7.0,207.0,2.12
S00536,Loam,43.2,45.3,11.5,1.11,0.64,1.552,0.414,0.179,0.069,0.109,29.7,0.716,0.118,0.421,421.0,normal(<1),6.3,32.2,0.0,18.0,272.0,15.0,11.0,385.0,1.11
S00537,Silt loam,10.9,78.8,10.3,3.28,1.9,1.601,0.396,0.215,0.113,0.102,24.8,0.626,0.148,0.313,313.0,normal(<1),6.16,28.5,13.0,44.0,577.0,67.0,37.0,721.0,3.29
S00538,Sandy loam,57.8,24.8,17.3,0.99,0.57,1.552,0.414,0.147,0.073,0.074,26.4,0.636,0.151,0.209,209.0,normal(<1),5.97,21.8,92.0,0.0,225.0,48.0,1.0,261.0,1.25
S00539,Clay loam,41.6,20.8,37.6,2.97,1.72,1.507,0.431,0.229,0.114,0.115,20.2,0.467,0.23,0.487,487.0,normal(<1),6.07,36.4,66.0,8.0,183.0,66.0,34.0,311.0,3.28
S00540,Clay loam,36.1,27.2,36.7,1.29,0.75,1.552,0.414,0.221,0.106,0.116,23.6,0.569,0.178,0.7,700.0,normal(<1),6.49,34.2,89.0,53.0,208.0,38.0,12.0,413.0,1.4
S00541,Sand,90.7,1.4,7.9,1.56,0.9,1.637,0.382,0.133,0.051,0.083,23.3,0.609,0.149,2.788,2788.0,salt-sensitive-critical(2-3),7.04,25.2,166.0,121.0,137.0,73.0,0.0,90.0,1.36
S00542,Sandy loam,61.7,29.1,9.2,1.12,0.65,1.54,0.419,0.135,0.067,0.068,21.9,0.523,0.2,5.539,5539.0,detrimental(>3),7.97,20.1,275.0,188.0,350.0,0.0,12.0,311.0,0.95
S00543,Silt loam,25.1,65.0,9.9,1.3,0.75,1.623,0.388,0.191,0.075,0.116,27.8,0.718,0.109,0.282,282.0,normal(<1),6.98,17.3,20.0,10.0,472.0,49.0,4.0,619.0,1.24
S00544,Sandy clay loam,50.3,20.5,29.2,2.45,1.42,1.491,0.437,0.222,0.095,0.127,21.0,0.481,0.227,0.379,379.0,normal(<1),6.24,31.2,34.0,36.0,248.0,37.0,24.0,296.0,2.58
S00545,Sandy loam,77.8,8.3,14.0,1.79,1.04,1.578,0.404,0.131,0.068,0.062,15.8,0.391,0.246,0.262,262.0,normal(<1),6.63,28.3,49.0,57.0,171.0,33.0,29.0,146.0,1.93
S00546,Loam,51.2,41.5,7.3,2.13,1.24,1.618,0.39,0.184,0.063,0.121,24.2,0.621,0.147,0.653,653.0,normal(<1),6.93,33.6,72.0,19.0,260.0,59.0,1.0,330.0,2.61
S00547,Sand,85.0,10.4,4.6,0.7,0.4,1.66,0.374,0.117,0.036,0.081,18.6,0.497,0.188,0.651,651.0,normal(<1),6.29,27.4,60.0,43.0,134.0,5.0,14.0,157.0,1.08
S00548,Loam,28.2,49.9,21.9,1.7,0.99,1.48,0.442,0.195,0.096,0.099,23.4,0.53,0.208,3.039,3039.0,detrimental(>3),6.83,24.9,161.0,93.0,443.0,50.0,15.0,485.0,1.9
S00549,Loam,28.2,48.6,23.2,1.48,0.86,1.488,0.439,0.239,0.102,0.137,33.9,0.773,0.099,0.445,445.0,normal(<1),5.85,26.1,115.0,0.0,346.0,56.0,16.0,432.0,1.22
S00550,Loamy sand,78.6,9.0,12.4,3.42,1.98,1.571,0.407,0.155,0.063,0.092,24.2,0.594,0.165,0.584,584.0,normal(<1),6.42,29.2,56.0,59.0,138.0,62.0,33.0,157.0,3.18
S00551,Sandy loam,50.3,30.2,19.5,2.92,1.7,1.546,0.417,0.198,0.087,0.111,26.6,0.639,0.15,0.18,180.0,normal(<1),6.47,31.5,57.0,0.0,184.0,57.0,8.0,289.0,3.06
S00552,Silty clay loam,10.7,57.0,32.3,1.57,0.91,1.527,0.424,0.242,0.111,0.131,14.9,0.351,0.275,0.502,502.0,normal(<1),6.64,28.4,81.0,31.0,475.0,63.0,21.0,579.0,1.89
S00553,Loam,45.4,46.0,8.7,0.37,0.22,1.569,0.408,0.181,0.063,0.118,25.8,0.632,0.15,1.245,1245.0,germination-critical(1-2),6.22,30.4,84.0,34.0,396.0,31.0,7.0,412.0,0.84
S00554,Clay loam,25.3,39.3,35.4,3.39,1.97,1.539,0.419,0.23,0.1,0.13,23.0,0.549,0.189,0.103,103.0,normal(<1),6.88,29.8,60.0,40.0,389.0,66.0,20.0,509.0,3.41
S00555,Clay loam,36.6,34.7,28.7,2.17,1.26,1.533,0.422,0.21,0.104,0.106,19.6,0.466,0.225,0.291,291.0,normal(<1),6.37,25.5,34.0,38.0,300.0,72.0,21.0,394.0,2.01
S00556,Loamy sand,85.3,4.1,10.6,1.29,0.75,1.505,0.432,0.091,0.042,0.049,24.8,0.574,0.184,2.892,2892.0,salt-sensitive-critical(2-3),6.6,27.5,195.0,105.0,137.0,46.0,13.0,86.0,1.25
S00557,Silt loam,18.2,65.2,16.5,2.12,1.23,1.557,0.412,0.209,0.104,0.105,24.2,0.586,0.171,0.792,792.0,normal(<1),6.09,23.2,111.0,55.0,454.0,52.0,21.0,575.0,1.94
S00558,Sandy clay loam,60.8,4.5,34.7,2.61,1.51,1.512,0.43,0.198,0.098,0.1,27.3,0.635,0.157,0.132,132.0,normal(<1),6.65,29.6,33.0,0.0,85.0,37.0,18.0,163.0,2.74
S00559,Clay loam,33.2,31.2,35.7,1.71,0.99,1.555,0.413,0.185,0.122,0.063,16.6,0.401,0.248,0.335,335.0,normal(<1),6.33,24.2,62.0,0.0,278.0,53.0,11.0,353.0,1.74
S00560,Loam,45.4,29.2,25.3,2.31,1.34,1.539,0.419,0.173,0.109,0.064,28.0,0.668,0.139,1.695,1695.0,germination-critical(1-2),6.38,35.3,100.0,69.0,385.0,39.0,18.0,391.0,2.17
S00561,Loam,43.6,41.2,15.1,2.31,1.34,1.428,0.461,0.235,0.088,0.147,34.6,0.75,0.115,0.898,898.0,normal(<1),6.22,22.5,66.0,14.0,406.0,44.0,16.0,487.0,2.37
S00562,Clay loam,36.3,27.3,36.4,2.68,1.56,1.485,0.44,0.228,0.1,0.129,32.7,0.744,0.112,2.046,2046.0,salt-sensitive-critical(2-3),6.87,35.3,146.0,71.0,279.0,58.0,19.0,308.0,3.09
S00563,Sand,97.4,1.5,1.1,3.17,1.84,1.558,0.412,0.129,0.046,0.083,19.5,0.473,0.217,0.935,935.0,normal(<1),6.44,30.7,96.0,45.0,115.0,36.0,18.0,57.0,3.39
S00564,Sandy loam,72.3,12.2,15.5,1.59,0.92,1.61,0.392,0.15,0.059,0.091,23.7,0.605,0.155,0.711,711.0,normal(<1),6.84,31.4,90.0,28.0,115.0,71.0,26.0,145.0,1.24
S00565,Sand,90.0,1.2,8.8,0.3,0.17,1.58,0.404,0.129,0.067,0.062,13.8,0.342,0.266,0.179,179.0,normal(<1),6.23,29.3,0.0,0.0,88.0,0.0,6.0,112.0,0.22
S00566,Silt loam,10.7,76.7,12.6,1.62,0.94,1.621,0.388,0.225,0.086,0.139,25.3,0.651,0.136,0.513,513.0,normal(<1),6.45,37.3,35.0,54.0,565.0,57.0,23.0,687.0,1.47
S00567,Loam,31.7,44.7,23.6,2.77,1.61,1.407,0.469,0.195,0.091,0.104,19.3,0.41,0.277,0.245,245.0,normal(<1),6.37,27.8,17.0,5.0,414.0,76.0,23.0,464.0,2.25
S00568,Sand,95.2,2.0,2.8,0.3,0.17,1.643,0.38,0.1,0.038,0.063,9.8,0.259,0.282,0.145,145.0,normal(<1),6.53,24.6,0.0,5.0,57.0,19.0,0.0,82.0,0.73
S00569,Clay loam,41.2,30.5,28.3,3.29,1.91,1.543,0.418,0.22,0.095,0.125,17.5,0.419,0.243,0.22,220.0,normal(<1),6.69,23.8,99.0,0.0,332.0,82.0,30.0,337.0,3.37
S00570,Silt loam,22.3,59.2,18.5,2.43,1.41,1.479,0.442,0.202,0.101,0.101,13.5,0.306,0.306,0.505,505.0,normal(<1),6.29,27.7,32.0,46.0,465.0,42.0,14.0,535.0,2.2
S00571,Clay loam,43.1,23.6,33.4,1.35,0.78,1.505,0.432,0.224,0.104,0.12,25.1,0.582,0.181,4.024,4024.0,detrimental(>3),7.19,25.0,205.0,146.0,373.0,47.0,20.0,395.0,1.48
S00572,Loam,33.1,47.0,19.9,2.32,1.35,1.535,0.421,0.212,0.116,0.097,15.7,0.372,0.264,0.255,255.0,normal(<1),5.99,19.9,56.0,32.0,384.0,46.0,18.0,513.0,2.54
S00573,Loam,28.8,47.6,23.6,4.35,2.52,1.459,0.449,0.221,0.109,0.112,24.1,0.537,0.208,0.299,299.0,normal(<1),6.31,36.1,51.0,41.0,367.0,118.0,39.0,486.0,4.76
S00574,Loam,48.4,38.9,12.7,2.29,1.33,1.565,0.409,0.199,0.08,0.118,16.2,0.395,0.248,0.853,853.0,normal(<1),6.33,21.5,70.0,25.0,283.0,71.0,8.0,371.0,2.47
S00575,Silty clay loam,17.2,45.0,37.7,5.92,3.43,1.438,0.457,0.266,0.131,0.135,33.4,0.73,0.124,1.796,1796.0,germination-critical(1-2),7.06,29.5,157.0,90.0,391.0,98.0,58.0,463.0,6.11
S00576,Sandy loam,55.7,27.1,17.2,1.64,0.95,1.653,0.376,0.173,0.055,0.118,23.5,0.625,0.141,2.841,2841.0,salt-sensitive-critical(2-3),6.68,20.2,146.0,84.0,269.0,44.0,27.0,305.0,2.02
S00577,Sand,98.0,1.4,0.6,1.64,0.95,1.669,0.37,0.113,0.039,0.074,22.3,0.603,0.147,1.774,1774.0,germination-critical(1-2),6.14,27.1,100.0,102.0,129.0,52.0,34.0,114.0,1.9
S00578,Sandy loam,79.2,7.7,13.2,2.55,1.48,1.596,0.398,0.152,0.05,0.101,23.2,0.584,0.165,0.498,498.0,normal(<1),5.83,34.1,84.0,33.0,43.0,56.0,9.0,32.0,2.77
S00579,Sandy clay loam,47.9,20.5,31.5,1.36,0.79,1.608,0.393,0.205,0.099,0.106,25.3,0.642,0.141,0.461,461.0,normal(<1),6.4,18.3,18.0,51.0,273.0,39.0,2.0,305.0,1.93
S00580,Sandy loam,57.9,22.3,19.9,2.17,1.26,1.5,0.434,0.16,0.074,0.086,20.4,0.471,0.229,0.336,336.0,normal(<1),6.69,29.5,19.0,39.0,204.0,36.0,27.0,247.0,2.04
S00581,Silt loam,22.7,66.2,11.1,2.49,1.44,1.509,0.431,0.189,0.082,0.107,19.2,0.445,0.239,0.25,250.0,normal(<1),6.98,35.2,42.0,22.0,497.0,51.0,25.0,643.0,1.9
S00582,Silt loam,19.5,77.6,2.9,2.83,1.64,1.488,0.439,0.222,0.087,0.135,29.4,0.671,0.144,0.923,923.0,normal(<1),6.28,29.8,57.0,25.0,517.0,80.0,33.0,637.0,3.19
S00583,Loam,40.2,37.8,22.0,1.05,0.61,1.496,0.435,0.222,0.103,0.118,27.6,0.635,0.159,0.506,506.0,normal(<1),5.93,38.3,34.0,16.0,309.0,25.0,12.0,373.0,1.05
S00584,Sandy loam,67.6,17.2,15.2,1.65,0.96,1.586,0.401,0.158,0.065,0.093,22.0,0.549,0.181,1.046,1046.0,germination-critical(1-2),7.14,25.3,46.0,12.0,229.0,50.0,0.0,246.0,1.5
S00585,Sandy clay loam,50.9,20.4,28.7,1.35,0.79,1.647,0.379,0.205,0.099,0.107,16.3,0.43,0.216,0.694,694.0,normal(<1),7.39,28.6,87.0,35.0,154.0,27.0,11.0,221.0,1.1
S00586,Clay loam,21.7,42.5,35.8,4.19,2.43,1.543,0.418,0.226,0.112,0.114,30.5,0.729,0.113,0.669,669.0,normal(<1),6.19,25.9,130.0,27.0,450.0,90.0,17.0,531.0,4.48
S00587,Loamy sand,73.9,24.9,1.2,0.73,0.42,1.709,0.355,0.16,0.04,0.12,20.7,0.584,0.148,0.223,223.0,normal(<1),5.56,20.8,0.0,0.0,164.0,8.0,3.0,240.0,0.45
S00588,Loam,25.2,49.3,25.5,1.55,0.9,1.523,0.425,0.237,0.091,0.146,31.6,0.743,0.11,0.23,230.0,normal(<1),6.41,22.1,11.0,7.0,333.0,16.0,6.0,483.0,1.39
S00589,Loam,48.9,29.4,21.7,2.71,1.57,1.51,0.43,0.185,0.1,0.084,28.2,0.656,0.148,0.848,848.0,normal(<1),6.74,25.5,57.0,27.0,274.0,65.0,21.0,281.0,2.95
S00590,Clay,39.0,12.7,48.2,2.55,1.48,1.433,0.459,0.216,0.13,0.086,25.6,0.558,0.203,0.783,783.0,normal(<1),6.97,28.9,55.0,50.0,251.0,35.0,19.0,297.0,2.4
S00591,Clay loam,33.9,27.4,38.6,1.38,0.8,1.572,0.407,0.206,0.117,0.088,27.0,0.665,0.136,0.121,121.0,normal(<1),6.46,29.8,41.0,6.0,298.0,51.0,8.0,373.0,1.17
S00592,Sand,97.0,0.8,2.2,1.05,0.61,1.687,0.363,0.122,0.047,0.075,22.4,0.615,0.14,0.147,147.0,normal(<1),6.81,28.6,76.0,0.0,16.0,52.0,14.0,42.0,0.83
S00593,Loam,36.6,42.9,20.5,2.53,1.47,1.489,0.438,0.208,0.101,0.107,29.0,0.662,0.148,0.466,466.0,normal(<1),6.36,26.0,78.0,64.0,391.0,60.0,26.0,513.0,2.13
S00594,Loamy sand,72.0,15.6,12.4,1.98,1.15,1.494,0.436,0.165,0.064,0.101,22.3,0.512,0.213,0.116,116.0,normal(<1),6.66,34.3,11.0,19.0,112.0,27.0,10.0,157.0,2.14
S00595,Loamy sand,76.5,22.2,1.3,3.3,1.92,1.515,0.428,0.143,0.059,0.084,25.1,0.586,0.177,0.963,963.0,normal(<1),6.58,28.6,72.0,68.0,217.0,75.0,31.0,236.0,3.19
S00596,Silt loam,1.0,83.1,15.9,1.43,0.83,1.513,0.429,0.225,0.09,0.135,32.7,0.762,0.102,0.477,477.0,normal(<1),6.77,27.5,11.0,41.0,569.0,27.0,11.0,647.0,1.78
S00597,Silty clay,7.3,52.7,40.1,2.58,1.49,1.476,0.443,0.268,0.136,0.132,19.8,0.448,0.245,0.089,89.0,normal(<1),6.21,32.4,40.0,3.0,451.0,56.0,7.0,589.0,2.57
S00598,Silt loam,14.5,68.2,17.4,1.36,0.79,1.563,0.41,0.222,0.086,0.135,26.5,0.646,0.145,0.579,579.0,normal(<1),5.98,24.2,55.0,59.0,518.0,30.0,10.0,633.0,1.07
S00599,Sandy loam,52.3,38.1,9.6,1.46,0.85,1.606,0.394,0.186,0.085,0.101,18.4,0.467,0.21,0.513,513.0,normal(<1),6.55,31.3,48.0,8.0,239.0,55.0,6.0,357.0,1.47
S00600,Sandy clay loam,47.9,24.6,27.5,2.63,1.52,1.512,0.429,0.229,0.081,0.148,23.7,0.551,0.193,0.292,292.0,normal(<1),6.31,26.6,14.0,0.0,334.0,50.0,17.0,357.0,2.58
S00601,Loamy sand,82.7,9.3,8.0,1.19,0.69,1.491,0.437,0.151,0.048,0.103,23.0,0.525,0.208,0.209,209.0,normal(<1),6.05,27.5,5.0,19.0,124.0,21.0,26.0,144.0,1.17
S00602,Clay,5.2,27.5,67.3,3.21,1.86,1.472,0.445,0.311,0.169,0.142,18.8,0.422,0.257,0.142,142.0,normal(<1),7.07,24.4,3.0,70.0,272.0,38.0,21.0,354.0,2.85
S00603,Clay loam,43.7,26.3,30.0,1.74,1.01,1.552,0.414,0.202,0.094,0.109,24.4,0.589,0.17,0.073,73.0,normal(<1),6.03,32.2,7.0,25.0,280.0,38.0,14.0,377.0,1.88
S00604,Silt loam,10.7,88.0,1.4,2.57,1.49,1.543,0.418,0.212,0.105,0.107,28.0,0.671,0.137,0.429,429.0,normal(<1),6.48,29.5,68.0,63.0,639.0,55.0,32.0,788.0,2.74
S00605,Loamy sand,79.2,8.1,12.7,2.32,1.35,1.557,0.412,0.141,0.039,0.103,25.5,0.617,0.158,0.868,868.0,normal(<1),6.2,22.9,81.0,50.0,77.0,55.0,12.0,110.0,2.07
S00606,Sand,93.5,2.2,4.3,2.96,1.72,1.598,0.397,0.115,0.035,0.08,24.9,0.627,0.148,0.678,678.0,normal(<1),7.0,29.5,82.0,37.0,87.0,59.0,30.0,54.0,2.61
S00607,Silty clay loam,8.7,52.9,38.4,1.73,1.0,1.443,0.455,0.236,0.128,0.107,31.5,0.693,0.14,0.728,728.0,normal(<1),6.28,30.1,81.0,37.0,448.0,21.0,9.0,626.0,1.43
S00608,Loam,30.5,46.4,23.1,1.73,1.0,1.484,0.44,0.189,0.085,0.104,15.2,0.345,0.288,1.863,1863.0,germination-critical(1-2),7.26,31.5,66.0,101.0,438.0,39.0,23.0,524.0,1.6
S00609,Silty clay loam,18.0,42.1,39.9,2.22,1.29,1.469,0.446,0.258,0.133,0.125,28.3,0.635,0.163,1.486,1486.0,germination-critical(1-2),6.5,23.9,84.0,79.0,387.0,46.0,15.0,507.0,1.81
S00610,Loamy sand,76.4,11.0,12.6,0.89,0.51,1.568,0.408,0.144,0.068,0.076,24.8,0.607,0.16,0.706,706.0,normal(<1),6.97,19.5,25.0,5.0,166.0,22.0,14.0,155.0,0.7
S00611,Sandy clay,52.6,9.1,38.3,2.94,1.71,1.459,0.449,0.207,0.096,0.11,26.0,0.58,0.189,0.501,501.0,normal(<1),5.98,23.4,14.0,31.0,161.0,43.0,21.0,227.0,2.68
S00612,Silt loam,6.8,81.7,11.5,2.13,1.23,1.632,0.384,0.208,0.113,0.094,26.5,0.69,0.119,0.263,263.0,normal(<1),6.3,25.4,33.0,0.0,556.0,34.0,29.0,688.0,1.84
S00613,Clay,31.9,25.6,42.5,2.07,1.2,1.531,0.422,0.251,0.108,0.143,30.9,0.732,0.113,0.194,194.0,normal(<1),6.9,26.0,34.0,0.0,336.0,79.0,11.0,357.0,2.19
S00614,Clay loam,28.8,38.5,32.7,1.49,0.86,1.522,0.426,0.235,0.116,0.118,23.2,0.545,0.194,0.111,111.0,normal(<1),5.96,25.9,29.0,0.0,362.0,67.0,14.0,411.0,1.46
S00615,Sandy clay,49.7,9.3,41.1,2.42,1.41,1.54,0.419,0.205,0.114,0.091,28.5,0.68,0.134,1.118,1118.0,germination-critical(1-2),6.25,30.8,117.0,87.0,242.0,78.0,22.0,259.0,2.6
S00616,Silt loam,5.7,78.2,16.1,3.02,1.75,1.556,0.413,0.234,0.099,0.134,29.1,0.704,0.122,0.203,203.0,normal(<1),6.32,33.6,36.0,17.0,608.0,32.0,35.0,667.0,3.05
S00617,Silt loam,19.4,72.8,7.8,2.04,1.18,1.52,0.427,0.223,0.09,0.133,32.2,0.756,0.104,2.578,2578.0,salt-sensitive-critical(2-3),7.43,28.2,169.0,114.0,617.0,54.0,25.0,687.0,2.17
S00618,Silty clay,0.5,51.3,48.2,2.49,1.44,1.463,0.448,0.274,0.133,0.141,30.4,0.679,0.144,0.308,308.0,normal(<1),6.23,26.7,84.0,65.0,543.0,65.0,24.0,647.0,2.63
S00619,Silt loam,11.0,83.6,5.4,1.12,0.65,1.528,0.423,0.234,0.103,0.13,26.9,0.636,0.154,0.221,221.0,normal(<1),6.49,27.3,0.0,0.0,577.0,26.0,0.0,731.0,0.93
S00620,Loamy sand,82.1,5.8,12.1,1.05,0.61,1.622,0.388,0.153,0.065,0.088,12.7,0.328,0.261,0.8,800.0,normal(<1),5.99,23.1,77.0,17.0,79.0,19.0,16.0,121.0,1.19
S00621,Sandy loam,46.9,33.3,19.8,2.72,1.58,1.526,0.424,0.168,0.077,0.091,15.6,0.368,0.268,0.321,321.0,normal(<1),6.11,22.3,53.0,0.0,233.0,60.0,21.0,283.0,3.04
S00622,Silty clay loam,13.3,54.0,32.7,2.32,1.35,1.506,0.432,0.226,0.111,0.115,27.0,0.626,0.162,0.403,403.0,normal(<1),6.02,34.5,26.0,12.0,425.0,63.0,37.0,647.0,2.55
S00623,Silt loam,26.4,50.1,23.5,1.78,1.03,1.564,0.41,0.217,0.112,0.105,20.8,0.508,0.202,0.639,639.0,normal(<1),7.06,20.7,71.0,2.0,432.0,61.0,11.0,545.0,2.03
S00624,Sandy loam,68.3,24.1,7.6,1.91,1.11,1.559,0.412,0.153,0.061,0.092,13.9,0.337,0.273,0.356,356.0,normal(<1),6.11,36.9,17.0,14.0,203.0,30.0,5.0,238.0,1.97
S00625,Silty clay loam,8.6,58.9,32.5,1.93,1.12,1.555,0.413,0.268,0.133,0.135,25.3,0.612,0.16,0.948,948.0,normal(<1),6.58,31.7,44.0,0.0,449.0,43.0,23.0,544.0,1.74
S00626,Loam,46.3,33.6,20.1,0.86,0.5,1.532,0.422,0.185,0.082,0.104,20.8,0.492,0.214,1.246,1246.0,germination-critical(1-2),6.97,33.9,70.0,66.0,264.0,21.0,10.0,260.0,0.83
S00627,Silty clay loam,0.8,66.6,32.6,1.99,1.16,1.526,0.424,0.253,0.125,0.129,15.3,0.36,0.271,0.394,394.0,normal(<1),7.07,23.2,57.0,12.0,518.0,51.0,6.0,638.0,2.08
S00628,Sandy loam,57.9,27.4,14.6,1.47,0.85,1.586,0.401,0.178,0.069,0.109,26.5,0.66,0.136,1.445,1445.0,germination-critical(1-2),5.78,26.9,59.0,32.0,301.0,58.0,21.0,280.0,1.38
S00629,Loam,39.9,42.2,17.9,1.01,0.59,1.535,0.421,0.17,0.081,0.089,24.2,0.575,0.179,0.522,522.0,normal(<1),6.32,32.3,73.0,5.0,302.0,33.0,6.0,362.0,1.6
S00630,Clay loam,35.2,31.5,33.3,3.09,1.79,1.489,0.438,0.219,0.107,0.112,22.3,0.508,0.216,0.814,814.0,normal(<1),6.23,31.3,59.0,54.0,273.0,65.0,18.0,367.0,3.02
S00631,Loam,31.2,46.5,22.3,0.83,0.48,1.474,0.444,0.221,0.097,0.124,24.9,0.561,0.195,0.741,741.0,normal(<1),6.24,28.4,69.0,38.0,417.0,42.0,22.0,522.0,0.38
S00632,Silty clay,11.3,44.3,44.4,2.29,1.33,1.369,0.483,0.254,0.145,0.11,25.9,0.535,0.225,0.215,215.0,normal(<1),6.45,35.2,75.0,35.0,502.0,59.0,18.0,608.0,2.47
S00633,Silt loam,5.0,86.4,8.6,2.86,1.66,1.551,0.415,0.198,0.094,0.104,19.8,0.479,0.216,0.436,436.0,normal(<1),6.27,21.7,53.0,44.0,604.0,40.0,14.0,721.0,3.05
S00634,Sandy loam,59.3,22.4,18.2,2.58,1.5,1.48,0.442,0.183,0.074,0.109,23.7,0.536,0.205,2.172,2172.0,salt-sensitive-critical(2-3),6.02,21.8,132.0,93.0,266.0,35.0,33.0,281.0,2.3
S00635,Loamy sand,80.2,5.2,14.7,1.85,1.08,1.618,0.389,0.149,0.05,0.099,19.0,0.489,0.199,0.906,906.0,normal(<1),5.89,27.5,84.0,13.0,93.0,39.0,31.0,109.0,1.64
S00636,Clay,35.9,9.0,55.2,3.05,1.77,1.451,0.452,0.21,0.123,0.087,24.8,0.548,0.205,0.477,477.0,normal(<1),6.98,28.0,35.0,8.0,266.0,34.0,32.0,249.0,2.92
S00637,Loamy sand,83.2,11.4,5.4,2.57,1.49,1.557,0.413,0.142,0.036,0.106,18.8,0.456,0.225,0.267,267.0,normal(<1),7.39,26.1,47.0,38.0,121.0,53.0,17.0,126.0,2.84
S00638,Sandy clay loam,47.9,25.8,26.3,1.94,1.12,1.515,0.428,0.178,0.079,0.1,28.1,0.657,0.147,1.222,1222.0,germination-critical(1-2),7.3,34.8,85.0,30.0,269.0,41.0,22.0,340.0,2.22
S00639,Sandy loam,62.9,22.1,15.0,3.09,1.79,1.555,0.413,0.155,0.073,0.082,22.4,0.541,0.19,0.535,535.0,normal(<1),6.38,27.9,46.0,43.0,174.0,60.0,13.0,194.0,3.08
S00640,Clay loam,24.0,38.7,37.3,4.95,2.87,1.414,0.466,0.235,0.116,0.119,24.7,0.529,0.22,0.087,87.0,normal(<1),6.19,23.3,65.0,9.0,359.0,118.0,39.0,492.0,5.02
S00641,Loamy sand,73.1,19.0,8.0,0.64,0.37,1.621,0.388,0.144,0.058,0.086,24.8,0.64,0.14,1.166,1166.0,germination-critical(1-2),7.13,30.3,47.0,58.0,249.0,27.0,41.0,214.0,0.31
S00642,Sandy clay loam,59.5,10.8,29.7,2.16,1.25,1.458,0.45,0.196,0.09,0.106,22.2,0.494,0.228,0.274,274.0,normal(<1),6.02,26.3,45.0,53.0,201.0,54.0,39.0,214.0,2.01
S00643,Clay,5.7,33.7,60.6,2.96,1.72,1.462,0.448,0.288,0.161,0.127,22.4,0.499,0.225,1.667,1667.0,germination-critical(1-2),6.78,27.7,77.0,76.0,462.0,56.0,26.0,508.0,2.37
S00644,Silty clay loam,11.2,56.2,32.6,3.95,2.29,1.516,0.428,0.266,0.133,0.132,30.5,0.714,0.122,0.902,902.0,normal(<1),7.02,26.9,141.0,56.0,497.0,68.0,20.0,550.0,3.89
S00645,Sandy clay,58.2,0.7,41.1,2.1,1.22,1.519,0.427,0.197,0.091,0.106,22.5,0.527,0.202,3.512,3512.0,detrimental(>3),6.67,29.9,188.0,114.0,184.0,37.0,29.0,154.0,2.21
S00646,Sandy loam,53.9,39.5,6.6,0.79,0.46,1.638,0.382,0.165,0.069,0.096,20.1,0.526,0.181,0.298,298.0,normal(<1),6.53,22.9,18.0,3.0,221.0,14.0,25.0,302.0,0.74
S00647,Silty clay,1.1,45.5,53.4,2.73,1.58,1.484,0.44,0.322,0.148,0.175,29.5,0.67,0.145,0.308,308.0,normal(<1),6.38,32.3,65.0,22.0,459.0,76.0,12.0,637.0,2.58
S00648,Loam,38.4,37.4,24.2,1.58,0.92,1.617,0.39,0.186,0.084,0.102,25.9,0.663,0.131,0.637,637.0,normal(<1),6.55,28.1,20.0,56.0,393.0,21.0,17.0,380.0,2.06
S00649,Clay,6.9,26.2,66.9,4.72,2.74,1.333,0.497,0.294,0.166,0.128,36.6,0.737,0.131,0.133,133.0,normal(<1),6.01,33.6,77.0,65.0,293.0,90.0,34.0,402.0,5.15
S00650,Sandy clay loam,57.6,20.2,22.1,1.92,1.12,1.525,0.425,0.193,0.071,0.122,32.2,0.759,0.102,0.404,404.0,normal(<1),6.38,28.4,95.0,20.0,219.0,41.0,19.0,239.0,1.76
S00651,Sandy clay loam,46.2,25.1,28.7,3.33,1.93,1.549,0.415,0.196,0.086,0.11,17.6,0.424,0.239,0.484,484.0,normal(<1),6.02,30.9,117.0,29.0,239.0,82.0,25.0,328.0,3.47
S00652,Loam,41.5,45.5,13.0,0.99,0.57,1.621,0.388,0.192,0.077,0.115,24.9,0.641,0.139,0.63,630.0,normal(<1),6.34,34.9,91.0,35.0,376.0,35.0,8.0,489.0,0.85
S00653,Loam,44.9,28.9,26.3,2.77,1.61,1.489,0.438,0.203,0.089,0.114,29.7,0.678,0.141,0.376,376.0,normal(<1),6.47,29.9,93.0,30.0,195.0,70.0,15.0,277.0,2.84
S00654,Loam,51.5,38.7,9.8,2.68,1.56,1.57,0.408,0.203,0.075,0.127,14.6,0.357,0.262,0.364,364.0,normal(<1),6.52,23.6,41.0,0.0,279.0,64.0,9.0,354.0,2.46
S00655,Sandy clay,52.5,2.7,44.8,2.36,1.37,1.512,0.429,0.215,0.114,0.102,9.7,0.226,0.332,1.476,1476.0,germination-critical(1-2),6.28,30.4,95.0,31.0,131.0,33.0,41.0,128.0,2.26
S00656,Silt loam,15.8,64.4,19.8,1.43,0.83,1.558,0.412,0.237,0.105,0.132,23.0,0.559,0.182,0.771,771.0,normal(<1),6.74,34.6,48.0,26.0,466.0,47.0,15.0,622.0,1.81
S00657,Sandy loam,77.2,7.9,14.9,3.26,1.89,1.594,0.398,0.161,0.055,0.107,20.4,0.512,0.194,2.398,2398.0,salt-sensitive-critical(2-3),7.06,34.6,162.0,105.0,218.0,68.0,12.0,237.0,3.51
S00658,Silt loam,23.9,59.0,17.1,3.15,1.83,1.576,0.405,0.256,0.105,0.152,16.7,0.411,0.239,0.116,116.0,normal(<1),6.07,30.8,10.0,34.0,472.0,72.0,4.0,579.0,3.03
S00659,Loam,51.1,39.7,9.1,1.81,1.05,1.656,0.375,0.167,0.078,0.09,16.6,0.442,0.209,0.129,129.0,normal(<1),6.54,29.2,40.0,14.0,264.0,29.0,2.0,365.0,1.84
S00660,Silty clay,4.0,45.9,50.1,3.57,2.07,1.419,0.464,0.274,0.153,0.121,28.0,0.603,0.185,0.225,225.0,normal(<1),6.3,32.4,50.0,36.0,433.0,73.0,11.0,597.0,3.54
S00661,Sandy loam,45.3,46.2,8.5,0.3,0.18,1.646,0.379,0.184,0.069,0.116,20.8,0.55,0.171,0.117,117.0,normal(<1),6.83,24.3,56.0,0.0,335.0,46.0,20.0,488.0,0.68
S00662,Silt loam,22.2,62.7,15.1,1.77,1.02,1.539,0.419,0.237,0.108,0.129,29.4,0.701,0.125,0.08,80.0,normal(<1),6.59,31.3,8.0,39.0,424.0,29.0,25.0,576.0,1.98
S00663,Loam,38.3,42.1,19.6,1.86,1.08,1.596,0.398,0.209,0.094,0.116,24.7,0.62,0.151,1.35,1350.0,germination-critical(1-2),6.56,29.7,55.0,91.0,373.0,22.0,26.0,402.0,2.1
S00664,Silty clay,14.4,41.3,44.3,2.69,1.56,1.379,0.48,0.232,0.126,0.107,26.1,0.544,0.219,0.503,503.0,normal(<1),6.24,34.4,66.0,32.0,399.0,35.0,24.0,486.0,2.63
S00665,Silt loam,11.3,82.6,6.2,2.27,1.31,1.519,0.427,0.224,0.093,0.131,25.4,0.595,0.173,0.726,726.0,normal(<1),7.38,28.2,58.0,39.0,617.0,65.0,11.0,765.0,2.38
S00666,Sand,94.0,3.2,2.8,3.58,2.08,1.525,0.424,0.135,0.047,0.088,27.9,0.657,0.146,0.278,278.0,normal(<1),6.13,26.7,26.0,43.0,92.0,79.0,12.0,86.0,4.06
S00667,Silt loam,0.9,83.5,15.6,1.99,1.16,1.63,0.385,0.262,0.106,0.156,29.1,0.758,0.093,0.113,113.0,normal(<1),5.93,25.1,71.0,20.0,617.0,66.0,26.0,750.0,2.4
S00668,Sandy clay loam,45.9,25.9,28.2,2.26,1.31,1.528,0.423,0.208,0.097,0.111,29.8,0.704,0.125,0.997,997.0,normal(<1),6.74,21.3,57.0,66.0,359.0,13.0,31.0,339.0,2.61
S00669,Clay loam,40.0,27.6,32.3,0.81,0.47,1.573,0.406,0.205,0.094,0.111,23.4,0.575,0.173,0.416,416.0,normal(<1),5.81,29.3,36.0,6.0,252.0,25.0,6.0,311.0,1.3
S00670,Sandy clay loam,49.3,16.3,34.4,1.08,0.62,1.552,0.414,0.187,0.069,0.118,17.0,0.41,0.244,0.06,60.0,normal(<1),6.06,29.8,46.0,0.0,206.0,33.0,11.0,243.0,1.13
S00671,Sandy loam,77.2,6.0,16.7,2.73,1.59,1.479,0.442,0.171,0.074,0.098,31.2,0.705,0.13,0.27,270.0,normal(<1),6.15,33.6,34.0,36.0,91.0,50.0,39.0,124.0,3.02
S00672,Loam,48.1,36.8,15.1,1.51,0.88,1.614,0.391,0.182,0.069,0.113,25.2,0.645,0.139,0.373,373.0,normal(<1),6.38,22.1,26.0,4.0,255.0,42.0,6.0,347.0,1.57
S00673,Loam,48.7,44.2,7.1,2.02,1.17,1.471,0.445,0.199,0.092,0.107,21.4,0.482,0.23,0.338,338.0,normal(<1),7.25,27.2,40.0,44.0,423.0,60.0,15.0,493.0,2.12
S00674,Loam,27.9,45.1,27.0,2.63,1.53,1.567,0.409,0.236,0.08,0.157,22.2,0.543,0.187,0.389,389.0,normal(<1),6.11,26.1,2.0,24.0,357.0,30.0,15.0,413.0,2.62
S00675,Clay loam,30.3,42.2,27.5,2.05,1.19,1.491,0.437,0.225,0.111,0.114,34.2,0.782,0.095,0.785,785.0,normal(<1),7.13,35.7,58.0,26.0,324.0,51.0,15.0,412.0,1.82
S00676,Silty clay,3.9,53.2,42.9,2.76,1.6,1.459,0.449,0.268,0.133,0.135,31.9,0.711,0.13,0.73,730.0,normal(<1),6.35,22.9,117.0,40.0,425.0,78.0,32.0,505.0,3.05
S00677,Loam,44.4,44.3,11.3,3.11,1.8,1.51,0.43,0.182,0.09,0.092,15.6,0.364,0.274,0.193,193.0,normal(<1),6.35,28.7,50.0,0.0,349.0,79.0,21.0,404.0,3.18
S00678,Sandy loam,73.1,17.8,9.2,0.93,0.54,1.67,0.37,0.151,0.07,0.081,14.1,0.383,0.228,0.194,194.0,normal(<1),6.4,24.9,15.0,3.0,120.0,53.0,18.0,169.0,0.88
S00679,Silty clay loam,13.5,53.2,33.4,1.44,0.84,1.502,0.433,0.249,0.122,0.127,18.8,0.434,0.245,0.21,210.0,normal(<1),6.55,30.0,66.0,2.0,524.0,45.0,0.0,682.0,1.69
S00680,Sandy loam,76.0,12.2,11.8,1.05,0.61,1.608,0.393,0.166,0.042,0.124,23.0,0.586,0.163,0.434,434.0,normal(<1),5.84,26.1,51.0,18.0,115.0,30.0,12.0,185.0,0.94
S00681,Silt loam,8.2,76.9,14.9,2.73,1.59,1.553,0.414,0.238,0.11,0.128,24.7,0.597,0.167,0.439,439.0,normal(<1),6.14,19.2,54.0,52.0,578.0,81.0,19.0,673.0,2.49
S00682,Sandy loam,49.9,34.8,15.3,2.1,1.22,1.541,0.418,0.193,0.081,0.112,25.4,0.608,0.164,0.695,695.0,normal(<1),5.99,28.1,99.0,75.0,336.0,72.0,25.0,280.0,2.22
S00683,Loam,42.3,46.8,10.9,1.94,1.12,1.436,0.458,0.174,0.078,0.095,25.2,0.55,0.206,0.525,525.0,normal(<1),6.72,26.5,93.0,13.0,412.0,65.0,7.0,514.0,1.99
S00684,Clay loam,29.1,31.9,39.0,3.25,1.88,1.463,0.448,0.259,0.102,0.157,13.1,0.292,0.317,0.109,109.0,normal(<1),6.43,22.7,93.0,34.0,351.0,70.0,26.0,383.0,3.48
S00685,Sandy clay loam,63.3,3.2,33.6,1.88,1.09,1.538,0.42,0.182,0.084,0.098,28.7,0.683,0.133,0.453,453.0,normal(<1),6.07,26.1,56.0,25.0,117.0,53.0,27.0,157.0,1.65
S00686,Sandy loam,78.1,2.7,19.2,1.3,0.75,1.528,0.423,0.155,0.064,0.091,22.2,0.523,0.202,2.387,2387.0,salt-sensitive-critical(2-3),6.65,20.3,139.0,41.0,68.0,43.0,17.0,111.0,1.71
S00687,Silty clay,8.3,43.6,48.1,1.71,0.99,1.418,0.465,0.26,0.139,0.121,29.0,0.624,0.175,0.31,310.0,normal(<1),7.03,34.5,32.0,10.0,389.0,48.0,0.0,525.0,1.9
S00688,Clay,10.3,29.6,60.1,1.96,1.14,1.468,0.446,0.272,0.142,0.13,27.5,0.616,0.171,0.82,820.0,normal(<1),6.19,23.9,74.0,54.0,399.0,45.0,17.0,426.0,2.31
S00689,Clay,24.7,7.7,67.6,3.38,1.96,1.434,0.459,0.252,0.171,0.08,29.5,0.643,0.164,1.074,1074.0,germination-critical(1-2),6.4,35.0,57.0,96.0,326.0,48.0,35.0,299.0,2.86
S00690,Clay loam,42.8,24.7,32.5,3.5,2.03,1.533,0.421,0.21,0.097,0.113,28.8,0.684,0.133,0.417,417.0,normal(<1),5.95,33.2,93.0,57.0,324.0,67.0,46.0,337.0,3.65
S00691,Sandy loam,79.1,12.5,8.4,1.07,0.62,1.603,0.395,0.105,0.051,0.055,18.9,0.479,0.206,1.122,1122.0,germination-critical(1-2),6.78,29.9,73.0,7.0,117.0,45.0,13.0,90.0,1.3
S00692,Loam,48.1,28.5,23.4,1.08,0.62,1.637,0.382,0.206,0.093,0.114,21.1,0.553,0.171,0.119,119.0,normal(<1),6.49,19.4,51.0,18.0,234.0,41.0,5.0,279.0,1.62
S00693,Clay,30.9,0.3,68.8,2.65,1.54,1.353,0.489,0.263,0.144,0.12,19.9,0.407,0.29,0.388,388.0,normal(<1),6.27,28.9,56.0,43.0,194.0,59.0,17.0,221.0,3.0
S00694,Loam,40.3,36.0,23.7,3.16,1.84,1.579,0.404,0.196,0.101,0.096,26.4,0.655,0.139,0.566,566.0,normal(<1),7.22,27.8,79.0,45.0,289.0,68.0,29.0,385.0,3.14
S00695,Sandy loam,57.5,23.0,19.5,1.73,1.0,1.523,0.425,0.176,0.065,0.111,26.4,0.621,0.161,0.199,199.0,normal(<1),7.16,23.5,40.0,58.0,204.0,22.0,18.0,283.0,1.59
S00696,Clay loam,44.3,23.5,32.2,1.43,0.83,1.5,0.434,0.206,0.114,0.092,22.8,0.526,0.206,1.177,1177.0,germination-critical(1-2),6.69,28.3,110.0,33.0,206.0,40.0,20.0,247.0,1.52
S00697,Silt loam,25.0,57.8,17.2,1.54,0.9,1.582,0.403,0.203,0.116,0.087,19.4,0.482,0.209,0.248,248.0,normal(<1),6.87,22.6,57.0,19.0,390.0,53.0,21.0,529.0,1.27
S00698,Silty clay,1.2,58.2,40.6,2.51,1.46,1.472,0.444,0.277,0.134,0.143,33.5,0.753,0.11,0.09,90.0,normal(<1),6.62,29.1,7.0,0.0,484.0,23.0,19.0,585.0,2.95
S00699,Silty clay loam,13.9,50.7,35.5,2.2,1.28,1.459,0.45,0.223,0.1,0.123,25.8,0.575,0.191,0.753,753.0,normal(<1),6.54,31.7,47.0,0.0,413.0,40.0,7.0,521.0,2.48
S00700,Clay loam,37.3,25.8,36.9,4.46,2.59,1.457,0.45,0.22,0.117,0.103,28.1,0.625,0.169,1.945,1945.0,germination-critical(1-2),6.4,26.6,125.0,71.0,284.0,112.0,42.0,353.0,4.47
S00701,Sandy clay loam,54.2,19.0,26.7,0.96,0.56,1.468,0.446,0.182,0.099,0.082,29.9,0.671,0.147,1.965,1965.0,germination-critical(1-2),7.05,27.9,97.0,30.0,281.0,15.0,11.0,318.0,0.89
S00702,Sandy loam,54.7,35.5,9.8,2.98,1.73,1.574,0.406,0.161,0.061,0.1,23.9,0.588,0.167,0.09,90.0,normal(<1),6.32,30.2,18.0,13.0,378.0,69.0,26.0,403.0,2.49
S00703,Sandy loam,61.6,28.8,9.6,2.82,1.63,1.495,0.436,0.15,0.071,0.079,19.2,0.44,0.244,0.285,285.0,normal(<1),6.66,24.3,14.0,0.0,197.0,74.0,23.0,305.0,3.25
S00704,Silty clay loam,0.9,64.4,34.7,1.94,1.13,1.511,0.43,0.281,0.121,0.16,25.6,0.597,0.173,0.227,227.0,normal(<1),6.16,23.9,54.0,0.0,500.0,50.0,14.0,666.0,1.88
S00705,Clay,13.8,22.0,64.1,1.98,1.15,1.483,0.441,0.285,0.165,0.119,26.1,0.593,0.179,2.679,2679.0,salt-sensitive-critical(2-3),6.57,36.9,239.0,120.0,442.0,77.0,47.0,475.0,2.05
S00706,Silt loam,8.0,73.5,18.5,1.71,0.99,1.503,0.433,0.234,0.103,0.131,23.9,0.551,0.194,0.573,573.0,normal(<1),6.02,29.5,23.0,24.0,555.0,54.0,25.0,619.0,1.77
S00707,Clay,25.3,9.9,64.8,3.56,2.06,1.353,0.489,0.267,0.148,0.119,29.9,0.611,0.191,0.272,272.0,normal(<1),6.2,27.1,33.0,35.0,242.0,78.0,27.0,328.0,3.52
S00708,Loamy sand,87.1,6.6,6.3,0.3,0.17,1.619,0.389,0.143,0.048,0.095,27.5,0.706,0.114,0.354,354.0,normal(<1),7.16,21.7,25.0,18.0,73.0,0.0,14.0,88.0,0.22
S00709,Loam,43.2,48.0,8.8,1.71,0.99,1.604,0.395,0.155,0.056,0.099,18.0,0.455,0.215,1.747,1747.0,germination-critical(1-2),6.84,28.3,126.0,64.0,325.0,58.0,0.0,437.0,1.65
S00710,Sandy loam,58.9,34.7,6.3,1.86,1.08,1.587,0.401,0.175,0.063,0.112,22.6,0.564,0.175,0.935,935.0,normal(<1),6.34,30.3,35.0,74.0,393.0,50.0,22.0,387.0,2.0
S00711,Sandy clay loam,57.8,20.3,21.9,2.1,1.22,1.588,0.401,0.193,0.07,0.123,23.9,0.596,0.162,0.483,483.0,normal(<1),6.23,34.2,109.0,25.0,258.0,72.0,17.0,305.0,2.29
S00712,Silt loam,22.9,60.6,16.5,1.46,0.84,1.56,0.411,0.241,0.1,0.141,29.2,0.71,0.119,0.562,562.0,normal(<1),6.79,24.6,37.0,1.0,454.0,42.0,3.0,567.0,0.88
S00713,Loamy sand,71.4,25.8,2.7,0.66,0.38,1.611,0.392,0.135,0.05,0.085,24.0,0.611,0.152,0.118,118.0,normal(<1),6.26,31.4,0.0,6.0,174.0,17.0,7.0,281.0,0.74
S00714,Sandy clay loam,48.7,19.0,32.2,2.01,1.17,1.504,0.433,0.181,0.089,0.092,14.4,0.332,0.289,0.508,508.0,normal(<1),6.27,29.0,35.0,23.0,235.0,32.0,25.0,251.0,2.15
S00715,Silty clay loam,7.8,60.8,31.3,2.31,1.34,1.531,0.422,0.24,0.112,0.128,25.2,0.596,0.171,0.366,366.0,normal(<1),6.23,37.0,45.0,26.0,432.0,44.0,14.0,569.0,2.56
S00716,Silt loam,28.3,53.7,18.0,1.68,0.98,1.545,0.417,0.204,0.088,0.115,27.1,0.651,0.146,0.686,686.0,normal(<1),5.89,23.8,34.0,7.0,382.0,20.0,15.0,478.0,1.4
S00717,Silt loam,24.2,68.3,7.5,1.75,1.02,1.574,0.406,0.215,0.089,0.126,28.6,0.704,0.12,0.398,398.0,normal(<1),7.11,30.6,48.0,18.0,553.0,39.0,9.0,652.0,1.97
S00718,Sandy loam,77.8,5.3,16.9,1.28,0.74,1.595,0.398,0.129,0.061,0.067,16.9,0.424,0.229,1.741,1741.0,germination-critical(1-2),6.12,24.2,140.0,46.0,120.0,46.0,13.0,129.0,1.12
S00719,Loam,41.7,41.7,16.7,3.05,1.77,1.534,0.421,0.184,0.093,0.091,24.0,0.571,0.181,3.098,3098.0,detrimental(>3),6.25,31.5,191.0,100.0,362.0,85.0,14.0,390.0,3.0
S00720,Sandy loam,65.3,15.3,19.3,3.0,1.74,1.6,0.396,0.172,0.065,0.108,27.9,0.705,0.117,0.551,551.0,normal(<1),5.82,30.0,87.0,7.0,136.0,49.0,10.0,142.0,3.14
S00721,Loam,38.7,38.0,23.3,2.58,1.5,1.515,0.428,0.214,0.105,0.109,31.1,0.725,0.118,0.257,257.0,normal(<1),6.51,28.4,81.0,47.0,377.0,84.0,25.0,480.0,2.31
S00722,Loam,48.4,28.7,22.8,1.4,0.81,1.495,0.436,0.187,0.076,0.111,19.0,0.436,0.246,0.296,296.0,normal(<1),6.69,32.0,27.0,56.0,315.0,40.0,25.0,397.0,1.65
S00723,Sandy clay loam,54.9,16.7,28.3,0.91,0.53,1.54,0.419,0.199,0.102,0.097,25.9,0.619,0.16,0.752,752.0,normal(<1),6.66,27.8,55.0,51.0,133.0,2.0,19.0,198.0,0.76
S00724,Silt loam,10.2,73.0,16.8,1.81,1.05,1.439,0.457,0.24,0.094,0.145,21.6,0.473,0.241,0.7,700.0,normal(<1),6.38,34.4,44.0,37.0,510.0,48.0,23.0,636.0,2.14
S00725,Loam,46.9,45.1,8.0,2.71,1.57,1.507,0.431,0.149,0.065,0.084,29.3,0.68,0.138,0.705,705.0,normal(<1),6.6,22.2,91.0,53.0,322.0,63.0,30.0,461.0,2.71
S00726,Loam,48.3,33.0,18.6,1.02,0.59,1.483,0.44,0.152,0.082,0.07,9.6,0.218,0.344,0.574,574.0,normal(<1),6.72,22.7,57.0,24.0,300.0,42.0,14.0,326.0,0.93
S00727,Clay loam,39.5,27.9,32.5,2.02,1.17,1.476,0.443,0.216,0.094,0.122,23.0,0.52,0.213,0.354,354.0,normal(<1),7.02,19.3,31.0,27.0,291.0,40.0,6.0,343.0,1.69
S00728,Sand,85.0,6.8,8.2,4.46,2.59,1.546,0.417,0.136,0.059,0.078,14.7,0.353,0.269,0.16,160.0,normal(<1),6.45,31.6,58.0,5.0,123.0,93.0,16.0,163.0,4.36
S00729,Silt loam,0.6,81.1,18.4,2.22,1.29,1.479,0.442,0.225,0.133,0.091,19.4,0.439,0.248,0.252,252.0,normal(<1),6.39,23.2,49.0,49.0,562.0,49.0,25.0,679.0,2.21
S00730,Clay loam,40.6,19.6,39.8,2.1,1.22,1.51,0.43,0.211,0.104,0.107,20.3,0.471,0.228,0.805,805.0,normal(<1),6.1,23.4,68.0,35.0,297.0,61.0,16.0,344.0,2.45
S00731,Loam,35.9,40.8,23.2,1.77,1.02,1.546,0.417,0.209,0.086,0.122,28.6,0.686,0.131,0.986,986.0,normal(<1),6.95,34.0,110.0,63.0,370.0,63.0,8.0,369.0,1.89
S00732,Silt loam,16.3,75.7,8.0,2.65,1.54,1.488,0.439,0.227,0.084,0.143,26.9,0.613,0.17,0.216,216.0,normal(<1),5.7,25.6,52.0,3.0,524.0,50.0,32.0,628.0,2.09
S00733,Loam,41.5,41.8,16.7,1.47,0.85,1.525,0.425,0.181,0.072,0.108,25.3,0.595,0.172,0.529,529.0,normal(<1),6.56,27.0,82.0,24.0,367.0,42.0,17.0,372.0,1.57
S00734,Sandy clay,61.7,2.2,36.0,1.31,0.76,1.503,0.433,0.2,0.091,0.108,23.9,0.552,0.194,1.197,1197.0,germination-critical(1-2),6.51,27.3,87.0,6.0,130.0,60.0,10.0,186.0,1.41
S00735,Sandy clay loam,50.7,27.8,21.6,0.92,0.53,1.593,0.399,0.187,0.077,0.11,27.2,0.682,0.127,1.721,1721.0,germination-critical(1-2),6.66,28.3,108.0,26.0,322.0,5.0,28.0,358.0,0.89
S00736,Clay,35.3,5.4,59.3,3.7,2.15,1.492,0.437,0.264,0.144,0.119,35.4,0.809,0.083,0.749,749.0,normal(<1),6.72,27.8,95.0,46.0,284.0,73.0,21.0,249.0,3.73
S00737,Sandy loam,79.3,8.2,12.5,1.67,0.97,1.509,0.431,0.133,0.043,0.09,29.1,0.675,0.14,0.274,274.0,normal(<1),5.76,23.2,7.0,32.0,63.0,31.0,30.0,129.0,1.79
S00738,Clay loam,25.9,41.8,32.3,4.87,2.83,1.477,0.443,0.258,0.092,0.166,33.3,0.753,0.109,0.524,524.0,normal(<1),6.73,29.6,89.0,54.0,393.0,112.0,35.0,433.0,4.84
S00739,Silt loam,19.5,71.7,8.9,3.61,2.09,1.5,0.434,0.213,0.105,0.108,21.5,0.495,0.219,0.634,634.0,normal(<1),6.33,31.9,74.0,20.0,522.0,70.0,21.0,702.0,4.07
S00740,Clay loam,31.9,37.5,30.6,1.64,0.95,1.533,0.422,0.215,0.102,0.113,22.3,0.529,0.198,0.7,700.0,normal(<1),6.74,25.6,96.0,41.0,418.0,68.0,28.0,455.0,2.04
S00741,Sandy clay loam,60.7,9.9,29.4,2.5,1.45,1.601,0.396,0.171,0.077,0.093,12.5,0.316,0.271,0.776,776.0,normal(<1),6.46,22.6,70.0,42.0,161.0,88.0,34.0,212.0,2.53
S00742,Sandy clay loam,63.8,3.3,32.9,3.79,2.2,1.412,0.467,0.19,0.087,0.103,26.0,0.557,0.207,0.705,705.0,normal(<1),6.81,30.2,71.0,24.0,132.0,50.0,26.0,121.0,4.03
S00743,Clay,27.5,25.6,47.0,1.55,0.9,1.49,0.438,0.239,0.103,0.136,28.4,0.65,0.153,0.396,396.0,normal(<1),6.56,29.1,59.0,0.0,345.0,47.0,10.0,425.0,1.51
S00744,Silty clay loam,9.2,59.9,30.9,2.91,1.69,1.523,0.425,0.259,0.11,0.149,22.0,0.519,0.205,1.164,1164.0,germination-critical(1-2),6.38,29.9,110.0,59.0,487.0,53.0,34.0,538.0,2.71
S00745,Loamy sand,78.7,13.5,7.8,1.9,1.1,1.493,0.436,0.131,0.038,0.093,22.5,0.515,0.212,0.86,860.0,normal(<1),6.51,27.6,102.0,58.0,144.0,64.0,37.0,144.0,1.97
S00746,Silty clay loam,12.3,57.9,29.8,1.9,1.1,1.521,0.426,0.242,0.108,0.134,20.9,0.49,0.218,0.954,954.0,normal(<1),6.28,23.9,64.0,19.0,509.0,35.0,15.0,579.0,2.23
S00747,Sandy clay loam,54.2,24.7,21.1,2.88,1.67,1.484,0.44,0.211,0.081,0.13,23.3,0.529,0.207,1.816,1816.0,germination-critical(1-2),6.54,42.0,102.0,45.0,205.0,82.0,28.0,251.0,3.23
S00748,Clay loam,36.7,34.5,28.8,2.3,1.33,1.53,0.423,0.201,0.116,0.085,19.4,0.459,0.229,0.171,171.0,normal(<1),6.71,37.8,95.0,46.0,302.0,32.0,22.0,361.0,1.99
S00749,Loam,35.2,40.8,24.0,1.07,0.62,1.526,0.424,0.22,0.086,0.134,23.3,0.55,0.191,0.274,274.0,normal(<1),5.88,18.9,8.0,46.0,344.0,27.0,10.0,385.0,0.76
S00750,Sandy clay loam,56.5,23.0,20.5,3.36,1.95,1.52,0.427,0.171,0.079,0.092,12.1,0.283,0.306,1.283,1283.0,germination-critical(1-2),6.91,23.0,115.0,42.0,202.0,68.0,25.0,245.0,3.33
S00751,Loam,52.0,37.6,10.4,0.65,0.38,1.709,0.355,0.185,0.064,0.121,10.6,0.299,0.249,0.177,177.0,normal(<1),6.33,31.2,21.0,0.0,277.0,16.0,5.0,301.0,0.46
S00752,Sand,89.3,5.1,5.5,0.3,0.17,1.459,0.45,0.116,0.03,0.086,25.5,0.567,0.195,0.392,392.0,normal(<1),7.13,29.2,49.0,42.0,129.0,23.0,2.0,144.0,0.29
S00753,Loam,30.1,48.7,21.2,1.86,1.08,1.537,0.42,0.211,0.082,0.129,28.5,0.68,0.135,1.079,1079.0,germination-critical(1-2),6.28,29.1,15.0,37.0,445.0,51.0,30.0,532.0,1.61
S00754,Sandy loam,50.4,44.1,5.5,1.1,0.64,1.594,0.398,0.175,0.062,0.112,24.3,0.609,0.156,0.41,410.0,normal(<1),6.87,24.3,54.0,7.0,417.0,39.0,13.0,479.0,1.29
S00755,Sandy loam,70.6,23.8,5.6,1.29,0.75,1.523,0.425,0.141,0.068,0.073,24.4,0.573,0.182,0.184,184.0,normal(<1),6.14,25.3,43.0,14.0,153.0,54.0,23.0,194.0,1.15
S00756,Clay loam,32.6,30.4,37.0,2.5,1.45,1.566,0.409,0.211,0.096,0.115,22.8,0.558,0.181,0.916,916.0,normal(<1),6.0,25.4,92.0,72.0,262.0,22.0,19.0,298.0,2.12
S00757,Silty clay,6.4,45.9,47.7,1.6,0.93,1.453,0.452,0.243,0.151,0.093,18.4,0.408,0.267,0.434,434.0,normal(<1),6.13,31.6,103.0,0.0,369.0,47.0,14.0,518.0,1.57
S00758,Silty clay loam,7.4,62.0,30.6,2.3,1.34,1.509,0.431,0.241,0.122,0.119,12.2,0.284,0.308,0.891,891.0,normal(<1),6.87,34.4,104.0,48.0,443.0,58.0,16.0,525.0,2.13
S00759,Loamy sand,80.2,10.3,9.4,1.85,1.07,1.548,0.416,0.13,0.063,0.067,18.2,0.437,0.234,0.657,657.0,normal(<1),6.61,32.5,82.0,26.0,90.0,66.0,18.0,166.0,1.9
S00760,Clay loam,24.6,40.6,34.8,5.14,2.98,1.393,0.474,0.273,0.129,0.143,18.2,0.384,0.292,6.687,6687.0,detrimental(>3),6.9,30.6,388.0,221.0,442.0,88.0,19.0,448.0,5.3
S00761,Sandy loam,47.1,35.5,17.4,1.07,0.62,1.575,0.406,0.207,0.082,0.126,22.6,0.558,0.179,0.507,507.0,normal(<1),6.91,27.0,4.0,55.0,302.0,17.0,0.0,346.0,1.04
S00762,Clay loam,38.0,26.8,35.3,2.9,1.68,1.556,0.413,0.241,0.107,0.134,27.2,0.659,0.141,2.271,2271.0,salt-sensitive-critical(2-3),6.78,38.6,169.0,73.0,263.0,30.0,10.0,336.0,2.84
S00763,Sandy loam,48.6,35.4,16.0,1.49,0.86,1.52,0.426,0.179,0.082,0.097,30.7,0.719,0.12,0.283,283.0,normal(<1),6.52,30.6,86.0,0.0,287.0,38.0,19.0,327.0,1.58
S00764,Sand,89.4,7.5,3.2,1.54,0.89,1.528,0.424,0.149,0.052,0.097,24.8,0.586,0.175,0.345,345.0,normal(<1),7.08,24.3,70.0,0.0,51.0,35.0,9.0,114.0,1.91
S00765,Silt loam,1.1,82.1,16.8,1.28,0.74,1.422,0.463,0.237,0.115,0.121,21.6,0.467,0.247,0.203,203.0,normal(<1),6.48,31.0,8.0,35.0,549.0,21.0,21.0,717.0,1.06
S00766,Loam,39.7,43.7,16.7,0.76,0.44,1.509,0.431,0.202,0.092,0.11,15.8,0.367,0.273,0.472,472.0,normal(<1),6.65,22.3,33.0,1.0,389.0,12.0,0.0,439.0,0.49
S00767,Loam,43.6,42.7,13.7,1.36,0.79,1.574,0.406,0.195,0.083,0.112,22.7,0.559,0.179,0.26,260.0,normal(<1),6.78,22.1,23.0,20.0,231.0,28.0,10.0,362.0,1.26
S00768,Sandy loam,65.9,22.9,11.2,1.36,0.79,1.505,0.432,0.177,0.076,0.101,21.5,0.497,0.217,0.464,464.0,normal(<1),7.15,32.5,4.0,30.0,145.0,29.0,35.0,203.0,1.27
S00769,Sandy loam,62.6,21.1,16.3,2.55,1.48,1.506,0.432,0.168,0.087,0.081,27.8,0.643,0.154,0.849,849.0,normal(<1),5.92,29.4,70.0,27.0,157.0,62.0,21.0,225.0,2.89
S00770,Sand,97.3,2.2,0.4,0.52,0.3,1.57,0.407,0.093,0.037,0.056,23.2,0.569,0.175,0.101,101.0,normal(<1),6.38,30.2,12.0,0.0,31.0,28.0,24.0,52.0,0.7
S00771,Clay,15.1,22.2,62.7,4.45,2.58,1.433,0.459,0.267,0.147,0.12,15.7,0.342,0.302,1.057,1057.0,germination-critical(1-2),6.68,30.8,115.0,43.0,277.0,100.0,25.0,388.0,4.14
S00772,Loam,42.9,42.6,14.5,4.23,2.45,1.561,0.411,0.21,0.096,0.114,19.0,0.462,0.221,0.123,123.0,normal(<1),6.9,29.0,136.0,27.0,240.0,106.0,29.0,340.0,4.52
S00773,Silt loam,17.0,60.9,22.1,1.67,0.97,1.508,0.431,0.244,0.085,0.16,20.0,0.464,0.231,1.61,1610.0,germination-critical(1-2),6.51,32.2,130.0,52.0,518.0,67.0,2.0,606.0,1.73
S00774,Sand,87.7,6.7,5.6,1.21,0.7,1.573,0.406,0.139,0.049,0.09,26.8,0.658,0.139,0.414,414.0,normal(<1),6.72,31.0,71.0,4.0,87.0,13.0,26.0,84.0,1.16
S00775,Silt loam,15.9,65.1,19.1,2.11,1.22,1.568,0.408,0.225,0.099,0.126,27.2,0.666,0.136,2.454,2454.0,salt-sensitive-critical(2-3),6.54,31.9,158.0,99.0,486.0,61.0,16.0,589.0,1.81
S00776,Sandy clay loam,63.9,15.5,20.6,1.1,0.64,1.551,0.415,0.164,0.069,0.095,13.5,0.326,0.279,1.201,1201.0,germination-critical(1-2),5.99,34.2,101.0,86.0,207.0,49.0,34.0,257.0,1.0
S00777,Silty clay loam,14.5,57.8,27.7,1.45,0.84,1.556,0.413,0.257,0.123,0.133,20.6,0.5,0.206,2.893,2893.0,salt-sensitive-critical(2-3),6.96,23.5,166.0,138.0,556.0,17.0,11.0,604.0,1.36
S00778,Loamy sand,76.7,12.0,11.3,0.5,0.29,1.606,0.394,0.128,0.051,0.077,21.3,0.54,0.181,0.842,842.0,normal(<1),6.6,33.4,89.0,45.0,161.0,47.0,15.0,178.0,0.49
S00779,Loamy sand,71.3,24.9,3.8,3.19,1.85,1.436,0.458,0.18,0.042,0.138,19.2,0.42,0.266,0.37,370.0,normal(<1),6.34,18.8,53.0,60.0,212.0,68.0,13.0,266.0,3.3
S00780,Sandy loam,75.4,7.9,16.7,2.42,1.4,1.588,0.401,0.162,0.074,0.089,19.8,0.494,0.203,0.51,510.0,normal(<1),6.43,29.9,29.0,20.0,190.0,45.0,13.0,140.0,2.68
S00781,Sandy clay,49.9,13.7,36.4,5.59,3.24,1.426,0.462,0.21,0.11,0.1,27.7,0.599,0.185,0.703,703.0,normal(<1),6.24,30.4,109.0,50.0,218.0,89.0,30.0,232.0,5.58
S00782,Sandy loam,61.1,23.8,15.1,1.76,1.02,1.618,0.39,0.19,0.081,0.108,19.0,0.487,0.2,0.587,587.0,normal(<1),6.3,29.9,70.0,59.0,323.0,46.0,42.0,308.0,1.51
S00783,Sand,88.6,8.4,3.0,1.24,0.72,1.596,0.398,0.123,0.058,0.066,14.7,0.37,0.251,0.985,985.0,normal(<1),6.33,35.6,52.0,43.0,123.0,31.0,10.0,160.0,1.87
S00784,Silty clay loam,0.7,68.4,30.9,2.49,1.45,1.413,0.467,0.264,0.124,0.14,30.6,0.655,0.161,1.744,1744.0,germination-critical(1-2),6.72,27.1,133.0,96.0,608.0,64.0,0.0,754.0,2.21
S00785,Sandy loam,69.3,12.1,18.7,2.67,1.55,1.48,0.442,0.146,0.067,0.078,20.8,0.47,0.234,0.691,691.0,normal(<1),7.33,22.0,41.0,48.0,209.0,52.0,18.0,218.0,2.87
S00786,Loam,51.3,37.6,11.1,0.86,0.5,1.503,0.433,0.186,0.071,0.115,16.9,0.39,0.264,0.178,178.0,normal(<1),6.09,31.4,24.0,26.0,344.0,6.0,9.0,471.0,0.56
S00787,Sandy loam,45.4,40.3,14.3,2.13,1.23,1.512,0.43,0.205,0.086,0.12,14.0,0.325,0.29,0.357,357.0,normal(<1),7.12,27.7,28.0,27.0,330.0,53.0,29.0,346.0,2.41
S00788,Loam,37.7,46.0,16.3,1.48,0.86,1.559,0.412,0.193,0.1,0.093,27.8,0.675,0.134,0.118,118.0,normal(<1),6.39,28.5,6.0,55.0,384.0,21.0,16.0,458.0,1.76
S00789,Clay,37.3,6.5,56.2,4.45,2.58,1.381,0.479,0.252,0.126,0.127,33.6,0.702,0.143,0.846,846.0,normal(<1),6.1,32.5,87.0,51.0,269.0,101.0,32.0,244.0,4.74
S00790,Sandy loam,50.4,35.7,13.9,2.06,1.19,1.528,0.423,0.225,0.082,0.144,13.6,0.322,0.287,0.413,413.0,normal(<1),6.6,28.0,68.0,36.0,240.0,52.0,35.0,312.0,2.33
S00791,Silty clay loam,17.5,51.8,30.8,3.18,1.85,1.507,0.431,0.243,0.137,0.106,32.5,0.754,0.106,0.721,721.0,normal(<1),6.88,20.7,73.0,56.0,446.0,78.0,34.0,574.0,3.11
S00792,Clay loam,24.4,47.3,28.4,2.0,1.16,1.614,0.391,0.22,0.11,0.11,14.8,0.379,0.243,1.086,1086.0,germination-critical(1-2),5.47,24.3,72.0,63.0,560.0,44.0,16.0,593.0,2.17
S00793,Loam,30.0,44.5,25.4,2.93,1.7,1.493,0.437,0.244,0.101,0.143,24.2,0.555,0.194,0.334,334.0,normal(<1),5.99,26.2,61.0,8.0,406.0,51.0,33.0,503.0,2.59
S00794,Sandy loam,55.5,26.6,17.9,2.05,1.19,1.594,0.398,0.193,0.072,0.121,28.4,0.713,0.114,0.667,667.0,normal(<1),5.93,24.8,31.0,48.0,226.0,40.0,29.0,275.0,2.25
S00795,Loam,41.8,42.8,15.3,0.86,0.5,1.523,0.425,0.191,0.083,0.108,28.2,0.664,0.143,2.473,2473.0,salt-sensitive-critical(2-3),6.83,28.7,137.0,72.0,396.0,18.0,0.0,408.0,0.5
S00796,Sand,89.8,1.2,9.0,0.75,0.43,1.596,0.398,0.124,0.042,0.082,15.8,0.397,0.24,0.511,511.0,normal(<1),6.83,25.3,34.0,4.0,59.0,26.0,13.0,22.0,0.52
S00797,Silt loam,29.8,57.5,12.7,0.97,0.56,1.482,0.441,0.198,0.079,0.12,28.0,0.636,0.161,0.156,156.0,normal(<1),6.32,28.5,5.0,0.0,427.0,24.0,3.0,456.0,1.53
S00798,Silty clay loam,19.3,53.1,27.6,1.68,0.97,1.503,0.433,0.211,0.101,0.11,27.8,0.641,0.155,0.268,268.0,normal(<1),6.84,28.7,53.0,25.0,569.0,32.0,0.0,625.0,1.74
S00799,Silt loam,2.4,78.2,19.4,1.74,1.01,1.544,0.417,0.239,0.091,0.148,20.8,0.498,0.209,0.793,793.0,normal(<1),6.3,27.7,46.0,38.0,605.0,36.0,20.0,716.0,1.49
S00800,Sandy loam,47.2,43.0,9.8,2.86,1.66,1.534,0.421,0.199,0.074,0.125,27.0,0.64,0.152,2.088,2088.0,salt-sensitive-critical(2-3),6.04,28.7,169.0,72.0,382.0,68.0,26.0,421.0,2.79
S00801,Loam,36.9,49.6,13.5,0.53,0.31,1.618,0.389,0.212,0.099,0.113,29.5,0.757,0.095,0.454,454.0,normal(<1),6.49,35.1,6.0,3.0,333.0,8.0,16.0,480.0,0.65
S00802,Sand,90.3,1.3,8.4,1.11,0.65,1.603,0.395,0.14,0.046,0.094,22.7,0.574,0.168,1.438,1438.0,germination-critical(1-2),6.72,28.4,84.0,44.0,146.0,34.0,15.0,36.0,1.37
S00803,Sandy loam,73.2,13.0,13.8,0.48,0.28,1.588,0.401,0.146,0.056,0.09,24.2,0.603,0.159,0.661,661.0,normal(<1),6.64,26.6,61.0,26.0,173.0,36.0,21.0,173.0,0.19
S00804,Clay loam,35.5,29.7,34.8,1.73,1.0,1.496,0.436,0.242,0.106,0.136,34.6,0.794,0.09,0.699,699.0,normal(<1),6.71,22.6,53.0,66.0,402.0,14.0,15.0,427.0,1.73
S00805,Loamy sand,74.3,12.4,13.2,2.73,1.59,1.592,0.399,0.157,0.066,0.091,14.7,0.367,0.253,1.686,1686.0,germination-critical(1-2),6.88,29.2,159.0,44.0,132.0,71.0,10.0,166.0,2.75
S00806,Sandy clay,51.0,5.2,43.8,0.97,0.56,1.409,0.468,0.222,0.108,0.114,19.9,0.424,0.269,0.205,205.0,normal(<1),6.31,24.6,0.0,15.0,224.0,23.0,13.0,243.0,0.74
S00807,Silt loam,12.4,64.0,23.7,3.11,1.81,1.509,0.431,0.243,0.101,0.142,28.7,0.668,0.143,0.11,110.0,normal(<1),7.1,26.0,20.0,41.0,436.0,53.0,12.0,597.0,2.73
S00808,Clay loam,20.4,50.5,29.1,2.87,1.66,1.411,0.467,0.226,0.1,0.125,29.1,0.623,0.176,0.711,711.0,normal(<1),6.34,25.0,76.0,34.0,472.0,80.0,19.0,578.0,2.93
S00809,Clay,24.1,14.0,61.9,4.94,2.87,1.4,0.472,0.284,0.14,0.145,21.5,0.456,0.257,0.311,311.0,normal(<1),6.69,26.8,91.0,0.0,274.0,90.0,26.0,307.0,4.77
S00810,Clay loam,20.3,49.2,30.5,2.32,1.34,1.504,0.432,0.234,0.105,0.128,17.9,0.414,0.253,0.523,523.0,normal(<1),6.35,25.4,92.0,3.0,457.0,65.0,0.0,578.0,2.44
S00811,Sandy clay loam,52.1,18.7,29.1,1.88,1.09,1.426,0.462,0.189,0.086,0.103,31.6,0.684,0.146,0.571,571.0,normal(<1),6.76,35.3,66.0,34.0,234.0,40.0,25.0,296.0,1.61
S00812,Sandy clay loam,48.3,18.4,33.3,1.82,1.06,1.508,0.431,0.215,0.087,0.128,26.7,0.619,0.164,0.548,548.0,normal(<1),5.99,32.8,26.0,9.0,206.0,41.0,10.0,323.0,2.15
S00813,Sandy loam,73.3,12.6,14.1,1.56,0.9,1.598,0.397,0.138,0.064,0.074,24.5,0.616,0.153,1.161,1161.0,germination-critical(1-2),6.51,28.6,73.0,40.0,90.0,38.0,0.0,93.0,1.34
S00814,Sandy loam,50.8,29.8,19.4,2.54,1.47,1.557,0.412,0.213,0.082,0.131,28.8,0.699,0.124,0.889,889.0,normal(<1),5.58,28.8,103.0,45.0,262.0,65.0,26.0,279.0,2.51
S00815,Clay,22.2,30.1,47.7,2.99,1.74,1.49,0.438,0.275,0.142,0.133,31.1,0.71,0.127,2.269,2269.0,salt-sensitive-critical(2-3),6.19,38.1,171.0,92.0,376.0,58.0,15.0,448.0,3.12
S00816,Sandy clay loam,51.3,22.7,25.9,1.44,0.83,1.501,0.434,0.206,0.081,0.125,28.5,0.656,0.149,0.812,812.0,normal(<1),6.43,26.1,79.0,27.0,279.0,37.0,0.0,287.0,1.35
S00817,Sandy loam,70.1,20.4,9.6,3.84,2.23,1.459,0.449,0.148,0.071,0.078,25.6,0.57,0.193,0.282,282.0,normal(<1),6.28,37.9,69.0,25.0,146.0,97.0,43.0,152.0,4.11
S00818,Silty clay loam,3.7,63.8,32.5,3.07,1.78,1.478,0.442,0.264,0.132,0.132,27.7,0.626,0.165,0.243,243.0,normal(<1),6.6,24.8,75.0,40.0,525.0,77.0,23.0,670.0,3.17
S00819,Loam,40.1,40.7,19.2,2.9,1.68,1.572,0.407,0.188,0.079,0.109,24.9,0.613,0.158,0.2,200.0,normal(<1),5.56,23.4,65.0,13.0,321.0,66.0,27.0,433.0,2.99
S00820,Silty clay loam,19.8,51.2,29.0,2.99,1.73,1.495,0.436,0.245,0.102,0.142,30.2,0.693,0.134,0.706,706.0,normal(<1),6.73,30.3,58.0,43.0,409.0,62.0,31.0,571.0,3.13
S00821,Silt loam,15.9,70.4,13.6,1.76,1.02,1.534,0.421,0.208,0.103,0.105,25.5,0.605,0.166,0.334,334.0,normal(<1),6.68,24.8,86.0,34.0,592.0,54.0,26.0,678.0,2.17
S00822,Loamy sand,71.9,17.1,11.0,0.52,0.3,1.549,0.415,0.121,0.058,0.063,23.6,0.568,0.179,0.369,369.0,normal(<1),6.91,37.7,32.0,10.0,181.0,15.0,0.0,191.0,1.07
S00823,Silt loam,21.7,51.8,26.5,2.05,1.19,1.429,0.461,0.218,0.128,0.09,15.5,0.337,0.306,0.239,239.0,normal(<1),5.74,31.1,52.0,5.0,429.0,43.0,2.0,525.0,2.06
S00824,Silt loam,18.9,61.6,19.5,3.61,2.09,1.522,0.426,0.221,0.099,0.122,33.2,0.779,0.094,0.594,594.0,normal(<1),6.34,29.8,25.0,82.0,432.0,65.0,25.0,522.0,3.66
S00825,Sandy clay,57.8,0.7,41.4,2.09,1.21,1.572,0.407,0.194,0.084,0.11,29.0,0.713,0.117,2.013,2013.0,salt-sensitive-critical(2-3),6.83,26.4,143.0,64.0,131.0,55.0,0.0,138.0,2.08
S00826,Sandy loam,49.4,35.5,15.1,1.39,0.81,1.654,0.376,0.171,0.062,0.11,15.3,0.406,0.223,0.715,715.0,normal(<1),6.53,27.2,61.0,22.0,405.0,40.0,24.0,421.0,1.12
S00827,Clay,21.0,36.4,42.6,3.91,2.27,1.465,0.447,0.243,0.123,0.12,32.9,0.735,0.118,0.397,397.0,normal(<1),6.64,28.4,33.0,42.0,396.0,100.0,30.0,502.0,3.7
S00828,Silty clay,9.4,41.0,49.6,3.97,2.31,1.347,0.492,0.269,0.138,0.131,35.2,0.715,0.14,0.214,214.0,normal(<1),5.82,30.8,68.0,3.0,352.0,88.0,34.0,478.0,3.98
S00829,Sandy clay loam,57.0,18.5,24.5,1.86,1.08,1.555,0.413,0.18,0.086,0.094,13.6,0.328,0.278,1.337,1337.0,germination-critical(1-2),5.89,23.7,109.0,76.0,230.0,39.0,40.0,239.0,1.86
S00830,Sandy clay loam,54.2,11.2,34.6,1.45,0.84,1.567,0.409,0.212,0.085,0.127,17.0,0.415,0.239,1.149,1149.0,germination-critical(1-2),6.84,31.2,97.0,61.0,212.0,52.0,0.0,288.0,1.01
S00831,Loamy sand,84.6,1.3,14.1,3.18,1.85,1.587,0.401,0.118,0.072,0.046,12.4,0.309,0.277,0.48,480.0,normal(<1),6.58,27.6,0.0,38.0,16.0,78.0,46.0,29.0,3.09
S00832,Sandy clay loam,56.6,18.1,25.3,2.14,1.24,1.582,0.403,0.187,0.081,0.106,20.3,0.503,0.2,0.19,190.0,normal(<1),6.63,31.3,33.0,42.0,285.0,44.0,11.0,274.0,2.39
S00833,Sand,86.6,12.9,0.5,0.92,0.54,1.647,0.378,0.099,0.035,0.064,18.1,0.48,0.197,0.219,219.0,normal(<1),6.45,30.3,67.0,19.0,99.0,30.0,2.0,125.0,0.67
S00834,Silty clay,5.0,53.5,41.5,3.46,2.01,1.553,0.414,0.261,0.121,0.14,16.8,0.405,0.246,0.493,493.0,normal(<1),6.8,24.6,57.0,39.0,512.0,61.0,27.0,602.0,3.11
S00835,Sandy loam,61.0,21.5,17.5,3.45,2.0,1.473,0.444,0.185,0.084,0.101,13.8,0.311,0.306,1.277,1277.0,germination-critical(1-2),6.42,24.5,131.0,58.0,255.0,38.0,34.0,335.0,3.66
S00836,Sand,88.0,4.0,8.0,0.57,0.33,1.638,0.382,0.12,0.044,0.076,22.7,0.595,0.155,0.342,342.0,normal(<1),6.36,31.5,62.0,34.0,158.0,23.0,0.0,121.0,1.08
S00837,Clay loam,44.7,21.1,34.2,1.98,1.15,1.517,0.428,0.18,0.097,0.083,25.6,0.599,0.172,2.319,2319.0,salt-sensitive-critical(2-3),6.47,28.8,181.0,39.0,319.0,49.0,23.0,323.0,2.1
S00838,Loamy sand,86.8,1.9,11.3,0.61,0.35,1.506,0.432,0.138,0.057,0.081,23.9,0.553,0.193,0.114,114.0,normal(<1),5.98,37.1,32.0,0.0,4.0,35.0,0.0,16.0,0.6
S00839,Loamy sand,86.2,6.4,7.4,0.69,0.4,1.594,0.398,0.139,0.038,0.101,21.3,0.535,0.185,2.46,2460.0,salt-sensitive-critical(2-3),6.52,19.0,131.0,112.0,143.0,19.0,12.0,112.0,0.66
S00840,Sand,92.4,2.2,5.3,1.36,0.79,1.577,0.405,0.108,0.046,0.062,23.9,0.591,0.166,0.598,598.0,normal(<1),6.4,29.4,79.0,27.0,78.0,55.0,18.0,74.0,1.24
S00841,Silty clay loam,10.6,57.0,32.4,2.52,1.46,1.455,0.451,0.227,0.123,0.103,17.5,0.389,0.275,0.803,803.0,normal(<1),6.81,18.9,103.0,84.0,457.0,60.0,0.0,561.0,2.21
S00842,Sandy loam,67.0,24.6,8.4,0.61,0.36,1.56,0.411,0.14,0.055,0.085,13.1,0.319,0.28,1.249,1249.0,germination-critical(1-2),6.71,21.8,63.0,37.0,241.0,16.0,1.0,279.0,0.24
S00843,Sand,86.8,6.5,6.7,1.35,0.78,1.749,0.34,0.126,0.041,0.085,12.0,0.353,0.22,1.308,1308.0,germination-critical(1-2),6.17,23.8,76.0,45.0,140.0,60.0,12.0,76.0,1.52
S00844,Silt loam,23.8,63.7,12.5,1.88,1.09,1.537,0.42,0.218,0.115,0.103,28.3,0.673,0.137,1.103,1103.0,germination-critical(1-2),6.81,27.2,111.0,43.0,479.0,69.0,32.0,583.0,1.61
S00845,Sandy loam,45.7,36.5,17.7,2.39,1.38,1.527,0.424,0.171,0.078,0.094,28.2,0.666,0.142,0.246,246.0,normal(<1),7.14,29.7,84.0,62.0,251.0,67.0,24.0,382.0,2.38
S00846,Sandy clay,48.1,12.5,39.4,2.04,1.18,1.445,0.455,0.198,0.096,0.101,20.6,0.453,0.249,1.177,1177.0,germination-critical(1-2),5.89,23.6,118.0,59.0,173.0,36.0,19.0,216.0,2.28
S00847,Sandy loam,79.1,1.9,18.9,0.56,0.32,1.638,0.382,0.15,0.066,0.084,13.8,0.363,0.243,0.194,194.0,normal(<1),6.27,32.4,51.0,42.0,40.0,38.0,14.0,38.0,1.05
S00848,Loamy sand,79.3,17.8,2.9,1.36,0.79,1.587,0.401,0.126,0.045,0.081,14.0,0.349,0.261,0.525,525.0,normal(<1),6.21,30.0,42.0,32.0,172.0,56.0,22.0,235.0,1.42
S00849,Silt loam,21.8,55.6,22.7,3.75,2.18,1.566,0.409,0.231,0.09,0.141,28.2,0.689,0.127,0.921,921.0,normal(<1),6.62,24.9,114.0,32.0,465.0,77.0,21.0,609.0,3.82
S00850,Sand,85.5,13.8,0.7,0.37,0.21,1.664,0.372,0.102,0.025,0.078,13.2,0.354,0.241,0.198,198.0,normal(<1),6.25,30.0,11.0,19.0,126.0,1.0,9.0,89.0,0.43
S00851,Loamy sand,86.4,1.5,12.2,2.01,1.17,1.595,0.398,0.149,0.048,0.1,23.1,0.581,0.167,0.451,451.0,normal(<1),6.41,30.3,40.0,36.0,41.0,56.0,15.0,33.0,1.87
S00852,Sand,89.3,7.9,2.8,2.01,1.17,1.606,0.394,0.128,0.02,0.107,18.1,0.46,0.213,0.642,642.0,normal(<1),6.23,31.1,59.0,30.0,55.0,73.0,14.0,75.0,1.58
S00853,Silty clay,5.3,53.9,40.8,5.74,3.33,1.392,0.475,0.27,0.14,0.13,19.7,0.415,0.278,1.27,1270.0,germination-critical(1-2),6.25,26.6,172.0,52.0,469.0,133.0,26.0,567.0,5.67
S00854,Silty clay loam,7.2,60.2,32.6,2.38,1.38,1.45,0.453,0.266,0.112,0.155,30.8,0.68,0.145,0.738,738.0,normal(<1),6.16,25.4,85.0,39.0,499.0,45.0,16.0,589.0,2.53
S00855,Silty clay loam,15.8,51.2,33.0,2.81,1.63,1.368,0.484,0.227,0.124,0.103,32.7,0.677,0.156,0.197,197.0,normal(<1),6.08,28.8,22.0,0.0,428.0,74.0,18.0,597.0,2.39
S00856,Silty clay,1.4,41.9,56.7,2.96,1.72,1.382,0.478,0.291,0.155,0.136,33.7,0.704,0.142,1.929,1929.0,germination-critical(1-2),6.95,31.0,114.0,57.0,440.0,65.0,22.0,477.0,3.2
S00857,Loamy sand,82.0,4.7,13.3,0.8,0.46,1.58,0.404,0.137,0.062,0.074,24.4,0.606,0.159,1.046,1046.0,germination-critical(1-2),6.06,21.1,57.0,54.0,115.0,36.0,6.0,104.0,0.86
S00858,Clay loam,23.9,39.7,36.4,1.92,1.11,1.512,0.429,0.229,0.116,0.113,24.4,0.567,0.186,0.102,102.0,normal(<1),6.63,23.0,1.0,0.0,431.0,62.0,0.0,524.0,2.07
S00859,Loamy sand,82.1,11.6,6.3,1.09,0.63,1.605,0.394,0.13,0.059,0.071,12.1,0.307,0.273,0.747,747.0,normal(<1),6.67,36.2,42.0,21.0,161.0,31.0,1.0,167.0,0.89
S00860,Loam,47.8,42.8,9.4,1.35,0.78,1.671,0.37,0.177,0.086,0.091,22.5,0.609,0.145,0.612,612.0,normal(<1),6.57,39.1,67.0,30.0,367.0,38.0,19.0,447.0,1.26
S00861,Loam,37.4,42.8,19.8,2.5,1.45,1.526,0.424,0.207,0.088,0.119,11.6,0.274,0.308,0.421,421.0,normal(<1),6.84,27.8,66.0,34.0,370.0,59.0,4.0,411.0,2.1
S00862,Loam,34.1,43.7,22.1,3.88,2.25,1.522,0.426,0.232,0.094,0.138,20.3,0.477,0.223,0.467,467.0,normal(<1),6.43,30.3,55.0,26.0,461.0,57.0,25.0,481.0,3.61
S00863,Loamy sand,74.1,14.4,11.5,1.32,0.76,1.566,0.409,0.143,0.056,0.087,17.9,0.437,0.23,0.362,362.0,normal(<1),6.34,33.7,18.0,24.0,256.0,26.0,20.0,235.0,1.37
S00864,Clay loam,20.8,48.1,31.1,2.46,1.43,1.505,0.432,0.222,0.117,0.105,28.1,0.65,0.151,0.22,220.0,normal(<1),6.04,36.8,49.0,55.0,396.0,54.0,21.0,479.0,2.73
S00865,Sand,97.4,2.0,0.6,0.3,0.17,1.626,0.386,0.093,0.036,0.057,10.8,0.28,0.278,0.38,380.0,normal(<1),6.44,31.3,25.0,17.0,22.0,18.0,0.0,20.0,0.27
S00866,Silty clay loam,5.1,60.7,34.3,3.58,2.08,1.451,0.452,0.246,0.117,0.129,29.3,0.647,0.16,0.415,415.0,normal(<1),6.97,31.8,67.0,32.0,512.0,75.0,29.0,613.0,4.02
S00867,Loam,46.6,40.6,12.8,3.27,1.9,1.485,0.44,0.191,0.069,0.122,21.2,0.482,0.228,0.131,131.0,normal(<1),6.44,27.4,0.0,28.0,347.0,32.0,19.0,412.0,3.02
S00868,Clay loam,21.6,47.0,31.4,2.54,1.47,1.443,0.455,0.233,0.117,0.117,13.1,0.287,0.325,0.184,184.0,normal(<1),6.64,26.5,74.0,10.0,431.0,64.0,24.0,482.0,2.87
S00869,Clay loam,30.6,36.1,33.3,2.44,1.41,1.565,0.41,0.218,0.118,0.1,26.1,0.637,0.148,0.447,447.0,normal(<1),6.72,26.9,48.0,62.0,363.0,45.0,17.0,468.0,2.49
S00870,Sandy loam,47.5,43.5,9.0,2.66,1.54,1.57,0.408,0.167,0.077,0.09,11.2,0.274,0.296,0.09,90.0,normal(<1),6.58,35.1,0.0,1.0,353.0,43.0,42.0,405.0,2.69
S00871,Clay,26.1,26.0,47.9,2.81,1.63,1.47,0.445,0.252,0.129,0.123,33.5,0.753,0.11,0.353,353.0,normal(<1),6.21,25.1,41.0,32.0,316.0,39.0,16.0,408.0,3.03
S00872,Silt loam,10.7,71.4,17.9,2.35,1.36,1.556,0.413,0.261,0.105,0.155,20.4,0.494,0.209,0.638,638.0,normal(<1),6.23,25.4,53.0,24.0,590.0,53.0,0.0,636.0,2.36
S00873,Clay loam,35.1,31.2,33.7,1.98,1.15,1.5,0.434,0.236,0.097,0.139,33.8,0.779,0.096,0.344,344.0,normal(<1),7.0,20.5,17.0,24.0,281.0,28.0,15.0,366.0,1.89
S00874,Silty clay loam,18.4,47.9,33.7,1.7,0.98,1.561,0.411,0.243,0.109,0.135,32.8,0.798,0.083,0.178,178.0,normal(<1),6.59,29.7,31.0,30.0,409.0,19.0,16.0,489.0,1.71
S00875,Silt loam,7.2,69.1,23.7,1.54,0.89,1.611,0.392,0.236,0.106,0.13,27.1,0.692,0.121,0.189,189.0,normal(<1),6.41,26.1,64.0,31.0,452.0,51.0,15.0,622.0,1.6
S00876,Loam,36.3,42.4,21.4,2.07,1.2,1.499,0.434,0.198,0.099,0.099,25.0,0.576,0.184,0.192,192.0,normal(<1),6.89,32.7,57.0,22.0,289.0,65.0,3.0,391.0,1.93
S00877,Loam,37.7,42.7,19.6,2.41,1.4,1.59,0.4,0.178,0.09,0.089,23.9,0.597,0.161,1.665,1665.0,germination-critical(1-2),6.71,32.0,122.0,58.0,353.0,55.0,17.0,461.0,2.65
S00878,Silty clay,3.4,54.6,42.0,2.6,1.51,1.481,0.441,0.265,0.154,0.112,24.9,0.565,0.192,0.375,375.0,normal(<1),6.64,29.2,36.0,57.0,476.0,47.0,33.0,621.0,2.59
S00879,Sand,88.1,6.2,5.7,2.13,1.23,1.553,0.414,0.107,0.055,0.053,10.0,0.241,0.314,0.114,114.0,normal(<1),6.56,22.0,52.0,26.0,105.0,56.0,15.0,78.0,1.97
S00880,Silt loam,14.7,84.8,0.5,1.28,0.74,1.581,0.403,0.216,0.083,0.133,25.1,0.622,0.153,0.597,597.0,normal(<1),6.57,35.2,73.0,22.0,504.0,39.0,13.0,682.0,1.23
S00881,Sandy loam,72.9,22.0,5.1,0.83,0.48,1.711,0.354,0.14,0.058,0.082,23.9,0.675,0.115,0.143,143.0,normal(<1),6.17,28.7,0.0,25.0,198.0,32.0,14.0,182.0,0.74
S00882,Silty clay loam,13.0,56.5,30.6,1.91,1.11,1.409,0.468,0.232,0.11,0.122,22.9,0.49,0.239,0.504,504.0,normal(<1),6.59,31.4,83.0,18.0,515.0,33.0,29.0,568.0,1.69
S00883,Sandy loam,74.1,10.1,15.8,1.2,0.7,1.442,0.456,0.189,0.064,0.125,9.7,0.212,0.359,0.488,488.0,normal(<1),6.9,28.4,17.0,27.0,147.0,54.0,24.0,149.0,1.22
S00884,Sandy clay loam,63.8,10.8,25.3,1.0,0.58,1.586,0.402,0.2,0.067,0.133,29.3,0.729,0.109,0.47,470.0,normal(<1),6.37,33.9,31.0,0.0,133.0,26.0,6.0,175.0,1.03
S00885,Sandy clay,57.2,0.5,42.3,2.52,1.46,1.52,0.427,0.208,0.1,0.108,16.0,0.375,0.266,1.41,1410.0,germination-critical(1-2),6.19,28.2,118.0,83.0,105.0,63.0,20.0,62.0,1.99
S00886,Clay loam,37.8,32.1,30.1,2.87,1.67,1.568,0.408,0.216,0.086,0.13,25.3,0.62,0.155,0.376,376.0,normal(<1),6.43,31.2,51.0,30.0,210.0,57.0,30.0,259.0,2.65
S00887,Sandy loam,78.1,10.8,11.1,0.87,0.5,1.642,0.381,0.143,0.05,0.093,16.7,0.438,0.214,0.407,407.0,normal(<1),5.95,27.2,10.0,36.0,178.0,26.0,28.0,203.0,0.81
S00888,Silty clay,0.6,52.4,47.0,3.95,2.29,1.486,0.439,0.266,0.137,0.129,25.1,0.572,0.188,0.383,383.0,normal(<1),7.04,25.0,66.0,58.0,528.0,122.0,41.0,624.0,3.42
S00889,Loam,42.5,47.5,10.0,1.6,0.93,1.537,0.42,0.193,0.06,0.133,23.6,0.561,0.184,0.258,258.0,normal(<1),6.64,27.2,71.0,8.0,252.0,59.0,13.0,321.0,1.68
S00890,Sandy loam,54.1,36.4,9.5,1.5,0.87,1.547,0.416,0.168,0.072,0.096,20.1,0.484,0.215,0.96,960.0,normal(<1),6.6,19.9,70.0,3.0,241.0,53.0,15.0,377.0,1.26
S00891,Sandy loam,78.8,15.9,5.4,0.3,0.17,1.728,0.348,0.16,0.07,0.09,18.4,0.529,0.164,0.184,184.0,normal(<1),6.39,24.5,54.0,32.0,153.0,34.0,1.0,177.0,0.4
S00892,Sandy loam,75.2,8.6,16.2,0.37,0.22,1.602,0.396,0.147,0.06,0.087,17.3,0.438,0.222,0.155,155.0,normal(<1),6.3,30.2,4.0,17.0,166.0,6.0,17.0,143.0,0.03
S00893,Loam,50.8,37.1,12.1,2.67,1.55,1.596,0.398,0.171,0.075,0.096,25.4,0.638,0.144,0.072,72.0,normal(<1),6.14,31.8,39.0,26.0,237.0,58.0,16.0,365.0,2.64
S00894,Loam,51.9,38.9,9.2,1.27,0.74,1.552,0.414,0.166,0.073,0.093,23.9,0.577,0.175,1.443,1443.0,germination-critical(1-2),6.29,32.2,82.0,33.0,331.0,14.0,14.0,359.0,1.67
S00895,Clay loam,23.4,47.2,29.4,2.19,1.27,1.459,0.449,0.232,0.109,0.123,31.8,0.707,0.132,0.875,875.0,normal(<1),7.13,30.5,109.0,22.0,490.0,57.0,25.0,555.0,2.26
S00896,Silt loam,26.1,64.5,9.3,1.67,0.97,1.532,0.422,0.206,0.075,0.13,28.7,0.681,0.135,0.785,785.0,normal(<1),6.55,27.8,50.0,24.0,484.0,38.0,18.0,588.0,1.62
S00897,Loam,48.7,43.9,7.3,2.51,1.46,1.552,0.414,0.216,0.075,0.141,14.4,0.347,0.271,0.948,948.0,normal(<1),6.36,27.1,76.0,64.0,302.0,41.0,37.0,355.0,2.2
S00898,Sandy loam,49.3,45.3,5.3,0.82,0.47,1.629,0.385,0.166,0.064,0.102,23.2,0.602,0.153,0.944,944.0,normal(<1),6.42,21.5,67.0,47.0,416.0,16.0,11.0,391.0,1.11
S00899,Clay loam,23.9,48.5,27.6,3.1,1.8,1.465,0.447,0.223,0.105,0.118,18.1,0.405,0.266,0.121,121.0,normal(<1),6.87,35.3,34.0,12.0,430.0,65.0,15.0,474.0,3.34
S00900,Sandy loam,55.2,27.3,17.6,1.51,0.88,1.602,0.395,0.186,0.082,0.104,23.2,0.586,0.163,0.686,686.0,normal(<1),6.04,23.1,69.0,4.0,241.0,42.0,19.0,257.0,1.29
S00901,Sand,89.6,5.6,4.9,2.38,1.38,1.621,0.388,0.114,0.045,0.069,27.5,0.708,0.113,0.78,780.0,normal(<1),6.92,26.8,142.0,6.0,54.0,64.0,15.0,35.0,2.46
S00902,Loam,45.0,30.4,24.7,2.1,1.22,1.465,0.447,0.229,0.096,0.133,30.3,0.678,0.144,0.868,868.0,normal(<1),6.01,35.0,99.0,11.0,369.0,61.0,17.0,366.0,2.22
S00903,Sandy loam,47.1,43.1,9.8,1.84,1.07,1.593,0.399,0.178,0.074,0.104,24.9,0.624,0.15,0.553,553.0,normal(<1),6.23,26.0,58.0,32.0,298.0,12.0,24.0,354.0,1.83
S00904,Loam,39.4,49.6,11.0,0.89,0.52,1.56,0.411,0.193,0.074,0.119,24.5,0.595,0.167,1.142,1142.0,germination-critical(1-2),6.15,29.7,105.0,22.0,354.0,38.0,5.0,453.0,0.84
S00905,Silty clay,14.8,41.1,44.1,2.96,1.72,1.443,0.455,0.261,0.139,0.122,32.2,0.706,0.134,0.776,776.0,normal(<1),6.5,28.4,120.0,49.0,498.0,69.0,30.0,527.0,3.22
S00906,Sand,92.5,3.5,4.0,1.56,0.9,1.615,0.39,0.133,0.037,0.096,22.3,0.571,0.167,1.144,1144.0,germination-critical(1-2),7.18,31.9,99.0,36.0,35.0,48.0,18.0,63.0,1.47
S00907,Sandy loam,48.2,36.3,15.5,2.08,1.21,1.574,0.406,0.177,0.093,0.084,26.7,0.659,0.139,0.375,375.0,normal(<1),5.88,31.4,97.0,0.0,315.0,58.0,0.0,387.0,2.04
S00908,Silt loam,17.0,63.1,19.9,2.82,1.64,1.538,0.42,0.222,0.122,0.1,24.0,0.571,0.18,0.652,652.0,normal(<1),6.64,22.6,51.0,40.0,501.0,52.0,25.0,623.0,3.0
S00909,Silt loam,28.8,63.1,8.1,1.3,0.76,1.555,0.413,0.197,0.076,0.12,16.7,0.404,0.246,0.381,381.0,normal(<1),6.3,23.9,80.0,0.0,508.0,25.0,0.0,613.0,1.37
S00910,Silty clay loam,6.6,65.3,28.1,3.23,1.88,1.504,0.432,0.239,0.129,0.109,18.4,0.425,0.249,0.709,709.0,normal(<1),6.66,31.4,67.0,50.0,556.0,66.0,45.0,692.0,3.33
S00911,Sandy loam,51.5,38.2,10.3,1.33,0.77,1.592,0.399,0.159,0.072,0.087,21.1,0.529,0.188,2.825,2825.0,salt-sensitive-critical(2-3),6.78,28.8,154.0,83.0,363.0,21.0,12.0,395.0,1.63
S00912,Silt loam,4.7,87.3,8.0,1.0,0.58,1.615,0.39,0.234,0.105,0.13,29.6,0.757,0.095,0.648,648.0,normal(<1),6.89,27.3,57.0,35.0,557.0,20.0,0.0,742.0,1.29
S00913,Loam,40.2,40.2,19.6,2.37,1.37,1.557,0.413,0.23,0.096,0.134,24.6,0.597,0.166,0.487,487.0,normal(<1),6.49,25.2,63.0,34.0,395.0,55.0,17.0,439.0,2.51
S00914,Sand,92.4,4.5,3.1,0.3,0.17,1.726,0.349,0.1,0.025,0.075,22.7,0.652,0.121,0.164,164.0,normal(<1),6.14,25.1,17.0,59.0,20.0,12.0,14.0,62.0,0.14
S00915,Sandy clay,52.2,10.5,37.3,1.75,1.02,1.437,0.458,0.222,0.108,0.114,19.1,0.416,0.267,1.329,1329.0,germination-critical(1-2),6.5,30.9,110.0,33.0,128.0,43.0,8.0,194.0,1.78
S00916,Silty clay,4.6,40.2,55.2,4.44,2.58,1.455,0.451,0.321,0.163,0.157,23.1,0.513,0.22,2.792,2792.0,salt-sensitive-critical(2-3),6.99,23.4,151.0,112.0,420.0,90.0,37.0,448.0,3.98
S00917,Loam,47.2,35.2,17.6,1.69,0.98,1.509,0.43,0.182,0.073,0.109,31.4,0.73,0.116,0.278,278.0,normal(<1),6.75,34.2,36.0,70.0,346.0,59.0,17.0,415.0,1.97
S00918,Silt loam,9.4,79.5,11.1,1.37,0.8,1.463,0.448,0.22,0.111,0.109,26.0,0.58,0.188,2.681,2681.0,salt-sensitive-critical(2-3),6.43,20.2,172.0,98.0,569.0,14.0,23.0,645.0,1.45
S00919,Sandy clay,50.1,2.6,47.2,3.45,2.0,1.435,0.459,0.215,0.142,0.073,27.4,0.597,0.185,2.627,2627.0,salt-sensitive-critical(2-3),6.7,32.1,148.0,103.0,235.0,58.0,24.0,201.0,3.59
S00920,Loamy sand,86.7,9.1,4.2,1.33,0.77,1.565,0.409,0.131,0.057,0.074,17.5,0.427,0.234,2.875,2875.0,salt-sensitive-critical(2-3),6.62,22.0,228.0,110.0,209.0,71.0,17.0,147.0,1.34
S00921,Loam,44.9,38.0,17.1,1.72,1.0,1.595,0.398,0.2,0.103,0.097,22.8,0.574,0.17,3.043,3043.0,detrimental(>3),6.4,32.1,200.0,76.0,277.0,41.0,15.0,333.0,2.01
S00922,Loamy sand,70.5,22.6,6.9,1.5,0.87,1.617,0.39,0.13,0.045,0.085,25.4,0.651,0.136,0.737,737.0,normal(<1),5.98,27.5,22.0,0.0,176.0,25.0,15.0,194.0,0.93
S00923,Silty clay,10.9,47.7,41.3,2.02,1.17,1.431,0.46,0.255,0.124,0.13,25.1,0.546,0.209,0.607,607.0,normal(<1),6.37,28.1,52.0,17.0,434.0,56.0,12.0,520.0,1.93
S00924,Sandy loam,57.5,27.5,15.1,2.07,1.2,1.644,0.38,0.185,0.077,0.108,24.4,0.642,0.136,1.469,1469.0,germination-critical(1-2),6.77,27.2,123.0,94.0,323.0,74.0,16.0,334.0,2.08
S00925,Sand,98.2,1.4,0.4,0.3,0.17,1.638,0.382,0.105,0.032,0.073,17.7,0.463,0.205,0.352,352.0,normal(<1),6.3,37.7,0.0,0.0,0.0,4.0,0.0,14.0,0.31
S00926,Clay loam,25.5,39.6,34.9,1.97,1.14,1.563,0.41,0.227,0.108,0.119,22.2,0.54,0.189,0.481,481.0,normal(<1),6.6,37.2,59.0,0.0,352.0,42.0,13.0,434.0,2.19
S00927,Silt loam,8.5,67.9,23.6,3.5,2.03,1.447,0.454,0.249,0.111,0.138,30.9,0.68,0.145,0.567,567.0,normal(<1),5.58,28.4,77.0,48.0,597.0,71.0,35.0,673.0,3.79
S00928,Sandy clay loam,49.4,27.0,23.6,1.09,0.63,1.523,0.425,0.194,0.085,0.109,19.2,0.452,0.233,1.09,1090.0,germination-critical(1-2),6.15,25.7,56.0,17.0,259.0,55.0,1.0,291.0,1.27
S00929,Silt loam,19.5,71.2,9.3,1.15,0.67,1.566,0.409,0.217,0.098,0.119,27.5,0.672,0.134,0.889,889.0,normal(<1),6.01,34.5,54.0,60.0,555.0,39.0,29.0,626.0,0.97
S00930,Sandy clay,49.2,15.2,35.7,3.89,2.26,1.571,0.407,0.246,0.106,0.14,29.7,0.729,0.11,0.426,426.0,normal(<1),6.8,28.4,25.0,65.0,201.0,97.0,41.0,188.0,3.95
S00931,Sandy clay loam,53.2,22.0,24.8,1.52,0.88,1.509,0.43,0.22,0.076,0.144,26.2,0.609,0.168,0.227,227.0,normal(<1),6.64,25.5,58.0,1.0,215.0,64.0,18.0,252.0,1.47
S00932,Silt loam,22.1,51.0,27.0,3.2,1.86,1.517,0.428,0.224,0.098,0.126,25.8,0.603,0.17,0.325,325.0,normal(<1),6.2,29.2,63.0,70.0,492.0,101.0,38.0,596.0,3.45
S00933,Silty clay loam,15.9,55.6,28.6,2.87,1.67,1.507,0.431,0.248,0.106,0.142,29.4,0.681,0.138,0.619,619.0,normal(<1),7.16,30.1,52.0,41.0,356.0,80.0,25.0,546.0,2.94
S00934,Sandy clay loam,60.7,19.1,20.1,0.86,0.5,1.6,0.396,0.172,0.071,0.101,15.2,0.383,0.245,1.069,1069.0,germination-critical(1-2),6.55,29.8,42.0,61.0,255.0,28.0,16.0,226.0,0.59
S00935,Silty clay loam,0.7,70.8,28.5,2.87,1.67,1.568,0.408,0.267,0.123,0.144,20.8,0.508,0.201,0.385,385.0,normal(<1),5.82,31.9,26.0,23.0,582.0,78.0,16.0,723.0,2.89
S00936,Clay loam,35.8,26.9,37.3,2.48,1.44,1.462,0.448,0.228,0.115,0.113,23.2,0.518,0.216,0.199,199.0,normal(<1),6.22,30.5,44.0,45.0,294.0,67.0,23.0,352.0,2.26
S00937,Loamy sand,84.3,14.6,1.1,1.12,0.65,1.567,0.409,0.152,0.032,0.121,19.0,0.466,0.218,0.411,411.0,normal(<1),6.72,31.1,1.0,39.0,140.0,22.0,2.0,158.0,0.95
S00938,Loam,49.5,34.5,16.0,2.12,1.23,1.563,0.41,0.19,0.074,0.116,15.9,0.388,0.251,2.142,2142.0,salt-sensitive-critical(2-3),6.51,24.4,112.0,146.0,323.0,40.0,33.0,310.0,1.94
S00939,Loamy sand,79.2,15.1,5.7,3.36,1.95,1.555,0.413,0.186,0.062,0.124,30.5,0.738,0.108,0.39,390.0,normal(<1),6.28,24.6,46.0,38.0,138.0,56.0,39.0,132.0,3.15
S00940,Clay,29.8,7.0,63.2,4.09,2.38,1.422,0.463,0.262,0.163,0.099,29.6,0.639,0.167,0.388,388.0,normal(<1),5.65,30.3,83.0,19.0,210.0,68.0,37.0,276.0,4.01
S00941,Silt loam,13.2,74.2,12.6,3.27,1.89,1.532,0.422,0.224,0.103,0.121,23.2,0.549,0.19,0.825,825.0,normal(<1),6.3,24.2,41.0,0.0,540.0,68.0,21.0,622.0,3.16
S00942,Silt loam,19.8,74.7,5.4,1.69,0.98,1.504,0.433,0.22,0.102,0.118,30.7,0.71,0.125,0.474,474.0,normal(<1),6.12,21.3,25.0,30.0,558.0,41.0,0.0,640.0,1.96
S00943,Silty clay,9.9,42.1,48.0,3.83,2.22,1.483,0.44,0.269,0.144,0.126,28.0,0.636,0.16,0.715,715.0,normal(<1),6.57,40.7,88.0,54.0,407.0,104.0,10.0,505.0,3.95
S00944,Sandy loam,66.3,27.1,6.6,1.34,0.78,1.579,0.404,0.131,0.051,0.08,17.3,0.427,0.231,1.041,1041.0,germination-critical(1-2),6.22,24.7,72.0,63.0,279.0,40.0,10.0,266.0,1.19
S00945,Clay loam,33.8,26.5,39.7,3.89,2.26,1.386,0.477,0.237,0.115,0.122,26.3,0.552,0.214,1.166,1166.0,germination-critical(1-2),6.27,20.7,113.0,45.0,394.0,92.0,23.0,404.0,3.57
S00946,Clay loam,43.8,25.9,30.3,2.66,1.54,1.457,0.45,0.238,0.093,0.145,28.1,0.624,0.169,0.831,831.0,normal(<1),6.5,20.9,65.0,45.0,200.0,31.0,36.0,223.0,2.37
S00947,Clay,1.3,36.9,61.8,4.15,2.41,1.405,0.47,0.301,0.16,0.141,36.4,0.775,0.105,0.743,743.0,normal(<1),5.88,30.3,71.0,35.0,451.0,68.0,34.0,479.0,4.25
S00948,Sandy loam,61.8,27.4,10.8,2.3,1.34,1.562,0.41,0.174,0.074,0.1,13.5,0.328,0.276,0.466,466.0,normal(<1),6.41,28.8,49.0,49.0,191.0,59.0,23.0,251.0,2.21
S00949,Silt loam,15.1,83.9,1.1,0.71,0.41,1.495,0.436,0.205,0.09,0.114,23.3,0.534,0.203,0.066,66.0,normal(<1),6.87,29.8,0.0,0.0,550.0,22.0,0.0,692.0,0.58
S00950,Sand,97.4,1.1,1.5,0.72,0.42,1.66,0.373,0.092,0.049,0.043,19.9,0.534,0.174,0.343,343.0,normal(<1),6.46,28.8,79.0,11.0,76.0,35.0,0.0,19.0,1.47
S00951,Sandy loam,48.0,42.5,9.5,1.67,0.97,1.596,0.398,0.168,0.048,0.12,18.1,0.456,0.216,0.632,632.0,normal(<1),6.61,27.8,113.0,76.0,305.0,68.0,31.0,371.0,1.68
S00952,Loamy sand,88.5,5.1,6.4,2.88,1.67,1.536,0.42,0.129,0.057,0.072,18.1,0.431,0.239,1.061,1061.0,germination-critical(1-2),5.99,23.1,90.0,84.0,112.0,58.0,26.0,144.0,2.74
S00953,Silty clay,9.9,48.0,42.1,3.22,1.87,1.46,0.449,0.281,0.155,0.125,24.6,0.548,0.203,0.321,321.0,normal(<1),7.01,26.8,46.0,11.0,527.0,86.0,27.0,613.0,2.94
S00954,Sandy clay,46.7,9.0,44.2,2.74,1.59,1.467,0.446,0.207,0.111,0.096,21.9,0.49,0.228,1.664,1664.0,germination-critical(1-2),7.08,25.4,130.0,41.0,191.0,63.0,17.0,176.0,2.35
S00955,Sandy loam,47.9,46.2,5.9,0.92,0.53,1.599,0.397,0.169,0.074,0.096,24.9,0.627,0.148,0.255,255.0,normal(<1),6.43,32.7,7.0,43.0,309.0,9.0,19.0,415.0,1.49
S00956,Clay loam,20.2,45.3,34.5,3.84,2.23,1.484,0.44,0.262,0.126,0.136,27.8,0.631,0.162,0.234,234.0,normal(<1),6.49,28.8,35.0,35.0,289.0,80.0,17.0,418.0,3.62
S00957,Sandy loam,74.1,14.9,11.0,2.04,1.18,1.594,0.398,0.131,0.062,0.069,16.0,0.401,0.239,1.012,1012.0,germination-critical(1-2),6.82,29.8,69.0,41.0,110.0,63.0,21.0,116.0,2.13
S00958,Silty clay,12.0,45.2,42.8,3.17,1.84,1.459,0.45,0.26,0.147,0.113,22.9,0.51,0.22,0.157,157.0,normal(<1),5.95,28.5,51.0,2.0,405.0,63.0,16.0,525.0,3.22
S00959,Clay,20.0,23.6,56.4,3.28,1.9,1.425,0.462,0.296,0.145,0.151,25.6,0.553,0.207,3.066,3066.0,detrimental(>3),6.23,29.4,220.0,129.0,357.0,59.0,32.0,400.0,4.01
S00960,Sandy clay loam,50.7,27.1,22.2,2.22,1.29,1.58,0.404,0.178,0.106,0.071,26.2,0.648,0.142,0.417,417.0,normal(<1),5.68,34.9,61.0,10.0,305.0,68.0,2.0,349.0,1.79
S00961,Silt loam,28.2,64.2,7.6,2.99,1.74,1.493,0.437,0.217,0.088,0.13,26.7,0.612,0.169,0.227,227.0,normal(<1),6.31,32.3,2.0,0.0,414.0,67.0,21.0,621.0,3.3
S00962,Silt loam,17.9,60.9,21.1,2.4,1.39,1.438,0.458,0.228,0.106,0.122,28.4,0.621,0.173,4.456,4456.0,detrimental(>3),6.95,26.7,230.0,112.0,609.0,61.0,20.0,635.0,2.61
S00963,Sandy clay loam,64.9,8.7,26.4,0.63,0.37,1.501,0.433,0.166,0.084,0.082,26.9,0.621,0.164,0.843,843.0,normal(<1),6.45,30.8,101.0,47.0,137.0,39.0,7.0,126.0,0.46
S00964,Silt loam,25.9,59.9,14.1,2.4,1.39,1.543,0.418,0.208,0.096,0.112,23.2,0.556,0.185,0.569,569.0,normal(<1),6.36,28.8,51.0,0.0,400.0,28.0,26.0,540.0,2.3
S00965,Sandy clay loam,63.1,5.4,31.5,1.14,0.66,1.556,0.413,0.206,0.078,0.127,22.0,0.532,0.193,1.06,1060.0,germination-critical(1-2),7.03,24.9,95.0,16.0,184.0,37.0,28.0,177.0,1.27
S00966,Sandy clay loam,61.2,16.1,22.7,1.4,0.81,1.549,0.416,0.179,0.086,0.093,20.0,0.481,0.216,0.539,539.0,normal(<1),6.66,19.8,52.0,25.0,217.0,39.0,30.0,236.0,1.35
S00967,Loamy sand,89.6,4.5,5.9,0.71,0.41,1.514,0.429,0.108,0.049,0.059,27.7,0.646,0.152,1.398,1398.0,germination-critical(1-2),7.12,36.0,149.0,27.0,31.0,56.0,6.0,49.0,0.46
S00968,Sandy clay loam,59.6,18.9,21.4,0.99,0.57,1.596,0.398,0.181,0.075,0.106,26.2,0.658,0.136,0.16,160.0,normal(<1),6.6,28.4,17.0,17.0,183.0,7.0,14.0,253.0,1.14
S00969,Sand,86.7,6.7,6.7,2.25,1.3,1.659,0.374,0.102,0.054,0.048,22.4,0.6,0.15,4.119,4119.0,detrimental(>3),6.45,23.6,244.0,170.0,174.0,46.0,36.0,80.0,2.5
S00970,Silt loam,20.4,57.6,22.0,1.53,0.89,1.56,0.411,0.201,0.103,0.098,20.6,0.5,0.206,0.468,468.0,normal(<1),6.14,24.3,35.0,54.0,411.0,42.0,16.0,567.0,1.38
S00971,Silty clay,12.9,40.7,46.4,2.26,1.31,1.488,0.439,0.264,0.121,0.143,21.3,0.486,0.226,0.769,769.0,normal(<1),6.33,27.7,79.0,10.0,462.0,49.0,14.0,510.0,1.8
S00972,Sandy clay loam,46.8,19.5,33.7,1.99,1.16,1.539,0.419,0.179,0.09,0.089,23.3,0.555,0.187,0.108,108.0,normal(<1),6.89,25.9,23.0,0.0,295.0,69.0,9.0,364.0,2.3
S00973,Clay loam,31.3,39.4,29.3,1.52,0.88,1.536,0.42,0.217,0.117,0.1,24.7,0.588,0.173,1.595,1595.0,germination-critical(1-2),6.2,30.3,107.0,56.0,470.0,41.0,26.0,477.0,1.36
S00974,Silt loam,18.7,58.3,22.9,4.27,2.48,1.483,0.441,0.261,0.1,0.161,19.3,0.437,0.248,0.536,536.0,normal(<1),6.25,32.3,89.0,12.0,465.0,69.0,11.0,559.0,3.97
S00975,Loam,45.1,31.2,23.7,0.91,0.53,1.539,0.419,0.204,0.102,0.102,24.3,0.579,0.176,2.3,2300.0,salt-sensitive-critical(2-3),6.96,31.7,158.0,104.0,253.0,19.0,1.0,366.0,1.52
S00976,Sandy loam,47.7,38.1,14.2,2.08,1.21,1.571,0.407,0.185,0.093,0.091,18.4,0.451,0.224,1.162,1162.0,germination-critical(1-2),6.33,28.1,66.0,16.0,329.0,57.0,26.0,390.0,2.32
S00977,Sandy loam,77.6,17.4,5.0,1.21,0.7,1.587,0.401,0.143,0.033,0.11,17.7,0.442,0.224,0.349,349.0,normal(<1),5.67,27.0,26.0,14.0,120.0,35.0,14.0,191.0,0.71
S00978,Sand,89.6,4.8,5.6,0.3,0.17,1.627,0.386,0.126,0.047,0.078,16.7,0.433,0.219,0.349,349.0,normal(<1),6.5,25.6,31.0,14.0,149.0,37.0,9.0,72.0,0.0
S00979,Clay loam,28.3,42.1,29.5,2.36,1.37,1.546,0.417,0.246,0.107,0.139,20.9,0.501,0.208,0.208,208.0,normal(<1),6.6,24.6,18.0,17.0,345.0,33.0,8.0,433.0,2.45
S00980,Loam,36.9,38.8,24.3,1.15,0.67,1.47,0.445,0.198,0.091,0.107,24.3,0.546,0.202,2.275,2275.0,salt-sensitive-critical(2-3),6.24,28.2,146.0,49.0,363.0,43.0,18.0,397.0,0.79
S00981,Sandy loam,57.0,32.1,11.0,2.22,1.29,1.621,0.388,0.165,0.07,0.095,18.8,0.485,0.2,0.4,400.0,normal(<1),6.93,27.8,67.0,6.0,311.0,29.0,23.0,391.0,2.21
S00982,Sandy clay,55.8,6.2,38.0,1.74,1.01,1.51,0.43,0.181,0.103,0.078,26.6,0.618,0.164,0.421,421.0,normal(<1),6.53,20.4,80.0,0.0,154.0,49.0,7.0,168.0,1.82
S00983,Sandy clay,49.8,15.2,35.1,3.53,2.05,1.502,0.433,0.213,0.093,0.12,26.7,0.615,0.167,0.242,242.0,normal(<1),6.64,27.9,45.0,26.0,181.0,70.0,44.0,272.0,3.51
S00984,Silt loam,13.6,70.3,16.1,1.66,0.97,1.535,0.421,0.235,0.095,0.14,21.9,0.521,0.202,0.432,432.0,normal(<1),6.45,29.3,62.0,4.0,506.0,45.0,8.0,671.0,1.5
S00985,Sandy clay loam,55.4,23.0,21.6,2.76,1.6,1.409,0.468,0.181,0.078,0.103,24.9,0.533,0.219,0.302,302.0,normal(<1),6.96,27.2,27.0,7.0,266.0,73.0,30.0,261.0,2.8
S00986,Sandy clay,50.4,10.2,39.4,1.04,0.6,1.566,0.409,0.196,0.101,0.095,25.4,0.622,0.154,0.904,904.0,normal(<1),6.88,19.3,28.0,1.0,246.0,23.0,0.0,236.0,1.0
S00987,Clay loam,26.9,35.3,37.8,2.2,1.27,1.491,0.438,0.23,0.119,0.111,31.8,0.727,0.119,1.442,1442.0,germination-critical(1-2),6.35,25.3,40.0,87.0,360.0,22.0,28.0,429.0,2.14
S00988,Sandy clay loam,63.5,13.6,22.9,1.0,0.58,1.53,0.423,0.181,0.066,0.115,16.3,0.386,0.259,0.266,266.0,normal(<1),6.38,27.6,57.0,0.0,130.0,41.0,15.0,170.0,0.71
S00989,Sandy clay loam,56.0,13.8,30.2,1.21,0.7,1.52,0.426,0.186,0.094,0.092,23.7,0.556,0.189,0.288,288.0,normal(<1),6.73,29.3,10.0,36.0,287.0,1.0,4.0,212.0,0.6
S00990,Silty clay loam,17.6,43.9,38.5,3.25,1.88,1.495,0.436,0.257,0.125,0.133,21.4,0.491,0.222,0.589,589.0,normal(<1),6.49,19.4,37.0,31.0,439.0,58.0,17.0,473.0,3.28
S00991,Loamy sand,84.5,2.0,13.5,2.66,1.54,1.531,0.422,0.146,0.05,0.095,19.1,0.453,0.231,1.902,1902.0,germination-critical(1-2),6.32,31.8,132.0,110.0,139.0,41.0,28.0,152.0,2.63
S00992,Sandy clay loam,55.1,24.7,20.2,2.04,1.18,1.538,0.419,0.165,0.061,0.104,24.0,0.572,0.179,0.273,273.0,normal(<1),7.21,22.3,67.0,10.0,187.0,65.0,16.0,262.0,2.48
S00993,Silty clay loam,15.8,47.0,37.2,2.63,1.53,1.362,0.486,0.227,0.124,0.103,23.2,0.477,0.254,1.069,1069.0,germination-critical(1-2),5.78,32.7,111.0,35.0,338.0,74.0,17.0,462.0,3.11
S00994,Loam,36.2,45.2,18.6,2.04,1.19,1.557,0.413,0.206,0.092,0.114,25.5,0.618,0.158,1.024,1024.0,germination-critical(1-2),6.99,25.0,114.0,47.0,358.0,83.0,10.0,419.0,2.25
S00995,Silty clay loam,2.1,69.3,28.7,1.69,0.98,1.52,0.426,0.24,0.131,0.109,26.2,0.615,0.164,0.76,760.0,normal(<1),6.54,31.8,79.0,36.0,601.0,34.0,19.0,723.0,1.88
S00996,Sandy loam,79.6,5.6,14.8,0.66,0.38,1.632,0.384,0.132,0.057,0.075,15.3,0.398,0.231,2.766,2766.0,salt-sensitive-critical(2-3),6.62,28.1,104.0,63.0,116.0,7.0,5.0,72.0,0.48
S00997,Silty clay,7.9,45.4,46.7,2.79,1.62,1.466,0.447,0.265,0.132,0.133,25.7,0.576,0.189,0.207,207.0,normal(<1),6.4,28.5,63.0,42.0,389.0,71.0,30.0,472.0,2.92
S00998,Sandy clay loam,64.2,8.6,27.1,2.18,1.27,1.504,0.433,0.192,0.079,0.113,26.5,0.612,0.168,0.583,583.0,normal(<1),5.54,26.5,71.0,69.0,195.0,68.0,25.0,216.0,2.02
S00999,Loam,32.6,41.3,26.1,1.41,0.82,1.462,0.448,0.203,0.092,0.111,14.1,0.315,0.307,0.087,87.0,normal(<1),6.75,27.6,10.0,0.0,326.0,30.0,10.0,462.0,1.07
S01000,Silt loam,10.1,80.1,9.7,0.99,0.58,1.635,0.383,0.247,0.103,0.144,27.2,0.71,0.111,2.023,2023.0,salt-sensitive-critical(2-3),6.49,24.7,136.0,98.0,655.0,6.0,13.0,749.0,1.02
S01001,Sandy loam,55.4,31.8,12.8,3.38,1.96,1.538,0.419,0.197,0.09,0.107,30.7,0.732,0.112,2.854,2854.0,salt-sensitive-critical(2-3),6.16,27.9,232.0,107.0,395.0,73.0,29.0,374.0,3.54
S01002,Clay loam,23.1,45.8,31.1,3.52,2.04,1.487,0.439,0.22,0.099,0.121,29.4,0.67,0.145,0.563,563.0,normal(<1),6.17,32.3,46.0,41.0,409.0,86.0,32.0,457.0,3.78
S01003,Silt loam,24.3,70.6,5.1,1.39,0.8,1.555,0.413,0.232,0.098,0.134,21.8,0.527,0.196,0.867,867.0,normal(<1),6.55,30.8,26.0,48.0,511.0,29.0,17.0,613.0,1.21
S01004,Silty clay,14.2,41.4,44.4,1.49,0.86,1.483,0.44,0.247,0.139,0.108,30.4,0.69,0.136,0.361,361.0,normal(<1),6.41,32.4,47.0,34.0,383.0,40.0,24.0,518.0,1.45
S01005,Sandy clay loam,54.9,12.5,32.6,1.08,0.62,1.432,0.46,0.201,0.087,0.114,29.9,0.651,0.16,0.655,655.0,normal(<1),6.19,22.9,41.0,21.0,190.0,40.0,23.0,251.0,1.3
S01006,Sandy loam,69.4,23.2,7.4,2.29,1.33,1.605,0.395,0.155,0.055,0.1,25.5,0.647,0.139,0.295,295.0,normal(<1),6.04,24.3,0.0,32.0,141.0,40.0,25.0,197.0,2.29
S01007,Sandy loam,49.6,39.8,10.6,1.83,1.06,1.52,0.426,0.166,0.071,0.095,17.2,0.403,0.254,0.934,934.0,normal(<1),7.09,34.7,102.0,35.0,250.0,72.0,16.0,366.0,2.03
S01008,Silty clay,15.1,42.7,42.2,1.85,1.08,1.458,0.45,0.246,0.136,0.11,34.6,0.769,0.104,0.474,474.0,normal(<1),6.49,33.8,116.0,24.0,358.0,59.0,25.0,506.0,1.79
S01009,Sand,94.1,4.3,1.6,1.01,0.59,1.61,0.393,0.145,0.047,0.097,11.0,0.28,0.283,0.094,94.0,normal(<1),6.92,25.1,18.0,0.0,95.0,48.0,4.0,89.0,0.68
S01010,Loam,43.7,39.9,16.5,2.61,1.51,1.491,0.438,0.179,0.087,0.092,21.2,0.485,0.225,0.256,256.0,normal(<1),6.48,27.8,20.0,8.0,384.0,61.0,14.0,424.0,2.33
S01011,Loamy sand,87.4,7.1,5.4,0.3,0.17,1.687,0.363,0.135,0.035,0.1,13.2,0.364,0.231,0.088,88.0,normal(<1),6.61,27.5,23.0,9.0,90.0,12.0,7.0,69.0,0.7
S01012,Silty clay loam,13.6,46.7,39.7,3.79,2.2,1.455,0.451,0.271,0.14,0.13,31.7,0.702,0.135,1.311,1311.0,germination-critical(1-2),6.52,15.9,107.0,64.0,419.0,68.0,29.0,514.0,3.79
S01013,Silty clay loam,9.1,52.8,38.1,1.78,1.03,1.538,0.42,0.244,0.131,0.113,25.7,0.614,0.162,0.352,352.0,normal(<1),5.78,25.3,63.0,47.0,429.0,85.0,0.0,576.0,1.8
S01014,Loam,34.2,47.8,18.0,2.06,1.2,1.58,0.404,0.219,0.095,0.125,21.1,0.523,0.192,1.038,1038.0,germination-critical(1-2),6.05,17.9,66.0,16.0,377.0,75.0,14.0,476.0,2.23
S01015,Sandy loam,46.0,42.6,11.4,3.18,1.85,1.524,0.425,0.184,0.078,0.106,23.3,0.549,0.191,0.513,513.0,normal(<1),6.4,30.2,35.0,45.0,346.0,43.0,41.0,444.0,3.26
S01016,Clay loam,42.7,24.2,33.1,1.94,1.13,1.509,0.431,0.246,0.109,0.137,19.2,0.447,0.238,0.711,711.0,normal(<1),7.04,26.0,95.0,39.0,190.0,69.0,9.0,187.0,2.12
S01017,Sand,95.4,0.6,4.0,0.3,0.17,1.533,0.421,0.106,0.036,0.07,24.6,0.584,0.175,0.726,726.0,normal(<1),6.36,25.6,33.0,32.0,81.0,18.0,0.0,62.0,0.15
S01018,Loam,34.6,43.5,21.9,2.38,1.38,1.585,0.402,0.203,0.118,0.085,23.8,0.592,0.164,1.342,1342.0,germination-critical(1-2),5.9,31.8,147.0,72.0,418.0,60.0,20.0,513.0,2.08
S01019,Sandy clay loam,62.2,7.1,30.7,4.4,2.55,1.527,0.424,0.188,0.079,0.109,24.3,0.573,0.181,0.704,704.0,normal(<1),6.71,34.7,47.0,35.0,128.0,77.0,37.0,124.0,4.82
S01020,Loamy sand,70.8,26.4,2.8,2.31,1.34,1.578,0.405,0.144,0.05,0.094,26.0,0.642,0.145,2.688,2688.0,salt-sensitive-critical(2-3),6.76,26.1,154.0,65.0,245.0,42.0,19.0,272.0,2.32
S01021,Sandy loam,53.1,30.3,16.7,2.24,1.3,1.555,0.413,0.199,0.09,0.109,14.5,0.352,0.268,0.187,187.0,normal(<1),6.48,20.7,44.0,0.0,268.0,53.0,25.0,271.0,2.29
S01022,Sandy clay loam,64.4,5.8,29.7,3.54,2.06,1.58,0.404,0.158,0.099,0.059,20.9,0.519,0.194,1.287,1287.0,germination-critical(1-2),6.86,23.6,153.0,41.0,193.0,84.0,23.0,168.0,3.66
S01023,Sandy loam,56.2,29.0,14.8,1.04,0.6,1.645,0.379,0.18,0.058,0.122,16.2,0.428,0.217,0.472,472.0,normal(<1),6.69,29.1,38.0,21.0,290.0,15.0,29.0,303.0,1.18
S01024,Silty clay loam,19.8,49.3,30.9,3.07,1.78,1.478,0.442,0.274,0.108,0.165,22.8,0.516,0.214,0.3,300.0,normal(<1),6.48,33.7,55.0,54.0,383.0,76.0,40.0,531.0,2.64
S01025,Sandy clay loam,55.3,12.9,31.8,1.19,0.69,1.551,0.415,0.195,0.082,0.114,23.9,0.577,0.176,1.054,1054.0,germination-critical(1-2),6.9,30.4,26.0,70.0,175.0,44.0,22.0,232.0,0.9
S01026,Sandy clay loam,64.9,14.3,20.8,0.89,0.52,1.587,0.401,0.153,0.076,0.076,19.5,0.485,0.207,0.701,701.0,normal(<1),6.34,31.3,51.0,3.0,209.0,36.0,22.0,235.0,0.98
S01027,Sandy clay,57.3,4.3,38.4,1.12,0.65,1.551,0.415,0.195,0.101,0.094,27.5,0.664,0.139,1.049,1049.0,germination-critical(1-2),6.67,32.4,95.0,94.0,195.0,17.0,13.0,200.0,0.95
S01028,Loam,40.8,36.2,22.9,2.83,1.64,1.571,0.407,0.213,0.093,0.12,24.0,0.59,0.167,0.891,891.0,normal(<1),6.17,22.5,89.0,40.0,353.0,68.0,29.0,409.0,2.92
S01029,Loam,42.1,43.5,14.3,2.07,1.2,1.53,0.423,0.161,0.088,0.073,23.4,0.555,0.188,0.696,696.0,normal(<1),6.89,37.3,66.0,25.0,390.0,68.0,19.0,432.0,1.99
S01030,Loam,28.7,44.8,26.5,2.18,1.26,1.584,0.402,0.211,0.087,0.125,15.6,0.388,0.246,0.91,910.0,normal(<1),6.95,27.7,51.0,33.0,444.0,58.0,27.0,554.0,2.38
S01031,Silt loam,16.0,70.2,13.8,1.68,0.97,1.539,0.419,0.203,0.099,0.104,22.6,0.538,0.194,2.342,2342.0,salt-sensitive-critical(2-3),6.07,25.2,140.0,81.0,573.0,41.0,9.0,652.0,1.65
S01032,Sandy clay loam,53.3,19.3,27.4,1.12,0.65,1.528,0.423,0.175,0.092,0.083,30.8,0.726,0.116,1.136,1136.0,germination-critical(1-2),6.74,26.0,113.0,69.0,180.0,39.0,21.0,230.0,1.35
S01033,Loamy sand,81.6,9.6,8.8,3.09,1.79,1.612,0.392,0.164,0.045,0.118,26.2,0.67,0.129,0.108,108.0,normal(<1),6.6,24.5,65.0,26.0,134.0,41.0,27.0,130.0,3.22
S01034,Loam,50.3,37.3,12.4,1.45,0.84,1.554,0.413,0.203,0.057,0.145,24.1,0.583,0.173,0.702,702.0,normal(<1),6.33,29.8,33.0,34.0,231.0,46.0,14.0,336.0,1.33
S01035,Sandy loam,68.7,13.9,17.4,1.19,0.69,1.57,0.408,0.154,0.074,0.081,19.6,0.482,0.211,0.404,404.0,normal(<1),6.48,23.6,48.0,27.0,56.0,27.0,34.0,157.0,1.33
S01036,Silty clay,10.6,42.2,47.2,3.46,2.01,1.432,0.46,0.238,0.144,0.094,22.2,0.483,0.237,1.326,1326.0,germination-critical(1-2),6.17,20.5,117.0,78.0,421.0,65.0,39.0,483.0,3.14
S01037,Sandy clay,49.0,5.2,45.8,5.47,3.17,1.505,0.432,0.217,0.114,0.103,22.3,0.517,0.209,2.374,2374.0,salt-sensitive-critical(2-3),6.49,31.5,213.0,77.0,213.0,125.0,27.0,176.0,5.89
S01038,Loamy sand,70.5,29.0,0.5,0.96,0.56,1.623,0.387,0.154,0.049,0.105,28.3,0.732,0.104,0.753,753.0,normal(<1),6.81,34.6,37.0,31.0,367.0,32.0,18.0,318.0,1.17
S01039,Loam,41.8,33.2,25.0,3.06,1.78,1.421,0.464,0.196,0.081,0.115,15.8,0.341,0.306,0.103,103.0,normal(<1),6.18,28.3,27.0,0.0,319.0,77.0,2.0,393.0,3.22
S01040,Loam,48.0,29.8,22.2,1.06,0.62,1.557,0.412,0.206,0.075,0.131,30.8,0.748,0.104,0.552,552.0,normal(<1),6.13,38.6,86.0,34.0,321.0,56.0,27.0,338.0,0.96
S01041,Clay,36.1,22.2,41.6,1.62,0.94,1.613,0.391,0.242,0.134,0.108,25.2,0.644,0.139,0.069,69.0,normal(<1),6.8,19.6,45.0,20.0,272.0,53.0,37.0,302.0,1.32
S01042,Sandy loam,48.4,41.1,10.5,0.97,0.56,1.519,0.427,0.177,0.079,0.099,21.0,0.492,0.217,0.6,600.0,normal(<1),6.51,29.1,0.0,50.0,289.0,21.0,13.0,370.0,1.01
S01043,Loam,28.7,49.9,21.4,2.99,1.73,1.427,0.461,0.231,0.092,0.139,21.5,0.465,0.247,0.672,672.0,normal(<1),6.21,30.3,79.0,56.0,359.0,66.0,33.0,460.0,3.27
S01044,Sandy clay,56.5,8.2,35.3,2.04,1.18,1.561,0.411,0.189,0.107,0.083,26.6,0.648,0.145,0.56,560.0,normal(<1),5.83,32.3,94.0,66.0,173.0,74.0,15.0,166.0,1.63
S01045,Sandy loam,55.5,29.2,15.3,2.24,1.3,1.572,0.407,0.164,0.078,0.086,28.9,0.711,0.118,1.425,1425.0,germination-critical(1-2),6.24,28.2,178.0,61.0,172.0,61.0,21.0,238.0,2.32
S01046,Silty clay,1.6,51.8,46.6,2.49,1.45,1.518,0.427,0.264,0.146,0.118,26.4,0.619,0.163,0.992,992.0,normal(<1),6.28,27.0,100.0,39.0,477.0,55.0,22.0,547.0,2.49
S01047,Loam,39.4,41.9,18.7,1.72,1.0,1.479,0.442,0.189,0.078,0.112,27.3,0.618,0.169,1.077,1077.0,germination-critical(1-2),6.7,31.1,115.0,61.0,435.0,38.0,9.0,448.0,1.76
S01048,Clay loam,27.5,34.7,37.8,1.3,0.75,1.509,0.431,0.241,0.137,0.104,26.8,0.623,0.162,0.301,301.0,normal(<1),6.03,27.1,74.0,0.0,405.0,40.0,4.0,415.0,1.13
S01049,Silty clay,12.5,44.5,43.0,3.66,2.12,1.431,0.46,0.259,0.116,0.143,27.2,0.591,0.188,0.241,241.0,normal(<1),5.72,33.6,95.0,46.0,412.0,89.0,17.0,527.0,3.1
S01050,Loamy sand,78.8,12.4,8.8,0.6,0.35,1.548,0.416,0.135,0.062,0.072,24.6,0.591,0.17,0.881,881.0,normal(<1),7.4,24.7,82.0,19.0,249.0,16.0,1.0,199.0,0.42
S01051,Clay loam,37.8,32.7,29.5,2.3,1.34,1.542,0.418,0.225,0.112,0.113,26.9,0.643,0.149,0.41,410.0,normal(<1),6.34,24.5,28.0,24.0,118.0,25.0,6.0,254.0,2.36
S01052,Sandy clay loam,59.1,14.8,26.0,2.85,1.65,1.479,0.442,0.202,0.089,0.113,18.8,0.425,0.254,4.572,4572.0,detrimental(>3),6.42,28.3,295.0,158.0,271.0,80.0,29.0,259.0,2.96
S01053,Sandy loam,72.6,9.3,18.1,1.15,0.67,1.486,0.439,0.187,0.066,0.121,19.0,0.433,0.249,0.379,379.0,normal(<1),6.77,38.1,35.0,32.0,179.0,27.0,17.0,269.0,1.64
S01054,Silty clay,13.7,45.8,40.5,2.58,1.49,1.588,0.401,0.252,0.122,0.13,21.3,0.532,0.187,3.624,3624.0,detrimental(>3),6.61,23.0,270.0,140.0,556.0,84.0,29.0,536.0,2.64
S01055,Clay loam,39.4,27.6,33.0,1.92,1.11,1.537,0.42,0.219,0.104,0.115,25.8,0.614,0.162,0.204,204.0,normal(<1),6.47,24.8,55.0,23.0,336.0,14.0,39.0,340.0,1.63
S01056,Sand,95.6,3.6,0.8,0.62,0.36,1.66,0.374,0.129,0.041,0.088,11.9,0.318,0.255,0.185,185.0,normal(<1),6.12,24.0,20.0,0.0,95.0,8.0,8.0,71.0,0.75
S01057,Sandy loam,55.3,29.4,15.3,2.52,1.46,1.507,0.431,0.19,0.075,0.115,26.9,0.624,0.162,0.594,594.0,normal(<1),6.83,31.6,36.0,0.0,201.0,51.0,13.0,304.0,2.86
S01058,Silty clay loam,9.8,61.5,28.7,1.33,0.77,1.555,0.413,0.26,0.134,0.126,22.4,0.543,0.189,0.318,318.0,normal(<1),7.24,25.6,54.0,34.0,472.0,19.0,30.0,642.0,1.35
S01059,Loamy sand,70.7,24.0,5.3,1.97,1.14,1.634,0.384,0.158,0.048,0.111,22.1,0.575,0.163,0.816,816.0,normal(<1),6.2,23.5,89.0,18.0,347.0,53.0,25.0,324.0,2.24
S01060,Clay,14.3,17.4,68.3,4.04,2.34,1.248,0.529,0.298,0.164,0.134,31.8,0.602,0.211,0.605,605.0,normal(<1),5.98,32.4,99.0,66.0,284.0,84.0,32.0,358.0,4.23
S01061,Sandy clay,52.1,5.8,42.1,3.39,1.97,1.565,0.41,0.208,0.092,0.116,25.6,0.626,0.153,0.342,342.0,normal(<1),6.64,26.0,104.0,40.0,147.0,77.0,25.0,160.0,3.53
S01062,Loam,49.1,34.6,16.3,1.82,1.05,1.481,0.441,0.173,0.084,0.089,19.9,0.452,0.242,0.128,128.0,normal(<1),6.49,29.5,82.0,40.0,293.0,39.0,29.0,351.0,2.05
S01063,Sandy clay loam,62.3,13.8,23.9,2.44,1.42,1.515,0.428,0.174,0.09,0.083,23.9,0.558,0.189,0.952,952.0,normal(<1),6.89,25.3,96.0,42.0,156.0,38.0,35.0,154.0,2.71
S01064,Loam,49.5,28.6,21.9,1.92,1.11,1.457,0.45,0.164,0.095,0.069,29.0,0.643,0.16,0.304,304.0,normal(<1),6.53,21.9,13.0,55.0,180.0,50.0,31.0,275.0,2.13
S01065,Sandy clay,56.7,2.9,40.4,0.96,0.56,1.529,0.423,0.225,0.095,0.129,17.2,0.407,0.251,2.342,2342.0,salt-sensitive-critical(2-3),6.33,21.7,113.0,88.0,195.0,40.0,8.0,167.0,0.93
S01066,Clay,21.6,33.8,44.5,3.68,2.13,1.45,0.453,0.267,0.131,0.137,34.7,0.767,0.106,0.315,315.0,normal(<1),6.79,31.7,66.0,44.0,265.0,89.0,30.0,417.0,3.99
S01067,Loamy sand,80.2,19.6,0.1,1.03,0.6,1.517,0.428,0.109,0.053,0.056,24.5,0.572,0.183,0.439,439.0,normal(<1),6.03,27.3,16.0,48.0,139.0,13.0,19.0,205.0,1.02
S01068,Sandy clay loam,61.0,10.8,28.1,2.34,1.36,1.432,0.46,0.191,0.09,0.101,17.1,0.373,0.288,0.795,795.0,normal(<1),6.49,22.8,93.0,30.0,226.0,52.0,12.0,259.0,2.59
S01069,Loam,35.1,48.0,16.8,3.58,2.08,1.5,0.434,0.197,0.096,0.101,21.9,0.506,0.215,0.404,404.0,normal(<1),6.86,26.9,62.0,39.0,384.0,68.0,17.0,466.0,4.1
S01070,Silt loam,6.0,77.6,16.3,2.42,1.4,1.568,0.408,0.226,0.116,0.11,24.7,0.604,0.162,0.652,652.0,normal(<1),6.97,32.3,53.0,4.0,565.0,55.0,22.0,679.0,2.59
S01071,Clay loam,39.8,21.7,38.5,3.66,2.13,1.605,0.395,0.218,0.108,0.111,22.2,0.563,0.172,0.296,296.0,normal(<1),6.12,19.1,82.0,0.0,257.0,98.0,36.0,346.0,3.6
S01072,Clay loam,31.6,34.1,34.3,2.6,1.51,1.598,0.397,0.237,0.107,0.13,32.4,0.816,0.073,0.578,578.0,normal(<1),6.05,24.7,48.0,58.0,355.0,38.0,8.0,468.0,2.72
S01073,Silty clay loam,18.8,54.0,27.2,4.02,2.33,1.47,0.445,0.229,0.119,0.11,27.7,0.621,0.169,0.399,399.0,normal(<1),6.67,25.4,75.0,51.0,403.0,104.0,27.0,535.0,3.99
S01074,Loamy sand,75.9,20.3,3.8,1.15,0.67,1.616,0.39,0.158,0.047,0.111,23.6,0.605,0.154,0.206,206.0,normal(<1),7.0,25.8,37.0,14.0,161.0,51.0,19.0,228.0,1.15
S01075,Sand,87.2,10.7,2.1,0.78,0.45,1.752,0.339,0.112,0.04,0.072,7.1,0.209,0.268,1.088,1088.0,germination-critical(1-2),6.68,31.7,80.0,31.0,127.0,19.0,0.0,115.0,0.64
S01076,Sand,90.6,0.0,9.4,1.09,0.63,1.63,0.385,0.1,0.037,0.063,19.9,0.516,0.186,0.339,339.0,normal(<1),6.68,29.5,36.0,5.0,0.0,29.0,23.0,32.0,0.75
S01077,Loam,34.6,45.5,19.9,4.74,2.75,1.479,0.442,0.225,0.102,0.123,26.6,0.602,0.176,0.525,525.0,normal(<1),6.53,36.4,24.0,32.0,359.0,70.0,29.0,400.0,5.04
S01078,Silty clay,3.8,54.8,41.5,1.67,0.97,1.426,0.462,0.26,0.135,0.126,22.4,0.484,0.238,0.109,109.0,normal(<1),6.66,30.5,66.0,15.0,491.0,90.0,25.0,606.0,1.74
S01079,Silt loam,4.4,75.1,20.5,4.64,2.69,1.472,0.444,0.252,0.102,0.15,25.7,0.579,0.187,0.407,407.0,normal(<1),6.56,26.8,79.0,18.0,494.0,133.0,35.0,643.0,4.77
S01080,Sandy clay,53.5,8.4,38.1,1.15,0.66,1.476,0.443,0.23,0.081,0.148,29.3,0.661,0.15,4.59,4590.0,detrimental(>3),6.74,28.7,249.0,106.0,292.0,22.0,0.0,230.0,1.22
S01081,Sandy loam,79.1,9.8,11.1,2.49,1.45,1.547,0.416,0.155,0.044,0.111,22.8,0.548,0.188,0.284,284.0,normal(<1),6.02,27.6,50.0,21.0,93.0,74.0,30.0,128.0,2.56
S01082,Clay,19.2,31.9,48.9,2.85,1.65,1.452,0.452,0.255,0.12,0.135,29.9,0.663,0.152,0.316,316.0,normal(<1),6.16,24.6,80.0,17.0,364.0,67.0,18.0,469.0,2.88
S01083,Sandy clay loam,64.8,0.9,34.3,4.08,2.37,1.453,0.452,0.192,0.07,0.122,23.6,0.523,0.216,1.952,1952.0,germination-critical(1-2),6.33,23.9,156.0,74.0,139.0,57.0,24.0,84.0,4.44
S01084,Clay,7.5,30.1,62.4,2.87,1.67,1.442,0.456,0.306,0.152,0.154,23.9,0.524,0.217,0.895,895.0,normal(<1),6.11,23.0,17.0,60.0,397.0,81.0,32.0,445.0,3.0
S01085,Silty clay loam,10.5,54.0,35.4,1.63,0.95,1.541,0.418,0.228,0.105,0.123,23.2,0.554,0.187,0.237,237.0,normal(<1),7.01,30.4,30.0,31.0,484.0,24.0,36.0,579.0,1.76
S01086,Clay loam,26.6,36.5,36.9,2.87,1.67,1.452,0.452,0.219,0.121,0.097,21.7,0.479,0.235,0.22,220.0,normal(<1),6.51,26.6,33.0,27.0,423.0,60.0,34.0,453.0,2.8
S01087,Loam,43.4,49.4,7.2,1.32,0.77,1.647,0.379,0.158,0.091,0.068,21.3,0.561,0.166,0.369,369.0,normal(<1),6.65,28.1,43.0,90.0,365.0,30.0,24.0,447.0,1.15
S01088,Loam,48.6,32.9,18.4,3.63,2.1,1.482,0.441,0.208,0.089,0.119,30.6,0.695,0.135,0.073,73.0,normal(<1),6.42,22.6,55.0,59.0,332.0,100.0,38.0,338.0,3.39
S01089,Clay loam,24.5,36.8,38.7,1.59,0.92,1.481,0.441,0.215,0.108,0.107,21.6,0.49,0.225,0.377,377.0,normal(<1),6.39,26.4,47.0,7.0,286.0,35.0,19.0,363.0,1.2
S01090,Silt loam,16.9,81.4,1.7,0.74,0.43,1.59,0.4,0.173,0.074,0.1,25.3,0.632,0.147,0.158,158.0,normal(<1),6.92,22.4,49.0,0.0,569.0,28.0,0.0,632.0,0.49
S01091,Clay,20.8,17.7,61.5,3.45,2.0,1.555,0.413,0.277,0.148,0.129,32.0,0.775,0.093,0.154,154.0,normal(<1),6.37,27.1,0.0,47.0,322.0,49.0,21.0,378.0,3.54
S01092,Silty clay loam,6.8,61.8,31.5,2.74,1.59,1.508,0.431,0.262,0.105,0.157,18.2,0.423,0.249,0.859,859.0,normal(<1),6.54,32.0,90.0,69.0,556.0,50.0,26.0,666.0,3.16
S01093,Silt loam,10.5,87.7,1.8,1.85,1.07,1.56,0.411,0.198,0.101,0.096,25.8,0.627,0.153,2.13,2130.0,salt-sensitive-critical(2-3),6.1,22.0,154.0,97.0,639.0,65.0,20.0,742.0,1.47
S01094,Sandy clay loam,64.2,13.0,22.8,0.76,0.44,1.454,0.451,0.172,0.084,0.087,21.7,0.48,0.235,1.672,1672.0,germination-critical(1-2),6.25,31.5,57.0,46.0,316.0,6.0,2.0,250.0,1.02
S01095,Silty clay,2.8,42.2,55.1,1.94,1.13,1.535,0.421,0.285,0.136,0.148,30.2,0.717,0.119,0.322,322.0,normal(<1),6.3,27.3,38.0,31.0,388.0,37.0,27.0,482.0,2.19
S01096,Clay loam,34.1,31.2,34.7,1.96,1.14,1.59,0.4,0.225,0.112,0.114,12.8,0.321,0.272,0.327,327.0,normal(<1),6.49,25.4,51.0,23.0,360.0,83.0,12.0,382.0,1.99
S01097,Sand,87.1,10.3,2.6,0.3,0.17,1.682,0.365,0.111,0.06,0.052,17.2,0.471,0.193,0.196,196.0,normal(<1),5.73,29.7,0.0,2.0,37.0,1.0,11.0,98.0,0.16
S01098,Silty clay,5.1,42.3,52.7,2.15,1.24,1.466,0.447,0.276,0.138,0.138,24.6,0.551,0.201,0.863,863.0,normal(<1),6.69,30.1,53.0,19.0,416.0,42.0,14.0,503.0,1.96
S01099,Sandy loam,45.2,38.4,16.4,1.66,0.96,1.534,0.421,0.195,0.069,0.126,27.4,0.652,0.147,0.322,322.0,normal(<1),6.98,25.1,41.0,14.0,270.0,7.0,19.0,342.0,1.96
S01100,Sand,94.0,3.1,3.0,0.3,0.17,1.608,0.393,0.095,0.037,0.058,13.5,0.343,0.258,0.169,169.0,normal(<1),5.69,26.8,17.0,0.0,6.0,15.0,0.0,13.0,0.21
S01101,Silty clay loam,4.6,58.2,37.1,3.01,1.74,1.472,0.444,0.261,0.148,0.113,24.9,0.56,0.195,0.067,67.0,normal(<1),6.55,24.0,2.0,12.0,540.0,35.0,40.0,667.0,2.79
S01102,Clay loam,34.2,37.8,28.1,1.01,0.58,1.539,0.419,0.221,0.099,0.121,24.5,0.584,0.174,3.752,3752.0,detrimental(>3),7.58,27.1,180.0,91.0,463.0,35.0,6.0,404.0,1.0
S01103,Silt loam,24.3,58.1,17.6,1.2,0.69,1.47,0.445,0.196,0.074,0.121,16.3,0.365,0.282,0.65,650.0,normal(<1),6.34,38.8,31.0,34.0,460.0,23.0,16.0,581.0,1.27
S01104,Sand,88.3,5.0,6.7,0.37,0.21,1.622,0.388,0.122,0.036,0.086,13.3,0.342,0.255,0.42,420.0,normal(<1),6.59,24.7,0.0,14.0,123.0,0.0,0.0,150.0,0.33
S01105,Silty clay,1.2,43.7,55.1,2.62,1.52,1.374,0.481,0.291,0.141,0.15,29.4,0.61,0.188,0.207,207.0,normal(<1),6.59,32.3,33.0,52.0,452.0,75.0,42.0,519.0,2.42
S01106,Sand,86.7,4.5,8.8,1.07,0.62,1.667,0.371,0.117,0.049,0.069,24.4,0.657,0.127,0.194,194.0,normal(<1),7.01,23.0,52.0,26.0,106.0,33.0,7.0,97.0,1.22
S01107,Loam,43.0,38.6,18.5,1.64,0.95,1.544,0.417,0.218,0.072,0.146,21.1,0.506,0.206,0.151,151.0,normal(<1),6.89,28.3,17.0,24.0,216.0,42.0,23.0,344.0,1.23
S01108,Sandy loam,74.3,16.4,9.2,1.14,0.66,1.604,0.395,0.144,0.06,0.085,20.0,0.507,0.195,0.509,509.0,normal(<1),6.27,26.0,14.0,23.0,154.0,29.0,1.0,165.0,0.7
S01109,Clay loam,26.1,46.5,27.4,2.51,1.45,1.468,0.446,0.219,0.101,0.118,19.1,0.427,0.255,0.117,117.0,normal(<1),6.69,37.4,55.0,27.0,378.0,71.0,31.0,509.0,2.68
S01110,Silty clay,10.8,47.7,41.5,1.9,1.1,1.473,0.444,0.251,0.13,0.121,25.7,0.578,0.187,0.763,763.0,normal(<1),6.31,24.8,63.0,6.0,405.0,33.0,36.0,539.0,1.88
S01111,Silt loam,7.7,80.7,11.5,3.37,1.95,1.481,0.441,0.231,0.103,0.128,20.5,0.466,0.236,0.07,70.0,normal(<1),6.18,32.0,38.0,2.0,630.0,58.0,15.0,705.0,3.44
S01112,Clay loam,22.7,50.0,27.3,1.43,0.83,1.541,0.419,0.243,0.082,0.161,13.2,0.315,0.287,0.577,577.0,normal(<1),6.65,28.7,44.0,6.0,342.0,35.0,0.0,497.0,1.57
S01113,Sandy clay loam,56.5,17.6,25.8,1.32,0.76,1.604,0.395,0.199,0.082,0.117,27.0,0.684,0.125,0.509,509.0,normal(<1),7.07,40.5,94.0,7.0,321.0,32.0,16.0,273.0,1.24
S01114,Loamy sand,78.2,7.2,14.6,1.77,1.02,1.649,0.378,0.158,0.075,0.084,27.5,0.729,0.103,0.763,763.0,normal(<1),5.94,26.2,56.0,33.0,127.0,38.0,11.0,161.0,2.03
S01115,Sandy loam,59.5,28.0,12.4,1.27,0.73,1.614,0.391,0.151,0.067,0.084,23.8,0.609,0.153,0.105,105.0,normal(<1),6.74,28.1,44.0,0.0,292.0,49.0,15.0,294.0,1.17
S01116,Silt loam,4.6,75.0,20.4,3.05,1.77,1.532,0.422,0.213,0.111,0.103,19.6,0.464,0.226,0.706,706.0,normal(<1),6.45,40.4,92.0,43.0,624.0,83.0,34.0,772.0,3.13
S01117,Loamy sand,74.0,11.9,14.1,1.39,0.81,1.67,0.37,0.147,0.041,0.106,17.7,0.48,0.192,0.384,384.0,normal(<1),6.32,22.3,66.0,0.0,147.0,34.0,0.0,205.0,1.29
S01118,Silty clay loam,12.8,54.8,32.4,2.83,1.64,1.405,0.47,0.273,0.124,0.149,27.3,0.581,0.197,1.284,1284.0,germination-critical(1-2),6.31,23.9,74.0,25.0,529.0,36.0,20.0,616.0,2.67
S01119,Loamy sand,79.6,18.8,1.7,1.57,0.91,1.646,0.379,0.131,0.041,0.09,11.1,0.292,0.268,0.294,294.0,normal(<1),6.52,26.2,6.0,0.0,180.0,21.0,19.0,161.0,1.57
S01120,Silt loam,12.2,72.0,15.8,1.45,0.84,1.522,0.426,0.238,0.104,0.134,24.1,0.566,0.185,1.187,1187.0,germination-critical(1-2),6.77,27.5,92.0,67.0,547.0,47.0,25.0,677.0,1.83
S01121,Clay,0.2,34.5,65.3,3.11,1.81,1.34,0.494,0.283,0.149,0.134,26.4,0.534,0.23,0.898,898.0,normal(<1),6.35,29.0,91.0,0.0,459.0,83.0,7.0,582.0,3.14
S01122,Sandy clay loam,52.0,16.4,31.6,1.82,1.05,1.552,0.414,0.199,0.099,0.1,11.4,0.276,0.3,0.326,326.0,normal(<1),6.96,26.9,28.0,22.0,143.0,24.0,42.0,201.0,1.55
S01123,Silty clay,5.0,47.8,47.2,3.77,2.19,1.446,0.454,0.298,0.122,0.175,27.5,0.605,0.18,0.123,123.0,normal(<1),5.78,27.5,87.0,19.0,484.0,99.0,33.0,575.0,3.63
S01124,Sand,85.3,8.6,6.0,1.47,0.85,1.609,0.393,0.113,0.051,0.062,22.5,0.574,0.167,1.278,1278.0,germination-critical(1-2),6.87,23.3,69.0,73.0,43.0,44.0,28.0,79.0,1.27
S01125,Loam,47.2,28.9,23.8,1.34,0.78,1.479,0.442,0.171,0.094,0.076,32.7,0.739,0.115,0.378,378.0,normal(<1),6.27,27.9,30.0,18.0,229.0,42.0,18.0,308.0,1.04
S01126,Loam,48.9,39.0,12.1,1.6,0.93,1.559,0.412,0.17,0.086,0.084,18.5,0.449,0.227,0.052,52.0,normal(<1),6.31,33.2,35.0,16.0,283.0,39.0,21.0,342.0,2.11
S01127,Silt loam,27.7,62.8,9.5,1.63,0.95,1.518,0.427,0.202,0.073,0.129,27.2,0.638,0.155,1.357,1357.0,germination-critical(1-2),5.75,27.4,72.0,24.0,551.0,21.0,8.0,633.0,1.54
S01128,Silty clay loam,18.7,41.4,39.9,1.97,1.14,1.498,0.435,0.247,0.127,0.119,23.7,0.544,0.198,1.103,1103.0,germination-critical(1-2),6.52,23.0,91.0,38.0,400.0,29.0,16.0,459.0,1.75
S01129,Sandy clay,48.5,6.6,45.0,2.04,1.19,1.425,0.462,0.214,0.092,0.122,32.1,0.695,0.141,0.559,559.0,normal(<1),6.58,23.6,1.0,19.0,211.0,51.0,11.0,246.0,2.38
S01130,Sandy loam,62.9,17.8,19.3,4.0,2.32,1.546,0.417,0.183,0.075,0.108,18.6,0.445,0.231,0.101,101.0,normal(<1),6.05,21.9,53.0,52.0,148.0,61.0,45.0,140.0,4.07
S01131,Sandy loam,79.7,3.5,16.8,2.4,1.39,1.527,0.424,0.158,0.044,0.114,23.1,0.545,0.193,1.899,1899.0,germination-critical(1-2),6.5,20.2,125.0,98.0,117.0,57.0,26.0,129.0,2.54
S01132,Silty clay loam,8.4,60.6,31.0,2.27,1.32,1.47,0.445,0.274,0.114,0.16,28.1,0.631,0.164,0.312,312.0,normal(<1),6.51,27.8,15.0,32.0,499.0,69.0,14.0,592.0,2.52
S01133,Sandy clay,46.7,9.1,44.3,4.25,2.47,1.387,0.477,0.244,0.105,0.14,29.2,0.612,0.185,0.172,172.0,normal(<1),6.44,22.4,81.0,27.0,193.0,106.0,31.0,281.0,4.49
S01134,Sandy loam,75.5,14.4,10.1,0.9,0.52,1.666,0.371,0.141,0.044,0.097,16.4,0.441,0.208,1.178,1178.0,germination-critical(1-2),6.98,24.8,33.0,25.0,105.0,3.0,0.0,94.0,0.93
S01135,Sandy loam,66.5,14.3,19.2,1.27,0.74,1.603,0.395,0.146,0.073,0.073,18.5,0.468,0.21,2.482,2482.0,salt-sensitive-critical(2-3),6.97,21.3,133.0,84.0,205.0,30.0,25.0,169.0,0.89
S01136,Silty clay loam,5.6,67.4,27.0,2.22,1.29,1.554,0.414,0.237,0.131,0.107,20.6,0.498,0.208,0.508,508.0,normal(<1),6.24,37.3,79.0,8.0,480.0,39.0,19.0,658.0,2.57
S01137,Loam,42.2,37.4,20.5,3.37,1.95,1.463,0.448,0.204,0.083,0.121,13.9,0.309,0.309,1.561,1561.0,germination-critical(1-2),6.23,34.7,84.0,44.0,382.0,67.0,26.0,453.0,3.33
S01138,Clay loam,31.8,36.6,31.6,1.41,0.82,1.526,0.424,0.248,0.105,0.143,28.4,0.67,0.14,0.309,309.0,normal(<1),5.83,28.6,45.0,0.0,358.0,39.0,12.0,427.0,1.54
S01139,Sandy loam,62.3,29.7,8.1,0.52,0.3,1.633,0.384,0.148,0.063,0.085,18.7,0.487,0.197,0.094,94.0,normal(<1),6.76,29.3,0.0,0.0,209.0,0.0,16.0,290.0,0.28
S01140,Silty clay,7.1,44.7,48.2,4.49,2.6,1.409,0.468,0.276,0.147,0.13,25.6,0.547,0.212,0.272,272.0,normal(<1),6.75,26.6,21.0,35.0,421.0,96.0,30.0,575.0,4.58
S01141,Sandy loam,57.9,23.5,18.6,1.98,1.15,1.611,0.392,0.172,0.087,0.085,21.2,0.54,0.18,0.482,482.0,normal(<1),6.18,34.3,73.0,36.0,284.0,33.0,10.0,297.0,1.96
S01142,Loamy sand,71.4,26.8,1.8,2.12,1.23,1.626,0.387,0.144,0.067,0.076,20.6,0.534,0.18,1.6,1600.0,germination-critical(1-2),7.04,26.0,79.0,51.0,198.0,53.0,30.0,244.0,2.0
S01143,Sandy clay loam,61.3,7.1,31.6,3.45,2.0,1.539,0.419,0.209,0.085,0.124,23.8,0.568,0.181,1.372,1372.0,germination-critical(1-2),6.8,20.6,115.0,20.0,237.0,65.0,33.0,209.0,3.79
S01144,Clay loam,36.0,33.3,30.7,3.78,2.19,1.48,0.441,0.223,0.087,0.136,28.7,0.649,0.155,0.473,473.0,normal(<1),6.46,33.4,61.0,37.0,266.0,91.0,43.0,362.0,3.45
S01145,Sandy clay loam,53.1,17.2,29.6,2.58,1.5,1.518,0.427,0.174,0.082,0.092,20.0,0.469,0.227,0.497,497.0,normal(<1),6.62,27.2,74.0,44.0,169.0,47.0,6.0,233.0,2.15
S01146,Sandy loam,45.6,38.7,15.6,1.19,0.69,1.568,0.408,0.221,0.081,0.14,19.5,0.477,0.214,0.343,343.0,normal(<1),6.24,26.7,84.0,27.0,256.0,59.0,18.0,384.0,1.61
S01147,Clay loam,41.6,21.9,36.6,2.65,1.54,1.523,0.425,0.228,0.103,0.125,26.6,0.626,0.159,0.097,97.0,normal(<1),6.73,28.9,31.0,16.0,185.0,65.0,0.0,270.0,3.29
S01148,Sandy loam,70.7,18.4,10.8,0.51,0.29,1.629,0.385,0.167,0.064,0.103,22.4,0.581,0.161,0.435,435.0,normal(<1),5.87,23.6,65.0,0.0,215.0,19.0,2.0,255.0,0.9
S01149,Sandy clay,50.0,14.7,35.3,2.35,1.36,1.484,0.44,0.217,0.1,0.117,25.9,0.589,0.181,0.933,933.0,normal(<1),6.58,27.1,85.0,41.0,240.0,73.0,16.0,243.0,1.98
S01150,Loamy sand,77.8,11.5,10.7,4.72,2.74,1.541,0.419,0.169,0.056,0.114,25.9,0.618,0.16,0.342,342.0,normal(<1),6.33,37.3,64.0,25.0,143.0,70.0,37.0,125.0,4.97
S01151,Clay loam,28.4,32.0,39.6,3.27,1.9,1.426,0.462,0.271,0.107,0.165,29.2,0.633,0.169,0.65,650.0,normal(<1),6.62,23.5,98.0,11.0,433.0,57.0,35.0,473.0,3.73
S01152,Silty clay loam,4.9,67.4,27.6,2.0,1.16,1.562,0.41,0.227,0.111,0.116,31.0,0.755,0.1,0.308,308.0,normal(<1),5.63,27.3,101.0,8.0,613.0,77.0,0.0,674.0,1.84
S01153,Loamy sand,89.6,8.5,1.9,0.61,0.35,1.652,0.376,0.118,0.038,0.08,26.0,0.69,0.117,0.869,869.0,normal(<1),6.39,27.8,60.0,60.0,112.0,28.0,4.0,83.0,0.51
S01154,Loam,37.2,37.8,25.0,1.62,0.94,1.554,0.414,0.218,0.1,0.119,17.8,0.431,0.235,1.013,1013.0,germination-critical(1-2),6.25,32.9,47.0,31.0,371.0,48.0,15.0,469.0,1.71
S01155,Loamy sand,83.9,6.8,9.3,0.73,0.42,1.569,0.408,0.148,0.042,0.106,27.4,0.672,0.134,0.485,485.0,normal(<1),6.07,32.0,38.0,0.0,54.0,31.0,19.0,101.0,0.96
S01156,Sandy loam,54.0,28.1,17.9,1.05,0.61,1.597,0.397,0.192,0.07,0.122,25.6,0.643,0.142,0.159,159.0,normal(<1),6.74,23.9,42.0,40.0,267.0,49.0,22.0,318.0,0.95
S01157,Sandy loam,52.5,42.0,5.5,4.55,2.64,1.539,0.419,0.186,0.077,0.108,16.7,0.399,0.252,0.542,542.0,normal(<1),6.53,33.2,60.0,0.0,305.0,88.0,18.0,372.0,4.6
S01158,Sandy clay loam,54.9,23.1,22.0,2.63,1.52,1.438,0.457,0.191,0.095,0.096,21.0,0.459,0.248,2.631,2631.0,salt-sensitive-critical(2-3),6.72,21.8,152.0,137.0,297.0,48.0,31.0,321.0,2.74
S01159,Loam,51.1,38.9,10.1,3.58,2.08,1.487,0.439,0.162,0.084,0.078,22.6,0.515,0.213,0.116,116.0,normal(<1),6.45,29.6,77.0,44.0,252.0,92.0,17.0,339.0,3.27
S01160,Loam,36.2,38.6,25.2,1.21,0.7,1.422,0.463,0.18,0.108,0.072,22.5,0.485,0.239,0.757,757.0,normal(<1),6.62,29.3,89.0,42.0,314.0,52.0,12.0,413.0,1.18
S01161,Silty clay loam,0.6,60.2,39.2,1.77,1.03,1.432,0.46,0.286,0.121,0.165,21.0,0.456,0.25,1.283,1283.0,germination-critical(1-2),7.12,20.0,34.0,50.0,502.0,51.0,24.0,620.0,2.15
S01162,Silt loam,12.2,69.0,18.8,2.93,1.7,1.482,0.441,0.197,0.113,0.084,28.6,0.65,0.154,0.281,281.0,normal(<1),6.72,21.4,30.0,8.0,500.0,65.0,23.0,678.0,2.79
S01163,Silt loam,27.5,51.1,21.5,2.2,1.27,1.519,0.427,0.22,0.095,0.124,18.8,0.44,0.239,2.539,2539.0,salt-sensitive-critical(2-3),7.0,30.3,153.0,100.0,438.0,53.0,17.0,467.0,2.39
S01164,Loamy sand,77.9,10.6,11.5,1.17,0.68,1.581,0.404,0.124,0.032,0.092,27.1,0.671,0.133,0.266,266.0,normal(<1),6.61,32.5,66.0,31.0,122.0,10.0,17.0,164.0,1.1
S01165,Sandy loam,73.1,17.7,9.2,0.83,0.48,1.581,0.403,0.138,0.039,0.099,24.7,0.612,0.156,0.67,670.0,normal(<1),6.65,23.5,28.0,49.0,253.0,31.0,8.0,234.0,0.85
S01166,Sandy clay loam,63.5,2.1,34.4,1.12,0.65,1.622,0.388,0.18,0.088,0.092,22.3,0.575,0.165,0.308,308.0,normal(<1),6.0,25.7,90.0,16.0,158.0,39.0,14.0,219.0,1.41
S01167,Clay loam,24.4,39.8,35.8,3.71,2.15,1.456,0.45,0.246,0.115,0.13,15.5,0.345,0.295,0.301,301.0,normal(<1),6.07,23.8,90.0,33.0,419.0,92.0,25.0,481.0,3.72
S01168,Loam,51.3,36.3,12.4,1.68,0.97,1.554,0.414,0.205,0.083,0.122,29.6,0.715,0.118,0.68,680.0,normal(<1),6.43,28.1,47.0,49.0,241.0,26.0,17.0,301.0,1.79
S01169,Silt loam,18.5,64.0,17.6,2.13,1.24,1.498,0.435,0.226,0.104,0.122,19.5,0.449,0.24,0.778,778.0,normal(<1),6.43,27.4,53.0,31.0,396.0,46.0,10.0,558.0,2.37
S01170,Loam,36.6,42.0,21.4,1.5,0.87,1.5,0.434,0.199,0.087,0.112,13.2,0.303,0.302,1.159,1159.0,germination-critical(1-2),6.13,36.2,57.0,36.0,341.0,25.0,7.0,407.0,1.54
S01171,Silty clay loam,13.2,49.5,37.4,3.26,1.89,1.482,0.441,0.241,0.125,0.117,29.9,0.679,0.141,0.106,106.0,normal(<1),6.14,22.2,37.0,34.0,465.0,55.0,14.0,576.0,3.49
S01172,Silty clay loam,9.2,53.5,37.3,1.94,1.13,1.496,0.436,0.265,0.104,0.162,21.2,0.487,0.223,2.295,2295.0,salt-sensitive-critical(2-3),6.54,34.8,137.0,74.0,437.0,57.0,9.0,470.0,1.67
S01173,Loam,45.2,42.1,12.8,2.46,1.43,1.536,0.42,0.185,0.068,0.117,14.9,0.353,0.272,0.102,102.0,normal(<1),6.81,27.1,28.0,0.0,275.0,54.0,6.0,405.0,2.24
S01174,Silty clay loam,0.5,66.0,33.5,2.69,1.56,1.498,0.435,0.252,0.123,0.129,26.8,0.617,0.166,0.571,571.0,normal(<1),6.62,22.5,74.0,48.0,614.0,71.0,24.0,652.0,2.84
S01175,Sandy loam,45.6,46.0,8.4,0.59,0.34,1.466,0.447,0.176,0.07,0.106,31.2,0.697,0.135,0.966,966.0,normal(<1),6.67,25.2,76.0,45.0,472.0,23.0,0.0,505.0,0.84
S01176,Sand,90.0,4.3,5.7,0.3,0.17,1.718,0.352,0.098,0.042,0.057,21.1,0.601,0.14,0.71,710.0,normal(<1),7.11,32.4,61.0,6.0,126.0,35.0,0.0,131.0,0.35
S01177,Loam,42.0,34.5,23.5,1.59,0.92,1.53,0.423,0.193,0.098,0.095,28.2,0.666,0.141,0.163,163.0,normal(<1),7.13,31.7,0.0,37.0,326.0,38.0,17.0,366.0,1.09
S01178,Silt loam,16.0,67.6,16.4,4.49,2.61,1.468,0.446,0.226,0.094,0.132,18.5,0.414,0.261,0.093,93.0,normal(<1),6.73,35.3,83.0,46.0,476.0,99.0,29.0,674.0,4.58
S01179,Silt loam,8.4,80.3,11.3,1.62,0.94,1.511,0.43,0.221,0.099,0.122,16.1,0.374,0.269,1.074,1074.0,germination-critical(1-2),6.99,30.0,91.0,61.0,685.0,40.0,23.0,757.0,1.81
S01180,Sandy loam,62.4,25.1,12.4,2.8,1.62,1.599,0.397,0.195,0.069,0.126,21.7,0.547,0.18,2.801,2801.0,salt-sensitive-critical(2-3),6.41,25.1,174.0,88.0,319.0,42.0,34.0,328.0,2.72
S01181,Silt loam,5.3,72.9,21.8,2.58,1.49,1.488,0.438,0.259,0.114,0.144,30.4,0.693,0.134,1.638,1638.0,germination-critical(1-2),6.69,23.9,116.0,78.0,539.0,58.0,20.0,665.0,2.49
S01182,Sandy clay loam,60.5,17.9,21.7,3.01,1.75,1.467,0.447,0.169,0.077,0.092,20.8,0.466,0.238,1.382,1382.0,germination-critical(1-2),6.49,26.0,110.0,98.0,127.0,34.0,31.0,180.0,3.31
S01183,Clay loam,28.7,33.1,38.2,3.53,2.05,1.508,0.431,0.253,0.112,0.141,23.6,0.547,0.195,0.456,456.0,normal(<1),6.51,24.6,76.0,31.0,344.0,90.0,11.0,389.0,3.9
S01184,Sandy clay,53.9,8.4,37.7,2.33,1.35,1.586,0.401,0.205,0.088,0.117,20.7,0.515,0.195,0.134,134.0,normal(<1),6.19,32.1,53.0,56.0,119.0,78.0,23.0,159.0,2.37
S01185,Silt loam,11.0,83.5,5.4,3.7,2.15,1.558,0.412,0.216,0.098,0.117,20.8,0.506,0.204,0.667,667.0,normal(<1),6.5,27.1,110.0,38.0,599.0,70.0,46.0,697.0,4.15
S01186,Sandy clay,45.0,16.8,38.2,1.62,0.94,1.483,0.44,0.223,0.112,0.111,25.8,0.585,0.183,0.214,214.0,normal(<1),6.52,22.7,14.0,35.0,274.0,15.0,15.0,310.0,1.9
S01187,Clay loam,29.3,38.1,32.6,1.51,0.88,1.592,0.399,0.221,0.11,0.111,20.8,0.52,0.192,2.12,2120.0,salt-sensitive-critical(2-3),6.4,23.2,134.0,110.0,398.0,41.0,21.0,440.0,1.39
S01188,Sandy loam,69.8,17.2,13.1,0.7,0.4,1.588,0.401,0.152,0.058,0.094,17.8,0.444,0.223,0.447,447.0,normal(<1),6.37,33.8,73.0,25.0,219.0,23.0,8.0,208.0,0.64
S01189,Clay loam,36.1,35.9,28.0,3.04,1.76,1.557,0.412,0.236,0.102,0.134,32.9,0.797,0.084,0.187,187.0,normal(<1),5.89,20.3,47.0,0.0,307.0,76.0,9.0,423.0,3.09
S01190,Sandy clay loam,60.0,6.4,33.5,2.5,1.45,1.536,0.42,0.201,0.089,0.112,29.3,0.697,0.127,0.365,365.0,normal(<1),6.38,26.2,129.0,22.0,195.0,55.0,29.0,174.0,2.64
S01191,Sandy clay,48.2,16.0,35.7,2.17,1.26,1.529,0.423,0.206,0.097,0.109,28.0,0.662,0.143,4.483,4483.0,detrimental(>3),6.63,29.1,317.0,131.0,275.0,31.0,15.0,242.0,1.81
S01192,Sandy clay loam,59.0,17.7,23.3,0.91,0.53,1.55,0.415,0.167,0.074,0.093,23.8,0.574,0.177,0.361,361.0,normal(<1),6.79,29.3,57.0,16.0,242.0,3.0,21.0,280.0,0.62
S01193,Loam,43.2,38.6,18.1,1.5,0.87,1.562,0.411,0.17,0.09,0.081,24.3,0.591,0.168,0.864,864.0,normal(<1),6.44,29.8,65.0,41.0,329.0,28.0,5.0,376.0,1.27
S01194,Loamy sand,88.5,1.6,10.0,1.74,1.01,1.639,0.382,0.157,0.029,0.128,20.2,0.529,0.18,1.034,1034.0,germination-critical(1-2),6.96,24.9,74.0,74.0,36.0,20.0,32.0,2.0,1.88
S01195,Sand,93.6,6.2,0.2,0.54,0.31,1.659,0.374,0.098,0.022,0.076,15.9,0.425,0.215,0.629,629.0,normal(<1),6.59,23.6,55.0,64.0,100.0,22.0,17.0,102.0,0.33
S01196,Sand,85.8,5.9,8.2,0.62,0.36,1.619,0.389,0.127,0.048,0.079,17.6,0.452,0.213,0.492,492.0,normal(<1),6.36,23.6,50.0,13.0,96.0,13.0,16.0,137.0,1.11
S01197,Clay loam,34.6,33.1,32.3,1.85,1.07,1.47,0.445,0.242,0.102,0.139,21.8,0.49,0.227,0.141,141.0,normal(<1),6.47,33.1,21.0,41.0,282.0,47.0,39.0,413.0,1.65
S01198,Silty clay loam,17.6,52.0,30.4,4.28,2.48,1.315,0.504,0.247,0.118,0.129,27.1,0.538,0.233,0.134,134.0,normal(<1),6.35,23.4,81.0,53.0,484.0,76.0,42.0,599.0,4.54
S01199,Loam,51.3,38.3,10.4,1.93,1.12,1.505,0.432,0.157,0.075,0.082,24.3,0.564,0.189,0.923,923.0,normal(<1),6.55,32.9,18.0,54.0,307.0,29.0,0.0,384.0,1.68
S01200,Silt loam,22.6,66.8,10.6,2.09,1.21,1.575,0.406,0.208,0.081,0.127,19.1,0.472,0.214,0.439,439.0,normal(<1),6.39,33.1,14.0,26.0,453.0,31.0,14.0,588.0,1.74
S01201,Silty clay,7.6,44.5,47.9,2.34,1.36,1.521,0.426,0.282,0.143,0.14,13.3,0.311,0.293,1.112,1112.0,germination-critical(1-2),6.55,33.4,78.0,25.0,474.0,55.0,20.0,565.0,2.49
S01202,Loam,41.5,35.7,22.8,2.19,1.27,1.456,0.451,0.204,0.095,0.109,25.5,0.566,0.196,0.307,307.0,normal(<1),5.94,32.3,37.0,0.0,322.0,59.0,8.0,362.0,2.39
S01203,Sandy loam,67.0,16.5,16.5,1.6,0.93,1.602,0.395,0.147,0.056,0.091,20.5,0.518,0.191,0.649,649.0,normal(<1),6.89,28.8,58.0,36.0,102.0,30.0,1.0,150.0,1.67
S01204,Silty clay loam,4.4,65.7,30.0,2.98,1.73,1.457,0.45,0.243,0.115,0.128,21.6,0.48,0.234,0.844,844.0,normal(<1),6.09,27.0,92.0,46.0,471.0,65.0,17.0,627.0,3.05
S01205,Sandy clay loam,46.8,26.3,26.9,2.42,1.4,1.391,0.475,0.213,0.098,0.115,14.9,0.313,0.326,0.508,508.0,normal(<1),6.79,25.6,83.0,26.0,255.0,53.0,13.0,322.0,2.41
S01206,Sandy loam,77.7,10.5,11.8,2.67,1.55,1.501,0.433,0.142,0.053,0.089,30.1,0.694,0.133,0.81,810.0,normal(<1),6.9,23.2,81.0,72.0,171.0,69.0,14.0,174.0,2.59
S01207,Silty clay loam,12.6,52.5,34.9,4.57,2.65,1.548,0.416,0.277,0.121,0.156,23.3,0.561,0.183,0.933,933.0,normal(<1),6.54,23.5,86.0,57.0,526.0,97.0,26.0,576.0,4.67
S01208,Sandy loam,56.0,27.9,16.1,1.12,0.65,1.473,0.444,0.163,0.082,0.081,13.8,0.312,0.306,0.359,359.0,normal(<1),6.33,34.9,47.0,33.0,287.0,15.0,19.0,357.0,1.59
S01209,Silt loam,25.1,61.1,13.8,0.78,0.45,1.536,0.42,0.216,0.097,0.119,29.0,0.69,0.13,1.717,1717.0,germination-critical(1-2),6.38,37.0,70.0,58.0,430.0,19.0,0.0,506.0,0.62
S01210,Silt loam,11.1,68.9,19.9,2.33,1.35,1.495,0.436,0.226,0.114,0.112,19.2,0.44,0.244,0.18,180.0,normal(<1),6.58,29.4,86.0,33.0,499.0,37.0,27.0,703.0,2.45
S01211,Sandy clay loam,48.3,18.0,33.7,1.44,0.83,1.464,0.447,0.194,0.081,0.113,33.1,0.739,0.117,0.251,251.0,normal(<1),6.82,32.6,38.0,3.0,205.0,40.0,7.0,250.0,1.58
S01212,Sandy clay,59.2,5.7,35.1,3.62,2.1,1.482,0.441,0.215,0.099,0.115,31.4,0.712,0.127,4.307,4307.0,detrimental(>3),6.08,27.9,282.0,118.0,340.0,74.0,29.0,250.0,3.99
S01213,Sandy loam,47.1,36.5,16.5,3.45,2.0,1.577,0.405,0.216,0.088,0.129,23.6,0.582,0.169,0.165,165.0,normal(<1),6.64,22.4,34.0,10.0,325.0,83.0,21.0,386.0,3.64
S01214,Clay loam,44.3,24.1,31.6,1.1,0.64,1.487,0.439,0.228,0.109,0.119,27.6,0.629,0.163,0.504,504.0,normal(<1),5.78,21.6,13.0,48.0,157.0,34.0,18.0,237.0,1.1
S01215,Sandy loam,74.1,11.7,14.2,1.01,0.59,1.554,0.414,0.146,0.048,0.097,21.9,0.53,0.194,0.107,107.0,normal(<1),6.27,28.6,0.0,0.0,79.0,27.0,10.0,121.0,1.28
S01216,Silty clay loam,0.8,63.0,36.3,5.78,3.36,1.442,0.456,0.292,0.118,0.174,25.6,0.561,0.2,0.771,771.0,normal(<1),6.53,26.5,128.0,70.0,508.0,126.0,26.0,637.0,6.03
S01217,Sandy loam,65.2,25.4,9.4,2.96,1.72,1.621,0.388,0.148,0.05,0.098,17.4,0.447,0.215,0.492,492.0,normal(<1),7.01,34.1,53.0,5.0,195.0,55.0,37.0,225.0,2.89
S01218,Silt loam,7.8,71.1,21.0,2.87,1.66,1.515,0.428,0.249,0.11,0.138,18.8,0.44,0.24,0.536,536.0,normal(<1),6.7,32.5,75.0,9.0,508.0,80.0,26.0,652.0,2.85
S01219,Sandy loam,67.1,25.1,7.9,0.74,0.43,1.608,0.393,0.136,0.07,0.067,18.6,0.473,0.207,0.486,486.0,normal(<1),6.92,24.9,30.0,44.0,254.0,13.0,6.0,313.0,1.03
S01220,Clay loam,39.7,22.4,37.9,1.1,0.64,1.448,0.454,0.222,0.096,0.126,20.7,0.455,0.247,1.05,1050.0,germination-critical(1-2),6.93,31.1,88.0,18.0,265.0,37.0,10.0,300.0,0.84
S01221,Sandy loam,62.0,32.7,5.3,0.88,0.51,1.513,0.429,0.167,0.061,0.106,22.4,0.521,0.206,2.762,2762.0,salt-sensitive-critical(2-3),6.76,28.9,169.0,83.0,359.0,33.0,0.0,284.0,0.75
S01222,Silty clay,3.5,50.3,46.2,3.32,1.92,1.394,0.474,0.274,0.146,0.128,27.3,0.577,0.201,0.295,295.0,normal(<1),7.19,24.2,27.0,41.0,501.0,35.0,17.0,576.0,3.24
S01223,Silty clay,1.8,48.1,50.1,1.71,0.99,1.469,0.446,0.259,0.143,0.116,22.2,0.498,0.224,0.787,787.0,normal(<1),6.31,33.1,44.0,6.0,493.0,27.0,13.0,615.0,2.06
S01224,Clay,34.0,18.9,47.0,2.06,1.2,1.532,0.422,0.254,0.12,0.134,21.6,0.512,0.206,0.395,395.0,normal(<1),6.3,24.9,71.0,35.0,215.0,38.0,30.0,308.0,2.11
S01225,Loam,44.4,34.9,20.7,0.91,0.53,1.54,0.419,0.171,0.108,0.064,25.5,0.609,0.164,0.234,234.0,normal(<1),6.3,28.2,34.0,32.0,343.0,46.0,14.0,349.0,0.64
S01226,Clay loam,39.1,21.3,39.6,1.06,0.61,1.509,0.431,0.19,0.115,0.075,23.1,0.537,0.199,0.187,187.0,normal(<1),6.58,25.1,0.0,26.0,308.0,0.0,21.0,361.0,1.17
S01227,Clay loam,30.1,34.0,35.9,3.4,1.97,1.502,0.433,0.205,0.106,0.099,28.9,0.667,0.144,1.316,1316.0,germination-critical(1-2),7.01,23.9,170.0,59.0,431.0,75.0,46.0,428.0,3.4
S01228,Sandy loam,67.9,23.2,8.9,1.17,0.68,1.502,0.433,0.14,0.067,0.073,25.0,0.578,0.183,0.138,138.0,normal(<1),6.28,27.7,27.0,24.0,142.0,34.0,0.0,192.0,1.01
S01229,Sandy loam,50.9,32.1,17.1,1.15,0.67,1.521,0.426,0.187,0.075,0.112,20.9,0.489,0.218,0.528,528.0,normal(<1),6.91,23.5,0.0,22.0,337.0,21.0,19.0,331.0,1.66
S01230,Clay loam,41.4,30.6,28.1,3.01,1.75,1.438,0.457,0.196,0.091,0.105,25.8,0.564,0.2,1.489,1489.0,germination-critical(1-2),6.6,25.0,131.0,71.0,245.0,67.0,8.0,266.0,2.92
S01231,Sandy loam,60.8,33.7,5.5,1.95,1.13,1.593,0.399,0.152,0.058,0.095,28.4,0.712,0.115,0.438,438.0,normal(<1),5.96,30.0,44.0,19.0,258.0,41.0,12.0,322.0,1.94
S01232,Silty clay,6.0,45.3,48.7,5.25,3.05,1.337,0.495,0.272,0.142,0.13,28.1,0.568,0.214,0.771,771.0,normal(<1),6.39,28.6,106.0,52.0,403.0,99.0,27.0,490.0,5.25
S01233,Clay,37.3,0.1,62.6,2.29,1.33,1.45,0.453,0.233,0.135,0.098,33.5,0.74,0.118,0.308,308.0,normal(<1),6.34,19.1,76.0,11.0,165.0,58.0,5.0,245.0,2.61
S01234,Clay loam,26.6,35.3,38.1,3.38,1.96,1.557,0.412,0.255,0.126,0.129,31.9,0.774,0.093,0.382,382.0,normal(<1),6.05,28.0,13.0,43.0,406.0,69.0,34.0,428.0,3.39
S01235,Clay,43.4,6.4,50.3,2.65,1.54,1.492,0.437,0.235,0.119,0.116,26.7,0.61,0.171,0.674,674.0,normal(<1),7.25,31.3,81.0,58.0,127.0,66.0,29.0,138.0,2.64
S01236,Sandy loam,51.8,40.1,8.1,1.64,0.95,1.543,0.418,0.161,0.059,0.102,15.9,0.381,0.258,1.7,1700.0,germination-critical(1-2),6.67,33.5,102.0,86.0,305.0,19.0,9.0,383.0,1.51
S01237,Loamy sand,73.3,19.7,6.9,0.57,0.33,1.652,0.377,0.16,0.049,0.112,19.0,0.504,0.187,0.901,901.0,normal(<1),6.4,28.1,40.0,40.0,195.0,23.0,17.0,286.0,0.94
S01238,Sandy loam,66.4,19.9,13.7,1.95,1.13,1.599,0.397,0.174,0.06,0.114,17.7,0.447,0.219,0.247,247.0,normal(<1),6.67,23.6,9.0,51.0,199.0,35.0,18.0,183.0,2.52
S01239,Sandy clay loam,54.5,19.7,25.8,1.22,0.71,1.509,0.43,0.191,0.077,0.114,28.5,0.663,0.145,0.326,326.0,normal(<1),6.49,24.9,7.0,15.0,162.0,24.0,13.0,252.0,0.9
S01240,Sandy clay,62.4,0.1,37.5,2.34,1.36,1.508,0.431,0.201,0.101,0.1,29.4,0.682,0.137,0.366,366.0,normal(<1),6.3,30.3,22.0,50.0,175.0,39.0,38.0,166.0,2.43
S01241,Sandy clay loam,57.5,13.9,28.7,1.05,0.61,1.448,0.454,0.166,0.086,0.08,18.2,0.402,0.271,1.039,1039.0,germination-critical(1-2),6.22,25.1,74.0,17.0,228.0,10.0,3.0,232.0,1.07
S01242,Clay,34.4,8.9,56.6,1.57,0.91,1.479,0.442,0.254,0.126,0.129,27.4,0.62,0.168,0.52,520.0,normal(<1),6.58,26.6,17.0,56.0,249.0,42.0,20.0,255.0,1.22
S01243,Sandy loam,60.4,23.9,15.6,1.06,0.62,1.532,0.422,0.103,0.063,0.04,19.4,0.46,0.228,0.338,338.0,normal(<1),5.71,21.0,9.0,9.0,184.0,9.0,17.0,255.0,1.29
S01244,Clay loam,35.0,25.4,39.6,3.04,1.76,1.458,0.45,0.237,0.103,0.134,27.3,0.606,0.177,0.238,238.0,normal(<1),6.22,25.1,22.0,16.0,212.0,61.0,14.0,266.0,3.17
S01245,Clay,2.6,35.4,62.0,3.66,2.12,1.427,0.462,0.295,0.158,0.138,32.8,0.712,0.133,0.477,477.0,normal(<1),6.44,27.7,64.0,47.0,487.0,70.0,43.0,537.0,3.51
S01246,Loam,35.0,41.9,23.0,2.93,1.7,1.484,0.44,0.221,0.087,0.134,18.8,0.426,0.253,0.351,351.0,normal(<1),7.01,28.4,48.0,48.0,362.0,72.0,22.0,411.0,2.56
S01247,Clay,38.4,18.7,42.9,3.04,1.76,1.478,0.442,0.207,0.102,0.105,13.0,0.294,0.312,0.138,138.0,normal(<1),6.03,23.6,33.0,0.0,253.0,64.0,37.0,363.0,3.34
S01248,Sandy loam,59.4,21.9,18.6,0.72,0.42,1.537,0.42,0.144,0.076,0.068,19.0,0.453,0.23,0.361,361.0,normal(<1),6.7,26.8,19.0,12.0,283.0,37.0,0.0,291.0,0.52
S01249,Clay,32.9,25.7,41.4,1.59,0.92,1.461,0.449,0.214,0.113,0.101,26.6,0.593,0.183,0.445,445.0,normal(<1),6.36,27.8,41.0,0.0,115.0,56.0,1.0,264.0,2.03
S01250,Silty clay,0.9,46.0,53.0,3.01,1.75,1.432,0.459,0.285,0.162,0.123,26.5,0.577,0.194,0.474,474.0,normal(<1),6.05,28.4,76.0,60.0,394.0,46.0,21.0,531.0,3.01
S01251,Sand,91.1,3.6,5.2,0.86,0.5,1.578,0.404,0.123,0.047,0.076,24.9,0.615,0.156,0.213,213.0,normal(<1),6.31,24.5,58.0,0.0,70.0,35.0,19.0,78.0,1.2
S01252,Clay loam,35.0,32.4,32.6,2.81,1.63,1.457,0.45,0.194,0.124,0.07,27.0,0.6,0.18,0.308,308.0,normal(<1),6.44,28.1,29.0,24.0,324.0,10.0,27.0,395.0,2.85
S01253,Sandy loam,47.2,33.5,19.3,1.57,0.91,1.56,0.411,0.185,0.093,0.092,24.8,0.603,0.163,2.407,2407.0,salt-sensitive-critical(2-3),7.28,29.6,198.0,108.0,314.0,31.0,18.0,318.0,1.82
S01254,Silty clay loam,6.6,65.1,28.3,2.29,1.33,1.525,0.425,0.262,0.103,0.159,27.1,0.639,0.154,0.558,558.0,normal(<1),6.52,32.0,12.0,18.0,499.0,29.0,9.0,624.0,2.32
S01255,Silty clay loam,16.4,47.4,36.2,2.44,1.42,1.613,0.391,0.224,0.111,0.114,18.9,0.484,0.202,0.693,693.0,normal(<1),6.79,33.4,54.0,38.0,386.0,22.0,27.0,466.0,2.14
S01256,Sandy loam,53.2,31.8,15.1,0.5,0.29,1.505,0.432,0.163,0.069,0.094,23.8,0.55,0.194,0.093,93.0,normal(<1),6.26,38.4,10.0,31.0,182.0,23.0,19.0,273.0,0.49
S01257,Loam,35.7,46.1,18.3,2.73,1.58,1.497,0.435,0.216,0.071,0.145,18.1,0.416,0.254,0.185,185.0,normal(<1),6.32,27.7,64.0,43.0,324.0,88.0,32.0,458.0,2.25
S01258,Loam,37.0,44.2,18.8,1.58,0.92,1.52,0.427,0.2,0.095,0.105,18.9,0.444,0.237,0.484,484.0,normal(<1),6.29,28.1,66.0,24.0,430.0,60.0,18.0,527.0,1.62
S01259,Silt loam,20.9,65.3,13.7,2.2,1.28,1.463,0.448,0.224,0.091,0.133,33.2,0.741,0.116,1.714,1714.0,germination-critical(1-2),5.99,25.7,189.0,62.0,563.0,66.0,30.0,645.0,2.12
S01260,Loam,30.7,47.5,21.8,1.49,0.87,1.453,0.452,0.224,0.09,0.134,18.3,0.405,0.269,0.089,89.0,normal(<1),7.32,36.9,50.0,0.0,331.0,58.0,7.0,455.0,1.86
S01261,Loamy sand,79.9,13.7,6.4,1.21,0.7,1.614,0.391,0.138,0.063,0.075,14.8,0.38,0.242,0.646,646.0,normal(<1),6.33,22.8,33.0,39.0,107.0,65.0,7.0,171.0,1.63
S01262,Loamy sand,73.2,23.0,3.9,0.96,0.56,1.659,0.374,0.126,0.067,0.059,14.8,0.395,0.226,0.322,322.0,normal(<1),5.72,25.0,13.0,45.0,234.0,18.0,14.0,194.0,0.73
S01263,Sandy clay loam,58.9,11.9,29.2,2.16,1.26,1.607,0.393,0.176,0.077,0.099,22.4,0.568,0.17,1.441,1441.0,germination-critical(1-2),6.9,25.5,77.0,63.0,280.0,53.0,8.0,265.0,2.04
S01264,Clay loam,26.4,44.2,29.4,2.84,1.65,1.528,0.423,0.225,0.091,0.133,20.7,0.489,0.216,0.337,337.0,normal(<1),6.51,43.6,80.0,0.0,455.0,56.0,35.0,476.0,2.93
S01265,Sandy loam,59.8,25.5,14.8,0.52,0.3,1.559,0.412,0.157,0.084,0.073,22.4,0.545,0.187,1.34,1340.0,germination-critical(1-2),6.33,27.8,71.0,42.0,306.0,21.0,13.0,357.0,0.28
S01266,Loam,45.0,46.9,8.1,2.09,1.21,1.573,0.406,0.19,0.077,0.112,19.8,0.487,0.208,1.282,1282.0,germination-critical(1-2),6.42,28.4,118.0,74.0,223.0,29.0,38.0,330.0,2.6
S01267,Sand,90.2,2.9,6.9,1.91,1.11,1.585,0.402,0.148,0.051,0.098,10.0,0.248,0.302,0.287,287.0,normal(<1),6.33,29.6,60.0,12.0,59.0,56.0,0.0,84.0,2.26
S01268,Loam,46.8,31.1,22.1,3.18,1.85,1.529,0.423,0.182,0.069,0.112,14.2,0.337,0.28,0.571,571.0,normal(<1),6.2,24.7,67.0,32.0,210.0,72.0,12.0,315.0,3.15
S01269,Sandy loam,63.8,26.7,9.5,1.44,0.84,1.624,0.387,0.159,0.05,0.108,21.4,0.552,0.174,0.226,226.0,normal(<1),6.1,26.9,15.0,12.0,188.0,24.0,7.0,278.0,1.24
S01270,Clay loam,40.6,21.0,38.4,2.5,1.45,1.521,0.426,0.218,0.105,0.113,29.6,0.695,0.13,0.323,323.0,normal(<1),6.23,32.4,22.0,40.0,287.0,54.0,18.0,298.0,2.19
S01271,Sandy loam,73.9,18.2,7.9,1.84,1.06,1.643,0.38,0.137,0.056,0.082,25.4,0.669,0.126,1.11,1110.0,germination-critical(1-2),6.05,29.4,78.0,66.0,210.0,39.0,39.0,232.0,2.01
S01272,Loam,52.0,34.3,13.7,0.88,0.51,1.63,0.385,0.149,0.072,0.077,21.7,0.564,0.168,0.973,973.0,normal(<1),6.96,28.0,108.0,45.0,232.0,39.0,24.0,309.0,0.95
S01273,Clay loam,25.4,38.4,36.1,3.18,1.85,1.437,0.458,0.213,0.125,0.088,30.0,0.655,0.158,0.427,427.0,normal(<1),6.21,26.2,91.0,18.0,405.0,76.0,10.0,449.0,3.52
S01274,Clay loam,33.6,39.4,27.1,2.73,1.58,1.635,0.383,0.214,0.112,0.102,19.0,0.496,0.193,1.357,1357.0,germination-critical(1-2),6.97,22.7,107.0,73.0,397.0,77.0,8.0,451.0,2.96
S01275,Loam,34.5,43.4,22.1,0.92,0.53,1.503,0.433,0.229,0.097,0.132,26.8,0.62,0.165,0.065,65.0,normal(<1),6.81,28.4,27.0,16.0,403.0,39.0,12.0,485.0,1.39
S01276,Silty clay,1.1,55.3,43.5,2.15,1.25,1.408,0.469,0.287,0.132,0.156,18.4,0.392,0.285,0.308,308.0,normal(<1),6.93,26.9,81.0,10.0,367.0,57.0,26.0,466.0,2.54
S01277,Sandy loam,60.3,20.6,19.1,1.39,0.8,1.642,0.38,0.174,0.068,0.106,20.8,0.547,0.172,0.121,121.0,normal(<1),6.48,28.7,84.0,9.0,237.0,37.0,22.0,281.0,1.44
S01278,Sand,90.1,5.0,4.9,1.28,0.74,1.595,0.398,0.139,0.032,0.107,24.3,0.61,0.155,0.222,222.0,normal(<1),6.33,20.0,50.0,39.0,177.0,39.0,0.0,120.0,1.52
S01279,Silty clay loam,2.1,62.8,35.1,4.09,2.37,1.406,0.47,0.258,0.15,0.108,32.6,0.695,0.143,0.067,67.0,normal(<1),5.4,27.7,84.0,51.0,544.0,97.0,30.0,670.0,4.16
S01280,Silt loam,20.3,56.4,23.3,3.65,2.12,1.423,0.463,0.232,0.112,0.12,26.5,0.572,0.198,0.594,594.0,normal(<1),6.72,32.0,113.0,34.0,464.0,62.0,22.0,592.0,4.07
S01281,Silty clay,10.8,48.3,40.8,3.08,1.79,1.495,0.436,0.263,0.138,0.125,18.5,0.425,0.251,0.661,661.0,normal(<1),6.16,32.1,96.0,20.0,456.0,93.0,0.0,513.0,3.1
S01282,Sandy loam,49.2,36.9,13.8,1.01,0.59,1.544,0.417,0.164,0.069,0.095,16.2,0.387,0.256,1.36,1360.0,germination-critical(1-2),6.8,28.8,102.0,48.0,350.0,51.0,9.0,383.0,1.03
S01283,Sand,93.0,4.1,2.8,1.69,0.98,1.585,0.402,0.138,0.047,0.091,19.6,0.487,0.206,0.753,753.0,normal(<1),5.94,24.6,86.0,37.0,106.0,35.0,44.0,98.0,1.25
S01284,Sandy loam,65.4,15.3,19.3,2.37,1.37,1.511,0.43,0.165,0.07,0.095,18.6,0.433,0.244,0.364,364.0,normal(<1),6.25,29.4,63.0,24.0,143.0,60.0,17.0,195.0,2.4
S01285,Sandy loam,47.3,43.9,8.8,0.89,0.52,1.68,0.366,0.185,0.064,0.121,18.2,0.499,0.183,0.511,511.0,normal(<1),6.59,27.0,3.0,56.0,390.0,12.0,14.0,449.0,0.78
S01286,Sandy loam,53.3,39.3,7.4,2.35,1.36,1.556,0.413,0.174,0.08,0.094,31.2,0.757,0.1,0.712,712.0,normal(<1),7.09,29.5,59.0,16.0,245.0,39.0,6.0,314.0,2.32
S01287,Loam,36.5,43.2,20.3,1.58,0.92,1.624,0.387,0.246,0.097,0.148,24.5,0.633,0.142,0.349,349.0,normal(<1),6.53,30.7,76.0,23.0,422.0,67.0,30.0,487.0,1.39
S01288,Sandy loam,71.0,16.2,12.8,1.73,1.0,1.512,0.429,0.164,0.054,0.11,26.5,0.617,0.164,1.366,1366.0,germination-critical(1-2),6.28,29.4,79.0,78.0,246.0,20.0,16.0,236.0,1.79
S01289,Sand,87.9,4.6,7.4,0.3,0.17,1.627,0.386,0.099,0.035,0.064,25.9,0.67,0.128,0.184,184.0,normal(<1),6.53,27.6,46.0,0.0,61.0,22.0,3.0,102.0,0.51
S01290,Sand,90.9,3.6,5.5,1.32,0.77,1.661,0.373,0.119,0.052,0.067,15.7,0.422,0.216,0.913,913.0,normal(<1),6.06,26.6,100.0,36.0,46.0,48.0,23.0,109.0,1.26
S01291,Sandy loam,65.1,23.5,11.5,0.89,0.51,1.566,0.409,0.158,0.063,0.095,23.8,0.582,0.171,0.496,496.0,normal(<1),7.6,26.5,83.0,40.0,140.0,33.0,7.0,239.0,0.63
S01292,Silt loam,23.4,57.4,19.2,2.13,1.24,1.574,0.406,0.218,0.114,0.104,27.2,0.671,0.134,2.053,2053.0,salt-sensitive-critical(2-3),7.06,29.2,150.0,84.0,396.0,54.0,16.0,514.0,2.11
S01293,Loamy sand,88.6,10.4,1.0,0.3,0.17,1.606,0.394,0.132,0.032,0.1,24.0,0.609,0.154,0.266,266.0,normal(<1),5.95,20.7,16.0,33.0,105.0,14.0,2.0,142.0,0.56
S01294,Silty clay loam,14.7,45.4,39.9,1.65,0.96,1.502,0.433,0.257,0.107,0.15,30.4,0.701,0.129,0.109,109.0,normal(<1),6.02,22.9,25.0,32.0,452.0,38.0,13.0,545.0,1.42
S01295,Silt loam,7.4,69.6,23.0,2.87,1.66,1.503,0.433,0.271,0.108,0.163,33.1,0.765,0.102,0.41,410.0,normal(<1),6.45,21.9,71.0,27.0,579.0,55.0,8.0,644.0,2.94
S01296,Sandy clay,57.3,5.5,37.2,2.14,1.24,1.515,0.428,0.177,0.122,0.055,19.3,0.45,0.236,0.301,301.0,normal(<1),6.58,29.9,17.0,52.0,251.0,14.0,4.0,249.0,2.09
S01297,Sandy clay loam,50.0,26.6,23.4,3.06,1.78,1.577,0.405,0.197,0.081,0.116,11.9,0.293,0.286,1.224,1224.0,germination-critical(1-2),6.32,25.1,104.0,29.0,231.0,96.0,10.0,323.0,3.08
S01298,Silt loam,6.8,79.6,13.6,1.46,0.85,1.513,0.429,0.211,0.083,0.128,24.4,0.569,0.185,1.252,1252.0,germination-critical(1-2),6.51,26.4,65.0,44.0,601.0,22.0,18.0,730.0,1.66
S01299,Loam,43.0,36.4,20.6,2.29,1.33,1.607,0.393,0.204,0.1,0.105,16.2,0.411,0.232,1.791,1791.0,germination-critical(1-2),6.66,31.2,140.0,67.0,343.0,41.0,36.0,377.0,2.43
S01300,Clay,18.7,36.9,44.4,4.82,2.8,1.472,0.444,0.287,0.121,0.166,26.2,0.589,0.183,1.592,1592.0,germination-critical(1-2),6.79,20.3,107.0,72.0,447.0,78.0,45.0,471.0,5.21
S01301,Clay loam,28.9,43.6,27.5,3.41,1.98,1.545,0.417,0.251,0.091,0.16,23.9,0.572,0.178,0.693,693.0,normal(<1),6.04,28.4,67.0,16.0,388.0,77.0,21.0,430.0,3.17
S01302,Sandy loam,46.2,40.4,13.5,3.59,2.08,1.541,0.418,0.205,0.094,0.111,21.6,0.515,0.203,1.852,1852.0,germination-critical(1-2),6.53,30.4,141.0,123.0,375.0,81.0,31.0,353.0,3.63
S01303,Sandy loam,62.0,24.9,13.1,1.6,0.93,1.523,0.425,0.169,0.067,0.102,16.7,0.393,0.258,0.142,142.0,normal(<1),6.21,34.0,49.0,11.0,282.0,44.0,17.0,308.0,1.18
S01304,Sand,96.6,2.2,1.2,0.3,0.17,1.586,0.401,0.108,0.047,0.062,23.2,0.578,0.17,0.431,431.0,normal(<1),6.51,26.3,30.0,0.0,59.0,24.0,16.0,65.0,0.25
S01305,Sandy clay loam,62.4,4.9,32.8,0.93,0.54,1.489,0.438,0.188,0.095,0.093,21.2,0.483,0.226,0.253,253.0,normal(<1),6.73,28.6,77.0,1.0,81.0,25.0,0.0,136.0,0.84
S01306,Sand,89.7,7.2,3.1,0.34,0.2,1.625,0.387,0.126,0.051,0.075,13.5,0.349,0.252,1.283,1283.0,germination-critical(1-2),6.76,37.5,91.0,72.0,117.0,8.0,8.0,109.0,0.07
S01307,Loamy sand,77.7,21.5,0.8,2.66,1.54,1.573,0.406,0.134,0.062,0.072,12.3,0.304,0.283,0.375,375.0,normal(<1),6.39,24.8,83.0,45.0,141.0,63.0,29.0,212.0,2.62
S01308,Silty clay loam,2.0,59.2,38.8,3.97,2.3,1.418,0.465,0.276,0.139,0.137,24.2,0.52,0.223,0.381,381.0,normal(<1),6.52,35.4,26.0,13.0,490.0,65.0,37.0,577.0,4.0
S01309,Sandy loam,47.4,41.9,10.7,2.32,1.35,1.626,0.386,0.207,0.07,0.137,15.5,0.401,0.232,0.689,689.0,normal(<1),6.21,21.9,0.0,12.0,330.0,54.0,14.0,397.0,1.94
S01310,Loam,40.1,49.4,10.4,2.29,1.33,1.544,0.417,0.189,0.083,0.105,13.7,0.328,0.281,0.37,370.0,normal(<1),6.74,24.3,76.0,68.0,368.0,51.0,19.0,455.0,2.41
S01311,Silt loam,21.1,75.9,3.0,3.5,2.03,1.479,0.442,0.246,0.076,0.17,26.1,0.59,0.181,4.457,4457.0,detrimental(>3),6.55,15.6,272.0,133.0,629.0,83.0,20.0,719.0,3.65
S01312,Loam,47.7,37.6,14.8,0.65,0.38,1.531,0.422,0.164,0.083,0.08,19.0,0.45,0.232,1.225,1225.0,germination-critical(1-2),6.21,30.6,82.0,26.0,391.0,24.0,1.0,457.0,0.43
S01313,Sandy loam,68.9,16.1,15.0,1.12,0.65,1.523,0.425,0.138,0.076,0.062,20.0,0.471,0.225,0.282,282.0,normal(<1),6.09,29.7,36.0,24.0,249.0,32.0,13.0,245.0,1.19
S01314,Silty clay loam,9.5,58.7,31.9,2.46,1.43,1.463,0.448,0.282,0.114,0.168,32.0,0.714,0.128,0.599,599.0,normal(<1),6.67,36.6,51.0,82.0,478.0,35.0,18.0,591.0,1.83
S01315,Sandy loam,67.1,25.7,7.2,0.42,0.24,1.601,0.396,0.18,0.049,0.131,21.3,0.538,0.183,2.88,2880.0,salt-sensitive-critical(2-3),6.73,18.1,192.0,126.0,287.0,18.0,12.0,293.0,0.25
S01316,Silt loam,23.9,71.8,4.3,0.72,0.42,1.607,0.393,0.186,0.084,0.102,15.4,0.391,0.24,0.267,267.0,normal(<1),6.67,29.5,42.0,42.0,508.0,31.0,4.0,615.0,0.47
S01317,Loam,41.4,34.4,24.2,0.81,0.47,1.6,0.396,0.184,0.077,0.107,17.0,0.43,0.226,0.05,50.0,normal(<1),6.5,22.9,0.0,18.0,362.0,0.0,16.0,440.0,0.23
S01318,Silt loam,1.4,71.9,26.7,3.29,1.91,1.495,0.436,0.242,0.121,0.122,21.6,0.496,0.22,0.692,692.0,normal(<1),6.27,23.0,56.0,21.0,614.0,79.0,15.0,708.0,3.42
S01319,Loamy sand,75.0,19.2,5.7,0.52,0.3,1.646,0.379,0.142,0.039,0.102,21.3,0.563,0.166,0.182,182.0,normal(<1),6.03,28.7,0.0,5.0,146.0,6.0,0.0,250.0,0.54
S01320,Silt loam,27.8,50.3,21.9,1.85,1.08,1.552,0.414,0.229,0.085,0.144,25.7,0.621,0.157,1.213,1213.0,germination-critical(1-2),6.86,29.4,94.0,50.0,360.0,46.0,37.0,476.0,2.15
S01321,Silt loam,17.8,81.7,0.5,2.36,1.37,1.471,0.445,0.201,0.093,0.107,30.6,0.689,0.139,0.338,338.0,normal(<1),6.3,27.0,57.0,18.0,611.0,66.0,37.0,726.0,2.77
S01322,Clay,34.3,18.7,47.0,2.74,1.59,1.434,0.459,0.276,0.112,0.164,25.1,0.547,0.208,0.166,166.0,normal(<1),6.15,24.1,56.0,0.0,222.0,71.0,26.0,306.0,2.42
S01323,Sandy loam,67.5,13.6,18.8,2.65,1.54,1.569,0.408,0.168,0.059,0.11,22.7,0.557,0.181,0.412,412.0,normal(<1),5.83,28.4,63.0,37.0,140.0,84.0,19.0,178.0,2.27
S01324,Clay loam,26.7,44.0,29.3,1.75,1.01,1.515,0.428,0.231,0.094,0.137,31.3,0.732,0.115,0.106,106.0,normal(<1),6.27,27.9,54.0,26.0,361.0,59.0,35.0,453.0,1.82
S01325,Sandy loam,54.0,34.6,11.4,1.56,0.9,1.64,0.381,0.17,0.062,0.108,12.2,0.32,0.259,0.087,87.0,normal(<1),6.48,24.9,0.0,29.0,203.0,29.0,30.0,269.0,1.43
S01326,Loam,27.1,46.6,26.3,1.64,0.95,1.499,0.434,0.226,0.112,0.114,25.1,0.577,0.184,0.38,380.0,normal(<1),6.62,24.0,60.0,35.0,482.0,38.0,13.0,553.0,1.5
S01327,Sand,85.2,9.7,5.0,0.76,0.44,1.589,0.401,0.12,0.031,0.089,16.6,0.414,0.235,1.247,1247.0,germination-critical(1-2),6.65,26.1,103.0,53.0,271.0,19.0,16.0,287.0,0.87
S01328,Sandy clay,52.0,7.8,40.2,1.31,0.76,1.535,0.421,0.217,0.1,0.117,23.3,0.554,0.188,0.686,686.0,normal(<1),6.38,26.2,78.0,28.0,166.0,20.0,14.0,192.0,1.27
S01329,Silty clay,5.7,45.0,49.4,5.22,3.03,1.44,0.456,0.258,0.147,0.112,27.9,0.612,0.177,0.831,831.0,normal(<1),6.29,29.9,88.0,36.0,494.0,100.0,42.0,554.0,5.01
S01330,Sandy loam,45.3,41.5,13.3,1.86,1.08,1.64,0.381,0.161,0.068,0.094,15.2,0.399,0.229,0.151,151.0,normal(<1),6.42,32.1,40.0,31.0,393.0,58.0,19.0,385.0,1.56
S01331,Clay loam,43.9,18.5,37.6,2.27,1.32,1.524,0.425,0.231,0.105,0.126,14.7,0.345,0.278,1.633,1633.0,germination-critical(1-2),5.71,28.4,124.0,79.0,268.0,52.0,40.0,290.0,2.71
S01332,Loamy sand,81.7,11.9,6.4,1.51,0.88,1.622,0.388,0.124,0.052,0.072,21.6,0.557,0.172,0.814,814.0,normal(<1),7.0,22.1,24.0,11.0,129.0,36.0,12.0,129.0,1.39
S01333,Loam,40.0,38.3,21.8,1.76,1.02,1.474,0.444,0.207,0.077,0.13,22.6,0.51,0.218,0.488,488.0,normal(<1),6.18,24.6,34.0,39.0,318.0,29.0,23.0,345.0,1.87
S01334,Sandy loam,51.4,33.4,15.2,0.78,0.45,1.6,0.396,0.186,0.075,0.111,15.3,0.387,0.243,0.476,476.0,normal(<1),6.02,27.4,51.0,6.0,327.0,20.0,8.0,359.0,0.72
S01335,Sandy clay loam,55.7,17.5,26.9,2.13,1.24,1.649,0.378,0.186,0.097,0.089,17.7,0.469,0.201,0.05,50.0,normal(<1),6.4,25.4,33.0,2.0,181.0,43.0,15.0,289.0,2.51
S01336,Clay loam,32.9,32.4,34.7,1.71,0.99,1.427,0.462,0.215,0.103,0.112,24.0,0.521,0.221,0.687,687.0,normal(<1),6.6,27.3,38.0,50.0,408.0,31.0,13.0,443.0,1.28
S01337,Sandy loam,61.3,25.2,13.5,2.21,1.28,1.57,0.408,0.149,0.071,0.078,20.8,0.511,0.199,0.464,464.0,normal(<1),6.49,29.4,55.0,22.0,261.0,36.0,22.0,307.0,2.12
S01338,Loamy sand,85.2,5.2,9.5,0.3,0.17,1.657,0.375,0.15,0.039,0.111,11.8,0.315,0.257,0.356,356.0,normal(<1),7.54,25.6,57.0,16.0,123.0,20.0,20.0,152.0,0.0
S01339,Clay loam,42.0,24.0,34.1,3.33,1.93,1.55,0.415,0.217,0.115,0.102,31.2,0.752,0.103,0.935,935.0,normal(<1),6.56,30.2,81.0,54.0,302.0,90.0,20.0,343.0,3.18
S01340,Sandy clay,52.8,1.4,45.8,1.13,0.65,1.456,0.451,0.206,0.101,0.106,31.9,0.708,0.132,1.427,1427.0,germination-critical(1-2),6.74,23.1,74.0,17.0,208.0,24.0,4.0,199.0,1.44
S01341,Loam,34.9,49.0,16.1,0.65,0.38,1.6,0.396,0.194,0.096,0.098,29.2,0.737,0.104,0.213,213.0,normal(<1),5.95,28.6,34.0,30.0,408.0,0.0,10.0,457.0,0.7
S01342,Loam,42.9,48.4,8.7,3.58,2.07,1.545,0.417,0.18,0.086,0.095,19.2,0.459,0.225,2.096,2096.0,salt-sensitive-critical(2-3),6.32,33.9,134.0,124.0,424.0,66.0,44.0,409.0,3.78
S01343,Loamy sand,82.7,7.9,9.4,0.83,0.48,1.525,0.425,0.159,0.046,0.113,14.2,0.333,0.283,0.372,372.0,normal(<1),6.48,31.0,2.0,7.0,56.0,15.0,25.0,95.0,0.54
S01344,Silt loam,16.4,63.0,20.6,1.19,0.69,1.607,0.394,0.204,0.089,0.114,29.7,0.755,0.097,0.829,829.0,normal(<1),5.73,26.5,36.0,27.0,590.0,46.0,6.0,645.0,0.91
S01345,Sandy loam,54.8,38.1,7.1,1.23,0.71,1.517,0.428,0.183,0.057,0.126,20.6,0.482,0.221,0.743,743.0,normal(<1),6.99,28.5,0.0,0.0,249.0,10.0,3.0,365.0,1.26
S01346,Silt loam,3.2,74.8,21.9,1.5,0.87,1.548,0.416,0.249,0.113,0.137,20.9,0.503,0.207,0.557,557.0,normal(<1),6.45,32.6,94.0,59.0,677.0,73.0,25.0,726.0,1.08
S01347,Silty clay,4.8,53.6,41.6,5.36,3.11,1.423,0.463,0.276,0.131,0.146,27.9,0.604,0.183,0.105,105.0,normal(<1),6.39,29.9,119.0,8.0,441.0,131.0,46.0,547.0,5.55
S01348,Clay loam,26.2,41.2,32.7,2.11,1.23,1.5,0.434,0.257,0.117,0.14,32.4,0.747,0.11,0.447,447.0,normal(<1),6.73,31.6,46.0,0.0,399.0,27.0,25.0,500.0,2.22
S01349,Sandy clay loam,46.3,25.0,28.7,2.08,1.21,1.46,0.449,0.195,0.095,0.1,22.9,0.509,0.22,3.211,3211.0,detrimental(>3),6.41,24.6,200.0,131.0,228.0,43.0,38.0,289.0,2.07
S01350,Silt loam,14.6,82.3,3.2,0.97,0.56,1.514,0.429,0.23,0.085,0.145,29.8,0.695,0.131,0.671,671.0,normal(<1),6.31,22.7,27.0,32.0,473.0,38.0,11.0,647.0,1.03
S01351,Sandy clay,55.9,2.8,41.3,2.39,1.38,1.446,0.454,0.213,0.082,0.132,23.4,0.515,0.22,0.546,546.0,normal(<1),6.47,27.9,59.0,27.0,194.0,74.0,1.0,207.0,2.57
S01352,Clay loam,22.2,49.6,28.2,1.62,0.94,1.502,0.433,0.242,0.107,0.136,22.4,0.517,0.21,1.103,1103.0,germination-critical(1-2),6.56,36.9,117.0,92.0,401.0,39.0,28.0,551.0,1.68
S01353,Sand,87.0,12.0,1.1,0.59,0.34,1.605,0.394,0.114,0.033,0.081,13.5,0.343,0.259,0.483,483.0,normal(<1),6.91,22.7,43.0,27.0,192.0,40.0,4.0,157.0,0.56
S01354,Silt loam,12.0,62.3,25.7,2.92,1.69,1.529,0.423,0.255,0.127,0.128,29.7,0.702,0.126,0.489,489.0,normal(<1),6.13,25.6,85.0,6.0,436.0,71.0,3.0,512.0,3.31
S01355,Loamy sand,81.9,9.1,9.0,0.59,0.34,1.613,0.391,0.149,0.058,0.092,26.3,0.671,0.129,0.169,169.0,normal(<1),6.33,32.7,15.0,0.0,133.0,9.0,13.0,165.0,0.24
S01356,Loam,44.1,38.7,17.1,3.87,2.24,1.553,0.414,0.21,0.08,0.13,30.9,0.746,0.105,0.35,350.0,normal(<1),5.9,34.4,34.0,43.0,314.0,83.0,35.0,338.0,3.58
S01357,Sandy loam,53.6,29.6,16.8,2.69,1.56,1.531,0.422,0.203,0.086,0.117,27.8,0.659,0.144,0.453,453.0,normal(<1),6.69,33.1,33.0,8.0,289.0,53.0,9.0,320.0,2.81
S01358,Clay,24.2,6.3,69.5,3.66,2.12,1.322,0.501,0.278,0.141,0.137,19.6,0.39,0.306,0.47,470.0,normal(<1),6.22,30.9,87.0,29.0,262.0,73.0,26.0,330.0,3.58
S01359,Sandy loam,51.8,35.0,13.3,1.84,1.07,1.608,0.393,0.17,0.062,0.108,22.9,0.581,0.165,0.849,849.0,normal(<1),6.68,27.3,79.0,21.0,405.0,48.0,11.0,447.0,2.15
S01360,Clay,42.3,6.4,51.2,3.81,2.21,1.422,0.464,0.233,0.125,0.108,21.4,0.461,0.25,0.207,207.0,normal(<1),6.15,21.6,66.0,49.0,259.0,81.0,31.0,271.0,3.55
S01361,Silt loam,26.4,55.0,18.7,1.87,1.09,1.491,0.437,0.222,0.1,0.122,17.2,0.394,0.265,0.359,359.0,normal(<1),6.82,30.1,25.0,36.0,406.0,41.0,26.0,493.0,2.03
S01362,Loam,40.4,40.1,19.5,4.37,2.54,1.499,0.434,0.217,0.098,0.12,18.2,0.418,0.253,0.532,532.0,normal(<1),6.11,19.6,73.0,51.0,393.0,99.0,33.0,433.0,4.81
S01363,Loam,46.2,34.5,19.3,2.14,1.24,1.491,0.438,0.157,0.093,0.064,27.4,0.626,0.164,0.151,151.0,normal(<1),6.37,29.3,44.0,56.0,388.0,38.0,20.0,365.0,2.26
S01364,Silty clay loam,3.3,64.6,32.0,1.35,0.78,1.461,0.449,0.245,0.126,0.119,31.0,0.692,0.138,0.476,476.0,normal(<1),6.31,40.3,58.0,21.0,555.0,46.0,9.0,690.0,1.29
S01365,Loam,24.9,49.4,25.8,1.33,0.77,1.577,0.405,0.222,0.122,0.1,21.1,0.52,0.194,0.687,687.0,normal(<1),7.17,17.7,61.0,36.0,422.0,41.0,0.0,501.0,1.68
S01366,Sandy clay loam,53.2,17.8,29.0,2.25,1.3,1.509,0.431,0.158,0.096,0.062,24.8,0.576,0.183,2.218,2218.0,salt-sensitive-critical(2-3),6.83,29.1,165.0,84.0,311.0,67.0,21.0,292.0,2.14
S01367,Loam,46.5,44.3,9.2,0.3,0.17,1.544,0.417,0.181,0.072,0.109,25.5,0.61,0.163,0.498,498.0,normal(<1),6.57,20.4,8.0,31.0,365.0,8.0,8.0,469.0,0.19
S01368,Clay loam,43.8,19.0,37.2,3.9,2.26,1.47,0.445,0.219,0.109,0.11,17.5,0.393,0.271,1.494,1494.0,germination-critical(1-2),6.78,21.8,126.0,39.0,260.0,79.0,39.0,315.0,3.92
S01369,Loam,45.8,29.4,24.8,0.76,0.44,1.629,0.385,0.201,0.075,0.127,17.6,0.456,0.21,2.474,2474.0,salt-sensitive-critical(2-3),6.5,32.2,145.0,44.0,231.0,30.0,0.0,264.0,0.59
S01370,Loam,49.7,38.3,12.1,1.68,0.97,1.555,0.413,0.171,0.08,0.09,21.4,0.518,0.199,0.748,748.0,normal(<1),6.42,28.2,46.0,61.0,284.0,48.0,16.0,385.0,1.79
S01371,Sand,90.2,5.3,4.6,1.2,0.7,1.576,0.405,0.127,0.033,0.094,20.3,0.502,0.202,0.143,143.0,normal(<1),6.54,29.3,17.0,47.0,57.0,40.0,7.0,96.0,1.16
S01372,Loam,50.6,40.9,8.5,2.74,1.59,1.569,0.408,0.179,0.073,0.107,22.5,0.55,0.184,0.109,109.0,normal(<1),7.12,30.6,71.0,28.0,349.0,62.0,25.0,465.0,2.61
S01373,Sandy loam,46.5,43.1,10.4,2.59,1.5,1.592,0.399,0.152,0.079,0.072,27.7,0.693,0.122,0.281,281.0,normal(<1),6.0,32.2,41.0,27.0,447.0,68.0,24.0,455.0,2.74
S01374,Loamy sand,76.7,15.4,7.9,1.02,0.59,1.631,0.384,0.116,0.065,0.051,16.9,0.44,0.215,0.315,315.0,normal(<1),6.17,22.7,31.0,21.0,131.0,40.0,14.0,187.0,0.84
S01375,Silty clay loam,12.2,59.6,28.2,1.42,0.82,1.527,0.424,0.242,0.116,0.125,20.9,0.493,0.215,0.657,657.0,normal(<1),7.22,23.5,31.0,2.0,474.0,19.0,5.0,578.0,1.81
S01376,Sandy loam,71.4,10.0,18.6,2.09,1.21,1.507,0.431,0.172,0.06,0.112,14.1,0.326,0.291,0.205,205.0,normal(<1),6.97,27.7,17.0,9.0,100.0,43.0,23.0,148.0,1.8
S01377,Silty clay loam,6.8,60.8,32.4,1.78,1.03,1.442,0.456,0.257,0.14,0.117,27.5,0.603,0.181,0.057,57.0,normal(<1),6.18,28.6,23.0,43.0,545.0,58.0,14.0,615.0,1.61
S01378,Loam,26.1,48.5,25.4,2.18,1.27,1.558,0.412,0.217,0.092,0.125,21.9,0.53,0.193,0.573,573.0,normal(<1),6.39,25.4,73.0,26.0,406.0,23.0,18.0,461.0,2.06
S01379,Sandy loam,51.2,34.2,14.7,1.67,0.97,1.454,0.451,0.176,0.087,0.089,27.5,0.61,0.176,0.088,88.0,normal(<1),6.3,17.7,63.0,0.0,209.0,50.0,8.0,328.0,1.1
S01380,Sandy loam,70.2,22.6,7.2,0.3,0.17,1.555,0.413,0.163,0.044,0.119,23.3,0.565,0.18,0.206,206.0,normal(<1),6.76,27.5,4.0,0.0,206.0,17.0,12.0,230.0,0.0
S01381,Loam,35.1,38.9,25.9,1.8,1.05,1.539,0.419,0.233,0.09,0.144,21.6,0.514,0.204,0.504,504.0,normal(<1),6.41,25.4,45.0,44.0,351.0,80.0,16.0,431.0,1.91
S01382,Silty clay,13.7,44.8,41.4,1.52,0.88,1.454,0.451,0.243,0.135,0.108,30.4,0.673,0.148,1.144,1144.0,germination-critical(1-2),6.75,24.7,62.0,106.0,479.0,21.0,20.0,478.0,1.72
S01383,Loam,50.8,32.6,16.5,2.65,1.54,1.512,0.43,0.18,0.077,0.102,29.1,0.678,0.138,3.385,3385.0,detrimental(>3),6.2,29.5,221.0,130.0,403.0,55.0,20.0,309.0,2.32
S01384,Loamy sand,77.5,21.4,1.1,1.05,0.61,1.634,0.383,0.131,0.057,0.074,22.0,0.575,0.163,0.307,307.0,normal(<1),6.19,24.9,17.0,0.0,136.0,38.0,0.0,211.0,1.05
S01385,Loamy sand,82.4,12.2,5.3,3.67,2.13,1.562,0.411,0.139,0.065,0.074,21.6,0.525,0.195,2.301,2301.0,salt-sensitive-critical(2-3),6.84,21.4,160.0,103.0,173.0,68.0,42.0,162.0,3.54
S01386,Sandy loam,70.1,11.8,18.1,1.86,1.08,1.632,0.384,0.168,0.077,0.091,23.0,0.6,0.154,1.833,1833.0,germination-critical(1-2),6.41,29.0,126.0,77.0,184.0,41.0,32.0,194.0,1.49
S01387,Sandy clay,52.7,1.3,45.9,2.5,1.45,1.465,0.447,0.229,0.108,0.121,20.5,0.458,0.242,0.712,712.0,normal(<1),6.42,29.3,101.0,46.0,148.0,62.0,0.0,209.0,2.49
S01388,Sand,91.8,6.5,1.7,0.3,0.17,1.775,0.33,0.117,0.027,0.091,20.6,0.625,0.124,0.444,444.0,normal(<1),5.92,32.1,0.0,15.0,31.0,4.0,8.0,81.0,0.14
S01389,Sandy loam,62.0,31.1,6.9,0.93,0.54,1.602,0.395,0.131,0.062,0.069,10.5,0.265,0.291,0.3,300.0,normal(<1),6.57,25.2,3.0,19.0,237.0,22.0,13.0,301.0,1.36
S01390,Sand,88.9,5.8,5.3,0.71,0.41,1.724,0.35,0.133,0.051,0.082,24.5,0.7,0.105,1.785,1785.0,germination-critical(1-2),6.86,27.2,124.0,83.0,43.0,48.0,5.0,46.0,0.29
S01391,Sandy loam,73.0,20.5,6.5,1.9,1.1,1.512,0.43,0.156,0.068,0.088,26.6,0.62,0.163,0.362,362.0,normal(<1),6.55,24.7,37.0,33.0,251.0,53.0,22.0,278.0,1.89
S01392,Silt loam,5.7,70.1,24.1,3.4,1.97,1.509,0.43,0.251,0.13,0.122,27.7,0.644,0.153,2.802,2802.0,salt-sensitive-critical(2-3),6.78,31.6,202.0,149.0,596.0,78.0,31.0,666.0,3.41
S01393,Sand,96.9,1.7,1.4,0.49,0.28,1.635,0.383,0.111,0.036,0.075,27.4,0.715,0.109,1.693,1693.0,germination-critical(1-2),7.04,31.8,62.0,70.0,100.0,10.0,0.0,18.0,0.6
S01394,Sandy clay loam,59.6,19.3,21.0,1.32,0.76,1.508,0.431,0.164,0.063,0.101,24.9,0.578,0.182,0.093,93.0,normal(<1),6.31,23.0,52.0,14.0,145.0,56.0,14.0,189.0,1.71
S01395,Loamy sand,72.7,21.7,5.6,0.83,0.48,1.626,0.386,0.143,0.038,0.105,25.5,0.661,0.131,0.714,714.0,normal(<1),6.46,31.7,64.0,60.0,104.0,29.0,24.0,219.0,1.11
S01396,Loam,48.5,39.9,11.7,2.87,1.66,1.545,0.417,0.199,0.066,0.133,25.0,0.599,0.167,1.752,1752.0,germination-critical(1-2),7.08,25.0,89.0,42.0,340.0,53.0,17.0,413.0,2.63
S01397,Silty clay,2.5,45.6,51.9,4.97,2.88,1.312,0.505,0.277,0.156,0.121,35.0,0.694,0.154,0.216,216.0,normal(<1),6.0,28.9,77.0,36.0,380.0,89.0,35.0,480.0,5.01
S01398,Sand,90.2,8.5,1.4,0.3,0.17,1.564,0.41,0.114,0.046,0.068,24.7,0.602,0.163,0.356,356.0,normal(<1),6.54,27.4,29.0,40.0,125.0,36.0,15.0,88.0,0.38
S01399,Loamy sand,89.1,7.0,3.9,1.4,0.81,1.587,0.401,0.123,0.062,0.062,14.3,0.357,0.258,0.356,356.0,normal(<1),6.48,29.1,43.0,9.0,82.0,49.0,0.0,92.0,1.19
S01400,Sandy clay loam,55.5,14.0,30.5,2.05,1.19,1.527,0.424,0.188,0.086,0.102,30.2,0.711,0.122,1.039,1039.0,germination-critical(1-2),6.97,27.7,87.0,30.0,186.0,27.0,6.0,222.0,2.15
S01401,Sandy clay,45.7,4.8,49.5,4.13,2.39,1.475,0.444,0.214,0.122,0.092,17.4,0.392,0.27,0.181,181.0,normal(<1),6.91,36.8,34.0,33.0,161.0,62.0,28.0,270.0,3.93
S01402,Silt loam,14.7,70.9,14.3,1.12,0.65,1.592,0.399,0.206,0.091,0.115,26.2,0.657,0.137,0.448,448.0,normal(<1),6.83,30.6,17.0,19.0,578.0,21.0,22.0,667.0,1.31
S01403,Clay,27.9,12.7,59.5,1.92,1.11,1.481,0.441,0.242,0.128,0.113,35.0,0.794,0.091,1.287,1287.0,germination-critical(1-2),7.1,28.4,92.0,59.0,259.0,54.0,18.0,324.0,2.41
S01404,Loamy sand,83.0,14.8,2.2,2.6,1.51,1.652,0.377,0.136,0.054,0.082,15.1,0.402,0.225,0.114,114.0,normal(<1),6.2,30.5,104.0,15.0,116.0,85.0,21.0,114.0,2.51
S01405,Loam,41.0,44.5,14.5,3.55,2.06,1.506,0.432,0.237,0.082,0.155,32.9,0.763,0.102,1.337,1337.0,germination-critical(1-2),5.76,31.0,136.0,81.0,398.0,57.0,19.0,450.0,3.63
S01406,Clay,43.8,1.5,54.7,2.13,1.24,1.493,0.437,0.234,0.121,0.114,17.1,0.391,0.266,0.114,114.0,normal(<1),6.64,31.0,81.0,0.0,218.0,60.0,6.0,240.0,1.93
S01407,Sandy loam,48.3,46.2,5.5,0.99,0.57,1.561,0.411,0.177,0.057,0.12,25.8,0.627,0.153,0.571,571.0,normal(<1),6.92,26.1,48.0,15.0,364.0,41.0,25.0,471.0,0.59
S01408,Loam,48.0,34.5,17.5,2.71,1.57,1.551,0.415,0.158,0.072,0.087,22.8,0.551,0.186,0.695,695.0,normal(<1),6.94,35.8,78.0,41.0,297.0,84.0,12.0,358.0,2.66
S01409,Silty clay,5.2,44.5,50.3,2.96,1.72,1.378,0.48,0.281,0.141,0.14,23.1,0.481,0.249,0.137,137.0,normal(<1),6.61,24.0,0.0,33.0,447.0,54.0,23.0,521.0,2.92
S01410,Loamy sand,75.6,11.7,12.7,0.3,0.17,1.625,0.387,0.155,0.065,0.09,20.3,0.525,0.183,2.049,2049.0,salt-sensitive-critical(2-3),5.81,26.9,34.0,91.0,158.0,11.0,18.0,104.0,0.0
S01411,Sandy clay,45.2,4.9,49.9,3.14,1.82,1.375,0.481,0.226,0.11,0.116,21.6,0.45,0.264,0.373,373.0,normal(<1),6.28,23.7,39.0,15.0,214.0,73.0,19.0,240.0,3.11
S01412,Silty clay loam,2.6,59.8,37.6,5.7,3.3,1.432,0.46,0.255,0.143,0.112,15.7,0.342,0.302,0.287,287.0,normal(<1),6.17,31.1,41.0,54.0,523.0,113.0,49.0,636.0,5.54
S01413,Clay loam,41.6,18.7,39.8,3.5,2.03,1.487,0.439,0.216,0.098,0.118,24.7,0.563,0.192,0.384,384.0,normal(<1),6.95,29.2,44.0,5.0,273.0,66.0,8.0,291.0,3.52
S01414,Silty clay loam,6.4,60.5,33.1,3.15,1.83,1.467,0.447,0.261,0.125,0.136,30.8,0.69,0.139,0.198,198.0,normal(<1),6.8,21.3,32.0,25.0,474.0,54.0,8.0,630.0,3.28
S01415,Silt loam,0.9,73.0,26.1,1.7,0.99,1.592,0.399,0.245,0.112,0.133,22.4,0.561,0.175,0.725,725.0,normal(<1),6.76,27.8,92.0,30.0,557.0,56.0,13.0,667.0,1.95
S01416,Sandy loam,67.5,21.2,11.3,2.56,1.49,1.574,0.406,0.176,0.064,0.112,26.6,0.654,0.141,0.362,362.0,normal(<1),6.34,28.5,53.0,31.0,226.0,52.0,24.0,283.0,2.44
S01417,Silt loam,18.8,57.8,23.4,1.49,0.87,1.48,0.442,0.235,0.095,0.14,30.2,0.683,0.14,0.192,192.0,normal(<1),6.55,24.7,56.0,0.0,416.0,53.0,10.0,533.0,1.66
S01418,Sandy clay,48.9,6.7,44.4,1.94,1.12,1.583,0.403,0.175,0.097,0.078,16.8,0.416,0.235,0.387,387.0,normal(<1),5.98,18.5,33.0,37.0,184.0,42.0,10.0,226.0,1.83
S01419,Sandy loam,76.2,12.3,11.5,2.52,1.46,1.442,0.456,0.149,0.057,0.091,19.6,0.43,0.26,0.273,273.0,normal(<1),6.86,18.6,89.0,35.0,176.0,82.0,35.0,140.0,2.75
S01420,Loam,35.7,41.6,22.7,2.85,1.65,1.527,0.424,0.202,0.094,0.108,30.4,0.717,0.12,0.844,844.0,normal(<1),6.93,33.9,78.0,87.0,428.0,98.0,19.0,494.0,2.99
S01421,Clay loam,34.8,36.9,28.2,1.58,0.92,1.606,0.394,0.209,0.097,0.112,18.7,0.475,0.207,0.39,390.0,normal(<1),6.62,21.7,56.0,0.0,406.0,47.0,26.0,469.0,1.82
S01422,Silt loam,13.4,65.8,20.8,2.97,1.72,1.464,0.447,0.24,0.107,0.133,15.8,0.353,0.289,0.497,497.0,normal(<1),6.68,28.2,34.0,34.0,477.0,53.0,18.0,619.0,2.73
S01423,Clay,38.7,12.5,48.8,3.4,1.97,1.441,0.456,0.255,0.133,0.121,25.5,0.558,0.202,0.327,327.0,normal(<1),5.95,37.1,44.0,16.0,221.0,81.0,31.0,262.0,3.36
S01424,Clay loam,26.1,46.4,27.4,3.36,1.95,1.533,0.422,0.225,0.112,0.114,29.8,0.707,0.124,0.508,508.0,normal(<1),6.98,32.1,77.0,27.0,379.0,58.0,43.0,481.0,3.61
S01425,Sand,90.7,7.7,1.5,0.3,0.17,1.659,0.374,0.124,0.029,0.095,19.8,0.531,0.176,0.847,847.0,normal(<1),6.74,29.3,97.0,29.0,75.0,30.0,0.0,87.0,0.56
S01426,Silty clay loam,19.0,53.5,27.4,2.41,1.4,1.415,0.466,0.221,0.117,0.104,32.8,0.704,0.138,1.529,1529.0,germination-critical(1-2),6.55,32.7,108.0,78.0,402.0,51.0,31.0,476.0,2.5
S01427,Sandy loam,69.7,14.4,15.9,2.77,1.61,1.478,0.442,0.172,0.072,0.099,27.5,0.621,0.167,0.344,344.0,normal(<1),5.6,29.5,34.0,38.0,81.0,56.0,20.0,156.0,2.9
S01428,Sandy loam,69.3,14.6,16.1,3.27,1.9,1.496,0.435,0.157,0.074,0.083,30.5,0.7,0.13,1.855,1855.0,germination-critical(1-2),7.06,29.7,148.0,94.0,271.0,87.0,23.0,240.0,3.45
S01429,Loam,42.4,39.7,17.9,1.81,1.05,1.557,0.413,0.176,0.073,0.103,15.2,0.368,0.261,1.493,1493.0,germination-critical(1-2),6.5,30.9,74.0,67.0,297.0,34.0,16.0,440.0,2.13
S01430,Sand,85.2,12.1,2.6,0.3,0.17,1.587,0.401,0.13,0.047,0.082,19.3,0.481,0.208,0.291,291.0,normal(<1),6.66,33.7,24.0,0.0,185.0,4.0,4.0,245.0,0.11
S01431,Silt loam,1.0,77.3,21.7,4.56,2.65,1.421,0.464,0.24,0.116,0.124,26.3,0.566,0.201,0.888,888.0,normal(<1),6.73,37.0,119.0,57.0,642.0,79.0,41.0,729.0,4.24
S01432,Silt loam,17.9,58.3,23.8,2.78,1.61,1.42,0.464,0.229,0.107,0.122,21.2,0.457,0.252,0.69,690.0,normal(<1),6.64,27.0,38.0,63.0,496.0,62.0,41.0,565.0,2.82
S01433,Silty clay loam,17.0,52.5,30.5,3.19,1.85,1.457,0.45,0.265,0.117,0.148,33.8,0.75,0.113,0.328,328.0,normal(<1),6.33,32.1,132.0,3.0,432.0,100.0,6.0,559.0,3.25
S01434,Silty clay loam,4.0,63.6,32.4,2.12,1.23,1.422,0.463,0.247,0.138,0.109,14.0,0.301,0.324,0.171,171.0,normal(<1),6.21,35.8,0.0,12.0,490.0,40.0,10.0,644.0,2.79
S01435,Sandy clay,51.8,8.8,39.3,2.38,1.38,1.543,0.418,0.213,0.1,0.113,22.1,0.528,0.197,0.14,140.0,normal(<1),6.06,31.7,60.0,51.0,148.0,19.0,31.0,196.0,2.32
S01436,Loam,32.4,49.3,18.3,2.98,1.73,1.464,0.447,0.214,0.089,0.125,30.3,0.678,0.144,0.136,136.0,normal(<1),6.47,34.8,30.0,2.0,347.0,78.0,18.0,460.0,2.62
S01437,Silty clay,4.7,52.7,42.6,3.91,2.27,1.443,0.455,0.289,0.123,0.166,25.8,0.567,0.197,2.738,2738.0,salt-sensitive-critical(2-3),6.28,23.8,196.0,108.0,502.0,84.0,43.0,521.0,4.06
S01438,Sandy clay,48.3,8.2,43.4,3.04,1.76,1.469,0.446,0.229,0.109,0.121,23.7,0.532,0.209,0.547,547.0,normal(<1),6.41,19.1,59.0,0.0,158.0,70.0,12.0,229.0,2.8
S01439,Loam,39.4,46.6,14.0,1.34,0.78,1.536,0.42,0.193,0.089,0.104,21.7,0.516,0.204,1.357,1357.0,germination-critical(1-2),6.4,28.5,39.0,69.0,408.0,9.0,4.0,453.0,1.11
S01440,Sandy loam,61.2,21.2,17.6,0.81,0.47,1.544,0.417,0.174,0.069,0.105,24.7,0.591,0.171,0.821,821.0,normal(<1),6.61,21.4,51.0,31.0,202.0,17.0,2.0,219.0,1.12
S01441,Silty clay,7.4,49.7,43.0,3.36,1.95,1.504,0.432,0.27,0.118,0.153,28.9,0.669,0.143,0.101,101.0,normal(<1),6.01,22.4,78.0,41.0,414.0,98.0,45.0,527.0,2.96
S01442,Loamy sand,87.0,7.3,5.7,0.43,0.25,1.584,0.402,0.1,0.046,0.054,23.5,0.585,0.167,1.67,1670.0,germination-critical(1-2),5.82,30.5,91.0,23.0,56.0,22.0,0.0,64.0,0.32
S01443,Sandy loam,77.5,3.5,19.0,2.41,1.4,1.573,0.406,0.148,0.055,0.093,27.2,0.67,0.134,1.279,1279.0,germination-critical(1-2),6.42,33.3,84.0,43.0,171.0,60.0,16.0,159.0,2.47
S01444,Loamy sand,74.5,23.6,1.9,0.75,0.44,1.605,0.394,0.134,0.055,0.079,20.9,0.531,0.185,0.828,828.0,normal(<1),6.87,34.0,23.0,36.0,237.0,8.0,22.0,223.0,0.87
S01445,Sandy clay,47.1,3.7,49.2,2.23,1.29,1.551,0.415,0.246,0.13,0.116,17.7,0.427,0.238,0.935,935.0,normal(<1),5.83,25.2,110.0,31.0,227.0,45.0,5.0,247.0,2.23
S01446,Silty clay loam,6.8,56.8,36.4,3.47,2.01,1.553,0.414,0.242,0.126,0.116,30.2,0.73,0.112,0.462,462.0,normal(<1),6.1,30.0,29.0,57.0,505.0,71.0,32.0,630.0,3.68
S01447,Loam,41.0,49.5,9.5,1.79,1.04,1.511,0.43,0.2,0.075,0.124,10.4,0.241,0.326,0.272,272.0,normal(<1),6.36,34.0,85.0,25.0,333.0,44.0,12.0,448.0,1.67
S01448,Silt loam,7.8,73.0,19.2,2.38,1.38,1.59,0.4,0.226,0.096,0.129,24.3,0.608,0.157,0.526,526.0,normal(<1),5.93,19.7,76.0,30.0,508.0,37.0,17.0,644.0,2.05
S01449,Clay loam,26.1,41.4,32.5,1.54,0.9,1.495,0.436,0.218,0.1,0.119,22.6,0.519,0.21,0.062,62.0,normal(<1),7.35,29.0,37.0,0.0,315.0,49.0,6.0,404.0,1.8
S01450,Clay loam,40.3,23.1,36.6,2.69,1.56,1.478,0.442,0.247,0.117,0.13,21.0,0.476,0.232,0.553,553.0,normal(<1),5.73,26.5,77.0,25.0,226.0,34.0,27.0,297.0,2.29
S01451,Loam,39.3,41.9,18.9,2.25,1.3,1.582,0.403,0.178,0.084,0.094,10.8,0.267,0.295,0.783,783.0,normal(<1),6.6,29.0,48.0,65.0,302.0,31.0,32.0,374.0,2.27
S01452,Loamy sand,80.2,14.0,5.8,1.93,1.12,1.64,0.381,0.153,0.054,0.099,26.2,0.686,0.12,0.586,586.0,normal(<1),6.93,25.2,50.0,2.0,173.0,36.0,7.0,161.0,2.6
S01453,Loamy sand,75.5,20.6,3.9,0.56,0.33,1.56,0.411,0.141,0.06,0.08,17.6,0.429,0.235,0.624,624.0,normal(<1),6.65,26.8,36.0,28.0,168.0,3.0,0.0,230.0,0.59
S01454,Sandy loam,48.4,32.2,19.4,1.46,0.85,1.643,0.38,0.182,0.093,0.089,21.5,0.565,0.165,0.777,777.0,normal(<1),6.32,28.2,33.0,35.0,334.0,24.0,28.0,293.0,1.65
S01455,Silt loam,21.0,77.5,1.5,3.41,1.98,1.548,0.416,0.187,0.098,0.088,22.8,0.547,0.188,1.0,1000.0,normal(<1),6.8,19.2,131.0,28.0,593.0,64.0,21.0,647.0,3.37
S01456,Clay,28.2,10.3,61.5,2.76,1.6,1.453,0.452,0.249,0.153,0.096,34.5,0.764,0.107,0.136,136.0,normal(<1),6.44,21.2,47.0,26.0,113.0,69.0,36.0,225.0,2.99
S01457,Silt loam,5.5,69.5,25.0,3.16,1.83,1.563,0.41,0.263,0.091,0.172,28.3,0.691,0.127,1.539,1539.0,germination-critical(1-2),6.53,27.8,130.0,59.0,599.0,83.0,21.0,660.0,2.99
S01458,Sandy loam,49.2,40.3,10.6,3.3,1.92,1.53,0.423,0.193,0.062,0.131,31.6,0.748,0.107,0.293,293.0,normal(<1),6.06,26.1,63.0,40.0,318.0,70.0,26.0,402.0,3.82
S01459,Loam,51.7,37.9,10.4,0.57,0.33,1.536,0.42,0.157,0.074,0.083,28.1,0.669,0.139,0.773,773.0,normal(<1),6.53,23.2,46.0,38.0,262.0,25.0,11.0,312.0,0.08
S01460,Sandy loam,77.6,4.5,17.9,0.62,0.36,1.653,0.376,0.168,0.068,0.1,21.8,0.578,0.159,0.073,73.0,normal(<1),6.91,31.0,28.0,17.0,40.0,0.0,19.0,108.0,0.62
S01461,Sandy clay loam,64.4,3.4,32.2,2.51,1.46,1.55,0.415,0.172,0.084,0.088,26.8,0.645,0.147,0.356,356.0,normal(<1),6.65,30.2,33.0,12.0,131.0,72.0,18.0,140.0,2.31
S01462,Sandy loam,74.2,9.1,16.7,0.89,0.51,1.59,0.4,0.14,0.058,0.082,12.1,0.302,0.279,0.398,398.0,normal(<1),6.93,19.7,39.0,17.0,148.0,29.0,6.0,179.0,1.28
S01463,Loam,39.0,35.0,26.1,2.55,1.48,1.457,0.45,0.206,0.119,0.087,21.4,0.475,0.236,0.332,332.0,normal(<1),6.57,27.7,93.0,0.0,369.0,85.0,21.0,379.0,2.31
S01464,Silt loam,2.3,72.9,24.8,1.85,1.07,1.509,0.431,0.245,0.105,0.14,20.5,0.476,0.226,0.277,277.0,normal(<1),6.9,27.5,65.0,6.0,547.0,60.0,0.0,701.0,1.81
S01465,Clay loam,41.1,21.1,37.8,2.68,1.56,1.574,0.406,0.224,0.098,0.127,30.2,0.743,0.104,1.563,1563.0,germination-critical(1-2),6.87,22.8,102.0,71.0,190.0,46.0,12.0,209.0,2.37
S01466,Sandy loam,72.3,21.5,6.2,1.2,0.7,1.553,0.414,0.134,0.042,0.092,19.8,0.479,0.216,0.411,411.0,normal(<1),5.74,36.8,30.0,26.0,128.0,29.0,14.0,196.0,1.62
S01467,Sandy loam,50.6,42.3,7.0,0.8,0.47,1.541,0.419,0.146,0.068,0.078,16.8,0.401,0.251,0.176,176.0,normal(<1),6.84,27.7,8.0,70.0,318.0,34.0,22.0,367.0,0.73
S01468,Loamy sand,82.9,5.2,11.9,0.95,0.55,1.728,0.348,0.14,0.047,0.093,25.4,0.729,0.094,3.774,3774.0,detrimental(>3),6.76,28.8,217.0,127.0,222.0,34.0,21.0,146.0,0.93
S01469,Loam,37.7,42.9,19.4,2.0,1.16,1.554,0.414,0.193,0.08,0.113,22.0,0.532,0.193,1.839,1839.0,germination-critical(1-2),6.97,27.0,109.0,59.0,341.0,32.0,17.0,426.0,2.01
S01470,Silty clay loam,3.2,63.2,33.6,2.68,1.55,1.445,0.455,0.244,0.117,0.127,33.5,0.736,0.12,0.82,820.0,normal(<1),6.3,20.3,58.0,0.0,574.0,61.0,5.0,633.0,2.37
S01471,Sandy loam,76.2,8.3,15.5,1.73,1.01,1.504,0.433,0.155,0.052,0.103,18.7,0.431,0.246,0.7,700.0,normal(<1),5.98,31.3,82.0,21.0,198.0,45.0,10.0,137.0,2.11
S01472,Silty clay loam,15.5,49.2,35.3,1.8,1.04,1.533,0.421,0.258,0.124,0.134,19.7,0.468,0.224,3.385,3385.0,detrimental(>3),6.8,23.5,175.0,120.0,468.0,56.0,20.0,503.0,1.49
S01473,Clay loam,35.8,37.1,27.1,3.27,1.9,1.565,0.41,0.253,0.101,0.152,21.4,0.524,0.195,0.162,162.0,normal(<1),7.09,34.8,73.0,3.0,252.0,73.0,35.0,410.0,2.96
S01474,Sandy loam,63.9,25.2,10.9,1.83,1.06,1.576,0.405,0.153,0.065,0.088,23.5,0.58,0.17,0.924,924.0,normal(<1),6.87,31.2,72.0,49.0,258.0,31.0,27.0,250.0,1.93
S01475,Loam,44.0,47.2,8.9,0.96,0.56,1.625,0.387,0.196,0.067,0.129,24.2,0.626,0.145,0.956,956.0,normal(<1),6.24,31.8,94.0,32.0,340.0,12.0,19.0,374.0,1.13
S01476,Clay,25.0,29.3,45.6,1.89,1.1,1.505,0.432,0.234,0.134,0.099,31.0,0.716,0.123,0.397,397.0,normal(<1),6.77,26.2,66.0,11.0,351.0,78.0,0.0,417.0,1.9
S01477,Sandy clay,47.4,16.2,36.4,4.71,2.73,1.503,0.433,0.243,0.109,0.135,12.9,0.298,0.304,0.166,166.0,normal(<1),6.36,34.0,151.0,12.0,229.0,119.0,26.0,252.0,4.6
S01478,Sandy loam,73.6,9.0,17.4,1.33,0.77,1.67,0.37,0.145,0.055,0.09,25.5,0.69,0.115,0.583,583.0,normal(<1),5.81,25.4,40.0,13.0,110.0,13.0,13.0,160.0,1.28
S01479,Sand,92.8,4.0,3.2,0.79,0.46,1.511,0.43,0.142,0.05,0.092,19.6,0.456,0.234,2.767,2767.0,salt-sensitive-critical(2-3),6.52,26.3,165.0,79.0,132.0,25.0,10.0,95.0,0.92
S01480,Silt loam,28.9,57.6,13.5,3.11,1.8,1.494,0.436,0.225,0.089,0.136,31.9,0.73,0.118,1.05,1050.0,germination-critical(1-2),6.37,29.8,49.0,51.0,455.0,69.0,24.0,573.0,2.77
S01481,Clay loam,40.2,24.4,35.3,2.77,1.6,1.476,0.443,0.189,0.102,0.087,18.1,0.408,0.262,0.209,209.0,normal(<1),6.68,32.0,48.0,23.0,254.0,50.0,8.0,337.0,2.74
S01482,Silt loam,18.5,74.9,6.6,2.47,1.44,1.567,0.409,0.229,0.083,0.146,21.3,0.52,0.196,1.822,1822.0,germination-critical(1-2),6.71,18.8,111.0,73.0,525.0,40.0,23.0,674.0,2.92
S01483,Sandy clay loam,46.9,24.1,28.9,1.12,0.65,1.59,0.4,0.187,0.093,0.094,24.1,0.602,0.159,2.502,2502.0,salt-sensitive-critical(2-3),6.33,28.4,120.0,65.0,262.0,15.0,0.0,278.0,1.12
S01484,Sandy clay loam,53.1,23.4,23.5,2.68,1.55,1.509,0.431,0.196,0.082,0.114,23.8,0.553,0.193,0.805,805.0,normal(<1),6.53,21.4,71.0,32.0,248.0,41.0,25.0,313.0,2.73
S01485,Clay,35.0,15.3,49.7,1.66,0.96,1.429,0.461,0.206,0.121,0.085,21.2,0.461,0.248,0.753,753.0,normal(<1),6.23,27.2,81.0,60.0,267.0,43.0,24.0,342.0,1.82
S01486,Loamy sand,77.1,15.4,7.5,0.45,0.26,1.653,0.376,0.125,0.036,0.088,20.6,0.548,0.17,0.284,284.0,normal(<1),6.52,20.2,6.0,7.0,82.0,0.0,9.0,151.0,0.4
S01487,Clay loam,28.3,42.6,29.1,2.08,1.21,1.455,0.451,0.237,0.098,0.139,24.1,0.535,0.21,0.568,568.0,normal(<1),6.59,29.4,73.0,1.0,394.0,61.0,17.0,399.0,1.99
S01488,Loamy sand,87.0,0.5,12.5,1.52,0.88,1.647,0.379,0.135,0.052,0.084,14.3,0.377,0.236,0.65,650.0,normal(<1),6.36,16.1,49.0,13.0,130.0,19.0,36.0,118.0,1.45
S01489,Clay,35.7,2.1,62.2,2.03,1.18,1.393,0.474,0.252,0.155,0.097,21.1,0.446,0.263,1.022,1022.0,germination-critical(1-2),6.57,29.7,51.0,87.0,114.0,44.0,32.0,213.0,1.99
S01490,Sandy clay,49.0,5.5,45.5,1.91,1.11,1.542,0.418,0.229,0.081,0.148,13.2,0.315,0.286,0.398,398.0,normal(<1),6.46,23.9,0.0,15.0,180.0,44.0,10.0,180.0,1.83
S01491,Silty clay,6.5,46.9,46.6,4.51,2.61,1.394,0.474,0.285,0.154,0.132,27.8,0.587,0.196,0.7,700.0,normal(<1),7.11,30.1,64.0,42.0,360.0,85.0,26.0,538.0,4.45
S01492,Loam,44.1,45.5,10.4,3.17,1.84,1.463,0.448,0.186,0.081,0.105,29.0,0.648,0.158,0.366,366.0,normal(<1),6.57,27.4,74.0,35.0,434.0,97.0,18.0,462.0,2.66
S01493,Sand,89.3,9.0,1.7,1.15,0.67,1.577,0.405,0.13,0.027,0.103,20.8,0.515,0.196,0.322,322.0,normal(<1),6.3,32.0,20.0,34.0,49.0,13.0,12.0,83.0,1.39
S01494,Silty clay loam,11.4,59.8,28.8,2.75,1.59,1.602,0.396,0.235,0.123,0.113,23.8,0.601,0.158,0.165,165.0,normal(<1),6.15,24.2,34.0,54.0,492.0,77.0,32.0,646.0,2.56
S01495,Silty clay,2.2,47.0,50.7,2.24,1.3,1.48,0.441,0.275,0.136,0.139,28.4,0.643,0.158,0.821,821.0,normal(<1),6.32,24.1,62.0,40.0,398.0,37.0,19.0,497.0,1.98
S01496,Loam,41.1,36.6,22.3,2.09,1.21,1.495,0.436,0.194,0.124,0.071,24.0,0.549,0.196,0.092,92.0,normal(<1),6.52,29.9,17.0,17.0,298.0,63.0,6.0,347.0,1.85
S01497,Silt loam,23.0,59.8,17.1,1.72,1.0,1.482,0.441,0.193,0.088,0.105,21.9,0.498,0.221,0.235,235.0,normal(<1),6.86,34.2,44.0,47.0,495.0,32.0,20.0,571.0,1.85
S01498,Loam,43.2,32.2,24.6,0.97,0.56,1.428,0.461,0.181,0.096,0.085,29.1,0.631,0.17,1.011,1011.0,germination-critical(1-2),6.3,31.5,35.0,13.0,284.0,50.0,0.0,363.0,0.96
S01499,Loamy sand,83.7,11.6,4.7,1.33,0.77,1.682,0.365,0.15,0.054,0.096,22.4,0.614,0.141,0.174,174.0,normal(<1),6.59,29.6,13.0,33.0,105.0,24.0,12.0,85.0,1.53
S01500,Clay loam,22.3,49.7,28.0,3.44,1.99,1.414,0.466,0.208,0.099,0.109,25.9,0.555,0.208,0.419,419.0,normal(<1),6.14,25.4,85.0,8.0,419.0,88.0,12.0,445.0,3.4
S01501,Loam,30.2,42.9,26.9,2.05,1.19,1.529,0.423,0.214,0.106,0.108,17.1,0.404,0.252,3.888,3888.0,detrimental(>3),6.87,17.0,214.0,142.0,492.0,37.0,5.0,491.0,2.2
S01502,Sandy clay,49.0,11.0,39.9,1.17,0.68,1.593,0.399,0.217,0.106,0.11,26.2,0.656,0.137,0.254,254.0,normal(<1),6.44,22.8,34.0,15.0,203.0,42.0,24.0,201.0,1.52
S01503,Sand,96.1,1.5,2.4,0.7,0.41,1.598,0.397,0.105,0.041,0.064,21.5,0.542,0.182,0.207,207.0,normal(<1),6.97,29.0,15.0,4.0,5.0,19.0,0.0,75.0,0.59
S01504,Clay loam,20.4,45.8,33.8,1.26,0.73,1.532,0.422,0.227,0.106,0.12,19.7,0.468,0.224,0.171,171.0,normal(<1),6.59,22.7,19.0,0.0,396.0,26.0,0.0,476.0,1.37
S01505,Clay,20.1,36.7,43.2,1.46,0.85,1.618,0.389,0.235,0.117,0.117,28.1,0.721,0.109,1.607,1607.0,germination-critical(1-2),7.22,19.7,146.0,63.0,422.0,52.0,4.0,520.0,1.34
S01506,Silty clay loam,6.1,57.8,36.1,4.63,2.69,1.461,0.449,0.266,0.139,0.127,28.1,0.626,0.168,0.46,460.0,normal(<1),5.92,30.1,96.0,17.0,590.0,114.0,33.0,638.0,4.02
S01507,Silty clay loam,16.9,45.4,37.8,2.7,1.57,1.393,0.474,0.265,0.113,0.152,20.7,0.437,0.267,0.102,102.0,normal(<1),5.69,31.4,30.0,50.0,351.0,72.0,25.0,514.0,2.58
S01508,Loam,37.5,45.5,17.0,1.94,1.13,1.567,0.409,0.195,0.087,0.107,28.9,0.707,0.12,0.303,303.0,normal(<1),6.65,23.6,50.0,10.0,398.0,9.0,33.0,493.0,1.63
S01509,Sandy loam,51.6,36.9,11.5,1.42,0.83,1.447,0.454,0.148,0.094,0.054,19.9,0.439,0.255,1.643,1643.0,germination-critical(1-2),7.01,28.0,122.0,61.0,276.0,42.0,10.0,292.0,1.55
S01510,Loam,51.5,31.5,17.0,1.8,1.04,1.552,0.415,0.2,0.062,0.139,20.6,0.497,0.208,0.261,261.0,normal(<1),6.44,29.5,37.0,0.0,283.0,40.0,27.0,357.0,1.95
S01511,Silt loam,27.6,51.8,20.7,1.96,1.13,1.45,0.453,0.222,0.109,0.113,14.9,0.329,0.304,0.237,237.0,normal(<1),6.21,24.8,31.0,0.0,386.0,26.0,0.0,497.0,2.32
S01512,Silty clay loam,3.2,59.8,37.0,1.54,0.89,1.499,0.435,0.257,0.114,0.143,28.8,0.663,0.147,3.017,3017.0,detrimental(>3),6.61,31.4,171.0,100.0,515.0,23.0,11.0,609.0,1.3
S01513,Silty clay loam,6.9,64.8,28.3,1.83,1.06,1.512,0.429,0.219,0.12,0.099,17.2,0.402,0.257,1.022,1022.0,germination-critical(1-2),6.49,33.7,100.0,22.0,527.0,65.0,32.0,576.0,2.19
S01514,Silty clay loam,1.7,65.4,32.9,2.13,1.24,1.452,0.452,0.293,0.124,0.169,29.6,0.654,0.156,0.064,64.0,normal(<1),6.7,35.3,2.0,19.0,722.0,31.0,14.0,712.0,2.29
S01515,Silt loam,14.1,83.9,2.0,1.13,0.66,1.566,0.409,0.234,0.1,0.135,30.1,0.736,0.108,0.06,60.0,normal(<1),6.68,33.3,0.0,0.0,613.0,1.0,9.0,707.0,0.79
S01516,Clay,35.9,11.9,52.2,4.85,2.81,1.476,0.443,0.247,0.126,0.121,31.1,0.703,0.132,0.389,389.0,normal(<1),6.4,35.1,67.0,54.0,150.0,109.0,33.0,247.0,5.45
S01517,Loamy sand,86.4,5.9,7.8,1.11,0.65,1.499,0.434,0.12,0.039,0.08,19.9,0.458,0.236,1.599,1599.0,germination-critical(1-2),6.4,29.5,121.0,47.0,69.0,36.0,23.0,71.0,1.03
S01518,Silty clay,6.7,53.0,40.3,2.34,1.35,1.482,0.441,0.243,0.128,0.116,19.0,0.431,0.251,0.585,585.0,normal(<1),6.14,32.3,55.0,2.0,479.0,64.0,20.0,599.0,2.21
S01519,Sandy loam,48.1,38.7,13.2,0.81,0.47,1.607,0.394,0.195,0.076,0.119,27.3,0.693,0.121,0.725,725.0,normal(<1),6.93,21.7,35.0,37.0,330.0,15.0,0.0,393.0,0.27
S01520,Silty clay loam,12.6,51.8,35.6,1.28,0.74,1.477,0.443,0.247,0.113,0.135,17.9,0.404,0.264,0.363,363.0,normal(<1),6.49,26.9,79.0,19.0,452.0,36.0,12.0,584.0,0.92
S01521,Clay loam,21.2,42.1,36.7,6.49,3.76,1.512,0.429,0.238,0.143,0.095,27.3,0.637,0.156,1.489,1489.0,germination-critical(1-2),6.19,24.1,143.0,91.0,392.0,143.0,48.0,500.0,6.55
S01522,Silty clay loam,15.2,56.7,28.1,1.54,0.9,1.454,0.451,0.264,0.111,0.154,21.5,0.476,0.237,0.47,470.0,normal(<1),6.73,24.3,3.0,61.0,529.0,41.0,14.0,579.0,1.26
S01523,Silty clay loam,9.1,52.5,38.5,1.34,0.78,1.584,0.402,0.278,0.137,0.142,24.9,0.619,0.153,0.924,924.0,normal(<1),6.77,17.7,58.0,17.0,420.0,41.0,23.0,565.0,1.38
S01524,Silt loam,9.8,69.1,21.1,3.92,2.27,1.52,0.427,0.214,0.109,0.105,23.3,0.546,0.194,2.463,2463.0,salt-sensitive-critical(2-3),6.41,30.2,183.0,68.0,629.0,88.0,26.0,692.0,3.79
S01525,Silt loam,23.0,61.0,16.0,3.23,1.87,1.479,0.442,0.207,0.1,0.107,20.9,0.473,0.233,1.346,1346.0,germination-critical(1-2),6.84,26.9,165.0,70.0,461.0,73.0,21.0,502.0,3.16
S01526,Clay,3.7,36.0,60.3,3.87,2.25,1.424,0.463,0.32,0.156,0.165,35.1,0.758,0.112,0.073,73.0,normal(<1),6.65,23.8,51.0,55.0,460.0,90.0,21.0,580.0,3.86
S01527,Silty clay,1.2,46.3,52.6,3.46,2.01,1.469,0.446,0.288,0.157,0.131,24.9,0.559,0.197,0.431,431.0,normal(<1),5.92,26.5,62.0,54.0,498.0,61.0,30.0,546.0,3.54
S01528,Loamy sand,72.7,18.7,8.6,0.37,0.21,1.671,0.369,0.17,0.047,0.124,19.8,0.535,0.172,0.493,493.0,normal(<1),6.23,34.8,10.0,2.0,103.0,6.0,2.0,150.0,0.32
S01529,Sandy loam,48.9,32.8,18.3,1.41,0.82,1.547,0.416,0.169,0.085,0.085,23.2,0.557,0.184,0.567,567.0,normal(<1),6.74,27.8,71.0,35.0,202.0,52.0,25.0,327.0,1.37
S01530,Loam,30.6,46.0,23.4,3.79,2.2,1.466,0.447,0.215,0.1,0.116,26.1,0.584,0.186,1.372,1372.0,germination-critical(1-2),6.26,28.2,136.0,83.0,495.0,97.0,38.0,522.0,3.71
S01531,Sandy clay loam,56.9,19.9,23.1,2.52,1.46,1.514,0.429,0.188,0.06,0.128,22.5,0.525,0.204,0.185,185.0,normal(<1),6.95,25.1,39.0,6.0,198.0,67.0,9.0,258.0,2.88
S01532,Sandy clay loam,52.9,19.2,27.9,0.82,0.48,1.532,0.422,0.19,0.061,0.129,22.4,0.531,0.198,0.273,273.0,normal(<1),6.32,27.5,0.0,31.0,238.0,13.0,14.0,285.0,0.89
S01533,Sandy loam,48.6,42.8,8.6,1.64,0.95,1.594,0.398,0.178,0.07,0.108,20.9,0.524,0.19,0.256,256.0,normal(<1),6.65,28.4,0.0,26.0,366.0,22.0,28.0,442.0,1.12
S01534,Loamy sand,78.8,10.2,11.1,0.59,0.34,1.661,0.373,0.142,0.063,0.079,12.2,0.328,0.251,0.316,316.0,normal(<1),6.35,26.7,16.0,0.0,116.0,53.0,12.0,146.0,0.87
S01535,Silt loam,19.1,56.0,24.9,1.11,0.65,1.545,0.417,0.212,0.107,0.105,17.8,0.427,0.239,0.15,150.0,normal(<1),6.31,30.7,0.0,11.0,413.0,0.0,20.0,545.0,0.81
S01536,Silty clay loam,3.7,65.6,30.8,2.15,1.25,1.531,0.422,0.277,0.127,0.15,28.4,0.673,0.138,0.251,251.0,normal(<1),6.21,32.6,67.0,40.0,543.0,42.0,35.0,641.0,2.11
S01537,Sandy clay,58.1,5.3,36.6,2.45,1.42,1.479,0.442,0.204,0.112,0.091,29.2,0.66,0.15,0.599,599.0,normal(<1),6.94,25.1,41.0,62.0,177.0,73.0,18.0,157.0,2.33
S01538,Clay loam,20.1,46.6,33.3,5.08,2.95,1.445,0.455,0.241,0.11,0.131,24.2,0.533,0.213,0.321,321.0,normal(<1),6.54,27.5,91.0,28.0,496.0,97.0,35.0,573.0,5.3
S01539,Sandy loam,54.9,37.9,7.1,0.84,0.49,1.628,0.386,0.19,0.069,0.121,18.4,0.476,0.202,0.591,591.0,normal(<1),6.59,21.6,30.0,30.0,303.0,31.0,1.0,371.0,0.55
S01540,Silty clay loam,12.0,51.3,36.7,2.19,1.27,1.498,0.435,0.265,0.125,0.14,27.6,0.635,0.158,0.09,90.0,normal(<1),6.78,36.8,15.0,16.0,441.0,43.0,30.0,545.0,2.01
S01541,Sandy clay loam,56.4,20.3,23.3,1.96,1.14,1.475,0.443,0.205,0.091,0.115,21.1,0.476,0.232,0.401,401.0,normal(<1),6.87,22.0,7.0,35.0,248.0,28.0,34.0,245.0,1.77
S01542,Silt loam,21.9,52.9,25.2,4.11,2.38,1.448,0.454,0.247,0.112,0.135,31.1,0.685,0.143,2.075,2075.0,salt-sensitive-critical(2-3),6.19,23.4,158.0,79.0,485.0,67.0,38.0,527.0,4.04
S01543,Loam,48.9,41.1,10.0,0.71,0.41,1.647,0.378,0.184,0.07,0.114,23.4,0.618,0.145,0.151,151.0,normal(<1),6.64,33.9,0.0,3.0,401.0,12.0,18.0,418.0,0.43
S01544,Sandy loam,71.0,21.0,8.0,2.65,1.54,1.543,0.418,0.155,0.067,0.088,14.3,0.343,0.274,2.775,2775.0,salt-sensitive-critical(2-3),6.5,25.9,186.0,74.0,176.0,75.0,7.0,219.0,2.66
S01545,Clay,33.1,17.0,49.9,4.09,2.37,1.447,0.454,0.273,0.133,0.141,23.7,0.522,0.217,0.18,180.0,normal(<1),6.58,32.5,45.0,18.0,244.0,82.0,32.0,277.0,4.16
S01546,Sandy clay loam,60.6,6.5,32.8,3.32,1.93,1.45,0.453,0.189,0.091,0.098,28.0,0.618,0.173,0.338,338.0,normal(<1),6.27,27.3,89.0,34.0,205.0,77.0,25.0,218.0,3.83
S01547,Clay loam,21.6,46.6,31.8,2.07,1.2,1.493,0.437,0.242,0.106,0.136,31.4,0.72,0.122,0.171,171.0,normal(<1),6.7,16.7,49.0,15.0,345.0,68.0,13.0,430.0,2.41
S01548,Sandy clay loam,58.8,7.8,33.4,2.29,1.33,1.583,0.403,0.193,0.098,0.095,27.9,0.693,0.124,0.078,78.0,normal(<1),6.06,33.3,37.0,26.0,192.0,51.0,17.0,224.0,2.42
S01549,Sandy clay loam,46.6,21.0,32.4,2.1,1.22,1.631,0.384,0.226,0.099,0.127,17.0,0.443,0.214,0.106,106.0,normal(<1),6.48,25.8,50.0,28.0,278.0,50.0,37.0,327.0,1.92
S01550,Sandy loam,49.9,44.0,6.1,2.69,1.56,1.62,0.389,0.184,0.063,0.121,17.0,0.437,0.219,0.527,527.0,normal(<1),6.07,21.7,73.0,20.0,292.0,54.0,28.0,380.0,3.04
S01551,Clay loam,30.4,40.3,29.4,2.8,1.62,1.446,0.454,0.224,0.119,0.104,15.6,0.344,0.298,0.147,147.0,normal(<1),6.63,24.7,0.0,0.0,381.0,37.0,12.0,449.0,2.78
S01552,Loam,37.3,49.9,12.8,3.64,2.11,1.526,0.424,0.176,0.066,0.11,18.5,0.436,0.239,0.738,738.0,normal(<1),6.67,23.8,117.0,49.0,405.0,83.0,17.0,496.0,3.78
S01553,Clay,14.8,29.1,56.1,4.2,2.44,1.381,0.479,0.27,0.15,0.12,32.6,0.681,0.153,0.364,364.0,normal(<1),6.19,27.9,38.0,0.0,374.0,73.0,30.0,416.0,4.39
S01554,Silty clay loam,3.4,63.5,33.1,2.39,1.39,1.467,0.446,0.254,0.132,0.121,26.3,0.589,0.183,0.151,151.0,normal(<1),5.97,32.5,26.0,0.0,516.0,49.0,0.0,608.0,2.16
S01555,Loamy sand,76.5,12.5,11.0,1.09,0.63,1.565,0.409,0.152,0.053,0.099,21.0,0.512,0.2,1.046,1046.0,germination-critical(1-2),6.21,30.7,57.0,33.0,168.0,22.0,14.0,169.0,0.86
S01556,Clay loam,41.1,26.5,32.4,1.81,1.05,1.554,0.414,0.194,0.107,0.087,16.6,0.401,0.248,0.609,609.0,normal(<1),6.28,26.2,55.0,27.0,289.0,47.0,10.0,320.0,1.95
S01557,Clay loam,31.8,33.0,35.2,1.53,0.89,1.608,0.393,0.225,0.112,0.113,27.0,0.686,0.124,1.809,1809.0,germination-critical(1-2),6.53,34.9,117.0,45.0,329.0,37.0,9.0,388.0,1.17
S01558,Sandy loam,67.1,13.6,19.3,3.66,2.12,1.512,0.429,0.188,0.069,0.119,22.3,0.52,0.206,0.475,475.0,normal(<1),6.23,28.0,10.0,49.0,118.0,62.0,22.0,195.0,3.42
S01559,Silt loam,28.4,71.2,0.4,0.54,0.31,1.66,0.374,0.218,0.08,0.138,21.5,0.576,0.158,0.059,59.0,normal(<1),6.33,27.2,0.0,0.0,472.0,0.0,0.0,544.0,0.58
S01560,Clay loam,30.3,39.6,30.2,1.54,0.89,1.496,0.435,0.195,0.086,0.109,22.5,0.517,0.21,0.754,754.0,normal(<1),6.64,33.5,68.0,21.0,327.0,62.0,2.0,456.0,1.4
S01561,Loamy sand,84.1,8.8,7.0,0.3,0.17,1.655,0.375,0.126,0.043,0.083,22.4,0.596,0.152,0.854,854.0,normal(<1),6.0,30.4,30.0,31.0,156.0,14.0,8.0,160.0,0.23
S01562,Sandy clay loam,62.4,14.2,23.5,1.16,0.67,1.45,0.453,0.161,0.072,0.089,16.1,0.357,0.291,0.144,144.0,normal(<1),6.38,21.2,11.0,42.0,179.0,53.0,29.0,195.0,1.63
S01563,Clay loam,29.0,34.5,36.5,1.92,1.11,1.553,0.414,0.221,0.102,0.119,20.4,0.493,0.21,0.418,418.0,normal(<1),5.92,21.1,53.0,0.0,436.0,58.0,0.0,516.0,1.3
S01564,Silt loam,23.0,58.0,19.1,1.5,0.87,1.504,0.432,0.198,0.095,0.103,15.4,0.357,0.278,0.908,908.0,normal(<1),5.93,22.0,90.0,41.0,461.0,54.0,37.0,578.0,1.56
S01565,Clay loam,36.6,27.3,36.1,1.74,1.01,1.542,0.418,0.211,0.097,0.115,25.6,0.612,0.162,0.902,902.0,normal(<1),6.69,25.7,78.0,25.0,359.0,36.0,20.0,342.0,1.79
S01566,Sand,95.4,4.0,0.6,0.6,0.35,1.712,0.354,0.118,0.044,0.073,23.0,0.649,0.124,2.558,2558.0,salt-sensitive-critical(2-3),7.21,26.8,166.0,86.0,111.0,8.0,1.0,52.0,0.8
S01567,Sandy loam,59.7,27.3,12.9,1.32,0.76,1.559,0.412,0.17,0.059,0.111,22.1,0.537,0.191,0.309,309.0,normal(<1),6.44,26.8,33.0,24.0,238.0,34.0,16.0,268.0,1.3
S01568,Clay,11.8,30.7,57.5,2.11,1.23,1.339,0.495,0.28,0.142,0.139,23.7,0.48,0.257,0.197,197.0,normal(<1),6.58,25.0,57.0,24.0,344.0,45.0,21.0,445.0,2.33
S01569,Sandy loam,59.1,31.0,10.0,1.33,0.77,1.567,0.408,0.154,0.057,0.097,20.0,0.489,0.209,0.505,505.0,normal(<1),6.13,26.4,68.0,0.0,271.0,33.0,8.0,332.0,0.6
S01570,Sand,93.7,2.8,3.6,0.6,0.35,1.644,0.38,0.116,0.02,0.096,15.3,0.402,0.227,0.136,136.0,normal(<1),6.26,30.3,0.0,0.0,0.0,11.0,12.0,17.0,0.48
S01571,Sand,90.7,7.3,1.9,0.61,0.35,1.636,0.383,0.081,0.036,0.046,20.6,0.538,0.177,0.38,380.0,normal(<1),6.71,24.6,18.0,0.0,133.0,11.0,0.0,120.0,0.59
S01572,Clay,24.9,14.7,60.5,1.91,1.11,1.428,0.461,0.227,0.155,0.072,21.7,0.472,0.244,2.744,2744.0,salt-sensitive-critical(2-3),6.08,35.1,224.0,80.0,276.0,52.0,18.0,308.0,2.07
S01573,Loam,33.6,49.7,16.7,3.59,2.08,1.479,0.442,0.194,0.068,0.126,29.4,0.666,0.148,0.448,448.0,normal(<1),6.19,20.4,74.0,41.0,404.0,82.0,23.0,486.0,3.5
S01574,Sandy loam,51.4,30.7,17.9,1.34,0.78,1.531,0.422,0.193,0.093,0.1,25.4,0.603,0.168,0.451,451.0,normal(<1),5.71,32.0,22.0,7.0,254.0,47.0,13.0,298.0,0.88
S01575,Silt loam,8.1,71.9,20.1,4.14,2.4,1.55,0.415,0.251,0.117,0.134,28.5,0.686,0.13,0.084,84.0,normal(<1),7.15,28.6,78.0,6.0,585.0,86.0,11.0,690.0,4.43
S01576,Sandy loam,66.7,19.4,13.9,3.18,1.85,1.51,0.43,0.184,0.084,0.101,22.2,0.516,0.208,0.138,138.0,normal(<1),6.86,27.9,60.0,36.0,166.0,74.0,26.0,237.0,3.48
S01577,Sandy loam,64.5,19.9,15.7,1.44,0.84,1.576,0.405,0.193,0.077,0.116,19.0,0.469,0.215,0.881,881.0,normal(<1),6.08,30.4,31.0,49.0,46.0,52.0,17.0,143.0,1.59
S01578,Clay loam,31.8,40.9,27.2,3.53,2.05,1.56,0.411,0.233,0.098,0.135,20.4,0.496,0.207,0.711,711.0,normal(<1),6.66,32.7,98.0,60.0,339.0,81.0,42.0,366.0,3.91
S01579,Loamy sand,73.0,12.4,14.6,2.89,1.67,1.564,0.41,0.164,0.059,0.105,18.5,0.45,0.225,0.524,524.0,normal(<1),6.78,29.2,56.0,18.0,157.0,42.0,31.0,149.0,2.78
S01580,Sandy loam,71.8,11.4,16.9,1.24,0.72,1.549,0.415,0.15,0.066,0.084,27.3,0.658,0.142,1.22,1220.0,germination-critical(1-2),7.1,28.1,113.0,42.0,248.0,54.0,25.0,199.0,1.18
S01581,Silt loam,23.6,73.1,3.3,1.76,1.02,1.645,0.379,0.19,0.069,0.12,17.3,0.455,0.207,0.625,625.0,normal(<1),6.3,23.7,51.0,29.0,500.0,23.0,13.0,656.0,2.4
S01582,Clay loam,39.3,31.3,29.4,1.86,1.08,1.611,0.392,0.214,0.096,0.118,17.6,0.449,0.216,0.679,679.0,normal(<1),6.61,38.6,38.0,41.0,293.0,37.0,32.0,353.0,2.0
S01583,Silt loam,17.0,80.8,2.2,1.65,0.96,1.576,0.405,0.197,0.068,0.128,19.1,0.471,0.214,0.223,223.0,normal(<1),5.84,33.1,79.0,35.0,503.0,59.0,29.0,660.0,1.49
S01584,Silt loam,19.0,56.7,24.3,1.77,1.02,1.517,0.428,0.225,0.104,0.121,12.9,0.303,0.298,0.676,676.0,normal(<1),6.84,29.7,102.0,64.0,503.0,70.0,18.0,610.0,1.87
S01585,Sandy loam,58.9,27.9,13.3,0.3,0.18,1.548,0.416,0.181,0.082,0.099,20.2,0.485,0.214,0.353,353.0,normal(<1),6.97,23.5,0.0,2.0,311.0,8.0,8.0,354.0,0.49
S01586,Sandy clay,45.3,9.4,45.2,1.19,0.69,1.469,0.446,0.21,0.106,0.103,31.8,0.713,0.128,1.009,1009.0,germination-critical(1-2),6.46,30.1,49.0,17.0,228.0,8.0,17.0,250.0,1.37
S01587,Sandy loam,58.0,32.7,9.3,1.83,1.06,1.562,0.411,0.167,0.054,0.113,20.6,0.502,0.205,0.483,483.0,normal(<1),6.03,23.9,71.0,10.0,243.0,66.0,6.0,288.0,2.05
S01588,Loam,45.2,33.1,21.7,0.78,0.45,1.53,0.423,0.185,0.079,0.106,26.3,0.622,0.16,0.732,732.0,normal(<1),6.7,25.3,43.0,51.0,309.0,0.0,16.0,392.0,0.91
S01589,Loamy sand,73.8,20.8,5.4,2.22,1.29,1.526,0.424,0.141,0.072,0.069,25.9,0.611,0.165,0.079,79.0,normal(<1),5.93,28.8,64.0,0.0,188.0,62.0,14.0,239.0,2.07
S01590,Silty clay,0.3,55.4,44.4,2.88,1.67,1.424,0.463,0.263,0.123,0.14,35.7,0.772,0.105,1.186,1186.0,germination-critical(1-2),6.4,24.4,133.0,74.0,519.0,69.0,28.0,595.0,2.6
S01591,Sandy clay,46.9,0.6,52.4,2.38,1.38,1.433,0.459,0.249,0.1,0.148,20.1,0.439,0.258,0.368,368.0,normal(<1),6.42,26.5,44.0,28.0,105.0,83.0,8.0,172.0,2.84
S01592,Loam,45.0,46.5,8.5,0.81,0.47,1.489,0.438,0.171,0.088,0.083,28.2,0.643,0.156,0.731,731.0,normal(<1),6.53,26.4,27.0,35.0,331.0,13.0,25.0,399.0,0.93
S01593,Clay loam,43.8,28.2,28.0,0.98,0.57,1.555,0.413,0.169,0.098,0.071,25.7,0.621,0.156,0.271,271.0,normal(<1),6.59,28.7,9.0,44.0,269.0,43.0,11.0,363.0,1.21
S01594,Sandy loam,58.6,35.3,6.2,2.21,1.28,1.557,0.412,0.164,0.075,0.088,17.7,0.429,0.236,0.949,949.0,normal(<1),6.3,26.7,28.0,61.0,319.0,42.0,15.0,367.0,2.11
S01595,Sandy clay,46.3,13.9,39.8,3.51,2.04,1.516,0.428,0.214,0.104,0.109,25.3,0.591,0.175,0.638,638.0,normal(<1),6.83,30.1,67.0,48.0,214.0,80.0,16.0,215.0,3.84
S01596,Silt loam,24.5,56.8,18.7,2.75,1.6,1.515,0.428,0.237,0.11,0.127,24.5,0.571,0.184,0.178,178.0,normal(<1),6.26,34.6,32.0,41.0,502.0,56.0,17.0,540.0,2.75
S01597,Sandy loam,56.5,38.4,5.1,0.68,0.39,1.515,0.428,0.154,0.055,0.099,27.4,0.64,0.154,1.188,1188.0,germination-critical(1-2),6.73,33.0,75.0,10.0,314.0,41.0,0.0,376.0,0.86
S01598,Sandy loam,57.2,29.8,13.0,3.08,1.78,1.559,0.412,0.168,0.074,0.094,23.6,0.572,0.176,0.146,146.0,normal(<1),6.18,24.0,63.0,0.0,234.0,56.0,6.0,317.0,3.03
S01599,Sandy clay loam,56.7,22.0,21.3,1.08,0.63,1.664,0.372,0.183,0.091,0.092,18.0,0.484,0.192,1.236,1236.0,germination-critical(1-2),6.56,24.8,94.0,42.0,310.0,35.0,12.0,327.0,1.07
S01600,Silt loam,28.1,53.4,18.6,1.4,0.81,1.478,0.442,0.21,0.088,0.122,27.0,0.611,0.172,3.079,3079.0,detrimental(>3),6.39,33.7,205.0,106.0,496.0,44.0,16.0,561.0,1.43
S01601,Silt loam,8.5,65.3,26.2,3.19,1.85,1.403,0.47,0.237,0.122,0.115,29.4,0.624,0.177,0.414,414.0,normal(<1),6.07,29.7,69.0,71.0,475.0,97.0,15.0,626.0,3.15
S01602,Sandy loam,79.0,8.7,12.2,2.26,1.31,1.457,0.45,0.128,0.05,0.078,24.8,0.552,0.202,1.022,1022.0,germination-critical(1-2),6.51,27.6,79.0,62.0,170.0,67.0,37.0,162.0,2.12
S01603,Silty clay,5.7,49.2,45.0,1.51,0.88,1.489,0.438,0.248,0.146,0.102,23.7,0.541,0.201,0.833,833.0,normal(<1),6.62,27.6,59.0,23.0,438.0,44.0,12.0,566.0,1.44
S01604,Silty clay loam,7.7,54.4,37.8,3.86,2.24,1.548,0.416,0.276,0.112,0.164,20.7,0.498,0.209,0.745,745.0,normal(<1),6.16,24.2,109.0,41.0,480.0,85.0,13.0,526.0,3.98
S01605,Sandy loam,48.4,32.7,18.9,1.39,0.8,1.484,0.44,0.182,0.082,0.101,22.3,0.508,0.217,2.493,2493.0,salt-sensitive-critical(2-3),6.43,28.3,193.0,90.0,272.0,31.0,11.0,307.0,1.19
S01606,Sand,97.7,0.4,1.8,1.17,0.68,1.673,0.369,0.104,0.056,0.048,22.7,0.616,0.142,0.541,541.0,normal(<1),7.13,26.2,22.0,58.0,107.0,41.0,1.0,126.0,0.61
S01607,Sandy loam,62.9,27.5,9.6,1.9,1.1,1.587,0.401,0.172,0.06,0.112,27.3,0.681,0.128,1.145,1145.0,germination-critical(1-2),6.01,32.9,70.0,43.0,203.0,35.0,0.0,230.0,1.6
S01608,Loam,43.0,49.6,7.4,2.57,1.49,1.657,0.375,0.196,0.072,0.123,17.8,0.476,0.196,0.177,177.0,normal(<1),6.05,29.3,22.0,24.0,447.0,62.0,25.0,523.0,2.74
S01609,Sandy loam,56.8,23.9,19.4,3.7,2.15,1.461,0.449,0.19,0.062,0.128,24.5,0.546,0.204,0.479,479.0,normal(<1),6.86,30.9,61.0,24.0,207.0,55.0,19.0,254.0,4.4
S01610,Silty clay loam,19.9,49.5,30.6,1.01,0.59,1.541,0.418,0.231,0.105,0.126,28.8,0.688,0.131,1.573,1573.0,germination-critical(1-2),6.74,24.5,79.0,66.0,475.0,11.0,5.0,612.0,0.74
S01611,Silt loam,2.9,77.4,19.7,1.43,0.83,1.567,0.409,0.228,0.097,0.132,18.6,0.455,0.222,0.374,374.0,normal(<1),6.27,32.0,7.0,55.0,562.0,21.0,28.0,741.0,1.75
S01612,Silt loam,18.7,68.6,12.7,1.71,0.99,1.552,0.414,0.187,0.102,0.085,26.6,0.641,0.149,0.179,179.0,normal(<1),7.24,27.6,18.0,32.0,464.0,54.0,24.0,623.0,1.86
S01613,Clay loam,44.4,19.8,35.7,2.43,1.41,1.496,0.435,0.218,0.106,0.112,19.7,0.453,0.238,0.302,302.0,normal(<1),6.23,33.8,7.0,30.0,135.0,80.0,30.0,169.0,2.43
S01614,Loamy sand,83.8,8.0,8.1,0.3,0.17,1.559,0.412,0.139,0.031,0.108,17.7,0.429,0.235,0.334,334.0,normal(<1),6.98,31.4,85.0,13.0,114.0,29.0,0.0,136.0,0.19
S01615,Sandy clay,47.4,5.6,47.0,1.03,0.6,1.493,0.436,0.226,0.127,0.099,31.5,0.722,0.121,0.431,431.0,normal(<1),6.43,27.6,67.0,41.0,192.0,14.0,0.0,189.0,0.91
S01616,Loam,47.4,44.6,8.0,1.6,0.93,1.634,0.384,0.179,0.074,0.105,23.6,0.615,0.148,0.55,550.0,normal(<1),6.24,29.0,51.0,26.0,346.0,45.0,17.0,415.0,1.36
S01617,Clay loam,20.2,42.7,37.1,2.33,1.35,1.494,0.436,0.256,0.121,0.135,32.1,0.735,0.116,0.74,740.0,normal(<1),6.6,34.3,50.0,28.0,436.0,51.0,15.0,515.0,2.41
S01618,Sand,97.1,0.7,2.2,1.5,0.87,1.571,0.407,0.094,0.036,0.058,24.7,0.607,0.16,0.446,446.0,normal(<1),5.89,24.3,71.0,18.0,13.0,38.0,2.0,0.0,1.63
S01619,Sandy loam,72.5,14.6,12.9,1.66,0.96,1.578,0.404,0.132,0.073,0.06,15.8,0.39,0.247,0.908,908.0,normal(<1),7.16,29.5,54.0,0.0,236.0,36.0,0.0,268.0,1.91
S01620,Loamy sand,72.4,27.3,0.3,0.98,0.57,1.662,0.373,0.117,0.052,0.064,20.0,0.535,0.173,5.781,5781.0,detrimental(>3),7.39,32.9,304.0,145.0,325.0,20.0,1.0,241.0,1.25
S01621,Silty clay loam,5.9,59.5,34.6,2.59,1.5,1.47,0.445,0.241,0.125,0.116,27.4,0.615,0.172,0.327,327.0,normal(<1),6.97,31.1,39.0,31.0,438.0,60.0,23.0,591.0,2.44
S01622,Silty clay,3.8,52.8,43.4,4.6,2.67,1.437,0.458,0.298,0.137,0.161,28.8,0.628,0.17,0.778,778.0,normal(<1),6.6,26.9,97.0,58.0,472.0,91.0,31.0,568.0,4.53
S01623,Sandy clay,56.3,0.1,43.6,1.74,1.01,1.463,0.448,0.212,0.109,0.104,30.6,0.684,0.142,0.495,495.0,normal(<1),6.81,26.0,69.0,0.0,75.0,48.0,13.0,88.0,1.71
S01624,Silty clay loam,2.6,58.8,38.5,3.76,2.18,1.482,0.441,0.247,0.121,0.126,15.8,0.359,0.282,0.05,50.0,normal(<1),6.11,30.7,28.0,37.0,438.0,73.0,37.0,527.0,3.89
S01625,Silty clay,11.5,40.3,48.2,6.22,3.61,1.332,0.497,0.306,0.168,0.138,35.6,0.715,0.142,0.149,149.0,normal(<1),6.35,30.5,59.0,14.0,325.0,100.0,37.0,431.0,6.38
S01626,Sandy loam,72.7,22.0,5.3,2.3,1.33,1.559,0.412,0.142,0.066,0.076,20.6,0.499,0.206,0.382,382.0,normal(<1),6.18,28.0,60.0,25.0,240.0,62.0,24.0,238.0,1.91
S01627,Clay loam,34.1,30.8,35.0,2.57,1.49,1.531,0.422,0.248,0.105,0.143,28.4,0.672,0.139,0.874,874.0,normal(<1),6.56,28.0,54.0,10.0,326.0,63.0,29.0,454.0,2.12
S01628,Silty clay,7.1,47.1,45.8,4.01,2.33,1.532,0.422,0.282,0.139,0.143,19.4,0.459,0.228,0.113,113.0,normal(<1),6.15,25.5,44.0,0.0,399.0,90.0,21.0,546.0,3.97
S01629,Loamy sand,70.9,24.2,4.9,1.7,0.98,1.682,0.365,0.144,0.04,0.104,17.9,0.491,0.186,0.222,222.0,normal(<1),6.85,35.2,5.0,0.0,186.0,27.0,0.0,238.0,1.8
S01630,Loamy sand,77.8,22.0,0.2,0.3,0.17,1.596,0.398,0.131,0.044,0.087,26.3,0.66,0.135,0.876,876.0,normal(<1),6.47,31.0,61.0,10.0,226.0,0.0,3.0,170.0,0.17
S01631,Sandy loam,72.8,7.5,19.7,2.72,1.58,1.558,0.412,0.149,0.071,0.079,20.8,0.504,0.204,0.181,181.0,normal(<1),6.14,27.3,53.0,0.0,127.0,36.0,12.0,180.0,3.04
S01632,Sand,92.9,6.0,1.0,0.3,0.17,1.619,0.389,0.105,0.035,0.07,22.7,0.585,0.161,0.645,645.0,normal(<1),6.35,20.3,28.0,0.0,45.0,15.0,0.0,101.0,0.19
S01633,Sandy loam,75.0,9.8,15.2,2.1,1.22,1.534,0.421,0.162,0.06,0.102,23.1,0.547,0.191,0.113,113.0,normal(<1),6.41,27.6,1.0,73.0,126.0,27.0,41.0,176.0,2.31
S01634,Silty clay loam,18.8,44.6,36.6,1.89,1.1,1.396,0.473,0.246,0.106,0.14,32.5,0.687,0.148,0.101,101.0,normal(<1),6.69,29.5,20.0,2.0,417.0,43.0,12.0,516.0,2.32
S01635,Loam,38.6,43.7,17.7,2.63,1.53,1.468,0.446,0.217,0.078,0.139,29.8,0.667,0.148,0.946,946.0,normal(<1),6.37,30.7,74.0,0.0,364.0,58.0,7.0,448.0,2.21
S01636,Clay loam,26.7,44.5,28.8,1.6,0.93,1.526,0.424,0.241,0.084,0.158,29.8,0.704,0.126,0.195,195.0,normal(<1),6.74,28.7,0.0,24.0,421.0,10.0,21.0,494.0,1.2
S01637,Sandy clay loam,46.0,23.9,30.0,1.39,0.81,1.499,0.434,0.213,0.087,0.126,31.8,0.731,0.117,0.139,139.0,normal(<1),6.45,30.4,38.0,32.0,307.0,52.0,24.0,407.0,1.86
S01638,Clay,14.5,26.8,58.6,2.21,1.28,1.439,0.457,0.274,0.147,0.127,32.0,0.701,0.137,0.351,351.0,normal(<1),6.34,31.0,46.0,42.0,325.0,76.0,20.0,406.0,2.09
S01639,Loamy sand,74.0,15.1,10.9,0.56,0.32,1.552,0.414,0.16,0.064,0.096,23.2,0.559,0.183,0.435,435.0,normal(<1),6.3,29.2,74.0,46.0,141.0,35.0,5.0,217.0,0.55
S01640,Silt loam,24.8,55.0,20.2,2.13,1.24,1.637,0.382,0.212,0.104,0.108,18.9,0.494,0.193,1.286,1286.0,germination-critical(1-2),6.5,32.0,81.0,40.0,449.0,20.0,26.0,538.0,2.07
S01641,Sandy clay loam,55.6,11.6,32.8,1.09,0.63,1.458,0.45,0.192,0.092,0.1,21.1,0.468,0.239,1.482,1482.0,germination-critical(1-2),5.89,30.8,114.0,39.0,195.0,27.0,22.0,189.0,1.16
S01642,Sandy clay,51.1,9.2,39.7,4.01,2.33,1.562,0.41,0.222,0.106,0.116,20.5,0.499,0.206,0.469,469.0,normal(<1),6.24,30.7,82.0,0.0,173.0,92.0,32.0,242.0,4.19
S01643,Loam,33.5,47.9,18.6,1.73,1.0,1.576,0.405,0.17,0.084,0.086,19.9,0.492,0.206,0.32,320.0,normal(<1),6.61,26.9,52.0,36.0,452.0,16.0,19.0,566.0,1.61
S01644,Silty clay loam,18.3,44.4,37.3,3.78,2.19,1.522,0.426,0.253,0.086,0.166,23.7,0.556,0.189,0.586,586.0,normal(<1),6.43,25.1,84.0,31.0,455.0,87.0,43.0,513.0,3.65
S01645,Loam,40.7,38.2,21.1,0.79,0.46,1.506,0.432,0.195,0.08,0.114,26.1,0.605,0.17,0.258,258.0,normal(<1),6.23,24.7,0.0,18.0,340.0,0.0,11.0,386.0,1.09
S01646,Clay,36.2,16.8,47.0,2.21,1.28,1.439,0.457,0.257,0.096,0.161,31.3,0.684,0.144,0.328,328.0,normal(<1),6.41,24.6,51.0,32.0,295.0,24.0,17.0,275.0,2.24
S01647,Silty clay,10.0,41.6,48.4,3.6,2.09,1.473,0.444,0.28,0.137,0.143,29.4,0.661,0.15,0.967,967.0,normal(<1),6.18,24.6,53.0,35.0,510.0,73.0,33.0,603.0,3.42
S01648,Loam,34.4,39.3,26.3,2.32,1.34,1.433,0.459,0.204,0.085,0.119,31.4,0.684,0.145,0.704,704.0,normal(<1),6.68,26.9,68.0,0.0,359.0,65.0,17.0,437.0,2.1
S01649,Silt loam,14.9,82.2,2.8,2.37,1.38,1.521,0.426,0.246,0.081,0.165,26.0,0.611,0.166,3.037,3037.0,detrimental(>3),6.78,25.9,180.0,81.0,621.0,40.0,24.0,699.0,2.66
S01650,Silt loam,23.9,68.0,8.0,0.87,0.5,1.543,0.418,0.187,0.093,0.095,17.9,0.428,0.239,0.362,362.0,normal(<1),6.62,30.4,22.0,15.0,433.0,29.0,11.0,574.0,0.6
S01651,Silt loam,25.8,54.3,19.9,1.43,0.83,1.532,0.422,0.244,0.101,0.143,24.8,0.589,0.174,0.05,50.0,normal(<1),6.49,27.0,7.0,0.0,491.0,56.0,8.0,496.0,1.03
S01652,Clay loam,38.9,24.7,36.4,3.22,1.87,1.46,0.449,0.221,0.108,0.113,25.1,0.559,0.198,0.546,546.0,normal(<1),6.81,35.0,19.0,23.0,329.0,50.0,25.0,329.0,3.06
S01653,Clay loam,26.3,42.4,31.3,3.33,1.93,1.495,0.436,0.246,0.092,0.154,26.6,0.61,0.17,0.351,351.0,normal(<1),6.82,21.6,56.0,49.0,405.0,69.0,27.0,500.0,3.36
S01654,Sandy loam,77.0,17.4,5.7,0.33,0.19,1.57,0.408,0.143,0.046,0.096,20.9,0.512,0.199,1.829,1829.0,germination-critical(1-2),6.08,30.4,109.0,56.0,192.0,0.0,4.0,205.0,0.47
S01655,Sandy loam,61.6,32.4,6.0,1.93,1.12,1.623,0.387,0.153,0.059,0.094,27.6,0.713,0.111,0.757,757.0,normal(<1),6.41,30.0,45.0,17.0,226.0,59.0,28.0,314.0,1.66
S01656,Sandy loam,57.2,30.8,12.0,1.91,1.11,1.615,0.391,0.172,0.091,0.08,24.6,0.629,0.145,0.453,453.0,normal(<1),6.35,27.0,49.0,23.0,203.0,27.0,11.0,248.0,2.13
S01657,Sandy clay loam,61.1,17.8,21.1,2.07,1.2,1.526,0.424,0.165,0.06,0.106,28.7,0.677,0.137,1.11,1110.0,germination-critical(1-2),6.26,28.6,110.0,59.0,279.0,75.0,0.0,279.0,1.9
S01658,Sandy loam,48.0,44.5,7.5,1.33,0.77,1.561,0.411,0.192,0.073,0.119,16.0,0.39,0.251,0.189,189.0,normal(<1),6.26,24.1,54.0,0.0,326.0,52.0,0.0,413.0,1.24
S01659,Sandy clay,59.6,4.0,36.4,1.51,0.88,1.5,0.434,0.194,0.088,0.106,22.5,0.519,0.209,0.532,532.0,normal(<1),6.66,30.1,20.0,35.0,66.0,50.0,15.0,119.0,1.68
S01660,Sandy loam,54.7,31.6,13.8,1.87,1.08,1.515,0.428,0.151,0.066,0.085,29.2,0.681,0.137,0.633,633.0,normal(<1),6.26,27.1,47.0,67.0,269.0,31.0,11.0,322.0,1.81
S01661,Loam,34.2,41.9,23.9,2.22,1.29,1.526,0.424,0.222,0.087,0.134,27.2,0.64,0.152,0.11,110.0,normal(<1),6.77,25.0,58.0,14.0,251.0,62.0,21.0,331.0,2.11
S01662,Sandy clay,51.1,6.6,42.3,1.12,0.65,1.528,0.424,0.202,0.098,0.105,25.4,0.6,0.169,0.106,106.0,normal(<1),6.85,22.4,37.0,16.0,126.0,15.0,1.0,165.0,1.8
S01663,Sand,93.2,0.1,6.7,1.33,0.77,1.636,0.383,0.125,0.047,0.078,13.9,0.363,0.244,0.859,859.0,normal(<1),6.93,26.4,39.0,25.0,36.0,12.0,0.0,24.0,1.26
S01664,Sandy clay loam,51.1,25.4,23.5,3.25,1.88,1.55,0.415,0.192,0.081,0.111,17.4,0.418,0.241,0.709,709.0,normal(<1),6.8,26.8,97.0,66.0,204.0,82.0,8.0,279.0,2.96
S01665,Loam,34.0,43.0,23.0,1.06,0.62,1.608,0.393,0.204,0.1,0.104,19.6,0.499,0.197,0.342,342.0,normal(<1),6.61,30.8,0.0,32.0,356.0,17.0,2.0,446.0,0.77
S01666,Clay,17.7,37.8,44.5,2.4,1.39,1.546,0.417,0.285,0.125,0.159,36.0,0.865,0.056,1.296,1296.0,germination-critical(1-2),6.53,27.6,95.0,38.0,427.0,48.0,30.0,475.0,2.36
S01667,Silty clay,2.8,55.9,41.3,2.54,1.47,1.509,0.43,0.274,0.136,0.137,20.0,0.465,0.23,0.403,403.0,normal(<1),7.15,30.6,38.0,16.0,501.0,52.0,16.0,642.0,2.35
S01668,Sand,91.9,6.9,1.1,1.54,0.89,1.702,0.358,0.121,0.046,0.076,19.9,0.555,0.159,0.253,253.0,normal(<1),6.25,31.7,21.0,28.0,0.0,27.0,12.0,0.0,1.68
S01669,Loam,41.0,44.5,14.5,1.63,0.95,1.607,0.394,0.182,0.078,0.104,13.4,0.342,0.259,0.476,476.0,normal(<1),6.88,25.7,36.0,52.0,362.0,47.0,27.0,418.0,1.61
S01670,Sandy clay,47.9,6.0,46.2,2.39,1.39,1.522,0.426,0.202,0.12,0.083,22.1,0.518,0.205,0.632,632.0,normal(<1),7.17,28.4,34.0,23.0,156.0,51.0,17.0,224.0,2.17
S01671,Sandy loam,45.0,35.6,19.4,1.71,0.99,1.495,0.436,0.171,0.076,0.095,17.9,0.411,0.257,0.299,299.0,normal(<1),6.53,27.7,0.0,58.0,348.0,32.0,29.0,453.0,1.65
S01672,Sandy loam,52.5,32.8,14.8,1.65,0.96,1.615,0.391,0.169,0.058,0.111,26.3,0.672,0.128,0.258,258.0,normal(<1),6.61,30.1,32.0,44.0,243.0,49.0,20.0,320.0,1.52
S01673,Sandy loam,75.7,14.2,10.2,0.79,0.46,1.543,0.418,0.146,0.054,0.092,14.3,0.342,0.275,0.215,215.0,normal(<1),6.72,26.2,0.0,21.0,88.0,32.0,5.0,197.0,1.02
S01674,Sandy clay,59.2,4.0,36.8,0.9,0.52,1.498,0.435,0.193,0.079,0.113,19.4,0.447,0.24,1.122,1122.0,germination-critical(1-2),6.17,25.0,65.0,15.0,68.0,41.0,8.0,142.0,0.48
S01675,Silty clay loam,11.4,48.9,39.7,2.58,1.5,1.526,0.424,0.27,0.132,0.138,33.0,0.778,0.094,0.476,476.0,normal(<1),6.63,15.4,64.0,42.0,347.0,80.0,32.0,478.0,2.71
S01676,Clay,30.8,7.5,61.7,2.11,1.22,1.437,0.458,0.226,0.144,0.082,25.4,0.556,0.204,0.199,199.0,normal(<1),6.97,27.9,30.0,21.0,139.0,23.0,17.0,192.0,1.88
S01677,Sandy clay loam,57.7,14.8,27.4,4.08,2.37,1.545,0.417,0.188,0.076,0.112,15.2,0.364,0.265,0.891,891.0,normal(<1),6.36,24.1,68.0,73.0,218.0,61.0,33.0,267.0,4.1
S01678,Sandy clay loam,61.0,16.4,22.6,2.33,1.35,1.512,0.429,0.176,0.085,0.091,21.6,0.503,0.214,1.394,1394.0,germination-critical(1-2),6.33,27.8,115.0,65.0,218.0,55.0,26.0,246.0,2.55
S01679,Loam,24.9,48.7,26.4,1.35,0.78,1.491,0.437,0.24,0.101,0.139,24.7,0.564,0.191,0.157,157.0,normal(<1),6.28,25.2,34.0,0.0,458.0,31.0,8.0,565.0,1.34
S01680,Clay loam,29.8,32.7,37.5,3.74,2.17,1.44,0.457,0.227,0.129,0.098,22.5,0.493,0.232,0.121,121.0,normal(<1),6.92,28.9,0.0,0.0,273.0,79.0,46.0,362.0,3.77
S01681,Sandy loam,77.3,6.7,16.0,3.44,1.99,1.538,0.42,0.153,0.054,0.1,24.3,0.579,0.177,3.266,3266.0,detrimental(>3),6.49,25.3,248.0,136.0,250.0,81.0,23.0,171.0,3.64
S01682,Sandy loam,65.1,26.5,8.3,3.72,2.16,1.537,0.42,0.182,0.066,0.116,25.2,0.6,0.168,0.199,199.0,normal(<1),6.41,26.2,88.0,6.0,191.0,89.0,24.0,227.0,4.04
S01683,Clay,23.0,32.2,44.8,2.36,1.37,1.538,0.419,0.271,0.127,0.144,22.9,0.547,0.19,1.724,1724.0,germination-critical(1-2),6.59,28.2,96.0,82.0,451.0,47.0,17.0,458.0,2.21
S01684,Silt loam,3.1,71.4,25.5,1.92,1.11,1.512,0.43,0.247,0.105,0.142,19.0,0.443,0.239,0.093,93.0,normal(<1),6.92,28.5,72.0,8.0,564.0,49.0,6.0,724.0,2.05
S01685,Silt loam,8.8,87.0,4.2,2.39,1.39,1.423,0.463,0.216,0.087,0.129,17.3,0.374,0.29,3.028,3028.0,detrimental(>3),6.47,19.1,178.0,85.0,593.0,57.0,14.0,695.0,2.77
S01686,Silt loam,15.9,74.0,10.1,1.72,1.0,1.549,0.415,0.193,0.081,0.112,16.7,0.403,0.248,0.297,297.0,normal(<1),6.59,36.0,34.0,27.0,496.0,43.0,11.0,646.0,1.82
S01687,Sandy loam,58.6,28.1,13.3,1.5,0.87,1.635,0.383,0.172,0.054,0.118,17.9,0.467,0.204,0.433,433.0,normal(<1),6.05,22.9,40.0,32.0,273.0,46.0,34.0,328.0,1.0
S01688,Loam,38.5,37.2,24.2,2.27,1.31,1.527,0.424,0.212,0.078,0.134,27.2,0.641,0.152,0.716,716.0,normal(<1),7.07,31.3,66.0,34.0,279.0,71.0,30.0,373.0,2.71
S01689,Loamy sand,73.0,14.2,12.8,1.64,0.95,1.645,0.379,0.166,0.057,0.109,23.4,0.618,0.145,0.527,527.0,normal(<1),6.49,28.3,7.0,26.0,23.0,39.0,6.0,122.0,1.82
S01690,Silt loam,12.5,80.8,6.7,2.78,1.61,1.526,0.424,0.229,0.103,0.126,21.2,0.499,0.213,0.18,180.0,normal(<1),5.83,25.6,26.0,4.0,590.0,72.0,15.0,722.0,2.61
S01691,Sandy loam,62.2,26.3,11.5,0.89,0.52,1.564,0.41,0.146,0.077,0.069,22.4,0.547,0.185,0.416,416.0,normal(<1),5.95,26.1,53.0,23.0,256.0,31.0,4.0,281.0,0.85
S01692,Loam,28.9,46.3,24.8,2.73,1.58,1.466,0.447,0.222,0.102,0.12,30.3,0.677,0.144,0.69,690.0,normal(<1),6.28,30.0,16.0,22.0,370.0,22.0,33.0,456.0,2.7
S01693,Sandy loam,70.0,15.9,14.1,1.14,0.66,1.582,0.403,0.146,0.061,0.086,25.4,0.631,0.149,0.754,754.0,normal(<1),6.57,27.1,27.0,8.0,158.0,36.0,0.0,241.0,0.96
S01694,Silt loam,17.3,72.6,10.1,4.08,2.36,1.464,0.447,0.211,0.092,0.119,21.0,0.47,0.237,0.121,121.0,normal(<1),6.13,24.8,57.0,9.0,620.0,80.0,29.0,676.0,4.01
S01695,Silt loam,12.5,75.2,12.3,3.91,2.27,1.49,0.438,0.216,0.11,0.106,26.3,0.6,0.175,0.312,312.0,normal(<1),6.34,32.2,21.0,0.0,446.0,87.0,9.0,583.0,3.8
S01696,Sandy clay,60.7,3.0,36.3,1.06,0.61,1.416,0.466,0.202,0.094,0.108,30.4,0.653,0.161,0.184,184.0,normal(<1),6.98,32.3,9.0,40.0,71.0,32.0,23.0,125.0,0.73
S01697,Sandy loam,68.9,13.2,17.9,3.02,1.75,1.598,0.397,0.172,0.062,0.11,15.8,0.398,0.239,0.798,798.0,normal(<1),6.54,30.3,76.0,16.0,137.0,43.0,18.0,147.0,2.97
S01698,Clay loam,25.4,45.6,29.0,1.47,0.85,1.483,0.44,0.198,0.097,0.101,20.8,0.473,0.232,2.042,2042.0,salt-sensitive-critical(2-3),6.52,27.0,142.0,97.0,431.0,30.0,21.0,461.0,1.41
S01699,Silty clay loam,8.2,58.6,33.2,1.77,1.03,1.434,0.459,0.236,0.138,0.098,25.0,0.544,0.209,0.629,629.0,normal(<1),6.68,31.8,54.0,19.0,536.0,64.0,11.0,654.0,2.0
S01700,Silty clay loam,17.1,44.6,38.3,2.19,1.27,1.525,0.424,0.234,0.134,0.1,16.5,0.389,0.26,0.368,368.0,normal(<1),6.78,32.5,51.0,36.0,370.0,44.0,12.0,447.0,1.96
S01701,Silt loam,3.0,83.8,13.2,2.78,1.62,1.534,0.421,0.239,0.088,0.152,30.5,0.725,0.116,0.254,254.0,normal(<1),6.08,31.8,60.0,0.0,649.0,67.0,12.0,783.0,2.87
S01702,Loam,50.0,29.2,20.8,2.91,1.69,1.585,0.402,0.202,0.082,0.12,21.1,0.525,0.191,0.305,305.0,normal(<1),6.53,36.4,47.0,59.0,200.0,72.0,39.0,322.0,2.96
S01703,Silty clay loam,19.0,47.7,33.3,1.36,0.79,1.515,0.428,0.247,0.118,0.129,26.8,0.626,0.16,0.77,770.0,normal(<1),6.66,26.7,89.0,65.0,385.0,44.0,29.0,471.0,1.56
S01704,Silty clay,2.4,55.3,42.3,4.14,2.4,1.509,0.431,0.273,0.132,0.141,29.3,0.679,0.138,1.564,1564.0,germination-critical(1-2),6.63,28.8,126.0,74.0,449.0,92.0,10.0,586.0,4.41
S01705,Sandy clay loam,59.5,18.6,21.9,3.83,2.22,1.498,0.435,0.182,0.103,0.079,23.8,0.547,0.197,1.11,1110.0,germination-critical(1-2),6.18,28.7,127.0,32.0,279.0,82.0,12.0,206.0,4.07
S01706,Loamy sand,89.4,8.0,2.6,0.98,0.57,1.59,0.4,0.092,0.03,0.062,18.6,0.466,0.214,3.391,3391.0,detrimental(>3),6.59,26.9,201.0,117.0,153.0,35.0,8.0,133.0,0.57
S01707,Loam,39.0,36.2,24.8,1.75,1.02,1.569,0.408,0.197,0.09,0.107,19.5,0.478,0.213,1.32,1320.0,germination-critical(1-2),6.42,24.5,74.0,91.0,361.0,55.0,30.0,401.0,1.81
S01708,Silt loam,22.3,68.0,9.7,1.19,0.69,1.637,0.382,0.211,0.079,0.132,23.0,0.602,0.152,0.143,143.0,normal(<1),6.11,26.8,40.0,0.0,418.0,32.0,0.0,613.0,1.22
S01709,Sandy loam,65.4,25.7,8.9,1.06,0.62,1.539,0.419,0.156,0.057,0.1,25.5,0.609,0.164,0.483,483.0,normal(<1),5.73,30.9,76.0,33.0,244.0,53.0,3.0,245.0,1.31
S01710,Silty clay loam,8.1,59.4,32.5,2.47,1.44,1.478,0.442,0.236,0.114,0.122,24.4,0.55,0.199,1.502,1502.0,germination-critical(1-2),6.35,28.9,151.0,68.0,526.0,73.0,13.0,573.0,2.55
S01711,Sandy loam,61.9,31.1,7.0,1.48,0.86,1.599,0.397,0.145,0.078,0.067,20.7,0.523,0.189,0.49,490.0,normal(<1),6.59,32.1,35.0,68.0,309.0,35.0,23.0,342.0,1.37
S01712,Silty clay,6.9,47.3,45.8,2.9,1.68,1.488,0.439,0.254,0.141,0.113,34.5,0.787,0.093,1.539,1539.0,germination-critical(1-2),5.79,28.4,160.0,52.0,499.0,40.0,23.0,540.0,3.15
S01713,Sand,89.8,4.8,5.4,0.97,0.56,1.623,0.388,0.128,0.041,0.087,13.3,0.342,0.255,0.332,332.0,normal(<1),6.41,33.2,38.0,46.0,178.0,38.0,11.0,161.0,1.26
S01714,Sandy clay,52.8,4.7,42.5,3.24,1.88,1.508,0.431,0.226,0.094,0.133,24.0,0.557,0.191,1.31,1310.0,germination-critical(1-2),6.39,31.6,97.0,72.0,257.0,99.0,40.0,186.0,3.58
S01715,Loam,44.6,34.4,21.0,0.69,0.4,1.571,0.407,0.196,0.077,0.119,17.5,0.43,0.232,0.332,332.0,normal(<1),6.15,22.2,9.0,20.0,224.0,40.0,17.0,329.0,0.63
S01716,Silty clay loam,13.6,55.8,30.7,1.51,0.88,1.531,0.422,0.223,0.129,0.094,29.9,0.709,0.123,0.059,59.0,normal(<1),6.49,30.8,47.0,8.0,465.0,16.0,20.0,572.0,1.6
S01717,Silty clay loam,8.5,62.8,28.7,1.09,0.63,1.51,0.43,0.244,0.123,0.122,18.2,0.422,0.248,0.52,520.0,normal(<1),6.51,32.1,77.0,23.0,523.0,24.0,2.0,580.0,1.47
S01718,Silty clay,11.8,40.3,47.9,3.13,1.81,1.391,0.475,0.25,0.14,0.11,31.9,0.671,0.156,0.283,283.0,normal(<1),6.32,39.0,83.0,28.0,417.0,68.0,8.0,522.0,2.9
S01719,Silty clay loam,4.2,65.0,30.7,1.85,1.07,1.567,0.409,0.241,0.112,0.129,25.7,0.629,0.151,0.408,408.0,normal(<1),6.74,30.3,23.0,37.0,440.0,45.0,24.0,612.0,1.97
S01720,Loamy sand,71.5,15.6,12.9,3.11,1.8,1.563,0.41,0.158,0.061,0.098,28.8,0.703,0.122,1.339,1339.0,germination-critical(1-2),6.17,20.1,120.0,28.0,198.0,85.0,13.0,174.0,3.11
S01721,Sandy clay,52.5,5.5,42.0,2.16,1.25,1.341,0.494,0.217,0.098,0.119,22.4,0.453,0.27,0.827,827.0,normal(<1),6.54,28.8,81.0,18.0,146.0,56.0,1.0,198.0,1.97
S01722,Silty clay loam,18.3,51.8,29.9,4.35,2.52,1.528,0.424,0.231,0.117,0.114,21.9,0.516,0.205,0.114,114.0,normal(<1),7.44,28.3,87.0,10.0,367.0,120.0,46.0,469.0,3.88
S01723,Loam,41.4,40.1,18.6,1.91,1.11,1.563,0.41,0.175,0.096,0.079,15.3,0.373,0.257,0.496,496.0,normal(<1),6.19,23.8,80.0,34.0,288.0,71.0,17.0,362.0,1.68
S01724,Silty clay,1.5,48.5,50.0,2.86,1.66,1.438,0.457,0.285,0.151,0.134,22.3,0.489,0.234,0.741,741.0,normal(<1),6.45,33.1,66.0,47.0,480.0,53.0,42.0,582.0,2.7
S01725,Loam,41.2,35.6,23.2,1.77,1.02,1.466,0.447,0.202,0.094,0.108,26.5,0.593,0.182,0.354,354.0,normal(<1),6.51,26.4,0.0,28.0,303.0,41.0,26.0,367.0,1.82
S01726,Clay loam,26.9,36.1,36.9,3.76,2.18,1.45,0.453,0.225,0.129,0.095,14.7,0.326,0.305,0.08,80.0,normal(<1),6.41,23.8,14.0,19.0,245.0,68.0,23.0,388.0,3.63
S01727,Clay loam,32.6,35.6,31.8,1.43,0.83,1.513,0.429,0.24,0.111,0.129,25.9,0.604,0.17,0.283,283.0,normal(<1),6.44,30.1,46.0,18.0,335.0,50.0,23.0,422.0,1.23
S01728,Sandy loam,77.1,7.3,15.6,1.01,0.59,1.639,0.381,0.126,0.067,0.058,10.7,0.28,0.275,0.533,533.0,normal(<1),7.03,28.8,48.0,17.0,133.0,29.0,13.0,95.0,1.21
S01729,Loamy sand,86.5,10.8,2.7,0.47,0.27,1.68,0.366,0.124,0.066,0.058,22.8,0.622,0.138,0.942,942.0,normal(<1),5.93,31.2,58.0,30.0,45.0,6.0,12.0,67.0,0.61
S01730,Silt loam,4.1,80.1,15.7,5.58,3.24,1.462,0.448,0.268,0.113,0.156,23.4,0.521,0.215,0.743,743.0,normal(<1),5.83,30.0,108.0,79.0,601.0,106.0,40.0,731.0,5.63
S01731,Sandy clay loam,59.5,7.3,33.2,1.43,0.83,1.447,0.454,0.204,0.098,0.107,28.7,0.632,0.167,0.166,166.0,normal(<1),6.33,27.7,27.0,20.0,128.0,50.0,8.0,159.0,1.07
S01732,Loam,45.0,29.6,25.4,1.72,1.0,1.554,0.414,0.204,0.107,0.097,20.4,0.494,0.209,0.243,243.0,normal(<1),6.41,28.5,25.0,8.0,347.0,59.0,11.0,315.0,1.81
S01733,Clay loam,41.9,22.6,35.5,2.8,1.62,1.476,0.443,0.223,0.105,0.117,31.5,0.712,0.127,0.187,187.0,normal(<1),6.25,23.6,37.0,1.0,305.0,55.0,19.0,323.0,2.9
S01734,Loam,36.8,50.0,13.3,0.66,0.38,1.647,0.379,0.201,0.084,0.117,23.4,0.618,0.145,0.117,117.0,normal(<1),6.19,36.1,18.0,10.0,401.0,10.0,0.0,506.0,0.89
S01735,Sandy loam,66.0,18.1,15.9,1.92,1.11,1.501,0.434,0.188,0.057,0.131,19.5,0.45,0.238,0.543,543.0,normal(<1),6.25,26.8,34.0,4.0,155.0,39.0,25.0,206.0,1.89
S01736,Sandy loam,75.5,9.3,15.2,2.44,1.41,1.624,0.387,0.168,0.06,0.108,16.9,0.438,0.218,0.433,433.0,normal(<1),6.93,21.2,77.0,1.0,102.0,54.0,7.0,128.0,2.47
S01737,Sand,89.3,9.9,0.8,0.74,0.43,1.73,0.347,0.112,0.038,0.074,18.4,0.53,0.163,0.254,254.0,normal(<1),5.37,34.2,10.0,0.0,89.0,48.0,16.0,76.0,1.05
S01738,Sandy loam,51.9,37.6,10.5,0.79,0.46,1.63,0.385,0.169,0.068,0.101,19.5,0.508,0.19,0.175,175.0,normal(<1),6.41,27.5,68.0,4.0,269.0,39.0,10.0,352.0,0.32
S01739,Loamy sand,84.4,10.1,5.5,1.47,0.85,1.522,0.426,0.122,0.038,0.085,27.4,0.643,0.152,1.049,1049.0,germination-critical(1-2),6.15,29.7,79.0,60.0,118.0,14.0,12.0,121.0,1.41
S01740,Clay loam,21.6,42.9,35.6,3.18,1.84,1.501,0.434,0.259,0.117,0.141,27.0,0.624,0.163,0.664,664.0,normal(<1),6.13,26.7,72.0,40.0,378.0,48.0,20.0,525.0,3.26
S01741,Clay loam,24.1,47.4,28.5,1.64,0.95,1.527,0.424,0.196,0.103,0.093,25.3,0.596,0.171,0.363,363.0,normal(<1),6.79,38.1,53.0,0.0,357.0,39.0,2.0,471.0,1.56
S01742,Loam,51.7,40.0,8.3,1.29,0.75,1.532,0.422,0.156,0.056,0.1,19.5,0.463,0.227,1.132,1132.0,germination-critical(1-2),6.15,24.2,79.0,68.0,347.0,41.0,11.0,350.0,1.39
S01743,Loam,45.7,40.2,14.1,1.96,1.14,1.509,0.431,0.195,0.077,0.119,21.4,0.497,0.216,0.312,312.0,normal(<1),6.52,27.8,42.0,35.0,301.0,44.0,35.0,340.0,1.68
S01744,Sand,93.0,4.6,2.5,3.43,1.99,1.556,0.413,0.12,0.039,0.081,21.9,0.531,0.193,1.119,1119.0,germination-critical(1-2),6.96,21.0,91.0,63.0,121.0,67.0,42.0,111.0,3.34
S01745,Loam,34.2,43.4,22.4,1.7,0.99,1.611,0.392,0.23,0.084,0.146,20.3,0.518,0.189,0.302,302.0,normal(<1),7.03,26.0,63.0,50.0,370.0,52.0,15.0,442.0,1.58
S01746,Sandy loam,47.4,43.6,8.9,1.55,0.9,1.632,0.384,0.185,0.077,0.108,17.8,0.462,0.206,0.503,503.0,normal(<1),6.91,28.4,76.0,42.0,338.0,39.0,4.0,474.0,1.64
S01747,Clay,24.7,27.1,48.1,3.79,2.2,1.456,0.451,0.25,0.132,0.118,17.1,0.379,0.28,0.714,714.0,normal(<1),6.24,35.3,109.0,17.0,351.0,84.0,29.0,419.0,4.34
S01748,Clay loam,26.8,45.5,27.7,2.11,1.22,1.486,0.439,0.249,0.1,0.149,29.6,0.673,0.144,0.903,903.0,normal(<1),6.44,25.5,65.0,71.0,369.0,36.0,37.0,476.0,2.39
S01749,Clay loam,34.6,34.7,30.7,1.55,0.9,1.54,0.419,0.216,0.114,0.102,26.0,0.621,0.159,0.719,719.0,normal(<1),6.82,26.6,63.0,0.0,402.0,33.0,11.0,457.0,1.43
S01750,Silt loam,18.6,64.5,16.8,1.52,0.88,1.488,0.439,0.208,0.105,0.103,25.3,0.577,0.185,0.457,457.0,normal(<1),6.38,25.8,84.0,22.0,461.0,42.0,11.0,584.0,1.27
S01751,Silty clay loam,1.0,59.1,39.8,2.46,1.43,1.444,0.455,0.279,0.138,0.141,20.0,0.439,0.255,0.288,288.0,normal(<1),6.26,30.9,50.0,31.0,438.0,46.0,14.0,593.0,2.33
S01752,Clay loam,41.5,23.0,35.6,1.92,1.11,1.407,0.469,0.197,0.082,0.114,21.7,0.462,0.252,0.345,345.0,normal(<1),6.27,30.0,36.0,42.0,300.0,22.0,0.0,336.0,1.99
S01753,Silt loam,25.0,53.3,21.7,2.56,1.48,1.473,0.444,0.239,0.111,0.128,23.8,0.536,0.206,0.219,219.0,normal(<1),6.33,32.6,43.0,1.0,447.0,69.0,26.0,560.0,2.54
S01754,Loam,43.8,47.9,8.3,0.42,0.24,1.702,0.358,0.163,0.066,0.097,22.9,0.641,0.128,0.553,553.0,normal(<1),6.21,27.1,0.0,33.0,381.0,2.0,17.0,497.0,0.44
S01755,Silty clay loam,19.2,44.4,36.4,2.28,1.32,1.482,0.441,0.215,0.095,0.12,29.6,0.672,0.145,0.47,470.0,normal(<1),6.66,35.7,93.0,0.0,389.0,58.0,9.0,521.0,1.93
S01756,Loam,49.3,39.2,11.5,2.51,1.46,1.574,0.406,0.202,0.075,0.126,22.1,0.544,0.185,1.09,1090.0,germination-critical(1-2),7.01,27.8,95.0,48.0,300.0,60.0,29.0,372.0,2.64
S01757,Silt loam,7.4,82.5,10.1,1.32,0.76,1.53,0.422,0.2,0.096,0.105,21.3,0.505,0.209,0.087,87.0,normal(<1),6.95,26.9,42.0,0.0,517.0,59.0,7.0,715.0,0.72
S01758,Sandy loam,75.4,6.5,18.1,3.19,1.85,1.552,0.414,0.144,0.074,0.07,22.3,0.539,0.191,0.242,242.0,normal(<1),6.02,34.8,29.0,7.0,113.0,61.0,1.0,147.0,3.56
S01759,Loam,50.8,31.8,17.4,1.56,0.91,1.692,0.362,0.171,0.081,0.089,15.8,0.437,0.204,2.365,2365.0,salt-sensitive-critical(2-3),6.43,23.6,158.0,92.0,361.0,36.0,23.0,332.0,1.7
S01760,Clay loam,40.6,29.0,30.4,2.64,1.53,1.54,0.419,0.214,0.111,0.103,26.0,0.621,0.159,1.661,1661.0,germination-critical(1-2),6.12,29.7,94.0,70.0,251.0,79.0,11.0,304.0,2.76
S01761,Loamy sand,79.0,14.7,6.3,0.45,0.26,1.677,0.367,0.13,0.058,0.072,20.9,0.57,0.158,7.945,7945.0,detrimental(>3),7.16,24.2,418.0,299.0,309.0,0.0,20.0,159.0,0.53
S01762,Loam,50.3,30.8,18.9,2.3,1.33,1.601,0.396,0.184,0.067,0.117,23.4,0.59,0.162,0.432,432.0,normal(<1),6.01,30.3,61.0,30.0,329.0,56.0,19.0,386.0,2.15
S01763,Loam,46.4,38.0,15.5,3.99,2.32,1.603,0.395,0.187,0.072,0.115,25.6,0.648,0.139,0.393,393.0,normal(<1),6.49,29.3,37.0,26.0,355.0,74.0,34.0,439.0,4.17
S01764,Silty clay loam,7.6,61.0,31.3,1.73,1.01,1.503,0.433,0.284,0.114,0.17,27.6,0.638,0.156,0.349,349.0,normal(<1),7.16,29.8,54.0,48.0,498.0,38.0,33.0,598.0,1.71
S01765,Clay loam,37.0,33.6,29.4,1.58,0.92,1.524,0.425,0.228,0.105,0.123,22.7,0.534,0.198,0.076,76.0,normal(<1),6.51,33.5,52.0,7.0,316.0,40.0,17.0,367.0,1.69
S01766,Loam,42.6,32.4,25.1,2.69,1.56,1.476,0.443,0.206,0.101,0.105,23.8,0.536,0.205,0.643,643.0,normal(<1),6.37,25.6,83.0,58.0,301.0,60.0,22.0,322.0,2.77
S01767,Sandy clay loam,55.2,17.1,27.6,2.09,1.21,1.571,0.407,0.196,0.089,0.107,21.1,0.518,0.196,0.171,171.0,normal(<1),7.18,34.8,80.0,2.0,271.0,52.0,17.0,323.0,2.05
S01768,Sandy loam,45.6,45.6,8.8,1.31,0.76,1.627,0.386,0.163,0.076,0.087,26.3,0.68,0.123,0.292,292.0,normal(<1),6.66,32.3,59.0,52.0,349.0,28.0,30.0,504.0,0.98
S01769,Sand,89.6,6.0,4.4,0.43,0.25,1.547,0.416,0.125,0.045,0.08,19.8,0.476,0.218,1.558,1558.0,germination-critical(1-2),6.48,23.2,80.0,64.0,74.0,29.0,11.0,123.0,0.31
S01770,Silt loam,16.0,72.1,11.9,0.94,0.55,1.528,0.423,0.229,0.109,0.12,24.2,0.571,0.182,0.155,155.0,normal(<1),6.74,28.8,0.0,0.0,541.0,28.0,4.0,686.0,0.56
S01771,Sandy clay loam,61.7,13.4,24.9,1.63,0.95,1.522,0.426,0.181,0.089,0.092,26.3,0.617,0.163,0.681,681.0,normal(<1),6.48,30.8,73.0,0.0,134.0,39.0,1.0,167.0,1.61
S01772,Clay,15.4,22.5,62.0,1.81,1.05,1.379,0.48,0.288,0.15,0.138,24.1,0.503,0.238,0.127,127.0,normal(<1),5.89,37.4,24.0,12.0,328.0,30.0,17.0,415.0,1.93
S01773,Silty clay loam,6.0,65.5,28.5,1.19,0.69,1.557,0.412,0.252,0.119,0.133,19.6,0.475,0.217,0.96,960.0,normal(<1),6.48,24.8,58.0,60.0,549.0,44.0,31.0,650.0,1.74
S01774,Sandy loam,47.0,43.1,9.9,2.17,1.26,1.582,0.403,0.178,0.076,0.102,21.2,0.525,0.191,0.495,495.0,normal(<1),5.83,32.6,45.0,13.0,365.0,54.0,12.0,428.0,2.53
S01775,Silty clay loam,16.3,46.6,37.1,2.85,1.65,1.515,0.428,0.279,0.108,0.171,24.4,0.571,0.184,0.573,573.0,normal(<1),6.75,30.1,56.0,47.0,401.0,67.0,30.0,510.0,2.82
S01776,Silty clay,1.3,49.8,48.9,3.65,2.12,1.427,0.462,0.256,0.134,0.122,25.6,0.555,0.205,0.38,380.0,normal(<1),6.74,31.4,67.0,29.0,448.0,91.0,27.0,581.0,3.63
S01777,Silt loam,13.3,70.9,15.8,1.27,0.74,1.511,0.43,0.232,0.077,0.155,28.2,0.656,0.148,0.477,477.0,normal(<1),6.04,37.2,44.0,20.0,503.0,46.0,15.0,607.0,1.37
S01778,Silty clay loam,7.8,60.2,32.0,3.44,1.99,1.492,0.437,0.283,0.12,0.164,29.1,0.666,0.146,0.448,448.0,normal(<1),6.24,32.4,101.0,46.0,471.0,72.0,34.0,644.0,3.36
S01779,Sand,85.1,12.6,2.3,1.13,0.65,1.602,0.395,0.108,0.027,0.081,12.6,0.319,0.269,1.026,1026.0,germination-critical(1-2),5.82,36.0,28.0,40.0,213.0,46.0,20.0,186.0,1.13
S01780,Clay,21.9,35.9,42.2,3.18,1.85,1.5,0.434,0.251,0.135,0.115,21.0,0.484,0.224,1.619,1619.0,germination-critical(1-2),6.81,26.2,128.0,42.0,361.0,72.0,16.0,422.0,2.91
S01781,Sandy loam,52.4,33.6,14.0,0.9,0.52,1.576,0.405,0.191,0.08,0.111,21.1,0.521,0.194,1.072,1072.0,germination-critical(1-2),6.57,26.4,109.0,40.0,279.0,59.0,3.0,357.0,0.69
S01782,Silt loam,17.5,68.9,13.6,0.92,0.53,1.553,0.414,0.219,0.107,0.112,15.5,0.375,0.259,0.504,504.0,normal(<1),6.87,30.0,0.0,44.0,568.0,44.0,0.0,640.0,0.86
S01783,Clay,23.5,29.0,47.4,3.25,1.88,1.356,0.488,0.242,0.116,0.126,25.9,0.531,0.229,0.495,495.0,normal(<1),6.09,31.2,57.0,67.0,395.0,62.0,33.0,468.0,3.42
S01784,Sandy clay loam,63.4,4.9,31.8,2.94,1.7,1.497,0.435,0.167,0.07,0.097,27.9,0.641,0.156,2.086,2086.0,salt-sensitive-critical(2-3),6.59,28.5,157.0,84.0,175.0,73.0,26.0,192.0,3.04
S01785,Loam,34.7,43.6,21.7,1.78,1.04,1.541,0.419,0.214,0.085,0.129,28.2,0.675,0.136,0.451,451.0,normal(<1),6.08,25.9,55.0,24.0,372.0,33.0,14.0,436.0,1.85
S01786,Sandy clay loam,46.0,24.6,29.3,1.7,0.99,1.558,0.412,0.212,0.08,0.131,21.4,0.52,0.198,0.107,107.0,normal(<1),6.41,22.8,26.0,0.0,280.0,18.0,17.0,354.0,1.87
S01787,Sandy loam,64.5,20.7,14.8,1.45,0.84,1.607,0.393,0.155,0.076,0.079,20.9,0.531,0.185,0.275,275.0,normal(<1),6.68,27.6,44.0,0.0,107.0,27.0,12.0,158.0,1.43
S01788,Loam,29.5,46.7,23.8,2.19,1.27,1.542,0.418,0.236,0.074,0.162,20.5,0.492,0.213,0.934,934.0,normal(<1),6.84,28.9,41.0,60.0,404.0,40.0,23.0,434.0,2.0
S01789,Silty clay,11.4,41.9,46.8,2.63,1.53,1.493,0.437,0.239,0.127,0.111,21.7,0.497,0.22,0.768,768.0,normal(<1),6.42,31.4,56.0,28.0,397.0,34.0,20.0,474.0,2.64
S01790,Loam,38.0,46.6,15.4,1.3,0.75,1.661,0.373,0.181,0.08,0.101,12.0,0.321,0.254,0.333,333.0,normal(<1),6.6,29.1,73.0,18.0,387.0,35.0,20.0,445.0,1.48
S01791,Clay loam,20.9,48.4,30.7,1.52,0.88,1.52,0.426,0.228,0.121,0.108,21.7,0.508,0.21,2.802,2802.0,salt-sensitive-critical(2-3),6.58,24.7,199.0,95.0,392.0,44.0,0.0,457.0,2.3
S01792,Clay loam,30.2,32.4,37.4,4.38,2.54,1.557,0.412,0.229,0.121,0.109,31.5,0.765,0.097,0.662,662.0,normal(<1),7.15,30.9,87.0,25.0,291.0,102.0,28.0,349.0,4.25
S01793,Silty clay,9.9,42.3,47.8,2.68,1.56,1.396,0.473,0.269,0.131,0.138,30.1,0.636,0.172,0.233,233.0,normal(<1),6.73,22.7,69.0,24.0,447.0,59.0,9.0,507.0,2.61
S01794,Sandy loam,56.6,30.1,13.3,2.02,1.17,1.573,0.406,0.178,0.064,0.115,18.1,0.446,0.225,0.073,73.0,normal(<1),6.69,32.2,44.0,10.0,257.0,16.0,18.0,295.0,1.91
S01795,Sandy clay loam,58.9,6.5,34.6,1.3,0.76,1.535,0.421,0.197,0.076,0.121,17.5,0.415,0.246,0.962,962.0,normal(<1),6.59,35.1,80.0,59.0,148.0,20.0,12.0,123.0,1.27
S01796,Loam,44.9,33.4,21.7,3.11,1.8,1.557,0.412,0.216,0.084,0.132,13.9,0.338,0.273,0.218,218.0,normal(<1),6.57,32.9,23.0,51.0,249.0,60.0,20.0,284.0,3.34
S01797,Clay loam,21.8,51.1,27.0,2.92,1.7,1.459,0.45,0.203,0.118,0.085,29.1,0.647,0.159,1.023,1023.0,germination-critical(1-2),6.52,29.3,98.0,35.0,420.0,61.0,31.0,477.0,3.52
S01798,Sand,92.0,3.5,4.5,0.3,0.17,1.617,0.39,0.114,0.027,0.087,13.5,0.347,0.255,0.338,338.0,normal(<1),6.18,28.0,3.0,0.0,19.0,10.0,1.0,64.0,0.4
S01799,Clay loam,43.9,21.6,34.5,2.06,1.2,1.538,0.419,0.209,0.106,0.103,29.2,0.696,0.127,1.28,1280.0,germination-critical(1-2),6.14,26.2,66.0,94.0,274.0,26.0,24.0,282.0,2.23
S01800,Sandy clay loam,56.2,16.9,26.9,0.65,0.38,1.539,0.419,0.166,0.072,0.094,20.8,0.496,0.211,0.29,290.0,normal(<1),6.75,29.5,0.0,9.0,222.0,0.0,7.0,248.0,0.44
S01801,Loam,33.5,44.8,21.7,3.39,1.97,1.505,0.432,0.182,0.082,0.1,28.1,0.651,0.151,0.586,586.0,normal(<1),6.97,24.3,99.0,30.0,420.0,73.0,30.0,482.0,3.16
S01802,Loam,31.3,45.5,23.1,2.67,1.55,1.625,0.387,0.229,0.102,0.127,18.1,0.469,0.205,0.885,885.0,normal(<1),6.51,29.6,92.0,36.0,320.0,55.0,15.0,425.0,2.73
S01803,Silty clay loam,0.7,63.8,35.4,4.49,2.6,1.441,0.456,0.263,0.131,0.131,25.5,0.558,0.202,0.405,405.0,normal(<1),6.07,27.3,83.0,13.0,558.0,87.0,20.0,681.0,4.25
S01804,Sandy clay loam,49.5,20.3,30.1,1.63,0.94,1.524,0.425,0.204,0.096,0.108,15.5,0.366,0.27,0.773,773.0,normal(<1),6.98,20.6,65.0,9.0,299.0,54.0,0.0,339.0,1.38
S01805,Clay loam,23.6,47.8,28.6,2.03,1.18,1.568,0.408,0.233,0.118,0.115,18.7,0.459,0.221,0.667,667.0,normal(<1),6.37,26.7,66.0,38.0,429.0,31.0,23.0,511.0,1.95
S01806,Loam,35.3,48.0,16.7,0.61,0.35,1.539,0.419,0.182,0.073,0.109,21.0,0.501,0.209,0.615,615.0,normal(<1),6.65,19.6,40.0,40.0,348.0,10.0,8.0,482.0,0.71
S01807,Sandy loam,62.6,28.5,8.9,2.56,1.48,1.48,0.442,0.17,0.071,0.099,18.6,0.42,0.256,1.059,1059.0,germination-critical(1-2),6.91,26.4,91.0,43.0,210.0,60.0,18.0,245.0,2.54
S01808,Clay loam,34.2,33.5,32.3,1.18,0.68,1.472,0.445,0.214,0.106,0.108,21.3,0.478,0.232,0.297,297.0,normal(<1),6.4,25.0,63.0,66.0,266.0,25.0,19.0,318.0,0.97
S01809,Clay loam,34.1,26.3,39.6,1.58,0.92,1.521,0.426,0.232,0.108,0.124,21.0,0.493,0.216,3.562,3562.0,detrimental(>3),7.08,31.4,190.0,87.0,375.0,43.0,15.0,352.0,1.19
S01810,Loam,43.0,30.8,26.1,1.43,0.83,1.614,0.391,0.18,0.133,0.046,14.2,0.364,0.249,0.353,353.0,normal(<1),6.59,24.7,56.0,29.0,234.0,46.0,15.0,315.0,1.32
S01811,Clay loam,42.8,21.9,35.3,2.47,1.43,1.456,0.45,0.227,0.101,0.126,28.3,0.629,0.167,0.293,293.0,normal(<1),6.07,30.5,83.0,4.0,207.0,38.0,13.0,311.0,2.14
S01812,Loam,40.4,32.6,26.9,2.14,1.24,1.503,0.433,0.2,0.106,0.094,20.0,0.462,0.233,0.108,108.0,normal(<1),5.84,26.1,36.0,15.0,322.0,25.0,30.0,364.0,1.65
S01813,Loamy sand,82.5,13.5,4.0,2.94,1.71,1.555,0.413,0.132,0.071,0.061,23.0,0.557,0.183,0.787,787.0,normal(<1),6.84,27.6,44.0,44.0,124.0,78.0,22.0,123.0,3.19
S01814,Silty clay,9.4,46.8,43.8,2.65,1.54,1.51,0.43,0.252,0.14,0.112,32.8,0.763,0.102,0.382,382.0,normal(<1),6.26,24.2,42.0,11.0,491.0,63.0,11.0,551.0,2.89
S01815,Loam,47.4,43.8,8.8,0.6,0.35,1.595,0.398,0.195,0.05,0.145,26.3,0.66,0.135,0.961,961.0,normal(<1),6.28,27.9,41.0,41.0,404.0,19.0,15.0,514.0,0.47
S01816,Sandy loam,75.3,12.7,12.0,2.25,1.31,1.511,0.43,0.15,0.064,0.087,22.8,0.531,0.201,0.117,117.0,normal(<1),6.67,30.4,49.0,37.0,168.0,53.0,35.0,169.0,2.2
S01817,Silt loam,16.5,77.9,5.5,4.43,2.57,1.51,0.43,0.242,0.103,0.139,29.8,0.692,0.132,0.577,577.0,normal(<1),6.91,31.5,71.0,50.0,552.0,76.0,23.0,633.0,4.33
S01818,Loam,40.6,40.2,19.2,2.69,1.56,1.549,0.415,0.197,0.082,0.114,23.3,0.561,0.182,0.411,411.0,normal(<1),6.44,30.3,91.0,5.0,317.0,46.0,6.0,380.0,2.36
S01819,Sandy clay loam,51.1,26.2,22.7,1.59,0.92,1.404,0.47,0.208,0.077,0.131,14.8,0.314,0.323,0.413,413.0,normal(<1),6.17,29.6,39.0,0.0,183.0,33.0,0.0,304.0,1.66
S01820,Clay loam,30.0,32.7,37.3,1.11,0.65,1.447,0.454,0.216,0.106,0.109,19.1,0.42,0.263,0.31,310.0,normal(<1),6.99,26.8,0.0,14.0,318.0,16.0,2.0,407.0,1.01
S01821,Loam,30.8,43.9,25.3,1.26,0.73,1.58,0.404,0.228,0.088,0.14,19.7,0.489,0.206,0.587,587.0,normal(<1),5.6,31.0,104.0,23.0,394.0,55.0,7.0,465.0,1.72
S01822,Silt loam,5.3,70.6,24.1,2.86,1.66,1.4,0.472,0.276,0.123,0.153,29.6,0.628,0.176,0.263,263.0,normal(<1),6.55,30.7,0.0,63.0,610.0,54.0,32.0,705.0,2.91
S01823,Loam,45.9,40.6,13.5,2.68,1.55,1.565,0.41,0.188,0.087,0.101,13.1,0.321,0.278,0.308,308.0,normal(<1),6.55,29.8,47.0,21.0,375.0,60.0,18.0,398.0,2.38
S01824,Sandy loam,78.9,1.1,20.0,1.73,1.0,1.533,0.421,0.161,0.079,0.083,25.6,0.607,0.166,0.288,288.0,normal(<1),6.98,23.1,43.0,0.0,78.0,59.0,9.0,72.0,2.03
S01825,Loam,43.5,47.4,9.0,2.37,1.38,1.622,0.388,0.157,0.083,0.074,22.7,0.584,0.161,2.734,2734.0,salt-sensitive-critical(2-3),6.3,32.0,202.0,137.0,428.0,68.0,26.0,517.0,2.56
S01826,Sandy loam,56.0,33.6,10.4,0.56,0.33,1.596,0.398,0.156,0.066,0.09,16.6,0.418,0.231,0.604,604.0,normal(<1),6.01,20.1,97.0,25.0,257.0,36.0,28.0,317.0,0.98
S01827,Silty clay,2.1,46.6,51.3,3.51,2.04,1.472,0.444,0.279,0.155,0.124,22.7,0.51,0.218,0.473,473.0,normal(<1),6.42,27.0,78.0,38.0,470.0,91.0,31.0,552.0,3.52
S01828,Sandy clay loam,54.5,19.2,26.3,3.09,1.79,1.466,0.447,0.214,0.091,0.123,29.5,0.66,0.152,0.393,393.0,normal(<1),6.59,28.6,54.0,49.0,265.0,70.0,27.0,241.0,3.32
S01829,Clay loam,22.7,48.5,28.8,1.53,0.89,1.554,0.414,0.222,0.103,0.119,18.9,0.456,0.225,0.153,153.0,normal(<1),6.32,31.9,65.0,2.0,412.0,12.0,13.0,516.0,1.95
S01830,Silty clay,17.8,41.2,41.0,3.65,2.12,1.441,0.456,0.252,0.137,0.116,23.4,0.514,0.222,0.664,664.0,normal(<1),6.38,23.6,72.0,41.0,367.0,100.0,19.0,463.0,4.03
S01831,Sand,85.2,9.1,5.6,1.11,0.64,1.558,0.412,0.161,0.044,0.117,17.7,0.43,0.235,0.354,354.0,normal(<1),6.77,32.1,23.0,0.0,60.0,40.0,14.0,76.0,1.0
S01832,Silty clay,2.5,46.2,51.3,1.92,1.11,1.467,0.446,0.281,0.138,0.143,31.1,0.698,0.135,0.302,302.0,normal(<1),6.19,29.9,17.0,29.0,449.0,38.0,29.0,535.0,2.0
S01833,Sandy loam,73.1,7.1,19.8,0.47,0.27,1.572,0.407,0.139,0.065,0.075,26.8,0.659,0.139,1.331,1331.0,germination-critical(1-2),6.4,30.3,72.0,86.0,117.0,18.0,21.0,154.0,0.55
S01834,Silt loam,14.1,74.1,11.9,3.08,1.78,1.65,0.377,0.207,0.098,0.109,23.5,0.622,0.143,1.313,1313.0,germination-critical(1-2),6.34,34.7,92.0,65.0,484.0,71.0,43.0,625.0,3.31
S01835,Silty clay,11.0,41.3,47.7,2.01,1.16,1.513,0.429,0.258,0.151,0.107,25.0,0.583,0.179,0.107,107.0,normal(<1),6.1,31.1,31.0,41.0,379.0,56.0,23.0,509.0,2.02
S01836,Sandy loam,62.4,29.9,7.7,1.41,0.82,1.556,0.413,0.159,0.061,0.098,22.5,0.545,0.188,0.389,389.0,normal(<1),6.03,24.0,38.0,59.0,215.0,55.0,18.0,298.0,1.44
S01837,Silt loam,5.8,68.4,25.8,2.15,1.25,1.432,0.46,0.236,0.101,0.135,29.3,0.638,0.166,0.933,933.0,normal(<1),6.14,24.2,60.0,27.0,578.0,59.0,21.0,679.0,1.98
S01838,Loam,40.7,35.6,23.8,2.49,1.45,1.487,0.439,0.211,0.116,0.095,29.8,0.68,0.141,0.135,135.0,normal(<1),5.67,24.3,44.0,0.0,260.0,54.0,31.0,356.0,1.88
S01839,Sandy clay,48.4,6.7,44.9,3.55,2.06,1.485,0.44,0.2,0.137,0.062,20.7,0.472,0.232,0.16,160.0,normal(<1),6.44,25.3,36.0,13.0,221.0,62.0,17.0,254.0,3.83
S01840,Sandy loam,67.8,22.2,10.0,2.68,1.56,1.549,0.416,0.165,0.075,0.09,11.8,0.285,0.297,0.297,297.0,normal(<1),6.78,28.1,44.0,12.0,216.0,56.0,11.0,267.0,2.52
S01841,Sandy loam,52.2,32.7,15.1,0.61,0.35,1.582,0.403,0.163,0.063,0.1,17.5,0.435,0.228,0.418,418.0,normal(<1),6.43,34.4,13.0,30.0,194.0,35.0,7.0,246.0,0.58
S01842,Silt loam,17.3,72.9,9.9,3.2,1.86,1.526,0.424,0.218,0.077,0.141,28.1,0.662,0.144,0.341,341.0,normal(<1),5.64,27.5,30.0,46.0,510.0,72.0,26.0,614.0,3.03
S01843,Silt loam,8.1,76.8,15.0,1.75,1.01,1.639,0.381,0.233,0.096,0.137,15.5,0.407,0.226,1.244,1244.0,germination-critical(1-2),7.04,19.7,85.0,43.0,553.0,57.0,32.0,618.0,1.65
S01844,Clay loam,40.3,25.1,34.6,2.28,1.33,1.439,0.457,0.215,0.094,0.121,20.8,0.455,0.249,0.809,809.0,normal(<1),6.25,23.2,81.0,45.0,346.0,56.0,32.0,395.0,2.9
S01845,Sandy clay loam,61.4,8.5,30.1,1.25,0.72,1.573,0.406,0.168,0.081,0.087,20.0,0.493,0.206,0.484,484.0,normal(<1),6.52,34.0,0.0,15.0,241.0,19.0,7.0,200.0,1.71
S01846,Loam,32.2,41.0,26.8,1.53,0.89,1.559,0.412,0.245,0.114,0.131,20.7,0.502,0.205,0.443,443.0,normal(<1),6.1,27.0,19.0,25.0,289.0,19.0,0.0,386.0,1.31
S01847,Silty clay,8.6,43.2,48.3,2.56,1.48,1.371,0.483,0.249,0.15,0.099,29.8,0.618,0.185,0.76,760.0,normal(<1),6.77,34.5,82.0,67.0,423.0,43.0,6.0,476.0,2.39
S01848,Sandy loam,63.3,28.8,8.0,1.45,0.84,1.561,0.411,0.134,0.068,0.066,14.2,0.345,0.269,0.516,516.0,normal(<1),6.38,26.1,42.0,16.0,306.0,1.0,12.0,349.0,1.61
S01849,Sand,87.8,9.8,2.4,1.0,0.58,1.662,0.373,0.102,0.045,0.057,18.4,0.494,0.189,0.461,461.0,normal(<1),6.55,35.5,75.0,30.0,86.0,41.0,13.0,141.0,1.16
S01850,Silt loam,15.6,73.1,11.3,3.15,1.83,1.617,0.39,0.238,0.098,0.141,26.6,0.683,0.124,0.139,139.0,normal(<1),6.04,22.5,49.0,8.0,442.0,80.0,23.0,612.0,3.47
S01851,Sandy loam,74.6,9.7,15.7,1.08,0.63,1.674,0.368,0.15,0.061,0.089,18.7,0.508,0.181,0.622,622.0,normal(<1),7.17,30.9,23.0,42.0,84.0,18.0,19.0,133.0,1.09
S01852,Silty clay loam,14.7,51.3,34.0,1.26,0.73,1.438,0.457,0.226,0.125,0.101,24.5,0.536,0.212,0.234,234.0,normal(<1),6.5,22.7,40.0,24.0,438.0,47.0,3.0,476.0,0.86
S01853,Loamy sand,83.0,13.9,3.2,3.02,1.75,1.548,0.416,0.145,0.063,0.083,17.8,0.429,0.238,0.791,791.0,normal(<1),6.8,32.8,131.0,54.0,220.0,47.0,29.0,212.0,2.77
S01854,Sandy clay loam,59.1,12.2,28.6,1.77,1.02,1.534,0.421,0.179,0.107,0.071,27.2,0.645,0.149,0.377,377.0,normal(<1),6.48,30.8,47.0,76.0,168.0,45.0,31.0,161.0,1.72
S01855,Clay loam,35.7,27.8,36.5,2.97,1.72,1.509,0.431,0.23,0.115,0.115,28.1,0.652,0.15,0.396,396.0,normal(<1),6.81,23.7,70.0,54.0,244.0,37.0,42.0,329.0,2.94
S01856,Sandy loam,54.9,39.0,6.0,0.99,0.58,1.547,0.416,0.156,0.068,0.088,14.6,0.35,0.27,0.272,272.0,normal(<1),6.09,24.8,0.0,6.0,311.0,5.0,14.0,354.0,1.32
S01857,Silty clay,12.1,41.5,46.4,2.09,1.21,1.406,0.469,0.279,0.144,0.136,23.3,0.497,0.236,0.451,451.0,normal(<1),6.27,20.9,60.0,19.0,360.0,28.0,23.0,510.0,1.97
S01858,Loam,35.6,39.8,24.6,0.74,0.43,1.538,0.42,0.182,0.088,0.094,25.3,0.604,0.166,0.738,738.0,normal(<1),6.45,22.5,29.0,29.0,440.0,18.0,12.0,491.0,1.06
S01859,Clay loam,27.4,34.9,37.7,2.38,1.38,1.498,0.435,0.224,0.112,0.112,24.6,0.565,0.189,0.203,203.0,normal(<1),6.85,24.5,18.0,7.0,363.0,49.0,32.0,458.0,2.24
S01860,Clay loam,40.9,22.4,36.7,2.45,1.42,1.476,0.443,0.233,0.099,0.134,16.8,0.38,0.275,0.341,341.0,normal(<1),6.58,27.3,37.0,35.0,270.0,94.0,18.0,350.0,2.45
S01861,Clay loam,30.4,41.1,28.5,1.3,0.76,1.468,0.446,0.248,0.117,0.131,20.2,0.453,0.244,1.461,1461.0,germination-critical(1-2),6.38,23.7,108.0,49.0,300.0,36.0,0.0,400.0,1.2
S01862,Loam,50.6,38.9,10.5,2.77,1.6,1.463,0.448,0.179,0.079,0.1,20.4,0.457,0.243,0.613,613.0,normal(<1),6.57,26.6,35.0,1.0,306.0,50.0,27.0,389.0,2.6
S01863,Sandy loam,47.2,40.1,12.7,0.67,0.39,1.544,0.417,0.181,0.058,0.123,26.1,0.624,0.157,0.268,268.0,normal(<1),6.76,18.0,68.0,0.0,354.0,32.0,0.0,366.0,0.59
S01864,Silt loam,23.6,69.8,6.6,2.9,1.68,1.606,0.394,0.235,0.088,0.147,19.1,0.484,0.203,0.793,793.0,normal(<1),6.54,35.1,99.0,16.0,541.0,56.0,24.0,638.0,2.93
S01865,Silty clay,2.8,43.3,53.9,2.51,1.45,1.531,0.422,0.276,0.149,0.127,22.8,0.54,0.194,2.557,2557.0,salt-sensitive-critical(2-3),6.59,35.4,201.0,119.0,493.0,46.0,28.0,515.0,2.32
S01866,Clay,37.8,2.0,60.2,4.18,2.42,1.466,0.447,0.243,0.112,0.131,34.4,0.769,0.103,0.408,408.0,normal(<1),6.8,31.0,45.0,46.0,210.0,65.0,25.0,270.0,4.36
S01867,Silt loam,19.5,57.4,23.1,0.94,0.55,1.473,0.444,0.223,0.106,0.117,29.6,0.667,0.148,0.267,267.0,normal(<1),5.72,30.1,56.0,0.0,471.0,49.0,0.0,613.0,0.75
S01868,Sandy loam,76.3,14.1,9.6,3.2,1.86,1.529,0.423,0.148,0.064,0.084,29.5,0.699,0.127,0.527,527.0,normal(<1),6.4,23.6,88.0,43.0,107.0,99.0,24.0,149.0,3.78
S01869,Sandy loam,47.8,42.1,10.1,1.81,1.05,1.59,0.4,0.175,0.078,0.096,24.5,0.613,0.155,0.168,168.0,normal(<1),6.27,28.7,27.0,39.0,284.0,69.0,20.0,365.0,1.5
S01870,Sandy loam,72.6,19.5,7.9,0.5,0.29,1.658,0.374,0.149,0.042,0.107,21.8,0.583,0.156,0.984,984.0,normal(<1),6.69,31.4,57.0,45.0,108.0,0.0,23.0,137.0,0.26
S01871,Loam,43.7,39.2,17.1,1.75,1.01,1.543,0.418,0.229,0.075,0.154,29.7,0.711,0.121,0.388,388.0,normal(<1),6.42,24.9,73.0,0.0,335.0,61.0,5.0,425.0,1.75
S01872,Sandy clay,51.3,8.8,39.8,2.51,1.46,1.554,0.413,0.188,0.111,0.077,13.0,0.315,0.283,1.194,1194.0,germination-critical(1-2),6.07,34.1,106.0,0.0,224.0,55.0,7.0,253.0,2.59
S01873,Silty clay loam,10.4,55.6,34.0,3.18,1.85,1.443,0.455,0.239,0.111,0.128,26.2,0.576,0.193,0.562,562.0,normal(<1),6.35,33.9,136.0,7.0,530.0,92.0,19.0,606.0,2.75
S01874,Sandy clay,46.6,10.5,43.0,5.93,3.44,1.38,0.479,0.251,0.11,0.141,33.7,0.703,0.142,0.144,144.0,normal(<1),5.93,22.7,36.0,25.0,189.0,114.0,37.0,254.0,5.98
S01875,Silty clay,11.8,43.2,45.0,2.24,1.3,1.407,0.469,0.251,0.134,0.117,34.3,0.73,0.127,1.465,1465.0,germination-critical(1-2),5.87,23.3,95.0,71.0,440.0,22.0,22.0,558.0,2.34
S01876,Silty clay loam,7.6,55.1,37.4,2.41,1.4,1.575,0.405,0.265,0.119,0.146,17.6,0.433,0.23,0.211,211.0,normal(<1),6.49,30.6,87.0,0.0,498.0,68.0,0.0,617.0,2.6
S01877,Loamy sand,83.3,10.3,6.4,0.72,0.42,1.561,0.411,0.136,0.057,0.079,20.8,0.506,0.203,0.623,623.0,normal(<1),6.65,25.2,90.0,55.0,89.0,11.0,0.0,110.0,0.61
S01878,Clay,21.7,32.6,45.7,2.18,1.27,1.439,0.457,0.27,0.129,0.141,29.1,0.638,0.166,0.894,894.0,normal(<1),6.78,25.6,92.0,7.0,309.0,67.0,5.0,405.0,1.95
S01879,Sandy loam,64.2,27.5,8.3,3.73,2.16,1.496,0.435,0.165,0.09,0.075,23.5,0.54,0.2,0.158,158.0,normal(<1),6.32,21.9,22.0,41.0,197.0,100.0,37.0,244.0,4.29
S01880,Silt loam,24.4,51.1,24.6,1.82,1.06,1.458,0.45,0.252,0.103,0.149,22.2,0.493,0.228,0.6,600.0,normal(<1),6.57,28.4,31.0,31.0,442.0,51.0,20.0,505.0,1.99
S01881,Sandy clay loam,62.3,15.2,22.5,2.22,1.29,1.608,0.393,0.192,0.084,0.108,22.2,0.565,0.171,0.05,50.0,normal(<1),6.23,28.3,34.0,49.0,149.0,88.0,18.0,221.0,2.73
S01882,Sandy loam,69.3,18.2,12.6,0.7,0.41,1.594,0.398,0.146,0.064,0.082,24.9,0.626,0.149,0.447,447.0,normal(<1),6.32,24.8,69.0,29.0,120.0,13.0,19.0,222.0,0.44
S01883,Sand,87.3,7.2,5.5,0.56,0.33,1.566,0.409,0.127,0.046,0.08,17.2,0.421,0.237,0.282,282.0,normal(<1),6.65,22.7,0.0,9.0,28.0,1.0,2.0,116.0,0.72
S01884,Sandy clay,47.7,16.9,35.3,1.86,1.08,1.549,0.416,0.235,0.098,0.137,14.5,0.349,0.271,0.665,665.0,normal(<1),6.33,31.6,55.0,18.0,165.0,36.0,25.0,211.0,2.54
S01885,Silty clay,11.1,46.5,42.4,2.7,1.57,1.524,0.425,0.246,0.138,0.108,27.6,0.649,0.149,0.226,226.0,normal(<1),6.87,28.6,43.0,8.0,514.0,53.0,16.0,599.0,2.85
S01886,Sandy loam,66.9,13.7,19.4,1.44,0.84,1.529,0.423,0.169,0.084,0.085,19.2,0.454,0.231,1.018,1018.0,germination-critical(1-2),6.48,23.8,41.0,81.0,226.0,34.0,25.0,274.0,1.45
S01887,Clay loam,40.8,21.7,37.4,1.65,0.96,1.585,0.402,0.204,0.11,0.093,28.6,0.711,0.116,0.136,136.0,normal(<1),6.13,37.4,71.0,0.0,288.0,38.0,16.0,303.0,1.28
S01888,Loam,30.2,47.4,22.4,1.8,1.04,1.488,0.439,0.217,0.091,0.126,30.0,0.685,0.138,0.372,372.0,normal(<1),6.45,32.9,20.0,55.0,311.0,51.0,18.0,514.0,2.15
S01889,Silty clay,6.0,53.3,40.7,4.47,2.59,1.422,0.463,0.267,0.146,0.12,27.4,0.592,0.189,0.222,222.0,normal(<1),6.35,25.1,83.0,8.0,534.0,97.0,32.0,623.0,4.25
S01890,Loamy sand,73.8,15.6,10.5,2.34,1.36,1.506,0.432,0.141,0.053,0.087,16.2,0.375,0.27,0.316,316.0,normal(<1),6.15,22.7,78.0,43.0,120.0,67.0,11.0,132.0,2.11
S01891,Clay loam,28.6,32.8,38.6,1.7,0.98,1.503,0.433,0.223,0.121,0.103,33.2,0.766,0.101,1.419,1419.0,germination-critical(1-2),6.81,27.3,73.0,41.0,314.0,63.0,8.0,394.0,2.08
S01892,Sandy loam,49.8,31.3,18.9,1.57,0.91,1.578,0.405,0.18,0.089,0.091,18.6,0.459,0.219,0.082,82.0,normal(<1),6.24,30.7,35.0,0.0,268.0,46.0,12.0,349.0,1.63
S01893,Loam,35.5,48.5,16.0,1.23,0.71,1.706,0.356,0.212,0.079,0.133,20.2,0.568,0.154,0.074,74.0,normal(<1),5.86,37.0,0.0,0.0,443.0,27.0,27.0,434.0,0.88
S01894,Silt loam,4.9,76.6,18.5,2.64,1.53,1.524,0.425,0.274,0.1,0.174,24.1,0.567,0.184,0.345,345.0,normal(<1),6.12,27.6,23.0,0.0,566.0,55.0,16.0,723.0,3.18
S01895,Loam,43.3,44.1,12.6,1.33,0.77,1.576,0.405,0.208,0.084,0.124,26.6,0.657,0.139,1.567,1567.0,germination-critical(1-2),6.72,30.5,84.0,72.0,302.0,21.0,7.0,369.0,1.31
S01896,Sandy loam,73.6,18.0,8.4,1.29,0.75,1.497,0.435,0.14,0.057,0.083,16.2,0.372,0.273,0.933,933.0,normal(<1),6.77,24.7,99.0,19.0,176.0,58.0,17.0,212.0,1.45
S01897,Sand,89.1,9.2,1.8,1.34,0.77,1.657,0.375,0.152,0.043,0.108,24.1,0.644,0.133,0.381,381.0,normal(<1),6.78,32.5,41.0,30.0,80.0,26.0,10.0,109.0,1.28
S01898,Clay,40.6,12.9,46.5,3.21,1.86,1.484,0.44,0.261,0.112,0.149,25.1,0.57,0.189,1.754,1754.0,germination-critical(1-2),7.03,34.4,75.0,79.0,234.0,71.0,30.0,256.0,3.45
S01899,Silt loam,10.1,69.9,20.0,3.29,1.91,1.538,0.42,0.233,0.1,0.133,18.5,0.44,0.235,0.755,755.0,normal(<1),6.23,30.6,105.0,61.0,561.0,62.0,40.0,657.0,3.1
S01900,Loam,37.1,42.9,20.0,3.49,2.03,1.537,0.42,0.207,0.089,0.118,19.1,0.456,0.229,1.725,1725.0,germination-critical(1-2),6.19,29.7,125.0,63.0,414.0,108.0,8.0,412.0,3.63
S01901,Silt loam,12.9,69.7,17.4,1.71,0.99,1.548,0.416,0.259,0.083,0.177,26.7,0.643,0.149,0.311,311.0,normal(<1),6.69,24.0,66.0,63.0,490.0,22.0,16.0,631.0,1.26
S01902,Clay,20.9,11.5,67.6,2.36,1.37,1.516,0.428,0.245,0.161,0.084,24.3,0.568,0.185,1.164,1164.0,germination-critical(1-2),5.82,34.7,102.0,38.0,286.0,58.0,18.0,362.0,2.73
S01903,Loam,37.9,43.5,18.6,3.18,1.84,1.52,0.426,0.21,0.071,0.139,16.2,0.379,0.265,1.22,1220.0,germination-critical(1-2),6.37,13.9,115.0,63.0,378.0,89.0,29.0,441.0,3.11
S01904,Loamy sand,78.0,8.1,13.9,0.41,0.24,1.572,0.407,0.116,0.045,0.072,24.2,0.594,0.165,0.856,856.0,normal(<1),6.94,27.9,47.0,2.0,165.0,34.0,23.0,190.0,0.46
S01905,Clay loam,26.8,36.8,36.5,4.55,2.64,1.462,0.448,0.25,0.118,0.132,29.1,0.65,0.157,0.617,617.0,normal(<1),6.04,37.7,62.0,46.0,430.0,96.0,20.0,477.0,5.06
S01906,Clay loam,20.4,39.9,39.8,2.19,1.27,1.526,0.424,0.236,0.126,0.11,28.8,0.679,0.136,0.257,257.0,normal(<1),6.45,30.2,5.0,0.0,349.0,49.0,1.0,487.0,2.15
S01907,Silty clay loam,19.6,44.5,35.8,2.77,1.61,1.523,0.425,0.224,0.112,0.112,29.0,0.681,0.136,0.486,486.0,normal(<1),6.45,27.9,14.0,0.0,325.0,36.0,27.0,461.0,2.21
S01908,Silt loam,19.5,72.7,7.8,1.49,0.87,1.584,0.402,0.215,0.097,0.119,22.4,0.557,0.178,0.298,298.0,normal(<1),6.78,31.2,34.0,22.0,577.0,15.0,9.0,638.0,1.72
S01909,Silt loam,28.5,66.1,5.4,1.43,0.83,1.526,0.424,0.198,0.075,0.124,23.2,0.548,0.192,0.089,89.0,normal(<1),6.64,36.6,22.0,40.0,448.0,39.0,16.0,554.0,1.59
S01910,Silty clay loam,8.8,62.5,28.7,2.31,1.34,1.518,0.427,0.263,0.1,0.163,14.3,0.334,0.284,1.116,1116.0,germination-critical(1-2),7.17,24.1,110.0,53.0,501.0,41.0,19.0,611.0,2.16
S01911,Sandy clay,57.0,7.5,35.4,1.39,0.81,1.492,0.437,0.193,0.079,0.114,23.3,0.534,0.204,0.873,873.0,normal(<1),6.77,37.1,80.0,63.0,184.0,46.0,11.0,171.0,1.22
S01912,Silty clay,2.9,45.9,51.2,3.91,2.27,1.351,0.49,0.285,0.14,0.145,26.0,0.531,0.23,0.35,350.0,normal(<1),6.83,22.4,72.0,24.0,450.0,109.0,37.0,540.0,3.71
S01913,Silt loam,22.1,69.5,8.4,2.15,1.25,1.567,0.409,0.192,0.097,0.094,19.9,0.486,0.21,1.611,1611.0,germination-critical(1-2),5.67,32.9,98.0,60.0,578.0,46.0,28.0,669.0,1.86
S01914,Sand,87.6,10.7,1.6,1.71,0.99,1.518,0.427,0.108,0.051,0.057,19.8,0.464,0.229,0.446,446.0,normal(<1),6.37,24.9,51.0,49.0,45.0,43.0,23.0,63.0,1.57
S01915,Loamy sand,74.3,10.8,14.9,1.45,0.84,1.549,0.415,0.145,0.067,0.078,28.6,0.689,0.129,0.875,875.0,normal(<1),7.0,36.0,85.0,58.0,43.0,26.0,22.0,125.0,1.55
S01916,Loam,38.1,49.1,12.8,3.6,2.09,1.511,0.43,0.208,0.097,0.11,23.8,0.553,0.192,4.733,4733.0,detrimental(>3),7.03,29.3,247.0,188.0,486.0,68.0,30.0,507.0,3.54
S01917,Silty clay,1.5,47.7,50.9,2.03,1.18,1.472,0.444,0.277,0.147,0.129,32.6,0.733,0.119,2.125,2125.0,salt-sensitive-critical(2-3),6.5,33.5,114.0,79.0,484.0,62.0,27.0,566.0,2.0
S01918,Sandy clay loam,48.1,20.8,31.1,2.13,1.24,1.527,0.424,0.217,0.106,0.111,24.1,0.569,0.182,0.628,628.0,normal(<1),6.84,28.2,47.0,45.0,186.0,36.0,22.0,296.0,2.0
S01919,Sandy clay,46.6,2.8,50.6,1.66,0.96,1.402,0.471,0.213,0.112,0.101,31.9,0.678,0.152,0.397,397.0,normal(<1),5.78,27.8,76.0,0.0,178.0,43.0,22.0,223.0,2.29
S01920,Silt loam,28.7,64.0,7.4,0.7,0.41,1.51,0.43,0.184,0.081,0.103,25.2,0.587,0.178,0.357,357.0,normal(<1),6.73,29.3,25.0,20.0,554.0,12.0,21.0,606.0,1.1
S01921,Sandy clay,59.6,3.4,37.0,2.91,1.69,1.539,0.419,0.205,0.119,0.086,16.9,0.403,0.25,1.226,1226.0,germination-critical(1-2),6.23,24.5,120.0,74.0,146.0,57.0,20.0,164.0,2.76
S01922,Sandy loam,64.1,25.2,10.7,0.73,0.42,1.631,0.384,0.138,0.056,0.082,18.4,0.479,0.2,0.305,305.0,normal(<1),6.07,20.2,65.0,25.0,252.0,15.0,25.0,302.0,0.33
S01923,Sandy clay,46.6,3.1,50.3,4.12,2.39,1.349,0.491,0.233,0.112,0.12,29.2,0.595,0.199,0.692,692.0,normal(<1),6.1,25.5,130.0,35.0,161.0,96.0,43.0,155.0,4.82
S01924,Sandy loam,73.0,15.9,11.1,3.72,2.16,1.557,0.412,0.179,0.067,0.112,27.5,0.667,0.137,1.364,1364.0,germination-critical(1-2),5.99,31.9,109.0,46.0,221.0,95.0,31.0,227.0,3.54
S01925,Loam,38.5,47.0,14.6,2.15,1.25,1.588,0.401,0.201,0.089,0.112,25.5,0.637,0.145,0.766,766.0,normal(<1),6.66,28.6,87.0,11.0,365.0,54.0,7.0,431.0,2.16
S01926,Sandy loam,59.6,22.0,18.4,0.91,0.53,1.612,0.392,0.153,0.07,0.082,23.3,0.595,0.159,0.188,188.0,normal(<1),6.42,25.5,20.0,18.0,239.0,6.0,8.0,235.0,1.07
S01927,Clay loam,35.5,29.9,34.6,2.06,1.2,1.479,0.442,0.224,0.1,0.124,23.0,0.52,0.212,1.093,1093.0,germination-critical(1-2),6.38,32.7,71.0,57.0,293.0,40.0,28.0,324.0,1.85
S01928,Loam,40.4,44.9,14.8,1.59,0.92,1.469,0.446,0.176,0.092,0.085,26.7,0.6,0.178,0.763,763.0,normal(<1),6.42,23.0,75.0,19.0,417.0,49.0,19.0,447.0,1.56
S01929,Sandy clay loam,51.3,14.5,34.1,3.99,2.31,1.535,0.421,0.226,0.101,0.125,17.4,0.413,0.247,0.123,123.0,normal(<1),6.88,31.3,61.0,11.0,227.0,82.0,22.0,263.0,4.12
S01930,Sandy loam,69.9,22.2,7.9,0.46,0.27,1.72,0.351,0.143,0.039,0.104,14.3,0.407,0.208,0.646,646.0,normal(<1),7.19,24.3,0.0,48.0,134.0,17.0,3.0,184.0,0.4
S01931,Sandy loam,64.8,24.8,10.4,2.14,1.24,1.546,0.417,0.163,0.065,0.098,27.3,0.654,0.144,0.239,239.0,normal(<1),6.1,17.5,78.0,0.0,141.0,39.0,22.0,205.0,1.77
S01932,Silty clay,13.4,43.9,42.7,2.88,1.67,1.427,0.461,0.259,0.129,0.13,31.3,0.679,0.148,0.451,451.0,normal(<1),6.23,29.2,99.0,45.0,430.0,65.0,18.0,533.0,3.32
S01933,Silt loam,10.0,83.0,6.9,1.66,0.96,1.561,0.411,0.246,0.1,0.146,17.0,0.414,0.241,2.727,2727.0,salt-sensitive-critical(2-3),6.55,30.4,124.0,90.0,555.0,33.0,25.0,629.0,1.7
S01934,Sandy loam,72.6,11.8,15.6,1.01,0.59,1.657,0.375,0.169,0.058,0.111,23.6,0.628,0.139,0.145,145.0,normal(<1),6.84,26.2,0.0,39.0,223.0,36.0,13.0,221.0,1.08
S01935,Silt loam,1.7,83.6,14.7,3.33,1.93,1.509,0.431,0.255,0.096,0.159,29.2,0.677,0.139,0.274,274.0,normal(<1),6.78,26.5,42.0,29.0,582.0,84.0,14.0,729.0,3.51
S01936,Silt loam,10.6,64.9,24.5,1.19,0.69,1.526,0.424,0.212,0.112,0.1,25.0,0.589,0.174,0.45,450.0,normal(<1),6.06,30.4,45.0,0.0,510.0,24.0,14.0,642.0,1.72
S01937,Silt loam,28.5,50.3,21.2,1.4,0.81,1.472,0.445,0.227,0.069,0.158,19.0,0.428,0.254,0.553,553.0,normal(<1),6.68,27.6,13.0,0.0,494.0,17.0,19.0,496.0,1.61
S01938,Sandy clay loam,63.3,6.5,30.3,1.04,0.61,1.545,0.417,0.172,0.076,0.096,15.4,0.369,0.263,1.348,1348.0,germination-critical(1-2),6.55,28.0,49.0,30.0,164.0,9.0,6.0,194.0,0.19
S01939,Loam,49.8,42.3,7.9,1.66,0.96,1.565,0.41,0.17,0.072,0.098,22.0,0.538,0.189,1.022,1022.0,germination-critical(1-2),6.15,25.8,4.0,51.0,290.0,24.0,21.0,370.0,1.66
S01940,Loam,32.1,46.2,21.6,2.79,1.62,1.561,0.411,0.203,0.098,0.105,23.2,0.566,0.179,0.455,455.0,normal(<1),6.7,24.0,91.0,34.0,412.0,74.0,6.0,491.0,2.89
S01941,Clay loam,25.2,37.9,36.9,2.54,1.47,1.502,0.433,0.245,0.125,0.12,23.8,0.549,0.195,0.074,74.0,normal(<1),6.83,27.5,42.0,0.0,366.0,43.0,16.0,403.0,2.72
S01942,Sandy loam,56.8,33.2,10.0,1.16,0.67,1.547,0.416,0.179,0.064,0.115,17.9,0.429,0.237,1.857,1857.0,germination-critical(1-2),7.05,27.9,102.0,81.0,377.0,24.0,6.0,404.0,1.06
S01943,Sandy loam,70.9,12.8,16.3,1.06,0.61,1.611,0.392,0.194,0.071,0.123,25.6,0.654,0.136,1.57,1570.0,germination-critical(1-2),6.58,32.0,118.0,87.0,182.0,14.0,27.0,143.0,1.58
S01944,Loam,43.0,43.4,13.7,2.25,1.31,1.532,0.422,0.201,0.085,0.117,26.3,0.623,0.159,0.394,394.0,normal(<1),6.82,22.4,81.0,27.0,354.0,58.0,23.0,431.0,2.36
S01945,Sandy loam,60.1,28.9,11.0,1.44,0.84,1.566,0.409,0.177,0.076,0.102,21.5,0.526,0.194,0.478,478.0,normal(<1),6.26,28.0,52.0,43.0,232.0,29.0,0.0,333.0,1.04
S01946,Sandy clay loam,56.7,14.0,29.3,1.86,1.08,1.585,0.402,0.218,0.077,0.141,24.9,0.619,0.153,0.246,246.0,normal(<1),6.81,29.0,92.0,0.0,174.0,55.0,3.0,232.0,2.0
S01947,Sandy clay,51.7,4.3,44.0,1.37,0.79,1.449,0.453,0.215,0.102,0.113,30.0,0.663,0.153,0.587,587.0,normal(<1),6.62,24.8,17.0,14.0,164.0,33.0,3.0,247.0,1.43
S01948,Clay loam,41.6,27.7,30.7,4.26,2.47,1.447,0.454,0.247,0.11,0.137,23.9,0.525,0.215,4.153,4153.0,detrimental(>3),6.43,27.2,229.0,121.0,351.0,72.0,12.0,309.0,4.26
S01949,Loamy sand,80.3,8.0,11.8,1.27,0.74,1.532,0.422,0.137,0.076,0.061,27.4,0.649,0.148,0.388,388.0,normal(<1),6.2,26.6,67.0,0.0,59.0,54.0,6.0,105.0,1.27
S01950,Sand,92.6,0.0,7.4,1.5,0.87,1.598,0.397,0.113,0.058,0.055,21.2,0.535,0.185,0.688,688.0,normal(<1),7.06,27.9,65.0,18.0,109.0,36.0,0.0,93.0,1.51
S01951,Loam,38.5,46.7,14.8,2.85,1.65,1.488,0.438,0.192,0.09,0.102,18.4,0.419,0.254,0.407,407.0,normal(<1),6.23,20.2,44.0,1.0,278.0,44.0,13.0,459.0,2.96
S01952,Clay loam,40.6,21.2,38.2,2.98,1.73,1.478,0.442,0.249,0.125,0.124,21.8,0.493,0.224,0.527,527.0,normal(<1),6.95,29.6,78.0,23.0,262.0,103.0,31.0,277.0,3.27
S01953,Clay,31.0,16.6,52.4,4.86,2.82,1.354,0.489,0.246,0.118,0.128,31.9,0.653,0.17,0.512,512.0,normal(<1),5.8,40.3,80.0,14.0,299.0,90.0,21.0,343.0,4.69
S01954,Silty clay loam,9.8,51.6,38.6,3.11,1.81,1.442,0.456,0.247,0.123,0.124,22.5,0.494,0.23,0.884,884.0,normal(<1),6.86,27.2,30.0,5.0,504.0,44.0,10.0,627.0,2.77
S01955,Sandy clay loam,48.4,25.3,26.3,1.08,0.63,1.606,0.394,0.205,0.088,0.117,27.6,0.702,0.118,0.162,162.0,normal(<1),6.08,25.7,52.0,3.0,201.0,34.0,6.0,282.0,1.18
S01956,Sand,86.9,8.8,4.3,1.76,1.02,1.554,0.414,0.102,0.037,0.066,17.7,0.428,0.237,1.233,1233.0,germination-critical(1-2),6.22,17.8,61.0,54.0,135.0,36.0,36.0,71.0,1.67
S01957,Silty clay,8.4,43.4,48.2,3.6,2.09,1.456,0.45,0.285,0.138,0.147,31.4,0.697,0.136,1.992,1992.0,germination-critical(1-2),6.88,26.7,176.0,69.0,399.0,72.0,28.0,515.0,3.53
S01958,Silt loam,25.6,73.7,0.7,1.38,0.8,1.541,0.418,0.203,0.075,0.128,27.1,0.647,0.148,0.262,262.0,normal(<1),6.21,35.0,23.0,0.0,579.0,19.0,6.0,639.0,1.18
S01959,Loam,42.8,30.5,26.7,1.53,0.89,1.544,0.417,0.197,0.097,0.1,24.1,0.577,0.176,0.05,50.0,normal(<1),6.5,30.8,71.0,10.0,312.0,35.0,0.0,404.0,1.44
S01960,Sandy loam,45.2,38.5,16.2,1.28,0.74,1.523,0.425,0.183,0.086,0.097,18.0,0.424,0.245,1.505,1505.0,germination-critical(1-2),6.71,36.0,93.0,63.0,311.0,46.0,14.0,368.0,0.9
S01961,Sandy loam,70.2,15.8,14.0,3.07,1.78,1.594,0.399,0.163,0.076,0.087,25.2,0.632,0.147,0.742,742.0,normal(<1),6.3,25.2,74.0,26.0,187.0,75.0,11.0,203.0,3.53
S01962,Sandy loam,78.5,5.7,15.7,2.35,1.36,1.704,0.357,0.136,0.047,0.089,7.6,0.214,0.281,1.425,1425.0,germination-critical(1-2),6.5,25.8,76.0,75.0,143.0,55.0,33.0,125.0,2.3
S01963,Silty clay,4.1,41.0,54.8,1.82,1.06,1.421,0.464,0.28,0.148,0.132,18.5,0.398,0.279,1.53,1530.0,germination-critical(1-2),6.58,35.7,76.0,91.0,442.0,54.0,19.0,475.0,1.75
S01964,Sandy loam,50.0,38.4,11.6,1.05,0.61,1.661,0.373,0.192,0.066,0.126,18.7,0.501,0.186,0.949,949.0,normal(<1),6.8,28.2,55.0,41.0,369.0,0.0,21.0,340.0,1.57
S01965,Loam,39.3,39.7,21.0,2.85,1.65,1.543,0.418,0.204,0.087,0.117,19.5,0.468,0.222,0.577,577.0,normal(<1),6.31,23.4,65.0,23.0,318.0,56.0,34.0,443.0,2.62
S01966,Loamy sand,77.5,13.3,9.2,4.39,2.54,1.57,0.407,0.157,0.065,0.092,20.3,0.498,0.204,1.327,1327.0,germination-critical(1-2),6.95,25.6,124.0,61.0,188.0,71.0,18.0,180.0,4.24
S01967,Clay,7.0,32.3,60.7,2.95,1.71,1.419,0.464,0.271,0.153,0.118,27.2,0.585,0.193,0.105,105.0,normal(<1),6.46,25.0,75.0,13.0,323.0,66.0,14.0,473.0,3.04
S01968,Loamy sand,83.0,3.3,13.7,1.33,0.77,1.596,0.398,0.136,0.063,0.072,13.0,0.327,0.268,0.108,108.0,normal(<1),6.5,35.6,30.0,0.0,0.0,25.0,17.0,1.0,1.35
S01969,Clay loam,35.5,26.9,37.5,2.76,1.6,1.493,0.437,0.198,0.107,0.091,30.5,0.7,0.131,0.222,222.0,normal(<1),6.55,25.9,31.0,41.0,321.0,19.0,8.0,440.0,2.74
S01970,Silty clay,9.7,41.3,49.0,3.19,1.85,1.357,0.488,0.255,0.136,0.119,22.7,0.465,0.261,0.98,980.0,normal(<1),6.53,25.2,121.0,37.0,409.0,50.0,17.0,523.0,3.73
S01971,Sand,87.7,2.5,9.8,0.3,0.17,1.601,0.396,0.122,0.049,0.074,23.0,0.581,0.166,0.771,771.0,normal(<1),6.38,31.7,57.0,62.0,65.0,20.0,8.0,58.0,0.23
S01972,Sandy loam,49.4,37.7,12.9,0.83,0.48,1.605,0.394,0.179,0.084,0.095,16.4,0.415,0.231,0.29,290.0,normal(<1),6.31,27.0,33.0,22.0,359.0,8.0,15.0,397.0,0.98
S01973,Silt loam,14.5,63.9,21.7,2.33,1.35,1.475,0.443,0.218,0.111,0.107,28.2,0.636,0.162,0.946,946.0,normal(<1),6.86,29.8,67.0,61.0,485.0,45.0,32.0,595.0,2.28
S01974,Sand,89.7,0.9,9.5,0.3,0.17,1.655,0.375,0.128,0.025,0.104,21.9,0.583,0.157,0.604,604.0,normal(<1),6.75,24.9,59.0,40.0,173.0,2.0,8.0,113.0,0.53
S01975,Clay loam,29.5,31.5,38.9,3.29,1.91,1.488,0.438,0.241,0.118,0.123,22.3,0.509,0.215,0.341,341.0,normal(<1),6.48,26.1,46.0,21.0,336.0,88.0,24.0,439.0,3.39
S01976,Loamy sand,72.5,17.5,10.0,1.81,1.05,1.493,0.437,0.163,0.066,0.097,25.1,0.575,0.186,0.454,454.0,normal(<1),6.59,25.8,61.0,50.0,199.0,49.0,27.0,207.0,2.07
S01977,Sandy loam,49.9,31.5,18.6,2.36,1.37,1.558,0.412,0.17,0.079,0.091,27.3,0.663,0.139,2.118,2118.0,salt-sensitive-critical(2-3),6.39,31.9,97.0,108.0,348.0,48.0,15.0,358.0,2.62
S01978,Silty clay,3.8,42.3,53.8,3.34,1.94,1.439,0.457,0.28,0.142,0.139,32.5,0.712,0.132,0.165,165.0,normal(<1),5.93,23.0,69.0,69.0,481.0,70.0,37.0,588.0,3.62
S01979,Loam,47.8,32.3,19.9,1.74,1.01,1.598,0.397,0.178,0.085,0.093,19.4,0.49,0.203,2.403,2403.0,salt-sensitive-critical(2-3),6.49,31.6,198.0,100.0,339.0,45.0,9.0,324.0,1.58
S01980,Sandy loam,72.4,9.8,17.8,2.3,1.33,1.579,0.404,0.183,0.072,0.111,21.9,0.541,0.186,0.05,50.0,normal(<1),6.48,37.8,42.0,33.0,128.0,56.0,48.0,156.0,2.39
S01981,Sandy clay,46.5,15.9,37.5,4.42,2.57,1.462,0.448,0.236,0.101,0.135,28.3,0.63,0.166,0.584,584.0,normal(<1),6.48,27.2,55.0,16.0,205.0,86.0,21.0,295.0,4.34
S01982,Sandy loam,61.9,25.1,13.0,2.12,1.23,1.527,0.424,0.178,0.064,0.114,30.9,0.728,0.115,0.914,914.0,normal(<1),6.54,24.5,58.0,26.0,203.0,62.0,10.0,243.0,2.19
S01983,Clay loam,24.0,36.6,39.4,3.5,2.03,1.461,0.449,0.256,0.114,0.143,28.4,0.634,0.164,2.427,2427.0,salt-sensitive-critical(2-3),7.45,20.5,159.0,77.0,372.0,90.0,31.0,450.0,4.06
S01984,Silt loam,10.0,67.1,22.9,2.33,1.35,1.493,0.437,0.245,0.113,0.132,23.4,0.536,0.202,0.551,551.0,normal(<1),6.42,29.4,52.0,35.0,545.0,50.0,19.0,696.0,2.64
S01985,Silty clay loam,5.1,62.0,32.9,2.65,1.53,1.479,0.442,0.294,0.125,0.168,33.3,0.754,0.109,2.364,2364.0,salt-sensitive-critical(2-3),6.8,26.0,157.0,134.0,500.0,58.0,31.0,620.0,2.77
S01986,Loam,40.6,45.2,14.2,1.37,0.8,1.517,0.427,0.197,0.077,0.12,29.7,0.694,0.131,0.6,600.0,normal(<1),6.44,26.8,91.0,14.0,324.0,36.0,14.0,387.0,1.66
S01987,Sandy loam,71.6,8.5,20.0,0.37,0.21,1.629,0.385,0.132,0.08,0.051,16.9,0.438,0.217,0.465,465.0,normal(<1),6.56,26.9,8.0,32.0,123.0,2.0,29.0,133.0,0.2
S01988,Loam,42.2,33.3,24.6,2.88,1.67,1.561,0.411,0.202,0.09,0.111,23.3,0.568,0.178,8.0,8000.0,detrimental(>3),7.1,29.5,410.0,208.0,530.0,50.0,12.0,452.0,2.77
S01989,Loamy sand,76.9,11.2,11.9,0.77,0.44,1.584,0.402,0.157,0.075,0.082,24.0,0.597,0.162,1.112,1112.0,germination-critical(1-2),7.03,26.2,66.0,4.0,263.0,17.0,0.0,174.0,0.32
S01990,Sandy loam,64.7,23.4,11.9,0.82,0.48,1.557,0.413,0.173,0.07,0.102,23.6,0.573,0.176,0.685,685.0,normal(<1),6.81,30.3,46.0,40.0,238.0,0.0,4.0,256.0,0.65
S01991,Clay loam,44.4,18.9,36.7,4.01,2.32,1.414,0.466,0.206,0.104,0.101,25.4,0.544,0.213,0.222,222.0,normal(<1),5.54,33.2,72.0,34.0,247.0,82.0,32.0,298.0,4.2
S01992,Loam,50.4,33.6,16.0,2.23,1.29,1.586,0.402,0.183,0.086,0.097,24.1,0.6,0.16,0.056,56.0,normal(<1),6.64,23.8,0.0,6.0,248.0,53.0,7.0,347.0,1.91
S01993,Silty clay,8.8,45.4,45.8,2.49,1.44,1.451,0.453,0.29,0.131,0.159,20.9,0.462,0.244,0.614,614.0,normal(<1),5.69,23.2,36.0,28.0,451.0,51.0,23.0,491.0,1.95
S01994,Silt loam,10.7,76.8,12.5,1.83,1.06,1.624,0.387,0.238,0.086,0.152,18.8,0.486,0.199,0.102,102.0,normal(<1),6.31,30.8,19.0,9.0,420.0,25.0,29.0,642.0,1.73
S01995,Loam,33.1,46.1,20.7,1.7,0.98,1.543,0.418,0.2,0.11,0.09,14.9,0.356,0.269,0.8,800.0,normal(<1),6.36,19.5,64.0,61.0,398.0,37.0,32.0,484.0,1.7
S01996,Silty clay,10.8,40.3,49.0,2.41,1.4,1.442,0.456,0.246,0.125,0.121,32.4,0.711,0.132,1.153,1153.0,germination-critical(1-2),7.26,30.6,139.0,29.0,404.0,43.0,27.0,457.0,2.41
S01997,Sandy clay loam,48.3,18.4,33.3,3.39,1.97,1.425,0.462,0.22,0.102,0.117,30.0,0.649,0.162,0.992,992.0,normal(<1),6.45,24.7,19.0,28.0,285.0,66.0,14.0,291.0,3.61
S01998,Clay,16.1,36.7,47.2,2.79,1.62,1.471,0.445,0.266,0.142,0.123,31.3,0.703,0.132,0.761,761.0,normal(<1),6.01,30.6,79.0,46.0,415.0,66.0,20.0,468.0,3.51
S01999,Loam,47.9,28.1,24.0,2.38,1.38,1.551,0.415,0.209,0.085,0.124,29.7,0.717,0.117,0.847,847.0,normal(<1),6.81,26.9,69.0,39.0,264.0,50.0,16.0,340.0,2.13
S02000,Sandy clay loam,51.0,18.0,31.0,4.31,2.5,1.478,0.442,0.204,0.107,0.097,22.6,0.511,0.216,1.154,1154.0,germination-critical(1-2),6.36,30.0,121.0,47.0,206.0,85.0,39.0,263.0,3.84
S02001,Silt loam,25.9,53.8,20.2,3.16,1.83,1.566,0.409,0.218,0.092,0.126,15.6,0.38,0.253,0.288,288.0,normal(<1),6.28,35.7,57.0,6.0,406.0,55.0,8.0,530.0,3.2
S02002,Loamy sand,71.1,15.6,13.4,2.98,1.73,1.452,0.452,0.158,0.063,0.095,17.0,0.376,0.282,0.111,111.0,normal(<1),6.24,23.3,55.0,0.0,196.0,44.0,20.0,240.0,3.09
S02003,Sandy loam,57.8,30.3,12.0,0.81,0.47,1.577,0.405,0.139,0.069,0.071,27.3,0.675,0.132,1.592,1592.0,germination-critical(1-2),5.81,26.0,49.0,24.0,387.0,14.0,0.0,374.0,0.78
S02004,Sandy loam,64.2,27.0,8.8,1.71,0.99,1.55,0.415,0.152,0.069,0.082,13.5,0.324,0.28,0.185,185.0,normal(<1),6.4,31.5,18.0,0.0,209.0,32.0,15.0,248.0,1.74
S02005,Sandy clay loam,57.7,10.4,31.9,3.3,1.92,1.503,0.433,0.182,0.091,0.091,18.5,0.427,0.248,0.099,99.0,normal(<1),6.21,19.5,37.0,43.0,163.0,85.0,23.0,200.0,3.26
S02006,Silt loam,24.5,62.7,12.8,1.86,1.08,1.617,0.39,0.233,0.097,0.136,19.3,0.495,0.197,0.575,575.0,normal(<1),6.63,33.5,61.0,16.0,414.0,42.0,12.0,516.0,1.7
S02007,Sandy loam,46.0,43.2,10.9,2.49,1.45,1.545,0.417,0.192,0.087,0.105,27.4,0.656,0.143,0.05,50.0,normal(<1),6.41,26.1,14.0,49.0,290.0,50.0,26.0,419.0,2.15
S02008,Sandy clay loam,60.4,15.2,24.3,1.14,0.66,1.597,0.397,0.199,0.078,0.122,18.2,0.458,0.215,0.493,493.0,normal(<1),6.77,29.4,42.0,6.0,131.0,16.0,0.0,199.0,0.99
S02009,Clay,9.3,38.8,51.9,3.04,1.77,1.441,0.456,0.275,0.152,0.123,28.6,0.628,0.17,1.197,1197.0,germination-critical(1-2),6.56,35.0,104.0,66.0,350.0,71.0,32.0,386.0,3.42
S02010,Loam,47.5,37.3,15.2,1.39,0.8,1.573,0.406,0.151,0.079,0.072,18.4,0.452,0.223,0.786,786.0,normal(<1),6.65,32.3,80.0,34.0,239.0,19.0,12.0,284.0,1.36
S02011,Silt loam,5.3,70.6,24.1,4.33,2.51,1.49,0.438,0.274,0.131,0.143,15.4,0.351,0.284,0.306,306.0,normal(<1),6.41,26.9,63.0,39.0,528.0,55.0,28.0,630.0,4.24
S02012,Silty clay loam,10.1,57.2,32.7,1.78,1.03,1.527,0.424,0.271,0.14,0.131,25.6,0.605,0.167,0.255,255.0,normal(<1),6.54,31.7,45.0,28.0,439.0,63.0,22.0,608.0,1.92
S02013,Silty clay loam,9.8,61.5,28.7,2.72,1.58,1.55,0.415,0.249,0.115,0.134,21.7,0.524,0.198,0.579,579.0,normal(<1),6.07,32.8,46.0,30.0,469.0,60.0,30.0,562.0,2.69
S02014,Clay loam,43.6,26.4,30.0,4.14,2.4,1.51,0.43,0.228,0.085,0.143,29.6,0.687,0.134,0.311,311.0,normal(<1),5.96,31.4,111.0,0.0,360.0,86.0,28.0,372.0,4.14
S02015,Sandy clay,56.4,5.9,37.7,3.06,1.78,1.465,0.447,0.208,0.113,0.095,22.8,0.509,0.219,0.479,479.0,normal(<1),6.37,24.1,46.0,0.0,198.0,35.0,7.0,262.0,3.06
S02016,Loam,34.9,38.4,26.7,4.47,2.59,1.408,0.469,0.238,0.104,0.133,17.7,0.378,0.292,0.327,327.0,normal(<1),6.71,35.7,161.0,13.0,213.0,96.0,0.0,372.0,5.06
S02017,Sandy loam,46.5,39.4,14.1,4.4,2.55,1.479,0.442,0.203,0.091,0.112,29.0,0.657,0.151,1.031,1031.0,germination-critical(1-2),6.5,31.2,103.0,70.0,292.0,65.0,34.0,385.0,4.38
S02018,Sandy loam,76.1,6.8,17.1,0.7,0.41,1.581,0.403,0.141,0.066,0.075,23.3,0.577,0.171,0.363,363.0,normal(<1),6.38,28.7,60.0,50.0,99.0,38.0,17.0,84.0,0.1
S02019,Sand,88.3,2.6,9.2,4.0,2.32,1.554,0.413,0.142,0.042,0.1,20.6,0.499,0.207,8.0,8000.0,detrimental(>3),7.49,22.6,473.0,235.0,218.0,114.0,2.0,60.0,3.96
S02020,Sandy loam,76.8,4.9,18.3,3.44,1.99,1.627,0.386,0.139,0.056,0.083,13.7,0.355,0.249,0.153,153.0,normal(<1),6.06,25.0,27.0,53.0,13.0,39.0,20.0,82.0,3.69
S02021,Silty clay,10.0,46.4,43.7,4.56,2.65,1.557,0.412,0.265,0.135,0.13,28.8,0.698,0.124,0.504,504.0,normal(<1),6.39,27.5,52.0,49.0,424.0,81.0,37.0,545.0,4.72
S02022,Sandy loam,73.3,8.3,18.4,1.21,0.7,1.581,0.404,0.15,0.048,0.102,23.0,0.569,0.174,0.275,275.0,normal(<1),6.64,29.5,47.0,43.0,235.0,34.0,24.0,274.0,1.38
S02023,Loam,30.8,46.5,22.8,3.52,2.04,1.541,0.418,0.251,0.099,0.153,22.5,0.539,0.193,0.643,643.0,normal(<1),6.95,34.1,69.0,51.0,419.0,58.0,23.0,555.0,3.46
S02024,Sand,89.6,2.6,7.8,2.08,1.21,1.465,0.447,0.136,0.06,0.075,23.3,0.521,0.214,0.222,222.0,normal(<1),6.42,26.9,14.0,46.0,7.0,49.0,13.0,83.0,2.06
S02025,Sandy clay loam,53.1,20.1,26.7,0.91,0.53,1.472,0.444,0.212,0.085,0.127,13.6,0.305,0.309,1.147,1147.0,germination-critical(1-2),6.66,28.3,109.0,55.0,209.0,34.0,0.0,279.0,0.95
S02026,Clay,39.9,14.1,46.0,1.96,1.14,1.506,0.432,0.204,0.112,0.092,13.0,0.301,0.302,1.068,1068.0,germination-critical(1-2),7.07,29.1,90.0,46.0,282.0,61.0,11.0,283.0,1.59
S02027,Loam,41.9,37.0,21.0,2.12,1.23,1.604,0.395,0.202,0.088,0.115,23.6,0.597,0.159,0.753,753.0,normal(<1),6.07,19.8,88.0,57.0,341.0,58.0,31.0,407.0,1.7
S02028,Sandy clay loam,50.9,24.7,24.5,1.67,0.97,1.539,0.419,0.192,0.079,0.113,25.2,0.602,0.167,0.809,809.0,normal(<1),6.64,29.7,86.0,0.0,265.0,71.0,15.0,307.0,1.93
S02029,Sandy clay loam,51.6,19.4,29.0,2.29,1.33,1.516,0.428,0.161,0.107,0.053,23.6,0.551,0.192,0.626,626.0,normal(<1),7.19,31.8,42.0,33.0,249.0,47.0,2.0,298.0,2.39
S02030,Clay loam,29.1,33.9,37.0,2.17,1.26,1.465,0.447,0.214,0.097,0.117,26.8,0.6,0.179,0.46,460.0,normal(<1),5.95,26.0,82.0,64.0,300.0,63.0,32.0,405.0,2.25
S02031,Sandy loam,78.3,13.5,8.1,1.41,0.82,1.669,0.37,0.158,0.043,0.115,15.4,0.416,0.216,0.05,50.0,normal(<1),5.88,26.6,78.0,0.0,82.0,31.0,18.0,187.0,1.18
S02032,Silty clay loam,2.5,62.4,35.1,2.88,1.67,1.474,0.444,0.277,0.133,0.143,30.3,0.682,0.141,0.718,718.0,normal(<1),6.35,35.5,74.0,8.0,482.0,50.0,19.0,585.0,2.59
S02033,Loam,42.3,36.5,21.2,1.64,0.95,1.448,0.454,0.18,0.085,0.095,25.1,0.553,0.203,0.14,140.0,normal(<1),5.55,23.5,35.0,44.0,308.0,42.0,19.0,381.0,1.73
S02034,Silt loam,21.7,51.4,26.9,1.83,1.06,1.557,0.412,0.239,0.108,0.13,27.8,0.673,0.135,0.165,165.0,normal(<1),6.59,21.3,14.0,16.0,415.0,40.0,0.0,525.0,1.8
S02035,Clay,27.0,28.8,44.2,2.22,1.29,1.453,0.452,0.248,0.104,0.144,21.5,0.476,0.237,0.99,990.0,normal(<1),6.72,24.6,76.0,22.0,326.0,42.0,15.0,406.0,2.15
S02036,Sandy clay loam,62.8,13.6,23.6,1.41,0.82,1.58,0.404,0.177,0.074,0.103,18.8,0.467,0.215,0.307,307.0,normal(<1),6.44,33.6,17.0,39.0,89.0,56.0,22.0,135.0,1.43
S02037,Sandy loam,54.7,29.8,15.4,2.37,1.37,1.645,0.379,0.201,0.097,0.103,27.1,0.716,0.108,0.508,508.0,normal(<1),6.43,24.3,64.0,24.0,197.0,58.0,15.0,296.0,2.17
S02038,Silty clay,5.2,42.6,52.3,4.3,2.49,1.42,0.464,0.25,0.15,0.1,26.3,0.567,0.201,0.634,634.0,normal(<1),6.11,30.1,71.0,58.0,484.0,94.0,46.0,575.0,4.36
S02039,Sandy clay loam,59.9,17.1,22.9,3.74,2.17,1.482,0.441,0.17,0.075,0.095,22.2,0.504,0.218,0.666,666.0,normal(<1),6.27,26.4,122.0,35.0,240.0,82.0,29.0,221.0,3.77
S02040,Silty clay loam,1.4,66.0,32.6,2.2,1.28,1.495,0.436,0.248,0.118,0.13,32.8,0.753,0.108,1.038,1038.0,germination-critical(1-2),6.75,25.6,134.0,10.0,534.0,72.0,7.0,627.0,2.59
S02041,Silt loam,1.2,85.8,12.9,1.87,1.09,1.537,0.42,0.227,0.113,0.114,27.2,0.647,0.148,0.772,772.0,normal(<1),6.56,30.5,84.0,14.0,567.0,46.0,24.0,750.0,1.89
S02042,Sandy clay loam,55.4,12.9,31.7,1.51,0.87,1.487,0.439,0.209,0.091,0.118,26.7,0.609,0.172,0.317,317.0,normal(<1),6.09,24.6,45.0,4.0,149.0,35.0,7.0,216.0,1.33
S02043,Clay loam,44.3,18.9,36.8,3.29,1.91,1.364,0.485,0.228,0.1,0.129,16.7,0.344,0.318,0.747,747.0,normal(<1),6.53,23.5,102.0,11.0,165.0,73.0,27.0,183.0,3.67
S02044,Sand,92.3,5.8,1.9,4.41,2.56,1.597,0.397,0.135,0.025,0.109,15.3,0.385,0.244,0.072,72.0,normal(<1),6.69,32.2,55.0,29.0,81.0,95.0,43.0,51.0,4.69
S02045,Silty clay,2.9,55.6,41.6,2.56,1.49,1.462,0.448,0.299,0.132,0.167,32.0,0.713,0.129,0.254,254.0,normal(<1),6.22,28.4,17.0,32.0,508.0,62.0,20.0,592.0,2.81
S02046,Loamy sand,76.0,19.1,4.9,1.86,1.08,1.563,0.41,0.137,0.055,0.082,19.0,0.463,0.22,0.123,123.0,normal(<1),6.19,36.1,63.0,17.0,213.0,65.0,26.0,226.0,2.08
S02047,Sand,86.7,11.7,1.7,0.48,0.28,1.659,0.374,0.098,0.049,0.049,20.2,0.539,0.172,0.142,142.0,normal(<1),5.85,27.1,21.0,8.0,134.0,31.0,15.0,168.0,0.68
S02048,Clay loam,37.6,28.5,33.9,2.54,1.47,1.461,0.449,0.23,0.12,0.11,25.6,0.571,0.193,0.216,216.0,normal(<1),6.64,29.1,66.0,13.0,275.0,50.0,15.0,325.0,2.53
S02049,Sandy loam,46.1,38.2,15.7,2.51,1.45,1.526,0.424,0.191,0.064,0.126,26.7,0.63,0.157,0.151,151.0,normal(<1),6.3,27.2,52.0,4.0,410.0,69.0,25.0,433.0,2.43
S02050,Silty clay loam,17.9,54.2,27.9,2.04,1.18,1.496,0.435,0.229,0.118,0.111,19.2,0.441,0.243,0.544,544.0,normal(<1),6.93,22.6,47.0,36.0,496.0,44.0,31.0,586.0,2.16
S02051,Sandy loam,52.7,41.1,6.2,0.79,0.46,1.524,0.425,0.162,0.057,0.105,19.8,0.466,0.227,0.495,495.0,normal(<1),5.76,26.5,45.0,42.0,319.0,58.0,14.0,370.0,0.86
S02052,Sandy clay loam,54.2,19.9,25.9,0.9,0.52,1.632,0.384,0.215,0.089,0.127,24.8,0.645,0.136,0.837,837.0,normal(<1),6.36,19.5,61.0,23.0,210.0,39.0,22.0,279.0,1.17
S02053,Clay loam,45.0,27.0,28.0,1.84,1.07,1.478,0.442,0.195,0.093,0.102,21.9,0.495,0.223,0.532,532.0,normal(<1),6.68,19.7,59.0,15.0,232.0,56.0,6.0,342.0,1.65
S02054,Silt loam,11.7,79.4,8.9,1.78,1.03,1.453,0.452,0.234,0.101,0.133,26.8,0.593,0.184,0.192,192.0,normal(<1),5.96,31.9,0.0,0.0,525.0,42.0,3.0,725.0,2.08
S02055,Silt loam,18.1,80.0,1.9,2.13,1.24,1.543,0.418,0.186,0.101,0.085,17.2,0.41,0.246,0.19,190.0,normal(<1),6.99,26.4,97.0,2.0,515.0,64.0,12.0,618.0,1.37
S02056,Loamy sand,83.4,3.3,13.4,0.97,0.56,1.584,0.402,0.159,0.04,0.119,18.9,0.47,0.213,0.508,508.0,normal(<1),6.51,25.3,61.0,42.0,0.0,21.0,4.0,5.0,1.27
S02057,Sand,93.3,4.7,2.0,0.3,0.17,1.719,0.351,0.122,0.035,0.087,21.8,0.621,0.133,1.033,1033.0,germination-critical(1-2),6.51,23.5,77.0,62.0,69.0,25.0,3.0,80.0,0.09
S02058,Sandy loam,49.4,39.3,11.3,2.14,1.24,1.51,0.43,0.159,0.087,0.072,19.6,0.455,0.234,0.3,300.0,normal(<1),7.1,24.4,53.0,27.0,346.0,72.0,35.0,359.0,2.19
S02059,Sandy clay loam,53.1,13.0,33.9,1.87,1.08,1.573,0.406,0.179,0.102,0.077,21.9,0.539,0.188,0.126,126.0,normal(<1),6.49,24.4,0.0,50.0,296.0,43.0,30.0,305.0,1.95
S02060,Sandy clay,50.7,10.7,38.5,1.38,0.8,1.485,0.44,0.193,0.1,0.093,18.9,0.429,0.251,0.719,719.0,normal(<1),7.09,28.8,51.0,10.0,171.0,31.0,14.0,238.0,1.66
S02061,Silt loam,21.3,67.3,11.4,1.25,0.73,1.561,0.411,0.216,0.075,0.141,24.7,0.601,0.164,1.751,1751.0,germination-critical(1-2),6.6,27.9,101.0,35.0,626.0,22.0,0.0,646.0,1.36
S02062,Sandy loam,57.5,34.6,7.9,1.53,0.89,1.552,0.414,0.137,0.075,0.061,22.3,0.539,0.191,0.42,420.0,normal(<1),6.1,33.2,37.0,41.0,345.0,37.0,17.0,348.0,1.78
S02063,Silt loam,15.2,84.5,0.3,3.78,2.19,1.53,0.422,0.208,0.084,0.124,19.0,0.45,0.232,0.513,513.0,normal(<1),6.25,26.9,13.0,10.0,611.0,61.0,38.0,705.0,3.77
S02064,Clay loam,20.0,49.2,30.8,3.69,2.14,1.397,0.473,0.249,0.12,0.129,35.1,0.743,0.121,0.497,497.0,normal(<1),6.91,27.1,29.0,44.0,475.0,106.0,28.0,581.0,3.16
S02065,Silty clay loam,7.3,61.6,31.1,2.6,1.51,1.607,0.393,0.257,0.122,0.135,21.4,0.543,0.18,0.39,390.0,normal(<1),6.53,36.0,26.0,0.0,582.0,53.0,9.0,704.0,2.7
S02066,Silty clay loam,2.2,58.2,39.6,3.14,1.82,1.486,0.439,0.283,0.124,0.159,22.2,0.505,0.217,1.762,1762.0,germination-critical(1-2),6.62,30.5,130.0,52.0,464.0,73.0,26.0,613.0,3.7
S02067,Clay loam,42.9,27.6,29.6,3.73,2.16,1.503,0.433,0.207,0.108,0.1,29.8,0.689,0.134,0.085,85.0,normal(<1),6.76,22.0,22.0,19.0,327.0,65.0,28.0,394.0,3.56
S02068,Loam,39.8,34.1,26.1,1.94,1.13,1.507,0.431,0.204,0.1,0.103,15.9,0.368,0.273,1.87,1870.0,germination-critical(1-2),6.91,28.9,154.0,89.0,387.0,27.0,26.0,391.0,1.8
S02069,Sandy loam,75.1,19.0,5.9,2.75,1.59,1.544,0.417,0.146,0.059,0.087,15.5,0.371,0.263,1.235,1235.0,germination-critical(1-2),6.44,18.8,115.0,48.0,227.0,85.0,35.0,250.0,2.88
S02070,Sandy clay loam,46.8,24.4,28.8,1.66,0.97,1.475,0.443,0.199,0.097,0.102,28.1,0.634,0.162,0.698,698.0,normal(<1),6.58,24.8,84.0,31.0,215.0,71.0,17.0,308.0,1.74
S02071,Sandy loam,67.1,15.0,17.9,0.74,0.43,1.552,0.415,0.158,0.062,0.096,24.9,0.6,0.166,0.099,99.0,normal(<1),6.09,32.8,64.0,0.0,170.0,25.0,12.0,215.0,0.75
S02072,Silty clay loam,5.6,54.7,39.7,1.85,1.07,1.491,0.437,0.279,0.125,0.154,23.1,0.528,0.207,3.534,3534.0,detrimental(>3),6.92,25.3,200.0,129.0,639.0,22.0,23.0,642.0,2.0
S02073,Sand,86.5,6.4,7.2,1.5,0.87,1.616,0.39,0.144,0.055,0.089,19.6,0.504,0.194,0.601,601.0,normal(<1),5.98,22.7,66.0,18.0,76.0,33.0,21.0,74.0,1.61
S02074,Clay loam,23.9,44.7,31.4,2.05,1.19,1.509,0.43,0.23,0.095,0.136,25.1,0.583,0.18,0.224,224.0,normal(<1),6.55,27.0,46.0,64.0,375.0,38.0,38.0,446.0,1.9
S02075,Sandy loam,73.9,21.0,5.1,0.9,0.52,1.531,0.422,0.163,0.041,0.122,24.4,0.577,0.179,0.373,373.0,normal(<1),5.77,20.4,124.0,18.0,217.0,68.0,18.0,265.0,0.5
S02076,Loam,43.0,36.3,20.7,2.82,1.64,1.619,0.389,0.203,0.088,0.115,23.0,0.591,0.159,0.278,278.0,normal(<1),6.41,26.1,18.0,12.0,347.0,38.0,29.0,405.0,3.26
S02077,Silty clay,9.5,50.3,40.2,2.33,1.35,1.455,0.451,0.253,0.128,0.125,13.8,0.307,0.312,0.722,722.0,normal(<1),6.43,24.0,105.0,40.0,429.0,44.0,39.0,532.0,2.35
S02078,Clay loam,35.1,36.3,28.6,1.09,0.63,1.514,0.429,0.222,0.104,0.118,24.4,0.569,0.185,0.786,786.0,normal(<1),7.13,19.7,58.0,22.0,210.0,25.0,9.0,331.0,0.9
S02079,Silt loam,21.8,56.4,21.8,2.36,1.37,1.428,0.461,0.25,0.109,0.141,16.7,0.363,0.294,0.766,766.0,normal(<1),5.75,31.4,42.0,20.0,434.0,51.0,28.0,538.0,2.31
S02080,Loam,42.3,43.5,14.3,1.29,0.75,1.604,0.395,0.184,0.074,0.11,22.0,0.557,0.175,0.453,453.0,normal(<1),6.21,24.7,45.0,9.0,382.0,14.0,2.0,495.0,1.6
S02081,Loam,46.0,43.3,10.7,0.87,0.5,1.608,0.393,0.167,0.058,0.109,21.1,0.536,0.183,0.282,282.0,normal(<1),7.41,29.2,22.0,24.0,300.0,23.0,0.0,395.0,0.98
S02082,Sand,88.5,1.7,9.8,1.09,0.63,1.617,0.39,0.134,0.064,0.07,23.6,0.606,0.153,0.364,364.0,normal(<1),6.45,27.0,0.0,56.0,69.0,30.0,14.0,65.0,1.16
S02083,Loamy sand,86.3,9.9,3.8,0.51,0.3,1.624,0.387,0.116,0.04,0.076,20.4,0.525,0.184,0.419,419.0,normal(<1),5.98,31.0,40.0,1.0,73.0,0.0,10.0,122.0,0.65
S02084,Silty clay loam,4.8,63.4,31.9,5.26,3.05,1.483,0.441,0.241,0.124,0.117,29.7,0.674,0.144,1.713,1713.0,germination-critical(1-2),6.89,26.6,139.0,99.0,588.0,89.0,49.0,664.0,5.04
S02085,Clay loam,35.6,26.0,38.4,1.98,1.15,1.523,0.425,0.227,0.109,0.118,26.2,0.616,0.163,0.267,267.0,normal(<1),7.0,27.1,27.0,10.0,333.0,46.0,16.0,368.0,1.61
S02086,Sandy loam,55.6,28.5,15.9,2.31,1.34,1.577,0.405,0.187,0.076,0.111,21.1,0.522,0.194,0.458,458.0,normal(<1),6.16,28.6,29.0,20.0,307.0,31.0,10.0,367.0,2.27
S02087,Silty clay,8.7,46.4,44.9,2.45,1.42,1.511,0.43,0.274,0.138,0.135,18.6,0.433,0.244,0.28,280.0,normal(<1),6.81,23.8,62.0,48.0,450.0,44.0,36.0,551.0,2.48
S02088,Loam,31.7,46.5,21.8,1.46,0.84,1.567,0.409,0.212,0.077,0.134,21.8,0.533,0.191,0.265,265.0,normal(<1),6.0,23.2,15.0,11.0,406.0,67.0,44.0,547.0,1.65
S02089,Loam,43.3,46.6,10.0,0.95,0.55,1.558,0.412,0.188,0.078,0.11,21.8,0.528,0.194,1.101,1101.0,germination-critical(1-2),7.09,28.8,99.0,48.0,395.0,26.0,18.0,441.0,1.38
S02090,Sandy clay,50.2,5.5,44.2,1.35,0.78,1.472,0.444,0.209,0.106,0.103,23.3,0.523,0.212,1.673,1673.0,germination-critical(1-2),6.35,22.3,106.0,37.0,250.0,34.0,8.0,199.0,1.19
S02091,Silty clay,13.9,46.0,40.1,3.16,1.83,1.443,0.455,0.246,0.13,0.116,28.7,0.631,0.168,0.098,98.0,normal(<1),6.39,31.8,70.0,5.0,415.0,97.0,14.0,562.0,3.01
S02092,Silty clay,12.0,45.7,42.3,3.42,1.98,1.549,0.415,0.251,0.129,0.122,21.8,0.525,0.197,0.385,385.0,normal(<1),6.31,29.6,68.0,25.0,467.0,82.0,14.0,517.0,3.06
S02093,Silty clay,2.5,42.6,55.0,5.1,2.96,1.362,0.486,0.295,0.157,0.138,27.6,0.567,0.21,2.372,2372.0,salt-sensitive-critical(2-3),6.71,20.5,136.0,117.0,489.0,97.0,43.0,536.0,5.06
S02094,Sandy loam,74.9,5.5,19.6,0.47,0.27,1.562,0.411,0.147,0.069,0.078,24.3,0.591,0.168,0.871,871.0,normal(<1),6.26,25.7,66.0,1.0,87.0,26.0,2.0,96.0,0.69
S02095,Sandy clay,54.8,0.9,44.3,1.63,0.94,1.469,0.446,0.192,0.13,0.063,24.8,0.557,0.198,0.083,83.0,normal(<1),6.63,23.6,11.0,41.0,182.0,38.0,19.0,190.0,1.39
S02096,Sandy loam,78.4,3.4,18.2,3.57,2.07,1.599,0.397,0.162,0.082,0.08,22.6,0.569,0.171,0.231,231.0,normal(<1),6.4,27.8,82.0,9.0,87.0,79.0,10.0,66.0,3.54
S02097,Sandy loam,50.5,44.0,5.5,1.01,0.58,1.574,0.406,0.186,0.084,0.102,19.1,0.469,0.216,1.488,1488.0,germination-critical(1-2),6.69,26.4,118.0,66.0,308.0,22.0,0.0,376.0,0.73
S02098,Clay loam,21.5,50.0,28.5,4.03,2.34,1.421,0.464,0.242,0.097,0.145,27.3,0.588,0.191,0.133,133.0,normal(<1),6.14,19.1,97.0,35.0,374.0,92.0,31.0,468.0,3.91
S02099,Sandy loam,77.6,12.3,10.1,1.1,0.64,1.551,0.415,0.171,0.044,0.127,15.6,0.375,0.259,0.511,511.0,normal(<1),6.12,26.4,20.0,0.0,162.0,18.0,1.0,148.0,0.86
S02100,Sandy clay loam,52.6,13.0,34.5,1.26,0.73,1.531,0.422,0.2,0.101,0.1,24.8,0.588,0.174,0.158,158.0,normal(<1),6.75,34.2,35.0,32.0,261.0,33.0,24.0,281.0,0.91
S02101,Sandy loam,48.4,37.7,13.9,3.48,2.02,1.522,0.426,0.2,0.086,0.115,27.9,0.655,0.147,1.919,1919.0,germination-critical(1-2),6.44,29.1,147.0,90.0,346.0,85.0,18.0,384.0,2.77
S02102,Sandy loam,47.5,45.7,6.8,3.76,2.18,1.546,0.417,0.171,0.071,0.099,27.4,0.658,0.143,4.634,4634.0,detrimental(>3),6.95,35.0,297.0,174.0,413.0,91.0,17.0,401.0,3.9
S02103,Sandy loam,68.1,19.6,12.3,2.72,1.58,1.569,0.408,0.171,0.064,0.108,25.2,0.619,0.155,0.154,154.0,normal(<1),6.08,24.1,30.0,37.0,119.0,52.0,41.0,202.0,2.76
S02104,Loam,40.1,45.7,14.2,2.24,1.3,1.544,0.417,0.194,0.074,0.12,28.1,0.673,0.137,0.138,138.0,normal(<1),6.75,25.0,32.0,28.0,326.0,44.0,17.0,473.0,1.96
S02105,Silty clay loam,11.6,59.6,28.8,3.58,2.08,1.37,0.483,0.264,0.119,0.146,26.3,0.545,0.22,0.106,106.0,normal(<1),6.4,28.2,18.0,24.0,367.0,79.0,41.0,539.0,4.16
S02106,Loamy sand,88.4,8.7,3.0,2.62,1.52,1.561,0.411,0.114,0.039,0.075,26.2,0.638,0.149,0.142,142.0,normal(<1),6.57,27.5,57.0,22.0,173.0,43.0,16.0,130.0,2.9
S02107,Sandy loam,46.9,39.0,14.1,2.25,1.3,1.48,0.441,0.183,0.064,0.119,27.0,0.613,0.171,0.476,476.0,normal(<1),6.92,24.9,61.0,27.0,249.0,58.0,21.0,321.0,2.69
S02108,Loam,42.9,47.4,9.7,0.76,0.44,1.572,0.407,0.201,0.09,0.111,26.4,0.648,0.143,0.448,448.0,normal(<1),6.27,26.3,86.0,30.0,406.0,6.0,17.0,504.0,0.76
S02109,Loam,43.4,36.9,19.6,3.97,2.3,1.539,0.419,0.199,0.082,0.117,23.4,0.558,0.186,1.043,1043.0,germination-critical(1-2),6.51,19.6,126.0,41.0,385.0,86.0,12.0,419.0,4.23
S02110,Sand,85.8,13.6,0.7,0.98,0.57,1.633,0.384,0.139,0.049,0.09,20.5,0.533,0.179,0.488,488.0,normal(<1),6.39,37.1,38.0,28.0,43.0,18.0,24.0,86.0,0.81
S02111,Sand,85.5,8.8,5.6,1.88,1.09,1.671,0.369,0.096,0.046,0.05,10.8,0.293,0.261,0.361,361.0,normal(<1),6.84,30.3,72.0,30.0,109.0,69.0,8.0,109.0,1.55
S02112,Sandy loam,59.6,22.6,17.9,1.21,0.7,1.565,0.409,0.159,0.066,0.093,23.4,0.572,0.175,0.299,299.0,normal(<1),5.63,25.1,48.0,16.0,203.0,22.0,18.0,240.0,1.2
S02113,Silty clay loam,9.6,57.2,33.2,4.4,2.55,1.526,0.424,0.243,0.131,0.112,15.2,0.358,0.272,0.468,468.0,normal(<1),6.26,21.3,50.0,43.0,483.0,77.0,39.0,571.0,4.57
S02114,Loam,34.1,39.5,26.4,2.15,1.25,1.626,0.387,0.211,0.107,0.105,20.0,0.517,0.187,0.076,76.0,normal(<1),6.07,20.7,0.0,0.0,328.0,21.0,13.0,440.0,2.19
S02115,Clay loam,38.1,33.9,27.9,1.26,0.73,1.6,0.396,0.192,0.098,0.094,19.3,0.486,0.204,0.305,305.0,normal(<1),6.63,31.0,28.0,13.0,294.0,22.0,5.0,378.0,1.17
S02116,Loam,40.7,36.6,22.6,2.16,1.26,1.472,0.444,0.194,0.084,0.11,22.8,0.513,0.216,0.859,859.0,normal(<1),6.47,29.7,56.0,0.0,393.0,54.0,11.0,463.0,2.31
S02117,Sandy clay loam,56.5,23.4,20.1,1.07,0.62,1.627,0.386,0.189,0.062,0.127,16.3,0.421,0.223,0.265,265.0,normal(<1),5.78,22.4,0.0,26.0,277.0,26.0,17.0,299.0,1.2
S02118,Sandy loam,67.0,16.6,16.5,2.6,1.51,1.547,0.416,0.168,0.072,0.095,21.9,0.527,0.197,0.388,388.0,normal(<1),6.31,29.0,24.0,16.0,153.0,51.0,34.0,202.0,2.78
S02119,Sandy loam,52.4,35.2,12.4,0.67,0.39,1.615,0.39,0.183,0.066,0.117,14.1,0.362,0.249,1.166,1166.0,germination-critical(1-2),6.6,26.5,47.0,48.0,352.0,0.0,22.0,345.0,0.92
S02120,Silt loam,13.5,77.5,9.0,3.76,2.18,1.462,0.448,0.2,0.078,0.121,18.2,0.405,0.267,0.345,345.0,normal(<1),6.31,19.6,74.0,0.0,450.0,69.0,7.0,623.0,3.32
S02121,Clay loam,23.2,40.5,36.3,2.95,1.71,1.444,0.455,0.25,0.117,0.134,17.1,0.376,0.284,0.139,139.0,normal(<1),6.59,21.9,47.0,55.0,340.0,70.0,31.0,456.0,2.81
S02122,Silty clay loam,1.4,69.7,28.9,1.88,1.09,1.446,0.455,0.238,0.124,0.114,20.9,0.46,0.245,0.703,703.0,normal(<1),6.9,35.2,28.0,11.0,515.0,47.0,4.0,624.0,1.94
S02123,Silty clay loam,7.3,60.8,31.9,2.71,1.57,1.524,0.425,0.259,0.119,0.14,28.1,0.661,0.144,2.147,2147.0,salt-sensitive-critical(2-3),6.95,28.9,129.0,79.0,557.0,61.0,18.0,651.0,2.38
S02124,Loam,33.3,40.9,25.8,2.68,1.55,1.564,0.41,0.203,0.107,0.096,28.0,0.684,0.13,0.212,212.0,normal(<1),6.01,27.8,0.0,18.0,360.0,50.0,20.0,470.0,2.68
S02125,Loam,29.6,47.9,22.5,5.38,3.12,1.509,0.431,0.215,0.116,0.1,15.6,0.363,0.274,0.631,631.0,normal(<1),6.77,23.5,102.0,56.0,439.0,97.0,33.0,540.0,5.59
S02126,Loamy sand,70.7,19.6,9.7,0.85,0.49,1.659,0.374,0.117,0.073,0.044,17.5,0.468,0.199,0.166,166.0,normal(<1),6.67,16.0,0.0,48.0,228.0,7.0,18.0,199.0,0.85
S02127,Loamy sand,89.1,1.5,9.4,1.41,0.82,1.581,0.403,0.129,0.048,0.081,22.9,0.568,0.174,0.226,226.0,normal(<1),5.67,26.1,13.0,8.0,127.0,43.0,15.0,114.0,1.39
S02128,Sandy loam,73.6,12.9,13.5,1.15,0.67,1.616,0.39,0.171,0.065,0.107,13.3,0.34,0.258,0.388,388.0,normal(<1),6.68,23.2,38.0,0.0,189.0,8.0,6.0,161.0,0.91
S02129,Sandy clay,62.5,0.9,36.6,2.81,1.63,1.498,0.435,0.208,0.098,0.11,26.5,0.61,0.17,0.236,236.0,normal(<1),6.23,26.2,46.0,2.0,72.0,55.0,19.0,110.0,2.79
S02130,Sandy clay,56.8,6.9,36.3,2.39,1.39,1.533,0.422,0.167,0.096,0.07,21.1,0.5,0.211,0.265,265.0,normal(<1),5.67,27.2,38.0,0.0,164.0,53.0,23.0,235.0,2.39
S02131,Silt loam,26.3,56.4,17.3,1.29,0.75,1.54,0.419,0.212,0.087,0.125,21.8,0.521,0.201,0.182,182.0,normal(<1),6.4,28.6,32.0,25.0,400.0,22.0,26.0,564.0,1.63
S02132,Silty clay,11.3,42.0,46.7,4.35,2.52,1.321,0.502,0.234,0.142,0.092,31.3,0.623,0.189,0.114,114.0,normal(<1),6.79,24.9,38.0,25.0,416.0,92.0,31.0,505.0,4.3
S02133,Sandy clay,56.2,0.8,43.0,2.22,1.29,1.563,0.41,0.197,0.124,0.073,25.6,0.623,0.155,0.437,437.0,normal(<1),6.72,12.9,70.0,21.0,144.0,40.0,19.0,186.0,2.44
S02134,Silt loam,13.5,86.0,0.5,4.2,2.44,1.598,0.397,0.232,0.08,0.152,16.6,0.418,0.231,1.07,1070.0,germination-critical(1-2),6.15,27.4,104.0,66.0,618.0,73.0,47.0,729.0,4.31
S02135,Sandy clay loam,59.0,10.5,30.5,0.97,0.56,1.561,0.411,0.156,0.082,0.074,13.3,0.323,0.278,1.794,1794.0,germination-critical(1-2),6.25,26.5,121.0,66.0,285.0,40.0,0.0,233.0,1.08
S02136,Silty clay loam,3.9,65.7,30.4,2.26,1.31,1.446,0.454,0.258,0.111,0.147,16.8,0.369,0.287,0.358,358.0,normal(<1),6.08,30.5,46.0,39.0,490.0,41.0,22.0,589.0,2.48
S02137,Sandy loam,68.9,25.2,5.9,1.03,0.6,1.616,0.39,0.128,0.059,0.069,12.8,0.327,0.263,0.56,560.0,normal(<1),6.18,24.2,22.0,77.0,231.0,21.0,17.0,190.0,1.33
S02138,Loam,44.4,36.4,19.2,1.32,0.77,1.559,0.412,0.176,0.083,0.094,26.0,0.632,0.152,0.225,225.0,normal(<1),6.6,24.5,4.0,23.0,274.0,29.0,13.0,377.0,1.74
S02139,Silty clay loam,5.7,63.4,30.9,1.96,1.14,1.438,0.457,0.261,0.118,0.143,29.1,0.637,0.166,0.236,236.0,normal(<1),6.33,30.7,8.0,37.0,474.0,31.0,11.0,618.0,1.93
S02140,Sand,93.5,3.9,2.6,3.36,1.95,1.67,0.37,0.12,0.054,0.066,20.1,0.545,0.168,0.576,576.0,normal(<1),6.45,29.7,77.0,56.0,160.0,72.0,19.0,167.0,3.74
S02141,Sand,94.5,5.2,0.3,0.59,0.34,1.62,0.389,0.104,0.043,0.06,16.5,0.425,0.224,1.273,1273.0,germination-critical(1-2),6.55,30.2,96.0,42.0,30.0,37.0,0.0,63.0,0.76
S02142,Sandy clay,52.2,11.8,35.9,2.02,1.17,1.504,0.433,0.218,0.088,0.129,20.7,0.478,0.226,0.695,695.0,normal(<1),6.39,33.0,43.0,13.0,131.0,39.0,7.0,177.0,1.72
S02143,Silty clay loam,17.3,53.3,29.5,3.32,1.93,1.446,0.454,0.224,0.11,0.115,21.8,0.479,0.237,1.073,1073.0,germination-critical(1-2),6.16,34.3,56.0,81.0,446.0,76.0,24.0,473.0,3.72
S02144,Loam,33.3,48.1,18.6,2.38,1.38,1.57,0.408,0.206,0.072,0.134,18.0,0.441,0.228,1.691,1691.0,germination-critical(1-2),6.22,34.6,102.0,90.0,412.0,30.0,25.0,433.0,2.18
S02145,Sandy loam,60.1,31.6,8.3,1.35,0.78,1.585,0.402,0.161,0.056,0.105,14.6,0.363,0.256,0.372,372.0,normal(<1),6.32,20.7,46.0,3.0,269.0,28.0,4.0,304.0,1.27
S02146,Clay loam,23.6,41.0,35.4,1.28,0.74,1.488,0.438,0.248,0.142,0.106,15.1,0.344,0.287,1.171,1171.0,germination-critical(1-2),6.52,24.9,38.0,27.0,338.0,8.0,16.0,408.0,1.0
S02147,Silt loam,11.3,73.8,14.9,1.22,0.71,1.581,0.403,0.23,0.103,0.127,30.0,0.744,0.103,0.183,183.0,normal(<1),5.75,27.7,76.0,24.0,538.0,46.0,22.0,677.0,1.27
S02148,Clay loam,23.0,39.2,37.7,2.67,1.55,1.523,0.425,0.235,0.116,0.12,21.1,0.496,0.214,0.718,718.0,normal(<1),7.1,26.3,115.0,25.0,425.0,61.0,21.0,493.0,2.72
S02149,Silt loam,10.5,83.4,6.0,3.7,2.14,1.465,0.447,0.213,0.097,0.116,27.2,0.608,0.175,0.353,353.0,normal(<1),5.83,31.3,82.0,3.0,696.0,118.0,28.0,763.0,3.49
S02150,Clay loam,24.0,38.3,37.6,2.69,1.56,1.499,0.434,0.272,0.114,0.159,27.5,0.633,0.159,0.267,267.0,normal(<1),6.71,28.5,73.0,0.0,322.0,87.0,19.0,452.0,2.34
S02151,Clay,17.2,39.4,43.4,2.53,1.46,1.392,0.475,0.243,0.144,0.098,15.9,0.336,0.315,0.071,71.0,normal(<1),6.51,29.7,91.0,20.0,361.0,67.0,34.0,434.0,2.51
S02152,Silt loam,6.8,72.3,20.9,1.63,0.94,1.439,0.457,0.192,0.118,0.074,25.2,0.551,0.205,1.114,1114.0,germination-critical(1-2),6.92,32.8,95.0,58.0,586.0,65.0,25.0,638.0,1.56
S02153,Sandy clay loam,58.8,16.3,24.9,1.71,0.99,1.556,0.413,0.161,0.095,0.066,13.9,0.337,0.274,0.266,266.0,normal(<1),7.04,32.5,24.0,32.0,182.0,44.0,0.0,213.0,1.79
S02154,Sandy clay loam,62.4,9.0,28.6,2.18,1.27,1.57,0.408,0.174,0.093,0.08,27.5,0.675,0.132,0.421,421.0,normal(<1),5.63,22.4,42.0,57.0,151.0,54.0,33.0,178.0,2.37
S02155,Silt loam,8.3,80.3,11.4,3.46,2.01,1.435,0.458,0.226,0.105,0.121,17.7,0.386,0.281,0.095,95.0,normal(<1),6.52,32.3,56.0,27.0,603.0,65.0,23.0,720.0,3.52
S02156,Silty clay,1.0,40.2,58.8,3.0,1.74,1.374,0.482,0.293,0.161,0.132,28.4,0.59,0.197,0.607,607.0,normal(<1),6.0,29.1,78.0,55.0,416.0,86.0,26.0,519.0,2.88
S02157,Loamy sand,73.8,25.6,0.7,2.31,1.34,1.596,0.398,0.139,0.055,0.084,24.4,0.613,0.154,0.565,565.0,normal(<1),6.46,24.3,34.0,12.0,211.0,46.0,16.0,266.0,2.45
S02158,Sandy loam,76.4,15.9,7.7,3.03,1.76,1.494,0.436,0.154,0.052,0.103,24.7,0.565,0.19,0.282,282.0,normal(<1),6.03,29.6,2.0,50.0,231.0,47.0,41.0,232.0,2.89
S02159,Sandy loam,62.9,26.9,10.2,1.17,0.68,1.62,0.389,0.173,0.041,0.132,11.0,0.283,0.279,6.821,6821.0,detrimental(>3),6.53,32.0,317.0,173.0,312.0,20.0,0.0,251.0,0.9
S02160,Sandy loam,54.3,28.3,17.4,2.43,1.41,1.548,0.416,0.216,0.086,0.129,16.5,0.396,0.251,0.277,277.0,normal(<1),7.15,27.5,40.0,49.0,252.0,60.0,18.0,306.0,2.08
S02161,Sandy clay loam,58.1,17.0,24.8,1.29,0.75,1.461,0.449,0.181,0.076,0.105,18.0,0.402,0.268,1.466,1466.0,germination-critical(1-2),6.4,25.8,96.0,72.0,240.0,13.0,4.0,300.0,1.38
S02162,Sandy loam,51.7,34.1,14.1,3.81,2.21,1.551,0.415,0.204,0.071,0.134,30.9,0.746,0.105,1.602,1602.0,germination-critical(1-2),6.65,37.2,45.0,64.0,262.0,73.0,37.0,293.0,3.87
S02163,Loam,42.8,35.4,21.8,4.66,2.71,1.552,0.415,0.202,0.1,0.102,27.7,0.669,0.137,0.21,210.0,normal(<1),6.75,31.7,44.0,13.0,273.0,103.0,32.0,320.0,4.89
S02164,Silty clay loam,17.3,51.0,31.8,5.19,3.01,1.487,0.439,0.222,0.119,0.103,21.4,0.488,0.225,0.939,939.0,normal(<1),6.91,33.7,155.0,46.0,481.0,98.0,28.0,541.0,5.39
S02165,Clay,14.2,23.9,61.9,2.05,1.19,1.44,0.457,0.288,0.142,0.146,25.8,0.565,0.199,0.824,824.0,normal(<1),6.5,28.3,85.0,22.0,258.0,41.0,0.0,359.0,2.4
S02166,Sandy loam,71.1,10.2,18.6,1.78,1.03,1.598,0.397,0.167,0.036,0.131,28.5,0.717,0.112,0.121,121.0,normal(<1),6.21,23.0,25.0,33.0,102.0,27.0,21.0,143.0,1.98
S02167,Silty clay loam,13.7,58.6,27.7,2.74,1.59,1.493,0.437,0.248,0.113,0.135,35.1,0.804,0.086,0.226,226.0,normal(<1),6.4,27.7,101.0,1.0,460.0,58.0,15.0,626.0,2.63
S02168,Sandy clay loam,54.0,25.2,20.8,1.16,0.67,1.522,0.426,0.167,0.08,0.087,24.8,0.584,0.177,0.456,456.0,normal(<1),6.26,27.4,62.0,31.0,292.0,19.0,2.0,305.0,1.47
S02169,Sandy loam,48.0,38.6,13.4,0.94,0.54,1.567,0.409,0.165,0.084,0.081,19.1,0.468,0.218,0.504,504.0,normal(<1),6.08,28.2,93.0,27.0,318.0,1.0,14.0,414.0,0.99
S02170,Loamy sand,76.1,19.5,4.4,2.97,1.72,1.491,0.437,0.127,0.042,0.085,26.6,0.607,0.172,0.529,529.0,normal(<1),5.99,30.7,79.0,14.0,164.0,53.0,16.0,187.0,3.07
S02171,Sandy loam,71.7,16.6,11.7,0.85,0.49,1.507,0.431,0.142,0.055,0.087,26.2,0.608,0.169,5.025,5025.0,detrimental(>3),6.63,29.1,283.0,135.0,291.0,53.0,3.0,204.0,0.57
S02172,Clay loam,36.8,35.3,27.9,1.62,0.94,1.47,0.445,0.219,0.106,0.112,28.2,0.632,0.164,0.465,465.0,normal(<1),6.2,34.4,69.0,1.0,324.0,52.0,10.0,379.0,1.58
S02173,Loam,45.3,45.7,9.1,2.32,1.34,1.572,0.407,0.183,0.083,0.1,17.9,0.44,0.228,0.755,755.0,normal(<1),6.13,34.4,102.0,32.0,444.0,24.0,16.0,488.0,2.51
S02174,Clay loam,22.3,41.0,36.7,1.3,0.76,1.504,0.432,0.217,0.111,0.107,26.9,0.623,0.163,0.775,775.0,normal(<1),6.82,30.7,71.0,27.0,436.0,48.0,17.0,487.0,1.24
S02175,Silt loam,13.1,61.8,25.0,1.79,1.04,1.56,0.411,0.263,0.116,0.148,26.7,0.649,0.145,0.19,190.0,normal(<1),6.1,31.4,25.0,16.0,477.0,67.0,26.0,586.0,1.77
S02176,Sand,97.6,1.6,0.9,0.32,0.18,1.598,0.397,0.09,0.053,0.037,19.2,0.485,0.205,0.721,721.0,normal(<1),6.28,28.4,42.0,55.0,113.0,17.0,23.0,116.0,0.51
S02177,Silty clay,0.7,41.5,57.8,4.49,2.61,1.416,0.466,0.305,0.137,0.168,27.6,0.592,0.19,0.451,451.0,normal(<1),6.52,23.1,68.0,37.0,398.0,96.0,19.0,483.0,4.3
S02178,Sandy loam,76.2,9.9,13.8,0.46,0.27,1.626,0.387,0.152,0.062,0.09,17.2,0.445,0.215,0.779,779.0,normal(<1),7.15,31.6,73.0,68.0,169.0,0.0,21.0,133.0,0.73
S02179,Silty clay,1.2,57.6,41.2,4.04,2.34,1.509,0.431,0.299,0.152,0.147,21.9,0.508,0.212,0.406,406.0,normal(<1),6.45,31.2,108.0,29.0,522.0,94.0,46.0,673.0,3.79
S02180,Loam,31.3,46.1,22.6,2.34,1.35,1.451,0.452,0.204,0.106,0.098,31.1,0.688,0.141,1.048,1048.0,germination-critical(1-2),5.84,30.3,95.0,34.0,398.0,80.0,22.0,465.0,2.04
S02181,Loam,50.8,31.4,17.8,2.07,1.2,1.571,0.407,0.199,0.085,0.114,22.6,0.554,0.182,0.968,968.0,normal(<1),6.49,30.2,50.0,69.0,265.0,35.0,0.0,340.0,2.27
S02182,Sandy clay loam,45.1,25.8,29.1,1.26,0.73,1.604,0.395,0.177,0.105,0.072,23.0,0.582,0.165,0.345,345.0,normal(<1),6.49,26.3,40.0,15.0,332.0,6.0,0.0,324.0,1.25
S02183,Sandy clay,50.3,3.2,46.5,2.46,1.43,1.499,0.434,0.239,0.103,0.136,29.3,0.675,0.141,0.095,95.0,normal(<1),6.5,34.0,24.0,0.0,152.0,40.0,17.0,186.0,2.86
S02184,Sandy loam,45.8,48.7,5.5,1.38,0.8,1.581,0.403,0.155,0.052,0.103,10.3,0.256,0.3,0.276,276.0,normal(<1),6.17,37.9,29.0,0.0,336.0,23.0,0.0,400.0,1.2
S02185,Sandy clay loam,53.2,13.6,33.2,2.11,1.22,1.466,0.447,0.184,0.094,0.09,17.3,0.387,0.274,0.663,663.0,normal(<1),6.24,28.1,96.0,30.0,255.0,65.0,24.0,274.0,2.01
S02186,Sandy clay loam,63.3,11.5,25.2,1.76,1.02,1.618,0.389,0.178,0.081,0.097,14.5,0.373,0.244,0.68,680.0,normal(<1),6.36,20.3,97.0,9.0,207.0,39.0,1.0,207.0,1.6
S02187,Loamy sand,81.0,12.2,6.7,2.27,1.32,1.569,0.408,0.158,0.046,0.112,13.3,0.325,0.275,0.401,401.0,normal(<1),6.51,32.9,69.0,0.0,174.0,74.0,9.0,185.0,2.74
S02188,Clay loam,27.5,32.8,39.7,1.78,1.03,1.547,0.416,0.238,0.138,0.1,22.5,0.542,0.191,0.823,823.0,normal(<1),5.98,30.3,25.0,36.0,379.0,49.0,8.0,423.0,2.02
S02189,Sandy clay loam,59.0,20.2,20.8,3.31,1.92,1.494,0.436,0.196,0.08,0.115,26.3,0.602,0.174,1.17,1170.0,germination-critical(1-2),6.23,31.4,89.0,62.0,259.0,70.0,31.0,275.0,3.5
S02190,Sand,93.5,5.5,1.0,1.71,0.99,1.579,0.404,0.114,0.023,0.092,13.9,0.345,0.265,0.47,470.0,normal(<1),6.46,25.8,91.0,19.0,0.0,55.0,0.0,19.0,1.79
S02191,Silt loam,13.7,74.2,12.1,5.1,2.96,1.455,0.451,0.242,0.083,0.159,29.3,0.65,0.158,0.958,958.0,normal(<1),6.63,26.8,112.0,20.0,531.0,101.0,20.0,610.0,5.09
S02192,Sand,97.0,0.5,2.5,2.21,1.28,1.615,0.39,0.12,0.037,0.083,27.0,0.692,0.12,0.144,144.0,normal(<1),6.49,33.9,41.0,65.0,95.0,45.0,26.0,86.0,2.24
S02193,Clay loam,29.5,31.8,38.8,1.59,0.92,1.522,0.426,0.232,0.135,0.098,26.9,0.633,0.156,0.144,144.0,normal(<1),6.23,30.8,3.0,15.0,343.0,32.0,4.0,373.0,1.54
S02194,Silty clay loam,18.6,42.5,38.9,3.65,2.12,1.457,0.45,0.238,0.124,0.114,30.4,0.675,0.146,0.167,167.0,normal(<1),5.52,25.1,61.0,17.0,307.0,85.0,28.0,448.0,3.57
S02195,Sandy clay loam,53.7,19.0,27.2,3.43,1.99,1.525,0.425,0.193,0.072,0.121,22.0,0.518,0.204,0.163,163.0,normal(<1),6.25,32.1,65.0,11.0,173.0,63.0,27.0,244.0,3.17
S02196,Loam,42.6,47.3,10.1,1.02,0.59,1.53,0.423,0.171,0.077,0.094,13.6,0.322,0.287,1.284,1284.0,germination-critical(1-2),6.52,27.2,47.0,29.0,444.0,36.0,10.0,441.0,0.76
S02197,Silty clay loam,2.4,68.5,29.1,3.09,1.79,1.498,0.435,0.278,0.123,0.154,21.6,0.497,0.219,0.181,181.0,normal(<1),6.78,26.8,63.0,0.0,473.0,69.0,17.0,637.0,3.47
S02198,Loam,38.5,37.5,24.0,2.45,1.42,1.451,0.453,0.176,0.097,0.079,22.8,0.503,0.225,1.435,1435.0,germination-critical(1-2),6.54,28.7,121.0,13.0,434.0,58.0,4.0,439.0,2.34
S02199,Silt loam,15.9,80.2,3.9,1.92,1.11,1.521,0.426,0.22,0.077,0.143,22.2,0.52,0.205,0.372,372.0,normal(<1),5.91,35.8,16.0,19.0,590.0,39.0,24.0,696.0,2.09
S02200,Sandy clay loam,56.1,12.3,31.7,1.26,0.73,1.553,0.414,0.173,0.098,0.075,15.9,0.385,0.254,0.647,647.0,normal(<1),7.04,23.0,19.0,0.0,127.0,27.0,0.0,211.0,1.14
S02201,Loam,45.5,45.8,8.7,3.07,1.78,1.554,0.413,0.207,0.073,0.134,24.3,0.587,0.171,0.206,206.0,normal(<1),6.5,30.9,67.0,0.0,374.0,67.0,0.0,416.0,2.92
S02202,Loam,37.9,38.8,23.3,3.67,2.13,1.594,0.399,0.229,0.08,0.149,24.9,0.624,0.15,0.62,620.0,normal(<1),6.47,30.6,72.0,22.0,364.0,69.0,21.0,447.0,3.61
S02203,Silty clay loam,13.4,53.7,32.9,5.46,3.17,1.385,0.477,0.258,0.122,0.137,28.2,0.59,0.196,1.697,1697.0,germination-critical(1-2),6.94,29.5,141.0,75.0,481.0,115.0,47.0,546.0,5.34
S02204,Silty clay,8.0,50.2,41.9,4.13,2.4,1.447,0.454,0.273,0.135,0.138,17.8,0.391,0.276,0.156,156.0,normal(<1),6.34,27.4,32.0,15.0,443.0,65.0,27.0,538.0,4.16
S02205,Loam,41.7,32.3,26.0,1.13,0.66,1.559,0.412,0.224,0.083,0.141,22.1,0.537,0.191,0.318,318.0,normal(<1),6.63,20.4,49.0,14.0,320.0,26.0,13.0,373.0,1.12
S02206,Loamy sand,82.0,14.8,3.3,3.75,2.18,1.533,0.421,0.146,0.055,0.091,26.1,0.62,0.16,0.394,394.0,normal(<1),5.74,30.7,57.0,34.0,142.0,52.0,26.0,189.0,3.8
S02207,Sandy loam,47.4,44.3,8.3,1.69,0.98,1.636,0.383,0.169,0.09,0.078,17.0,0.444,0.213,1.16,1160.0,germination-critical(1-2),6.95,23.8,160.0,44.0,309.0,65.0,3.0,385.0,1.76
S02208,Sandy loam,50.9,31.3,17.8,1.35,0.78,1.565,0.409,0.166,0.082,0.084,25.9,0.633,0.15,0.428,428.0,normal(<1),6.79,32.4,65.0,31.0,318.0,22.0,20.0,389.0,1.0
S02209,Sandy loam,65.5,16.4,18.0,1.66,0.96,1.599,0.397,0.174,0.081,0.093,12.4,0.313,0.272,0.718,718.0,normal(<1),6.46,27.0,27.0,28.0,188.0,38.0,9.0,159.0,1.93
S02210,Silty clay,11.2,43.2,45.7,2.03,1.18,1.432,0.46,0.251,0.126,0.126,25.8,0.562,0.201,0.127,127.0,normal(<1),6.69,28.6,0.0,44.0,458.0,36.0,18.0,517.0,1.7
S02211,Loam,50.6,36.9,12.5,2.33,1.35,1.586,0.401,0.185,0.069,0.116,19.0,0.474,0.211,0.51,510.0,normal(<1),6.53,28.4,43.0,1.0,324.0,32.0,23.0,402.0,2.05
S02212,Sandy clay loam,48.9,25.6,25.4,1.62,0.94,1.468,0.446,0.221,0.091,0.131,32.5,0.73,0.121,1.425,1425.0,germination-critical(1-2),6.05,28.1,56.0,26.0,235.0,48.0,19.0,291.0,1.27
S02213,Clay loam,30.3,35.2,34.5,1.31,0.76,1.521,0.426,0.222,0.106,0.116,23.6,0.554,0.19,0.24,240.0,normal(<1),6.47,30.0,18.0,47.0,409.0,13.0,19.0,485.0,1.38
S02214,Silty clay loam,10.9,54.6,34.5,2.6,1.51,1.504,0.432,0.232,0.129,0.103,27.2,0.628,0.161,0.427,427.0,normal(<1),5.98,30.3,116.0,2.0,477.0,89.0,6.0,566.0,2.7
S02215,Sandy loam,57.9,33.9,8.2,1.71,0.99,1.564,0.41,0.149,0.056,0.093,22.9,0.559,0.181,2.919,2919.0,salt-sensitive-critical(2-3),6.94,21.5,169.0,95.0,412.0,36.0,15.0,367.0,2.1
S02216,Clay loam,24.2,36.2,39.6,1.55,0.9,1.601,0.396,0.256,0.11,0.146,29.9,0.755,0.097,3.377,3377.0,detrimental(>3),6.84,22.1,179.0,129.0,459.0,32.0,19.0,428.0,1.86
S02217,Silty clay,10.3,48.9,40.8,5.19,3.01,1.446,0.454,0.263,0.151,0.112,30.6,0.674,0.148,0.465,465.0,normal(<1),6.63,25.4,84.0,41.0,580.0,93.0,34.0,694.0,4.76
S02218,Clay loam,28.8,41.1,30.1,5.52,3.2,1.398,0.472,0.214,0.108,0.105,28.7,0.608,0.185,0.89,890.0,normal(<1),6.44,27.9,51.0,71.0,296.0,82.0,38.0,406.0,5.54
S02219,Silty clay,4.6,53.5,41.9,2.47,1.43,1.461,0.449,0.256,0.124,0.132,19.7,0.439,0.252,0.458,458.0,normal(<1),6.34,32.0,20.0,40.0,485.0,63.0,25.0,605.0,2.34
S02220,Clay,27.3,13.7,58.9,3.16,1.83,1.376,0.481,0.263,0.139,0.124,20.3,0.422,0.278,0.728,728.0,normal(<1),6.46,30.5,142.0,98.0,256.0,58.0,46.0,324.0,3.22
S02221,Sandy loam,48.0,42.8,9.2,3.26,1.89,1.507,0.431,0.159,0.084,0.075,14.5,0.337,0.286,0.195,195.0,normal(<1),6.11,33.0,29.0,35.0,359.0,86.0,28.0,410.0,3.3
S02222,Loam,36.7,46.2,17.1,1.88,1.09,1.532,0.422,0.235,0.099,0.137,18.8,0.446,0.234,0.535,535.0,normal(<1),5.67,29.6,80.0,5.0,410.0,53.0,14.0,497.0,1.75
S02223,Silty clay loam,18.9,53.2,27.8,1.95,1.13,1.592,0.399,0.271,0.127,0.144,20.3,0.509,0.196,2.552,2552.0,salt-sensitive-critical(2-3),6.21,33.4,147.0,123.0,497.0,56.0,35.0,574.0,1.71
S02224,Clay,34.0,8.0,58.0,4.46,2.58,1.421,0.464,0.242,0.146,0.096,31.5,0.679,0.149,5.615,5615.0,detrimental(>3),6.47,27.4,325.0,220.0,269.0,62.0,39.0,213.0,4.22
S02225,Sandy loam,55.4,32.2,12.4,1.35,0.78,1.652,0.377,0.157,0.074,0.084,23.2,0.616,0.145,0.521,521.0,normal(<1),6.19,25.7,50.0,0.0,392.0,17.0,0.0,366.0,1.07
S02226,Clay loam,35.6,29.7,34.7,2.95,1.71,1.521,0.426,0.234,0.106,0.129,21.4,0.503,0.212,1.683,1683.0,germination-critical(1-2),6.52,30.6,125.0,109.0,411.0,53.0,20.0,432.0,2.78
S02227,Sand,90.5,1.8,7.7,3.61,2.1,1.625,0.387,0.122,0.059,0.063,16.6,0.43,0.22,0.888,888.0,normal(<1),6.11,31.5,120.0,65.0,94.0,61.0,42.0,113.0,3.43
S02228,Loamy sand,87.7,9.0,3.3,1.76,1.02,1.563,0.41,0.12,0.049,0.071,19.4,0.472,0.216,0.265,265.0,normal(<1),6.47,30.0,46.0,50.0,140.0,23.0,7.0,87.0,2.08
S02229,Loam,50.8,37.5,11.7,2.69,1.56,1.634,0.383,0.171,0.059,0.111,25.2,0.657,0.131,0.747,747.0,normal(<1),6.3,35.2,34.0,38.0,294.0,65.0,32.0,322.0,2.71
S02230,Sandy clay loam,63.2,15.5,21.2,1.62,0.94,1.524,0.425,0.178,0.09,0.088,23.2,0.547,0.193,0.548,548.0,normal(<1),6.32,25.7,50.0,28.0,143.0,35.0,8.0,209.0,1.52
S02231,Silt loam,2.4,86.0,11.7,3.22,1.87,1.509,0.43,0.243,0.112,0.131,16.6,0.385,0.265,1.898,1898.0,germination-critical(1-2),6.45,30.0,124.0,75.0,738.0,43.0,25.0,799.0,3.42
S02232,Clay loam,21.5,50.0,28.5,2.3,1.33,1.51,0.43,0.232,0.098,0.134,20.7,0.482,0.223,0.324,324.0,normal(<1),7.11,27.7,34.0,20.0,407.0,52.0,19.0,524.0,1.92
S02233,Clay,26.6,8.2,65.3,1.99,1.16,1.33,0.498,0.24,0.141,0.099,34.9,0.7,0.15,0.159,159.0,normal(<1),5.62,23.9,29.0,13.0,239.0,56.0,28.0,282.0,2.21
S02234,Silty clay loam,18.3,50.8,31.0,3.81,2.21,1.475,0.443,0.23,0.13,0.1,30.3,0.684,0.14,0.44,440.0,normal(<1),6.84,23.4,58.0,21.0,432.0,79.0,26.0,546.0,3.74
S02235,Sandy loam,79.6,11.8,8.6,2.16,1.25,1.582,0.403,0.136,0.052,0.084,18.1,0.45,0.222,0.878,878.0,normal(<1),6.52,35.6,38.0,65.0,144.0,39.0,19.0,162.0,2.27
S02236,Sandy loam,70.4,13.4,16.2,1.72,1.0,1.549,0.415,0.156,0.068,0.089,28.7,0.691,0.128,0.105,105.0,normal(<1),6.36,22.1,51.0,3.0,205.0,78.0,23.0,166.0,1.15
S02237,Sand,96.6,2.2,1.2,2.01,1.16,1.673,0.369,0.114,0.047,0.067,17.5,0.475,0.193,0.407,407.0,normal(<1),6.06,27.5,85.0,22.0,90.0,27.0,21.0,60.0,1.49
S02238,Sandy clay,54.6,9.2,36.1,2.6,1.51,1.453,0.452,0.186,0.106,0.08,30.6,0.678,0.145,0.456,456.0,normal(<1),6.49,21.5,121.0,18.0,122.0,74.0,16.0,179.0,2.8
S02239,Silt loam,25.4,54.0,20.6,3.53,2.05,1.421,0.464,0.23,0.102,0.128,30.0,0.646,0.164,0.692,692.0,normal(<1),6.51,30.4,69.0,41.0,446.0,70.0,32.0,548.0,3.23
S02240,Sandy loam,48.8,41.7,9.6,1.54,0.89,1.604,0.395,0.177,0.064,0.113,23.3,0.591,0.161,0.365,365.0,normal(<1),6.49,28.0,66.0,0.0,325.0,31.0,1.0,425.0,1.76
S02241,Loam,31.4,46.0,22.6,1.25,0.73,1.525,0.424,0.214,0.099,0.114,26.0,0.612,0.164,0.388,388.0,normal(<1),6.23,28.4,36.0,0.0,368.0,27.0,2.0,478.0,1.2
S02242,Loam,49.8,34.5,15.7,1.05,0.61,1.607,0.393,0.168,0.075,0.094,15.1,0.385,0.242,3.894,3894.0,detrimental(>3),7.36,28.7,243.0,143.0,377.0,46.0,13.0,352.0,1.0
S02243,Sandy loam,70.3,20.8,8.9,2.51,1.46,1.557,0.412,0.154,0.073,0.081,26.0,0.631,0.152,2.315,2315.0,salt-sensitive-critical(2-3),7.15,30.2,139.0,84.0,356.0,56.0,27.0,253.0,2.41
S02244,Silt loam,12.4,83.9,3.8,1.03,0.6,1.67,0.37,0.213,0.089,0.124,18.0,0.487,0.19,1.345,1345.0,germination-critical(1-2),6.36,29.5,123.0,35.0,479.0,34.0,13.0,672.0,1.24
S02245,Silty clay,9.2,43.3,47.5,3.51,2.03,1.475,0.443,0.268,0.126,0.142,20.5,0.462,0.239,2.366,2366.0,salt-sensitive-critical(2-3),6.61,30.9,117.0,88.0,511.0,55.0,25.0,562.0,3.86
S02246,Loam,28.3,47.7,23.9,1.47,0.85,1.422,0.464,0.232,0.088,0.144,26.4,0.57,0.199,0.15,150.0,normal(<1),6.18,24.3,0.0,0.0,374.0,18.0,29.0,445.0,1.03
S02247,Silt loam,7.3,78.5,14.1,2.45,1.42,1.542,0.418,0.26,0.099,0.161,18.7,0.446,0.232,0.787,787.0,normal(<1),7.22,32.2,46.0,14.0,546.0,41.0,0.0,707.0,2.32
S02248,Loam,44.7,34.5,20.8,1.92,1.11,1.614,0.391,0.225,0.099,0.126,13.2,0.338,0.259,0.145,145.0,normal(<1),6.31,24.3,0.0,41.0,316.0,9.0,28.0,385.0,2.21
S02249,Clay loam,43.7,24.7,31.6,2.33,1.35,1.56,0.411,0.197,0.101,0.096,22.8,0.555,0.183,0.477,477.0,normal(<1),6.29,24.8,40.0,35.0,249.0,44.0,21.0,323.0,2.33
S02250,Silt loam,1.9,83.3,14.8,1.27,0.74,1.489,0.438,0.243,0.11,0.133,21.1,0.482,0.227,1.249,1249.0,germination-critical(1-2),7.01,26.6,138.0,29.0,588.0,20.0,17.0,688.0,1.23
S02251,Silt loam,6.3,77.4,16.4,2.85,1.65,1.557,0.412,0.254,0.112,0.142,32.5,0.789,0.087,0.611,611.0,normal(<1),6.46,25.1,50.0,0.0,606.0,53.0,17.0,707.0,2.98
S02252,Sand,89.8,6.7,3.5,2.01,1.17,1.555,0.413,0.08,0.044,0.036,19.3,0.468,0.22,0.145,145.0,normal(<1),6.42,25.2,46.0,15.0,55.0,61.0,9.0,97.0,2.1
S02253,Sandy loam,72.0,8.7,19.3,1.06,0.61,1.609,0.393,0.154,0.075,0.079,11.4,0.29,0.279,0.867,867.0,normal(<1),6.16,28.8,87.0,37.0,202.0,35.0,10.0,149.0,0.9
S02254,Loam,36.9,48.5,14.6,1.01,0.59,1.521,0.426,0.17,0.107,0.064,19.7,0.462,0.229,1.675,1675.0,germination-critical(1-2),6.21,26.7,102.0,89.0,344.0,35.0,0.0,425.0,0.94
S02255,Clay loam,23.5,43.6,32.9,1.17,0.68,1.592,0.399,0.238,0.118,0.12,25.6,0.641,0.143,0.546,546.0,normal(<1),7.03,30.4,30.0,50.0,437.0,48.0,20.0,511.0,1.06
S02256,Silty clay loam,11.3,53.4,35.3,2.41,1.4,1.516,0.428,0.277,0.114,0.163,26.3,0.614,0.165,2.543,2543.0,salt-sensitive-critical(2-3),6.96,29.3,153.0,83.0,493.0,60.0,27.0,545.0,2.13
S02257,Sandy loam,55.2,37.7,7.1,0.32,0.19,1.523,0.425,0.178,0.062,0.116,26.3,0.619,0.162,0.068,68.0,normal(<1),6.36,33.8,2.0,0.0,254.0,5.0,1.0,344.0,0.59
S02258,Silt loam,8.5,68.9,22.6,3.75,2.17,1.56,0.411,0.232,0.103,0.13,24.2,0.588,0.169,0.05,50.0,normal(<1),6.52,30.3,27.0,11.0,577.0,74.0,39.0,681.0,3.92
S02259,Sandy clay loam,60.0,16.8,23.2,3.93,2.28,1.502,0.433,0.179,0.075,0.104,24.2,0.559,0.191,0.276,276.0,normal(<1),6.62,26.2,38.0,46.0,134.0,106.0,31.0,187.0,4.15
S02260,Sandy loam,59.1,31.9,9.1,1.75,1.01,1.492,0.437,0.171,0.066,0.105,30.1,0.689,0.136,0.718,718.0,normal(<1),6.48,22.6,99.0,20.0,241.0,26.0,0.0,317.0,1.76
S02261,Sand,86.7,11.9,1.4,0.42,0.24,1.723,0.35,0.107,0.025,0.082,18.6,0.53,0.164,0.352,352.0,normal(<1),6.7,25.0,0.0,37.0,0.0,4.0,24.0,96.0,0.6
S02262,Loam,36.6,38.8,24.6,1.79,1.04,1.507,0.431,0.196,0.102,0.094,27.6,0.639,0.156,0.078,78.0,normal(<1),6.42,28.9,2.0,8.0,346.0,38.0,28.0,401.0,1.45
S02263,Sand,89.6,7.2,3.2,0.52,0.3,1.616,0.39,0.104,0.036,0.068,14.7,0.377,0.243,0.57,570.0,normal(<1),6.33,27.9,76.0,49.0,122.0,0.0,4.0,132.0,0.65
S02264,Sand,92.8,4.6,2.6,1.98,1.15,1.63,0.385,0.104,0.027,0.078,17.6,0.457,0.209,0.626,626.0,normal(<1),6.68,32.2,42.0,0.0,145.0,39.0,8.0,104.0,2.04
S02265,Clay loam,21.0,51.5,27.5,1.28,0.75,1.444,0.455,0.236,0.103,0.134,15.9,0.349,0.296,0.193,193.0,normal(<1),5.92,31.7,0.0,15.0,392.0,13.0,26.0,596.0,0.85
S02266,Sandy clay,49.1,7.5,43.4,2.2,1.28,1.509,0.43,0.186,0.113,0.073,31.4,0.728,0.117,1.04,1040.0,germination-critical(1-2),6.39,26.1,53.0,40.0,200.0,24.0,6.0,234.0,2.21
S02267,Loam,49.5,32.4,18.1,1.8,1.04,1.607,0.394,0.177,0.079,0.098,22.8,0.579,0.166,0.531,531.0,normal(<1),6.38,36.1,35.0,6.0,174.0,31.0,34.0,264.0,1.91
S02268,Sandy loam,66.5,24.8,8.7,3.97,2.3,1.512,0.429,0.169,0.073,0.096,23.9,0.557,0.19,1.129,1129.0,germination-critical(1-2),7.06,24.3,129.0,41.0,311.0,64.0,26.0,376.0,3.97
S02269,Silty clay loam,11.4,49.7,39.0,3.87,2.25,1.432,0.46,0.257,0.132,0.125,30.9,0.672,0.151,0.715,715.0,normal(<1),7.36,27.4,97.0,39.0,430.0,117.0,20.0,526.0,4.07
S02270,Clay,36.0,16.5,47.5,2.58,1.5,1.502,0.433,0.234,0.111,0.123,29.7,0.685,0.136,1.313,1313.0,germination-critical(1-2),6.64,35.7,130.0,29.0,184.0,57.0,11.0,295.0,2.7
S02271,Sandy clay loam,54.8,15.6,29.7,2.86,1.66,1.58,0.404,0.198,0.086,0.112,27.7,0.687,0.126,0.504,504.0,normal(<1),6.2,33.0,26.0,39.0,258.0,78.0,30.0,273.0,3.19
S02272,Silt loam,3.3,72.6,24.1,1.49,0.87,1.498,0.435,0.236,0.119,0.117,27.2,0.625,0.163,0.302,302.0,normal(<1),7.22,24.7,31.0,37.0,532.0,30.0,6.0,676.0,1.52
S02273,Clay,14.2,24.9,60.9,2.6,1.51,1.519,0.427,0.285,0.127,0.159,33.8,0.792,0.089,0.303,303.0,normal(<1),6.45,30.2,44.0,19.0,321.0,78.0,23.0,415.0,2.26
S02274,Loam,50.3,33.0,16.8,4.69,2.72,1.547,0.416,0.227,0.1,0.127,22.6,0.543,0.19,0.839,839.0,normal(<1),6.41,30.3,146.0,43.0,268.0,105.0,40.0,341.0,4.63
S02275,Sandy loam,56.8,26.5,16.7,1.53,0.89,1.583,0.403,0.183,0.068,0.114,25.7,0.637,0.146,0.424,424.0,normal(<1),5.76,24.9,36.0,7.0,226.0,37.0,23.0,241.0,1.36
S02276,Sandy loam,76.5,6.0,17.4,1.07,0.62,1.614,0.391,0.14,0.063,0.077,20.3,0.52,0.188,0.617,617.0,normal(<1),6.2,28.2,33.0,12.0,157.0,14.0,16.0,156.0,1.46
S02277,Clay,24.2,22.5,53.3,2.47,1.43,1.457,0.45,0.218,0.136,0.082,25.9,0.575,0.191,0.132,132.0,normal(<1),6.56,26.3,100.0,39.0,324.0,78.0,28.0,409.0,1.83
S02278,Sandy loam,49.0,39.1,11.9,1.44,0.84,1.546,0.416,0.2,0.076,0.125,27.2,0.654,0.144,0.313,313.0,normal(<1),6.52,21.0,32.0,57.0,228.0,17.0,11.0,366.0,1.69
S02279,Sandy loam,46.5,42.4,11.1,3.01,1.75,1.499,0.434,0.169,0.087,0.083,20.7,0.477,0.227,0.515,515.0,normal(<1),6.5,28.9,44.0,34.0,335.0,73.0,30.0,404.0,2.6
S02280,Clay,14.2,16.6,69.1,2.73,1.58,1.429,0.461,0.29,0.164,0.125,35.0,0.759,0.111,0.928,928.0,normal(<1),7.47,29.0,100.0,42.0,336.0,58.0,25.0,323.0,2.33
S02281,Loam,48.1,30.1,21.8,2.47,1.44,1.521,0.426,0.188,0.087,0.101,23.1,0.543,0.195,0.533,533.0,normal(<1),6.0,28.8,26.0,50.0,357.0,38.0,20.0,355.0,2.31
S02282,Sandy loam,69.1,13.4,17.5,1.29,0.75,1.596,0.398,0.147,0.077,0.07,16.4,0.412,0.234,0.857,857.0,normal(<1),6.08,24.2,58.0,5.0,261.0,34.0,8.0,203.0,1.2
S02283,Sandy loam,70.5,15.5,13.9,1.76,1.02,1.601,0.396,0.154,0.075,0.079,20.2,0.509,0.194,0.11,110.0,normal(<1),6.23,26.4,23.0,2.0,112.0,50.0,10.0,109.0,1.79
S02284,Loam,43.6,37.0,19.4,3.35,1.94,1.495,0.436,0.209,0.077,0.132,28.1,0.645,0.155,0.093,93.0,normal(<1),6.08,33.0,45.0,16.0,339.0,55.0,36.0,409.0,3.77
S02285,Sandy loam,56.7,25.5,17.8,2.22,1.29,1.488,0.439,0.184,0.087,0.097,27.5,0.627,0.164,0.248,248.0,normal(<1),6.22,21.9,48.0,1.0,291.0,61.0,18.0,323.0,1.73
S02286,Silty clay,1.1,56.6,42.3,4.96,2.87,1.382,0.479,0.26,0.119,0.141,20.6,0.43,0.273,1.355,1355.0,germination-critical(1-2),6.75,35.5,42.0,27.0,567.0,74.0,16.0,672.0,4.62
S02287,Sandy loam,48.4,34.2,17.5,2.7,1.57,1.528,0.423,0.172,0.102,0.07,19.3,0.455,0.231,1.702,1702.0,germination-critical(1-2),6.69,22.3,109.0,82.0,268.0,50.0,57.0,334.0,2.88
S02288,Loamy sand,84.5,11.2,4.3,0.96,0.56,1.688,0.363,0.144,0.036,0.108,18.3,0.505,0.18,0.212,212.0,normal(<1),5.99,19.6,15.0,33.0,90.0,67.0,20.0,183.0,1.07
S02289,Silt loam,23.3,67.2,9.5,2.33,1.35,1.565,0.41,0.219,0.094,0.125,19.8,0.483,0.212,1.892,1892.0,germination-critical(1-2),6.28,28.0,104.0,91.0,493.0,53.0,35.0,554.0,2.46
S02290,Sandy loam,45.4,39.5,15.2,2.0,1.16,1.517,0.428,0.197,0.068,0.129,26.7,0.623,0.161,1.882,1882.0,germination-critical(1-2),7.2,32.7,138.0,82.0,232.0,47.0,25.0,310.0,1.85
S02291,Loamy sand,88.2,8.9,2.9,3.66,2.12,1.629,0.385,0.151,0.05,0.101,18.2,0.472,0.203,0.172,172.0,normal(<1),6.18,28.0,55.0,22.0,154.0,62.0,28.0,136.0,3.46
S02292,Loam,35.2,44.2,20.6,1.39,0.81,1.469,0.446,0.2,0.084,0.117,29.2,0.655,0.154,1.405,1405.0,germination-critical(1-2),6.3,30.2,94.0,81.0,393.0,31.0,20.0,435.0,1.22
S02293,Clay,17.1,29.7,53.3,2.9,1.68,1.514,0.429,0.261,0.162,0.099,27.7,0.645,0.152,0.241,241.0,normal(<1),5.96,26.9,7.0,48.0,387.0,49.0,19.0,426.0,2.78
S02294,Clay loam,23.7,43.1,33.1,1.29,0.75,1.511,0.43,0.228,0.115,0.114,30.0,0.697,0.13,0.162,162.0,normal(<1),6.33,28.8,62.0,0.0,410.0,56.0,14.0,505.0,1.18
S02295,Loam,32.5,41.7,25.7,2.23,1.29,1.585,0.402,0.2,0.11,0.09,28.0,0.696,0.122,0.477,477.0,normal(<1),5.83,28.1,59.0,23.0,324.0,52.0,1.0,395.0,2.24
S02296,Sand,93.7,1.5,4.8,1.1,0.64,1.712,0.354,0.118,0.036,0.082,21.1,0.597,0.143,0.202,202.0,normal(<1),6.98,30.3,23.0,14.0,0.0,25.0,7.0,17.0,0.86
S02297,Loamy sand,79.1,12.9,8.0,3.83,2.22,1.548,0.416,0.15,0.061,0.09,27.7,0.667,0.139,0.077,77.0,normal(<1),6.55,25.2,74.0,0.0,116.0,63.0,19.0,219.0,4.05
S02298,Silt loam,29.4,67.2,3.4,0.56,0.32,1.528,0.423,0.205,0.081,0.123,25.8,0.611,0.165,0.401,401.0,normal(<1),6.45,27.9,50.0,49.0,444.0,0.0,20.0,581.0,0.49
S02299,Clay,33.5,22.3,44.2,3.2,1.85,1.565,0.41,0.257,0.117,0.139,26.8,0.654,0.142,6.092,6092.0,detrimental(>3),6.94,17.1,390.0,186.0,371.0,69.0,20.0,348.0,3.03
S02300,Sandy loam,55.7,37.0,7.3,5.24,3.04,1.476,0.443,0.155,0.067,0.088,9.0,0.203,0.353,1.742,1742.0,germination-critical(1-2),6.26,32.9,151.0,71.0,377.0,102.0,51.0,371.0,5.19
S02301,Silty clay,1.8,45.6,52.7,3.33,1.93,1.393,0.474,0.303,0.146,0.157,32.5,0.685,0.149,1.23,1230.0,germination-critical(1-2),6.28,30.0,148.0,63.0,430.0,78.0,24.0,520.0,3.13
S02302,Sandy clay loam,51.4,24.5,24.1,1.38,0.8,1.597,0.397,0.206,0.082,0.124,15.7,0.396,0.24,0.105,105.0,normal(<1),7.08,34.0,8.0,0.0,264.0,39.0,24.0,293.0,1.12
S02303,Sandy clay,50.0,1.3,48.7,1.7,0.99,1.465,0.447,0.205,0.122,0.083,32.3,0.722,0.124,0.638,638.0,normal(<1),5.83,29.2,87.0,13.0,165.0,44.0,13.0,151.0,1.96
S02304,Sand,95.4,0.4,4.2,1.74,1.01,1.603,0.395,0.122,0.032,0.091,19.1,0.483,0.204,0.328,328.0,normal(<1),6.09,31.3,2.0,0.0,84.0,35.0,5.0,38.0,1.47
S02305,Silty clay loam,9.5,53.4,37.1,2.09,1.21,1.517,0.428,0.244,0.127,0.117,33.4,0.781,0.094,0.126,126.0,normal(<1),7.02,28.6,18.0,45.0,522.0,56.0,14.0,571.0,2.63
S02306,Loam,44.0,37.4,18.5,0.71,0.41,1.639,0.381,0.161,0.083,0.078,17.4,0.457,0.207,0.173,173.0,normal(<1),5.93,26.1,0.0,49.0,320.0,25.0,14.0,431.0,0.64
S02307,Sand,86.0,6.0,8.0,2.53,1.47,1.6,0.396,0.131,0.055,0.076,19.5,0.491,0.202,0.535,535.0,normal(<1),6.37,31.6,72.0,23.0,168.0,61.0,31.0,165.0,2.35
S02308,Sand,95.1,3.1,1.8,1.81,1.05,1.58,0.404,0.111,0.037,0.073,17.9,0.443,0.225,4.38,4380.0,detrimental(>3),6.53,25.0,244.0,130.0,149.0,62.0,5.0,75.0,1.51
S02309,Silty clay loam,8.8,56.0,35.2,6.76,3.92,1.302,0.509,0.288,0.146,0.142,35.8,0.704,0.151,0.229,229.0,normal(<1),5.96,36.4,65.0,45.0,454.0,125.0,54.0,606.0,7.12
S02310,Silt loam,1.2,79.6,19.2,1.71,0.99,1.549,0.415,0.234,0.113,0.121,24.7,0.594,0.169,0.38,380.0,normal(<1),5.96,17.0,49.0,51.0,531.0,36.0,7.0,694.0,1.73
S02311,Sandy loam,75.1,5.4,19.5,3.36,1.95,1.535,0.421,0.153,0.089,0.064,22.4,0.531,0.197,0.323,323.0,normal(<1),6.46,31.6,94.0,0.0,122.0,88.0,27.0,141.0,3.21
S02312,Silt loam,16.0,57.6,26.3,1.47,0.85,1.458,0.45,0.265,0.118,0.147,24.9,0.553,0.201,0.126,126.0,normal(<1),6.25,34.2,5.0,36.0,484.0,14.0,25.0,592.0,0.93
S02313,Sandy loam,64.0,18.5,17.5,1.79,1.04,1.502,0.433,0.184,0.068,0.117,24.2,0.558,0.192,0.646,646.0,normal(<1),6.85,25.1,95.0,44.0,236.0,25.0,4.0,228.0,1.52
S02314,Sandy loam,47.1,34.4,18.5,1.53,0.89,1.537,0.42,0.173,0.078,0.095,24.2,0.576,0.178,0.302,302.0,normal(<1),6.02,33.8,0.0,7.0,258.0,20.0,0.0,373.0,1.38
S02315,Sandy loam,63.3,28.5,8.2,1.57,0.91,1.527,0.424,0.152,0.063,0.089,17.6,0.415,0.248,1.615,1615.0,germination-critical(1-2),6.31,34.1,111.0,68.0,300.0,42.0,16.0,331.0,1.13
S02316,Sandy loam,63.5,26.6,9.9,0.3,0.17,1.545,0.417,0.125,0.067,0.059,24.4,0.584,0.173,0.468,468.0,normal(<1),6.78,22.6,42.0,29.0,237.0,17.0,18.0,300.0,0.21
S02317,Sandy clay,53.0,11.9,35.1,2.97,1.73,1.412,0.467,0.206,0.079,0.127,30.5,0.652,0.163,0.985,985.0,normal(<1),6.52,30.1,121.0,48.0,260.0,68.0,14.0,293.0,3.16
S02318,Silt loam,14.5,71.0,14.5,4.32,2.51,1.565,0.409,0.249,0.101,0.148,24.4,0.595,0.166,0.295,295.0,normal(<1),6.38,25.7,49.0,7.0,583.0,90.0,12.0,718.0,3.97
S02319,Silty clay loam,3.0,57.2,39.8,3.45,2.0,1.457,0.45,0.271,0.119,0.152,22.8,0.507,0.222,0.151,151.0,normal(<1),6.35,27.0,39.0,19.0,392.0,74.0,6.0,571.0,3.79
S02320,Sandy loam,78.1,4.3,17.7,1.47,0.85,1.58,0.404,0.134,0.059,0.075,16.7,0.414,0.237,0.274,274.0,normal(<1),6.84,26.6,44.0,12.0,142.0,28.0,14.0,50.0,1.31
S02321,Silty clay,1.2,51.4,47.4,2.98,1.73,1.423,0.463,0.262,0.143,0.119,17.0,0.367,0.293,0.59,590.0,normal(<1),6.29,30.0,87.0,0.0,419.0,62.0,4.0,559.0,2.93
S02322,Silt loam,16.5,65.5,18.0,3.63,2.11,1.527,0.424,0.243,0.092,0.151,19.8,0.467,0.226,0.462,462.0,normal(<1),6.77,26.4,90.0,35.0,529.0,71.0,35.0,646.0,3.42
S02323,Loam,39.7,43.6,16.7,2.58,1.5,1.559,0.412,0.205,0.074,0.131,20.8,0.505,0.204,0.139,139.0,normal(<1),6.09,31.9,46.0,7.0,345.0,72.0,19.0,490.0,2.56
S02324,Sandy loam,66.6,26.9,6.5,2.46,1.43,1.585,0.402,0.16,0.046,0.114,26.8,0.667,0.134,0.139,139.0,normal(<1),6.38,35.1,34.0,20.0,242.0,52.0,24.0,228.0,2.27
S02325,Loam,32.9,42.1,25.0,2.52,1.46,1.57,0.408,0.217,0.086,0.131,20.2,0.495,0.206,0.622,622.0,normal(<1),6.58,27.5,21.0,37.0,420.0,50.0,0.0,509.0,2.51
S02326,Silty clay loam,2.8,65.0,32.3,4.33,2.51,1.502,0.433,0.262,0.117,0.145,30.7,0.709,0.126,0.446,446.0,normal(<1),5.77,31.9,143.0,58.0,633.0,105.0,43.0,649.0,4.67
S02327,Silt loam,18.3,63.3,18.4,2.48,1.44,1.513,0.429,0.217,0.108,0.109,27.7,0.646,0.152,0.209,209.0,normal(<1),6.45,27.6,40.0,36.0,456.0,48.0,15.0,609.0,2.44
S02328,Sandy clay loam,55.1,22.8,22.1,0.67,0.39,1.526,0.424,0.174,0.077,0.098,30.2,0.713,0.122,1.497,1497.0,germination-critical(1-2),6.94,25.0,128.0,60.0,290.0,44.0,13.0,336.0,1.26
S02329,Sandy clay loam,60.6,5.9,33.5,1.96,1.14,1.501,0.434,0.195,0.085,0.11,22.5,0.52,0.208,0.763,763.0,normal(<1),6.27,27.1,46.0,51.0,180.0,51.0,32.0,154.0,2.17
S02330,Silty clay loam,16.7,55.1,28.2,2.97,1.72,1.502,0.433,0.241,0.109,0.132,28.4,0.655,0.149,0.397,397.0,normal(<1),6.75,36.0,90.0,9.0,383.0,64.0,27.0,492.0,3.02
S02331,Loamy sand,82.0,5.3,12.7,0.95,0.55,1.604,0.395,0.15,0.068,0.082,19.1,0.483,0.204,0.504,504.0,normal(<1),6.63,19.5,39.0,23.0,5.0,41.0,21.0,33.0,0.77
S02332,Silty clay,3.5,52.2,44.3,2.93,1.7,1.308,0.506,0.29,0.138,0.152,23.9,0.472,0.267,0.151,151.0,normal(<1),6.58,30.4,20.0,0.0,506.0,60.0,10.0,578.0,2.95
S02333,Loam,47.0,33.5,19.6,1.36,0.79,1.518,0.427,0.195,0.065,0.13,29.1,0.682,0.136,6.687,6687.0,detrimental(>3),7.88,29.4,307.0,170.0,415.0,25.0,16.0,402.0,1.56
S02334,Loam,35.7,37.8,26.5,2.3,1.33,1.501,0.434,0.206,0.094,0.112,23.9,0.552,0.194,0.471,471.0,normal(<1),7.07,32.4,23.0,56.0,291.0,46.0,14.0,385.0,2.73
S02335,Sandy loam,54.0,29.5,16.5,2.62,1.52,1.562,0.411,0.179,0.074,0.105,18.4,0.447,0.227,0.692,692.0,normal(<1),6.21,28.4,42.0,56.0,300.0,58.0,33.0,327.0,2.22
S02336,Loamy sand,87.0,5.1,7.9,1.21,0.7,1.548,0.416,0.119,0.042,0.076,19.9,0.477,0.217,0.421,421.0,normal(<1),6.98,24.9,61.0,54.0,62.0,78.0,21.0,98.0,1.1
S02337,Silt loam,19.9,54.3,25.8,1.46,0.85,1.583,0.403,0.225,0.102,0.123,24.8,0.617,0.154,0.194,194.0,normal(<1),6.29,28.0,24.0,21.0,437.0,32.0,33.0,551.0,1.31
S02338,Sandy loam,47.7,42.3,10.0,1.52,0.88,1.508,0.431,0.166,0.065,0.101,22.5,0.523,0.206,0.63,630.0,normal(<1),6.2,27.6,83.0,10.0,304.0,69.0,10.0,390.0,1.49
S02339,Loam,45.3,33.0,21.7,2.73,1.58,1.543,0.418,0.19,0.089,0.101,15.7,0.376,0.261,0.298,298.0,normal(<1),6.16,29.1,58.0,22.0,224.0,58.0,28.0,305.0,2.84
S02340,Silt loam,23.0,71.3,5.7,3.43,1.99,1.476,0.443,0.198,0.08,0.117,29.8,0.673,0.145,2.236,2236.0,salt-sensitive-critical(2-3),6.1,26.7,169.0,83.0,524.0,101.0,22.0,634.0,3.55
S02341,Silty clay loam,17.4,54.5,28.1,1.68,0.97,1.523,0.425,0.256,0.092,0.164,26.5,0.622,0.161,0.493,493.0,normal(<1),6.4,31.1,42.0,31.0,345.0,24.0,1.0,470.0,1.36
S02342,Sandy clay,49.9,8.5,41.6,2.74,1.59,1.5,0.434,0.192,0.106,0.086,24.5,0.565,0.189,0.994,994.0,normal(<1),6.94,29.3,117.0,7.0,290.0,88.0,19.0,276.0,2.51
S02343,Sandy clay,53.6,3.4,43.0,1.53,0.89,1.514,0.429,0.197,0.103,0.094,30.7,0.716,0.122,0.328,328.0,normal(<1),6.19,29.4,78.0,31.0,160.0,46.0,11.0,148.0,1.44
S02344,Silt loam,20.0,60.7,19.3,1.85,1.07,1.539,0.419,0.214,0.088,0.126,18.7,0.445,0.232,1.053,1053.0,germination-critical(1-2),6.15,29.2,94.0,74.0,496.0,41.0,19.0,580.0,1.98
S02345,Sandy loam,77.9,8.4,13.7,2.58,1.5,1.474,0.444,0.155,0.046,0.109,28.9,0.65,0.155,0.282,282.0,normal(<1),6.36,29.6,64.0,23.0,104.0,65.0,26.0,137.0,2.58
S02346,Silty clay,16.3,40.7,43.0,1.95,1.13,1.502,0.433,0.237,0.124,0.113,17.5,0.404,0.258,0.336,336.0,normal(<1),6.15,25.1,67.0,36.0,428.0,47.0,12.0,538.0,2.18
S02347,Loam,51.4,30.4,18.2,1.05,0.61,1.632,0.384,0.183,0.088,0.095,20.6,0.536,0.178,0.259,259.0,normal(<1),6.65,28.0,16.0,19.0,177.0,14.0,15.0,303.0,0.94
S02348,Clay loam,43.2,20.2,36.6,2.28,1.32,1.481,0.441,0.223,0.096,0.127,20.7,0.469,0.234,0.867,867.0,normal(<1),6.65,29.9,115.0,41.0,217.0,64.0,9.0,270.0,1.84
S02349,Silt loam,25.6,51.0,23.4,2.71,1.57,1.491,0.437,0.259,0.114,0.145,30.2,0.691,0.135,0.89,890.0,normal(<1),6.4,27.9,41.0,46.0,403.0,34.0,22.0,498.0,2.78
S02350,Sandy clay,45.2,10.5,44.3,3.45,2.0,1.409,0.468,0.209,0.108,0.102,14.7,0.314,0.321,0.9,900.0,normal(<1),6.38,30.0,45.0,64.0,247.0,56.0,10.0,302.0,3.24
S02351,Sandy loam,66.2,23.4,10.4,1.0,0.58,1.651,0.377,0.145,0.075,0.069,17.1,0.453,0.206,0.11,110.0,normal(<1),6.78,31.8,4.0,13.0,152.0,38.0,1.0,245.0,0.89
S02352,Sand,89.7,1.8,8.6,1.06,0.62,1.608,0.393,0.128,0.041,0.087,18.1,0.46,0.212,2.243,2243.0,salt-sensitive-critical(2-3),6.65,29.4,143.0,68.0,192.0,19.0,9.0,117.0,0.81
S02353,Clay loam,35.3,32.3,32.4,1.41,0.82,1.465,0.447,0.24,0.1,0.14,29.2,0.652,0.155,0.461,461.0,normal(<1),7.03,31.4,26.0,44.0,299.0,38.0,2.0,383.0,1.21
S02354,Sand,87.7,10.5,1.7,3.62,2.1,1.504,0.432,0.174,0.063,0.112,27.0,0.624,0.163,4.217,4217.0,detrimental(>3),6.64,25.5,265.0,98.0,136.0,74.0,32.0,0.0,3.19
S02355,Silt loam,3.0,76.8,20.2,1.69,0.98,1.457,0.45,0.246,0.125,0.121,24.4,0.541,0.206,0.298,298.0,normal(<1),6.68,31.9,22.0,15.0,594.0,44.0,11.0,697.0,2.29
S02356,Loam,39.8,40.0,20.2,0.86,0.5,1.615,0.391,0.225,0.101,0.125,18.0,0.462,0.21,0.177,177.0,normal(<1),5.93,30.8,0.0,46.0,297.0,1.0,6.0,466.0,1.12
S02357,Loamy sand,80.3,19.2,0.5,1.59,0.92,1.546,0.417,0.112,0.044,0.068,20.7,0.496,0.21,1.193,1193.0,germination-critical(1-2),6.34,20.5,66.0,55.0,174.0,27.0,26.0,199.0,1.79
S02358,Loam,42.6,43.7,13.6,3.58,2.08,1.554,0.414,0.222,0.092,0.13,28.7,0.695,0.126,0.435,435.0,normal(<1),6.73,28.6,69.0,67.0,359.0,81.0,40.0,480.0,3.64
S02359,Sandy clay loam,50.4,25.6,24.0,1.51,0.88,1.55,0.415,0.201,0.074,0.126,24.7,0.594,0.168,0.05,50.0,normal(<1),6.12,37.6,49.0,38.0,244.0,47.0,8.0,321.0,1.36
S02360,Sand,91.8,5.3,3.0,1.27,0.74,1.567,0.409,0.123,0.028,0.095,26.7,0.654,0.142,0.388,388.0,normal(<1),6.97,22.6,33.0,21.0,79.0,49.0,35.0,97.0,1.44
S02361,Silt loam,19.8,66.4,13.8,3.66,2.12,1.516,0.428,0.227,0.109,0.118,22.6,0.528,0.202,0.227,227.0,normal(<1),5.95,30.7,13.0,12.0,520.0,80.0,19.0,635.0,3.94
S02362,Silt loam,28.1,63.8,8.1,3.28,1.9,1.559,0.412,0.189,0.091,0.098,23.4,0.569,0.177,0.496,496.0,normal(<1),7.23,25.6,110.0,34.0,393.0,76.0,23.0,514.0,3.38
S02363,Loam,37.1,40.5,22.4,3.61,2.09,1.473,0.444,0.211,0.09,0.121,21.0,0.472,0.234,1.539,1539.0,germination-critical(1-2),6.24,22.9,99.0,53.0,367.0,91.0,21.0,425.0,3.51
S02364,Silt loam,28.0,66.0,6.0,3.4,1.97,1.467,0.446,0.2,0.082,0.119,22.0,0.492,0.227,0.261,261.0,normal(<1),6.68,28.4,66.0,0.0,406.0,49.0,14.0,517.0,3.38
S02365,Silt loam,17.3,63.1,19.6,2.19,1.27,1.551,0.415,0.212,0.116,0.096,18.0,0.434,0.235,0.594,594.0,normal(<1),6.65,25.1,58.0,20.0,469.0,52.0,18.0,555.0,2.04
S02366,Sand,96.9,2.1,1.0,1.98,1.15,1.591,0.399,0.123,0.027,0.096,30.4,0.761,0.095,0.066,66.0,normal(<1),6.68,23.5,22.0,28.0,33.0,45.0,4.0,84.0,1.93
S02367,Sandy clay,52.1,5.6,42.3,4.89,2.84,1.458,0.45,0.225,0.097,0.128,22.2,0.493,0.228,0.623,623.0,normal(<1),5.9,24.2,92.0,30.0,182.0,87.0,43.0,210.0,4.7
S02368,Sandy loam,59.1,24.0,16.9,2.17,1.26,1.524,0.425,0.169,0.057,0.112,16.8,0.395,0.257,0.544,544.0,normal(<1),6.8,34.8,61.0,22.0,222.0,41.0,7.0,292.0,1.84
S02369,Silt loam,5.3,77.1,17.6,4.08,2.36,1.401,0.471,0.24,0.114,0.126,31.0,0.659,0.161,0.533,533.0,normal(<1),6.07,34.0,67.0,29.0,558.0,81.0,41.0,700.0,4.44
S02370,Sandy loam,64.2,21.1,14.7,3.03,1.76,1.65,0.377,0.174,0.08,0.094,25.2,0.668,0.125,0.362,362.0,normal(<1),6.79,23.5,48.0,34.0,216.0,65.0,21.0,349.0,2.74
S02371,Sand,87.4,9.7,2.9,1.69,0.98,1.593,0.399,0.141,0.051,0.089,24.3,0.609,0.156,0.127,127.0,normal(<1),6.24,29.6,40.0,10.0,155.0,49.0,17.0,132.0,2.15
S02372,Sand,90.5,0.5,9.0,0.81,0.47,1.57,0.408,0.118,0.041,0.077,14.9,0.366,0.259,0.45,450.0,normal(<1),6.53,29.4,64.0,18.0,89.0,32.0,11.0,58.0,1.01
S02373,Silt loam,8.1,86.1,5.8,1.46,0.85,1.544,0.418,0.212,0.093,0.119,22.2,0.532,0.195,0.269,269.0,normal(<1),6.16,22.6,14.0,13.0,597.0,9.0,7.0,758.0,1.94
S02374,Silty clay loam,6.5,55.3,38.2,4.95,2.87,1.426,0.462,0.276,0.132,0.143,19.4,0.419,0.268,0.27,270.0,normal(<1),6.25,33.3,64.0,71.0,451.0,66.0,42.0,577.0,4.27
S02375,Sandy loam,49.4,33.3,17.3,2.73,1.59,1.587,0.401,0.203,0.062,0.141,22.7,0.567,0.174,0.135,135.0,normal(<1),6.57,30.3,66.0,11.0,181.0,42.0,12.0,320.0,2.43
S02376,Silt loam,27.1,60.4,12.5,1.07,0.62,1.592,0.399,0.203,0.09,0.113,20.5,0.514,0.194,0.903,903.0,normal(<1),6.28,34.8,53.0,42.0,404.0,39.0,20.0,534.0,1.19
S02377,Sandy loam,70.0,11.2,18.8,1.24,0.72,1.57,0.408,0.178,0.069,0.109,19.9,0.487,0.209,0.163,163.0,normal(<1),6.03,32.6,1.0,55.0,102.0,38.0,27.0,155.0,1.41
S02378,Sandy loam,63.4,19.9,16.7,0.77,0.45,1.55,0.415,0.131,0.067,0.064,16.7,0.402,0.248,3.456,3456.0,detrimental(>3),6.41,31.7,218.0,74.0,266.0,14.0,0.0,218.0,1.08
S02379,Silty clay loam,19.6,49.2,31.2,1.75,1.01,1.494,0.436,0.243,0.104,0.139,21.1,0.483,0.225,0.94,940.0,normal(<1),6.38,26.5,69.0,36.0,436.0,32.0,17.0,523.0,2.16
S02380,Silty clay loam,8.7,60.6,30.7,2.29,1.33,1.468,0.446,0.279,0.131,0.149,24.6,0.551,0.2,0.608,608.0,normal(<1),6.18,27.4,79.0,43.0,517.0,10.0,21.0,647.0,2.09
S02381,Silty clay loam,14.2,53.6,32.2,1.56,0.9,1.429,0.461,0.236,0.123,0.113,34.1,0.74,0.12,0.525,525.0,normal(<1),6.91,25.7,66.0,53.0,542.0,22.0,24.0,577.0,1.2
S02382,Loamy sand,70.7,27.1,2.2,1.79,1.04,1.594,0.398,0.155,0.055,0.1,20.7,0.521,0.191,0.578,578.0,normal(<1),6.12,32.4,66.0,14.0,257.0,68.0,0.0,279.0,1.78
S02383,Silt loam,27.6,55.8,16.7,1.66,0.96,1.559,0.412,0.235,0.092,0.143,16.5,0.401,0.247,0.281,281.0,normal(<1),6.31,30.9,80.0,19.0,450.0,64.0,11.0,528.0,1.47
S02384,Silty clay loam,13.1,48.6,38.3,1.74,1.01,1.52,0.426,0.246,0.105,0.142,24.8,0.581,0.179,0.143,143.0,normal(<1),6.56,34.9,25.0,24.0,392.0,41.0,13.0,487.0,1.63
S02385,Loam,42.6,42.0,15.4,2.01,1.17,1.578,0.405,0.187,0.088,0.099,13.5,0.334,0.269,0.386,386.0,normal(<1),6.08,14.7,7.0,15.0,305.0,29.0,5.0,414.0,2.21
S02386,Loam,45.4,47.4,7.2,2.1,1.22,1.54,0.419,0.169,0.084,0.086,18.5,0.442,0.234,0.084,84.0,normal(<1),6.17,25.9,43.0,43.0,246.0,70.0,16.0,395.0,2.29
S02387,Sandy loam,54.0,29.5,16.4,3.93,2.28,1.578,0.405,0.195,0.083,0.113,15.2,0.376,0.252,0.489,489.0,normal(<1),6.18,32.4,90.0,30.0,343.0,103.0,39.0,406.0,4.13
S02388,Sandy clay loam,60.1,12.3,27.7,2.25,1.3,1.568,0.408,0.177,0.067,0.111,21.7,0.532,0.191,0.527,527.0,normal(<1),6.63,33.4,74.0,0.0,164.0,50.0,8.0,224.0,2.25
S02389,Silty clay loam,10.3,52.1,37.6,4.86,2.82,1.472,0.444,0.264,0.11,0.154,29.0,0.653,0.154,0.499,499.0,normal(<1),6.45,28.5,86.0,15.0,520.0,94.0,27.0,618.0,4.95
S02390,Silty clay,0.1,45.3,54.6,2.41,1.4,1.362,0.486,0.279,0.155,0.123,26.4,0.542,0.222,0.824,824.0,normal(<1),6.6,19.2,100.0,36.0,480.0,57.0,36.0,582.0,2.55
S02391,Sand,87.6,5.7,6.7,0.48,0.28,1.611,0.392,0.113,0.036,0.077,22.4,0.572,0.168,1.564,1564.0,germination-critical(1-2),6.74,27.9,91.0,35.0,91.0,9.0,14.0,119.0,0.46
S02392,Clay loam,21.9,42.1,36.0,1.17,0.68,1.494,0.436,0.23,0.124,0.106,18.2,0.417,0.254,0.295,295.0,normal(<1),6.51,33.1,65.0,0.0,329.0,43.0,13.0,422.0,1.15
S02393,Silt loam,2.3,81.9,15.8,5.1,2.96,1.433,0.459,0.259,0.115,0.144,14.9,0.324,0.311,0.896,896.0,normal(<1),5.82,29.1,113.0,82.0,621.0,94.0,40.0,723.0,5.27
S02394,Silt loam,10.6,69.0,20.4,2.52,1.46,1.466,0.447,0.268,0.113,0.154,28.9,0.646,0.158,0.343,343.0,normal(<1),6.39,28.3,89.0,56.0,496.0,39.0,23.0,643.0,2.49
S02395,Sandy clay loam,50.5,26.9,22.6,1.56,0.91,1.53,0.423,0.209,0.099,0.11,30.8,0.729,0.115,0.257,257.0,normal(<1),5.87,32.2,66.0,0.0,301.0,50.0,8.0,342.0,1.55
S02396,Clay loam,25.5,37.6,36.9,1.3,0.75,1.416,0.466,0.227,0.104,0.123,32.1,0.689,0.145,1.191,1191.0,germination-critical(1-2),7.05,19.6,33.0,64.0,386.0,33.0,15.0,426.0,1.14
S02397,Silt loam,19.1,78.8,2.1,1.0,0.58,1.452,0.452,0.206,0.085,0.121,19.4,0.429,0.258,0.107,107.0,normal(<1),5.87,31.1,0.0,0.0,590.0,12.0,3.0,700.0,1.02
S02398,Loamy sand,83.1,7.0,9.9,0.95,0.55,1.655,0.375,0.145,0.064,0.081,20.1,0.535,0.175,0.549,549.0,normal(<1),7.16,43.2,44.0,26.0,183.0,24.0,8.0,100.0,0.99
S02399,Silty clay loam,5.0,65.5,29.5,1.19,0.69,1.496,0.436,0.254,0.143,0.11,26.5,0.608,0.171,1.836,1836.0,germination-critical(1-2),6.63,17.5,94.0,106.0,523.0,38.0,16.0,656.0,0.94
S02400,Sandy loam,74.8,8.0,17.2,3.01,1.75,1.524,0.425,0.173,0.076,0.097,12.9,0.304,0.296,0.181,181.0,normal(<1),6.57,22.7,38.0,48.0,133.0,49.0,14.0,181.0,2.96
S02401,Sandy clay loam,45.6,21.5,32.9,1.87,1.08,1.542,0.418,0.2,0.082,0.118,15.2,0.365,0.266,0.456,456.0,normal(<1),7.1,22.3,23.0,22.0,301.0,32.0,27.0,280.0,2.38
S02402,Sand,92.7,0.2,7.1,1.76,1.02,1.622,0.388,0.125,0.059,0.066,23.5,0.605,0.153,1.395,1395.0,germination-critical(1-2),6.39,24.5,71.0,58.0,0.0,49.0,35.0,36.0,1.89
S02403,Loamy sand,70.7,15.2,14.1,4.48,2.6,1.56,0.411,0.165,0.069,0.096,24.3,0.59,0.169,0.451,451.0,normal(<1),6.62,39.4,78.0,39.0,131.0,89.0,37.0,107.0,4.35
S02404,Loam,48.9,40.5,10.6,2.07,1.2,1.641,0.381,0.156,0.067,0.088,23.6,0.619,0.145,0.601,601.0,normal(<1),6.1,28.5,57.0,39.0,293.0,45.0,13.0,318.0,2.07
S02405,Loamy sand,78.4,20.9,0.8,0.45,0.26,1.694,0.361,0.111,0.047,0.064,19.9,0.552,0.162,0.446,446.0,normal(<1),7.03,24.6,19.0,0.0,185.0,15.0,4.0,253.0,0.25
S02406,Silt loam,13.4,66.4,20.3,1.25,0.72,1.565,0.41,0.235,0.124,0.11,27.6,0.674,0.133,0.178,178.0,normal(<1),6.06,24.6,1.0,0.0,523.0,33.0,10.0,643.0,1.0
S02407,Clay,16.8,31.8,51.4,2.32,1.35,1.459,0.449,0.281,0.145,0.136,18.6,0.414,0.263,0.704,704.0,normal(<1),6.57,34.6,31.0,20.0,310.0,32.0,32.0,444.0,2.46
S02408,Loam,34.6,47.1,18.3,2.47,1.43,1.564,0.41,0.234,0.081,0.153,19.2,0.468,0.218,4.703,4703.0,detrimental(>3),6.8,25.4,267.0,198.0,417.0,76.0,21.0,447.0,2.75
S02409,Silt loam,28.0,51.5,20.4,2.81,1.63,1.568,0.408,0.214,0.086,0.128,23.0,0.564,0.178,0.152,152.0,normal(<1),6.2,28.0,17.0,0.0,465.0,50.0,17.0,542.0,2.97
S02410,Sandy loam,65.6,24.6,9.8,1.01,0.59,1.607,0.394,0.143,0.064,0.079,20.5,0.52,0.189,0.239,239.0,normal(<1),6.53,33.5,28.0,15.0,182.0,47.0,0.0,281.0,0.91
S02411,Loam,50.1,34.7,15.2,2.44,1.42,1.615,0.39,0.159,0.081,0.078,27.0,0.691,0.121,0.279,279.0,normal(<1),6.34,20.7,31.0,46.0,305.0,42.0,12.0,345.0,2.0
S02412,Silt loam,14.6,68.4,17.0,3.41,1.98,1.533,0.421,0.221,0.106,0.115,23.5,0.557,0.187,0.139,139.0,normal(<1),6.77,33.8,36.0,16.0,487.0,69.0,18.0,619.0,3.18
S02413,Sandy clay loam,45.3,25.6,29.1,2.29,1.33,1.513,0.429,0.207,0.084,0.123,18.2,0.425,0.247,1.058,1058.0,germination-critical(1-2),6.58,20.6,58.0,57.0,317.0,31.0,18.0,398.0,2.71
S02414,Sandy clay,53.1,6.1,40.9,4.06,2.35,1.461,0.449,0.223,0.083,0.14,24.9,0.554,0.2,0.648,648.0,normal(<1),6.22,36.9,67.0,56.0,101.0,69.0,44.0,151.0,3.81
S02415,Silt loam,1.8,84.6,13.6,4.43,2.57,1.407,0.469,0.245,0.094,0.152,29.5,0.628,0.174,0.527,527.0,normal(<1),6.34,23.5,94.0,63.0,658.0,90.0,27.0,800.0,4.74
S02416,Sandy clay,60.3,1.0,38.7,2.11,1.22,1.56,0.411,0.17,0.113,0.057,22.8,0.554,0.184,0.184,184.0,normal(<1),6.59,28.8,22.0,24.0,124.0,57.0,30.0,187.0,1.96
S02417,Clay loam,22.9,42.4,34.7,2.73,1.58,1.555,0.413,0.248,0.115,0.133,26.0,0.63,0.153,3.671,3671.0,detrimental(>3),6.49,26.0,257.0,129.0,491.0,59.0,29.0,507.0,2.35
S02418,Loam,30.7,46.9,22.4,2.05,1.19,1.649,0.378,0.21,0.107,0.103,19.6,0.518,0.182,0.483,483.0,normal(<1),6.17,24.0,37.0,17.0,466.0,46.0,21.0,515.0,2.45
S02419,Silt loam,24.7,69.6,5.7,3.92,2.28,1.449,0.453,0.217,0.1,0.116,18.0,0.396,0.274,0.114,114.0,normal(<1),5.67,32.8,107.0,25.0,522.0,83.0,49.0,634.0,3.6
S02420,Silty clay loam,11.1,52.0,36.8,2.29,1.33,1.553,0.414,0.242,0.122,0.12,25.8,0.623,0.156,6.028,6028.0,detrimental(>3),7.47,28.8,340.0,254.0,559.0,60.0,26.0,579.0,2.2
S02421,Clay loam,37.1,31.3,31.6,2.04,1.18,1.577,0.405,0.222,0.112,0.109,25.1,0.619,0.154,3.277,3277.0,detrimental(>3),6.74,36.4,217.0,123.0,353.0,56.0,11.0,380.0,1.95
S02422,Loam,38.1,39.5,22.4,5.21,3.02,1.511,0.43,0.209,0.1,0.109,24.1,0.562,0.188,1.614,1614.0,germination-critical(1-2),6.68,37.2,149.0,47.0,375.0,84.0,34.0,399.0,4.85
S02423,Clay loam,38.5,22.4,39.1,1.63,0.95,1.527,0.424,0.229,0.108,0.121,29.8,0.703,0.126,0.39,390.0,normal(<1),6.77,26.4,68.0,39.0,269.0,37.0,17.0,295.0,1.39
S02424,Clay,15.3,20.4,64.3,3.32,1.92,1.451,0.453,0.28,0.153,0.127,24.8,0.548,0.205,1.474,1474.0,germination-critical(1-2),6.12,34.9,89.0,72.0,293.0,62.0,40.0,360.0,3.27
S02425,Sandy clay loam,58.5,11.7,29.7,2.88,1.67,1.565,0.41,0.191,0.095,0.096,26.9,0.656,0.141,0.116,116.0,normal(<1),6.32,32.8,26.0,39.0,179.0,60.0,5.0,184.0,3.12
S02426,Loam,48.7,42.0,9.4,2.11,1.23,1.523,0.425,0.152,0.073,0.079,23.9,0.562,0.186,0.202,202.0,normal(<1),6.88,25.1,101.0,72.0,325.0,45.0,13.0,408.0,2.23
S02427,Loamy sand,74.8,20.0,5.2,2.83,1.64,1.58,0.404,0.153,0.042,0.111,17.2,0.426,0.232,0.442,442.0,normal(<1),6.1,33.8,73.0,0.0,232.0,66.0,0.0,249.0,2.86
S02428,Loam,27.1,48.2,24.7,2.97,1.72,1.486,0.439,0.223,0.117,0.106,25.3,0.576,0.186,0.235,235.0,normal(<1),6.66,27.3,55.0,0.0,346.0,77.0,21.0,463.0,3.19
S02429,Loamy sand,75.0,13.5,11.5,1.88,1.09,1.53,0.423,0.14,0.056,0.085,25.4,0.601,0.168,0.895,895.0,normal(<1),5.86,22.2,53.0,56.0,166.0,53.0,14.0,157.0,1.87
S02430,Clay loam,20.8,45.2,34.0,2.1,1.22,1.479,0.442,0.252,0.108,0.143,30.7,0.695,0.135,0.48,480.0,normal(<1),6.81,21.1,106.0,0.0,403.0,52.0,2.0,495.0,1.98
S02431,Loam,40.2,44.0,15.8,2.54,1.47,1.459,0.449,0.199,0.088,0.111,29.0,0.645,0.16,1.072,1072.0,germination-critical(1-2),6.75,22.9,120.0,48.0,381.0,77.0,11.0,463.0,2.46
S02432,Loamy sand,88.6,10.5,0.9,1.1,0.64,1.623,0.388,0.111,0.064,0.047,22.6,0.583,0.162,1.483,1483.0,germination-critical(1-2),6.45,26.8,56.0,1.0,181.0,33.0,6.0,103.0,0.97
S02433,Sandy loam,67.0,26.6,6.4,1.84,1.07,1.647,0.378,0.151,0.069,0.081,17.1,0.452,0.207,0.596,596.0,normal(<1),7.27,27.1,51.0,28.0,272.0,41.0,24.0,239.0,1.86
S02434,Sandy clay loam,55.8,11.1,33.1,2.18,1.27,1.513,0.429,0.175,0.088,0.088,12.0,0.279,0.309,0.427,427.0,normal(<1),6.38,31.5,82.0,9.0,199.0,30.0,0.0,221.0,2.16
S02435,Sandy loam,77.3,8.2,14.5,3.6,2.09,1.508,0.431,0.139,0.058,0.081,18.2,0.423,0.249,0.899,899.0,normal(<1),7.11,29.1,114.0,48.0,74.0,62.0,15.0,124.0,3.7
S02436,Silty clay loam,9.2,59.8,31.0,3.76,2.18,1.45,0.453,0.227,0.127,0.099,26.2,0.579,0.191,0.097,97.0,normal(<1),6.0,34.5,37.0,0.0,439.0,28.0,24.0,580.0,3.61
S02437,Loam,30.3,45.8,23.8,1.66,0.96,1.622,0.388,0.204,0.092,0.112,16.8,0.434,0.22,0.685,685.0,normal(<1),6.15,30.8,27.0,21.0,326.0,34.0,6.0,394.0,1.59
S02438,Loamy sand,80.6,12.2,7.2,0.3,0.17,1.613,0.391,0.138,0.063,0.075,18.5,0.472,0.206,0.245,245.0,normal(<1),6.69,32.3,0.0,2.0,123.0,0.0,0.0,134.0,0.61
S02439,Sandy loam,47.3,36.2,16.5,2.14,1.24,1.585,0.402,0.204,0.07,0.134,21.9,0.545,0.183,0.493,493.0,normal(<1),6.3,32.8,33.0,21.0,369.0,25.0,13.0,409.0,2.24
S02440,Silt loam,22.1,75.9,2.0,1.24,0.72,1.454,0.451,0.176,0.059,0.117,16.8,0.372,0.283,0.736,736.0,normal(<1),6.67,30.8,56.0,6.0,483.0,10.0,6.0,599.0,1.04
S02441,Clay loam,43.4,21.8,34.8,2.02,1.17,1.52,0.426,0.223,0.105,0.117,27.8,0.652,0.148,0.075,75.0,normal(<1),6.13,25.8,52.0,0.0,338.0,64.0,15.0,375.0,2.25
S02442,Loamy sand,89.0,0.6,10.3,0.3,0.17,1.687,0.363,0.138,0.055,0.083,22.5,0.62,0.138,1.234,1234.0,germination-critical(1-2),6.47,24.2,72.0,49.0,73.0,0.0,12.0,115.0,0.28
S02443,Sandy loam,56.6,30.5,13.0,0.84,0.49,1.657,0.375,0.165,0.075,0.09,21.2,0.565,0.163,0.166,166.0,normal(<1),6.57,26.3,50.0,0.0,302.0,53.0,5.0,351.0,0.66
S02444,Clay loam,25.8,44.5,29.7,0.94,0.54,1.557,0.413,0.225,0.095,0.13,20.7,0.501,0.206,0.243,243.0,normal(<1),6.49,29.8,0.0,71.0,379.0,28.0,30.0,455.0,0.96
S02445,Silty clay loam,9.9,56.5,33.7,2.04,1.18,1.495,0.436,0.249,0.098,0.151,18.2,0.417,0.254,0.545,545.0,normal(<1),6.01,33.3,52.0,26.0,455.0,32.0,8.0,614.0,2.28
S02446,Sandy clay loam,59.8,20.0,20.2,1.32,0.77,1.476,0.443,0.169,0.079,0.089,14.3,0.322,0.301,0.145,145.0,normal(<1),6.92,32.8,0.0,13.0,176.0,56.0,8.0,244.0,1.13
S02447,Silty clay loam,5.2,57.1,37.8,3.21,1.86,1.486,0.439,0.29,0.134,0.156,28.0,0.636,0.16,0.695,695.0,normal(<1),6.0,28.6,59.0,0.0,492.0,42.0,21.0,594.0,3.43
S02448,Loam,43.4,34.6,22.0,4.63,2.69,1.523,0.425,0.195,0.092,0.103,21.8,0.514,0.207,0.165,165.0,normal(<1),6.56,32.9,65.0,20.0,380.0,100.0,46.0,382.0,4.37
S02449,Silty clay loam,0.4,67.8,31.8,3.29,1.91,1.499,0.434,0.261,0.131,0.129,28.0,0.645,0.154,0.996,996.0,normal(<1),6.89,24.2,118.0,42.0,474.0,73.0,23.0,649.0,3.4
S02450,Sandy clay,54.3,9.6,36.1,2.2,1.27,1.448,0.454,0.194,0.096,0.098,21.6,0.477,0.238,0.712,712.0,normal(<1),7.13,25.8,84.0,21.0,202.0,59.0,10.0,254.0,2.36
S02451,Loamy sand,79.5,6.4,14.1,1.96,1.14,1.512,0.429,0.131,0.076,0.056,11.3,0.262,0.317,0.557,557.0,normal(<1),6.4,28.3,91.0,40.0,26.0,56.0,25.0,43.0,2.15
S02452,Clay loam,44.0,21.4,34.6,2.58,1.5,1.521,0.426,0.218,0.108,0.11,29.7,0.697,0.129,0.164,164.0,normal(<1),6.17,32.1,13.0,0.0,163.0,53.0,39.0,250.0,2.42
S02453,Sandy clay loam,52.2,14.4,33.4,1.44,0.84,1.503,0.433,0.19,0.077,0.113,27.5,0.635,0.158,1.552,1552.0,germination-critical(1-2),5.95,30.5,99.0,27.0,204.0,29.0,0.0,200.0,1.25
S02454,Clay,31.8,19.0,49.3,2.9,1.68,1.475,0.443,0.264,0.129,0.134,26.5,0.598,0.178,2.837,2837.0,salt-sensitive-critical(2-3),6.98,22.6,172.0,87.0,273.0,55.0,29.0,269.0,2.67
S02455,Loam,35.8,40.7,23.5,1.23,0.71,1.508,0.431,0.204,0.097,0.107,21.5,0.5,0.216,0.439,439.0,normal(<1),5.96,26.8,43.0,31.0,296.0,41.0,4.0,349.0,1.33
S02456,Loamy sand,81.9,4.9,13.3,2.06,1.2,1.555,0.413,0.146,0.075,0.071,19.1,0.463,0.222,1.438,1438.0,germination-critical(1-2),6.53,23.5,105.0,43.0,169.0,63.0,0.0,172.0,2.4
S02457,Silty clay,0.1,40.8,59.1,2.47,1.43,1.392,0.475,0.272,0.156,0.116,28.8,0.606,0.187,0.178,178.0,normal(<1),6.17,24.8,23.0,23.0,481.0,66.0,14.0,599.0,2.47
S02458,Silty clay loam,4.7,64.5,30.8,1.39,0.81,1.537,0.42,0.232,0.118,0.114,20.3,0.483,0.217,0.475,475.0,normal(<1),6.5,27.0,54.0,47.0,519.0,14.0,28.0,656.0,1.01
S02459,Sand,89.4,5.3,5.3,1.06,0.61,1.665,0.372,0.112,0.037,0.075,21.3,0.572,0.159,1.023,1023.0,germination-critical(1-2),6.47,27.6,81.0,62.0,102.0,29.0,8.0,140.0,1.37
S02460,Loamy sand,75.6,19.3,5.1,1.87,1.09,1.488,0.439,0.165,0.054,0.11,26.3,0.599,0.176,0.235,235.0,normal(<1),6.45,34.3,7.0,0.0,133.0,25.0,14.0,247.0,1.75
S02461,Loam,30.4,48.7,20.9,2.56,1.48,1.44,0.457,0.209,0.084,0.124,29.3,0.642,0.163,0.293,293.0,normal(<1),6.38,22.2,0.0,45.0,427.0,34.0,16.0,535.0,2.62
S02462,Sandy loam,49.2,38.5,12.4,1.1,0.64,1.557,0.412,0.175,0.065,0.11,29.7,0.72,0.115,1.662,1662.0,germination-critical(1-2),6.51,30.7,114.0,13.0,369.0,19.0,18.0,427.0,0.84
S02463,Clay,11.7,22.9,65.4,2.88,1.67,1.369,0.483,0.268,0.147,0.121,31.1,0.643,0.173,0.472,472.0,normal(<1),6.4,31.4,129.0,23.0,400.0,91.0,32.0,458.0,3.24
S02464,Sandy loam,50.8,39.7,9.5,3.05,1.77,1.621,0.388,0.195,0.072,0.124,22.7,0.584,0.161,0.105,105.0,normal(<1),6.58,34.7,62.0,53.0,276.0,54.0,43.0,401.0,3.3
S02465,Sand,88.7,6.0,5.4,2.99,1.73,1.566,0.409,0.137,0.043,0.094,21.0,0.513,0.199,0.544,544.0,normal(<1),6.46,24.4,83.0,64.0,95.0,70.0,36.0,101.0,3.24
S02466,Clay,19.6,26.6,53.8,5.17,3.0,1.337,0.496,0.278,0.143,0.135,26.9,0.542,0.227,1.555,1555.0,germination-critical(1-2),6.39,32.9,179.0,76.0,377.0,114.0,37.0,435.0,5.37
S02467,Loam,50.0,31.8,18.2,1.04,0.6,1.517,0.428,0.193,0.074,0.119,23.9,0.56,0.188,0.314,314.0,normal(<1),6.76,30.6,45.0,8.0,361.0,18.0,24.0,359.0,1.2
S02468,Silty clay loam,1.7,63.7,34.6,2.27,1.32,1.457,0.45,0.27,0.131,0.139,30.8,0.685,0.142,0.131,131.0,normal(<1),6.0,31.0,0.0,0.0,609.0,53.0,2.0,751.0,2.13
S02469,Sandy loam,57.0,30.3,12.8,1.71,0.99,1.624,0.387,0.2,0.073,0.126,28.0,0.723,0.107,0.711,711.0,normal(<1),7.14,32.0,20.0,62.0,284.0,37.0,23.0,309.0,2.48
S02470,Sandy clay,50.8,4.9,44.3,2.52,1.46,1.581,0.403,0.193,0.104,0.089,25.2,0.625,0.151,1.824,1824.0,germination-critical(1-2),6.43,15.7,144.0,85.0,213.0,65.0,32.0,229.0,2.36
S02471,Clay loam,29.8,40.9,29.3,1.57,0.91,1.461,0.449,0.231,0.092,0.139,21.9,0.487,0.23,0.288,288.0,normal(<1),6.39,29.8,43.0,41.0,369.0,39.0,17.0,499.0,1.71
S02472,Silty clay loam,19.8,44.9,35.3,1.41,0.82,1.472,0.445,0.233,0.125,0.108,17.8,0.4,0.267,1.83,1830.0,germination-critical(1-2),6.76,23.0,106.0,22.0,441.0,43.0,19.0,470.0,1.39
S02473,Silt loam,21.1,57.6,21.3,2.77,1.61,1.498,0.435,0.215,0.101,0.114,18.5,0.426,0.249,0.423,423.0,normal(<1),6.23,43.6,49.0,0.0,466.0,54.0,7.0,556.0,2.92
S02474,Loam,49.4,30.5,20.1,0.99,0.57,1.513,0.429,0.176,0.071,0.105,22.9,0.534,0.2,1.689,1689.0,germination-critical(1-2),6.46,28.0,75.0,74.0,323.0,10.0,0.0,377.0,0.96
S02475,Sandy clay,50.7,2.2,47.1,1.68,0.97,1.461,0.449,0.211,0.112,0.1,17.2,0.383,0.277,0.233,233.0,normal(<1),6.41,24.6,56.0,5.0,163.0,31.0,14.0,180.0,1.56
S02476,Sandy loam,46.7,42.2,11.1,0.91,0.53,1.641,0.381,0.197,0.075,0.122,19.0,0.498,0.191,0.146,146.0,normal(<1),6.1,21.9,63.0,22.0,351.0,41.0,22.0,371.0,1.06
S02477,Sand,95.4,0.6,4.1,0.71,0.41,1.621,0.388,0.107,0.038,0.069,15.4,0.397,0.234,0.347,347.0,normal(<1),6.69,18.7,22.0,33.0,75.0,38.0,24.0,105.0,0.33
S02478,Sandy loam,62.2,20.8,17.0,2.17,1.26,1.544,0.417,0.173,0.088,0.085,23.5,0.564,0.182,0.363,363.0,normal(<1),6.53,24.3,7.0,8.0,255.0,28.0,6.0,271.0,2.45
S02479,Silt loam,11.2,64.0,24.9,3.17,1.84,1.447,0.454,0.236,0.134,0.103,21.7,0.479,0.237,0.624,624.0,normal(<1),6.65,27.4,100.0,51.0,590.0,83.0,35.0,605.0,3.4
S02480,Loamy sand,88.4,10.0,1.5,0.91,0.53,1.572,0.407,0.134,0.04,0.095,21.2,0.52,0.195,0.392,392.0,normal(<1),6.49,26.8,0.0,46.0,64.0,38.0,15.0,111.0,1.35
S02481,Clay loam,24.6,41.1,34.3,2.31,1.34,1.508,0.431,0.232,0.116,0.117,28.6,0.663,0.145,0.681,681.0,normal(<1),6.31,29.5,99.0,0.0,490.0,72.0,26.0,540.0,1.87
S02482,Sandy loam,47.5,36.3,16.2,1.67,0.97,1.56,0.411,0.182,0.076,0.107,17.2,0.419,0.239,0.357,357.0,normal(<1),5.47,34.6,54.0,7.0,332.0,20.0,20.0,381.0,2.08
S02483,Sandy loam,46.9,41.3,11.8,3.36,1.95,1.579,0.404,0.206,0.095,0.111,13.1,0.324,0.273,1.186,1186.0,germination-critical(1-2),6.23,32.1,110.0,39.0,360.0,61.0,51.0,402.0,3.66
S02484,Clay loam,33.3,39.2,27.5,1.12,0.65,1.45,0.453,0.204,0.1,0.104,30.1,0.665,0.152,1.521,1521.0,germination-critical(1-2),6.74,20.5,84.0,59.0,393.0,17.0,24.0,497.0,1.47
S02485,Loamy sand,84.8,1.9,13.4,0.73,0.42,1.585,0.402,0.135,0.067,0.067,19.1,0.476,0.211,0.928,928.0,normal(<1),7.06,21.8,58.0,40.0,28.0,10.0,1.0,104.0,1.1
S02486,Silt loam,13.7,78.6,7.7,1.4,0.81,1.588,0.401,0.215,0.078,0.137,25.7,0.641,0.144,3.345,3345.0,detrimental(>3),6.62,22.5,210.0,94.0,612.0,45.0,5.0,694.0,1.61
S02487,Loam,49.6,43.2,7.1,2.32,1.34,1.563,0.41,0.164,0.074,0.09,30.5,0.744,0.105,1.157,1157.0,germination-critical(1-2),6.66,20.6,76.0,16.0,354.0,61.0,17.0,433.0,2.44
S02488,Loamy sand,72.6,19.0,8.4,1.69,0.98,1.522,0.425,0.165,0.058,0.107,29.0,0.681,0.136,1.549,1549.0,germination-critical(1-2),6.58,25.0,77.0,75.0,155.0,10.0,27.0,193.0,1.31
S02489,Sandy clay,56.4,0.3,43.3,2.35,1.37,1.474,0.444,0.214,0.114,0.1,23.6,0.532,0.208,1.127,1127.0,germination-critical(1-2),6.7,30.2,100.0,73.0,115.0,68.0,18.0,100.0,2.26
S02490,Sandy clay loam,60.7,5.4,33.9,1.86,1.08,1.542,0.418,0.202,0.093,0.109,21.9,0.524,0.199,0.221,221.0,normal(<1),6.35,19.0,60.0,49.0,142.0,44.0,22.0,172.0,1.61
S02491,Sandy loam,75.6,5.9,18.5,1.2,0.7,1.595,0.398,0.138,0.073,0.066,20.7,0.519,0.192,2.362,2362.0,salt-sensitive-critical(2-3),6.58,21.6,182.0,68.0,213.0,45.0,2.0,156.0,1.39
S02492,Loam,50.5,34.2,15.4,0.5,0.29,1.645,0.379,0.16,0.088,0.072,23.5,0.62,0.144,1.619,1619.0,germination-critical(1-2),6.28,31.3,89.0,54.0,301.0,1.0,18.0,354.0,0.63
S02493,Sandy clay loam,61.2,9.0,29.8,2.02,1.17,1.511,0.43,0.206,0.096,0.11,25.1,0.584,0.179,3.317,3317.0,detrimental(>3),6.78,21.3,176.0,122.0,247.0,58.0,29.0,227.0,2.46
S02494,Silty clay loam,9.7,52.5,37.7,1.81,1.05,1.55,0.415,0.259,0.126,0.134,27.9,0.672,0.136,0.276,276.0,normal(<1),6.15,20.8,51.0,28.0,457.0,49.0,2.0,603.0,2.28
S02495,Sandy loam,75.9,10.8,13.3,1.13,0.66,1.547,0.416,0.153,0.067,0.085,17.8,0.427,0.238,1.156,1156.0,germination-critical(1-2),7.18,32.2,89.0,51.0,149.0,29.0,21.0,153.0,0.94
S02496,Sandy loam,48.9,32.3,18.9,0.63,0.37,1.554,0.414,0.183,0.073,0.11,30.4,0.734,0.11,0.334,334.0,normal(<1),6.62,23.8,34.0,0.0,396.0,23.0,9.0,382.0,0.74
S02497,Sandy clay loam,62.6,9.5,27.9,2.2,1.28,1.568,0.408,0.193,0.066,0.127,15.5,0.38,0.253,0.616,616.0,normal(<1),6.16,17.2,71.0,36.0,85.0,29.0,12.0,179.0,2.56
S02498,Sandy loam,67.1,22.1,10.8,0.75,0.43,1.623,0.387,0.147,0.074,0.072,16.7,0.432,0.22,0.628,628.0,normal(<1),6.77,27.8,35.0,11.0,149.0,10.0,6.0,213.0,0.47
S02499,Silt loam,13.6,77.7,8.7,1.05,0.61,1.516,0.428,0.214,0.099,0.115,23.5,0.549,0.193,1.179,1179.0,germination-critical(1-2),6.6,30.3,59.0,35.0,555.0,12.0,6.0,710.0,1.1
S02500,Clay,19.0,17.1,63.9,2.7,1.57,1.47,0.445,0.261,0.137,0.124,20.2,0.454,0.243,0.725,725.0,normal(<1),7.31,26.9,109.0,42.0,327.0,79.0,24.0,392.0,2.65
S02501,Clay,15.7,24.7,59.5,2.44,1.41,1.412,0.467,0.268,0.15,0.117,20.5,0.439,0.262,0.542,542.0,normal(<1),6.6,39.3,108.0,83.0,303.0,77.0,52.0,364.0,2.34
S02502,Loam,48.9,41.9,9.2,0.58,0.34,1.546,0.417,0.18,0.076,0.105,23.5,0.565,0.181,0.161,161.0,normal(<1),7.12,23.7,0.0,35.0,352.0,20.0,34.0,413.0,0.63
S02503,Sand,87.7,7.3,5.0,0.3,0.17,1.699,0.359,0.112,0.049,0.063,19.0,0.529,0.169,0.77,770.0,normal(<1),6.48,25.3,75.0,44.0,101.0,22.0,0.0,86.0,0.19
S02504,Sandy clay,48.3,10.0,41.7,2.39,1.38,1.442,0.456,0.206,0.113,0.093,19.3,0.424,0.263,0.597,597.0,normal(<1),6.09,30.3,98.0,31.0,232.0,77.0,9.0,261.0,1.87
S02505,Sandy loam,45.0,37.3,17.7,4.24,2.46,1.573,0.406,0.199,0.073,0.127,17.0,0.418,0.237,0.703,703.0,normal(<1),6.39,31.7,116.0,17.0,353.0,113.0,40.0,460.0,4.44
S02506,Sandy loam,49.4,31.3,19.3,3.43,1.99,1.581,0.403,0.209,0.068,0.141,23.4,0.581,0.169,0.05,50.0,normal(<1),6.15,19.1,74.0,61.0,243.0,64.0,30.0,292.0,3.58
S02507,Silt loam,23.1,67.6,9.3,0.76,0.44,1.574,0.406,0.187,0.088,0.1,20.3,0.499,0.203,0.81,810.0,normal(<1),6.82,22.5,60.0,2.0,550.0,12.0,5.0,646.0,1.07
S02508,Sandy clay loam,59.0,9.0,32.0,1.79,1.04,1.534,0.421,0.201,0.084,0.117,14.6,0.346,0.276,0.512,512.0,normal(<1),6.28,25.1,67.0,59.0,160.0,56.0,23.0,157.0,1.38
S02509,Sandy clay loam,64.0,4.5,31.6,1.52,0.88,1.554,0.413,0.183,0.094,0.089,17.3,0.419,0.24,0.769,769.0,normal(<1),6.39,36.7,95.0,22.0,125.0,29.0,14.0,80.0,1.35
S02510,Loam,41.0,38.8,20.3,1.81,1.05,1.558,0.412,0.169,0.085,0.084,11.6,0.281,0.296,0.255,255.0,normal(<1),6.36,27.8,59.0,29.0,233.0,50.0,20.0,319.0,1.57
S02511,Loam,38.3,42.9,18.8,1.65,0.96,1.447,0.454,0.203,0.071,0.132,20.1,0.443,0.253,0.175,175.0,normal(<1),5.74,26.4,49.0,19.0,338.0,20.0,28.0,402.0,1.52
S02512,Clay,15.3,22.5,62.2,3.17,1.84,1.393,0.474,0.27,0.152,0.119,30.2,0.637,0.172,0.132,132.0,normal(<1),6.4,24.3,29.0,31.0,346.0,48.0,0.0,384.0,3.29
S02513,Sandy clay loam,54.1,11.1,34.8,3.81,2.21,1.454,0.451,0.203,0.114,0.088,28.5,0.631,0.167,0.733,733.0,normal(<1),6.58,38.4,110.0,51.0,205.0,87.0,20.0,195.0,3.94
S02514,Loam,47.4,33.3,19.3,1.45,0.84,1.498,0.435,0.197,0.068,0.129,19.5,0.448,0.24,0.122,122.0,normal(<1),6.59,30.2,49.0,0.0,301.0,48.0,10.0,338.0,1.41
S02515,Sandy clay,56.7,4.0,39.3,2.16,1.25,1.442,0.456,0.197,0.111,0.086,26.6,0.584,0.19,0.193,193.0,normal(<1),6.52,24.7,54.0,42.0,221.0,48.0,8.0,212.0,1.93
S02516,Sandy loam,76.7,6.0,17.3,1.49,0.87,1.621,0.388,0.147,0.045,0.101,23.6,0.608,0.152,0.284,284.0,normal(<1),6.07,28.7,14.0,28.0,126.0,49.0,13.0,125.0,1.46
S02517,Sand,90.7,7.8,1.5,0.91,0.53,1.645,0.379,0.114,0.051,0.063,19.1,0.504,0.188,0.358,358.0,normal(<1),6.33,32.7,30.0,28.0,83.0,8.0,0.0,88.0,0.35
S02518,Silt loam,21.2,55.5,23.3,1.71,0.99,1.502,0.433,0.241,0.101,0.14,25.1,0.58,0.182,0.881,881.0,normal(<1),6.56,31.6,76.0,56.0,366.0,30.0,22.0,481.0,1.99
S02519,Sandy loam,78.5,5.2,16.2,0.57,0.33,1.609,0.393,0.16,0.056,0.104,26.3,0.669,0.13,0.608,608.0,normal(<1),7.01,22.2,60.0,40.0,151.0,0.0,0.0,149.0,0.88
S02520,Sandy clay loam,55.0,13.9,31.1,1.24,0.72,1.571,0.407,0.195,0.105,0.089,13.2,0.324,0.275,1.722,1722.0,germination-critical(1-2),6.46,34.4,68.0,66.0,219.0,10.0,29.0,285.0,1.11
S02521,Loamy sand,85.9,10.9,3.2,0.3,0.17,1.699,0.359,0.135,0.055,0.08,11.7,0.325,0.242,0.217,217.0,normal(<1),6.51,28.8,0.0,7.0,171.0,0.0,13.0,171.0,0.07
S02522,Silty clay,8.3,50.7,41.0,4.03,2.34,1.482,0.441,0.293,0.125,0.167,28.8,0.652,0.153,0.673,673.0,normal(<1),6.2,33.1,81.0,61.0,473.0,85.0,30.0,531.0,3.92
S02523,Clay,37.6,12.6,49.8,3.42,1.99,1.415,0.466,0.267,0.139,0.128,26.2,0.562,0.204,0.225,225.0,normal(<1),6.09,29.2,93.0,39.0,270.0,79.0,25.0,316.0,3.37
S02524,Sandy loam,62.0,23.9,14.1,3.88,2.25,1.449,0.453,0.2,0.072,0.127,32.8,0.723,0.125,1.031,1031.0,germination-critical(1-2),6.79,27.0,88.0,75.0,189.0,95.0,50.0,296.0,4.05
S02525,Loam,46.4,44.0,9.6,1.93,1.12,1.62,0.389,0.176,0.07,0.106,16.1,0.414,0.228,0.267,267.0,normal(<1),6.5,34.1,75.0,23.0,325.0,51.0,17.0,422.0,1.81
S02526,Sandy loam,57.0,35.4,7.6,3.9,2.26,1.621,0.388,0.189,0.062,0.127,22.3,0.574,0.165,0.381,381.0,normal(<1),5.47,26.2,67.0,54.0,203.0,72.0,34.0,346.0,3.89
S02527,Silt loam,10.5,65.0,24.5,2.16,1.25,1.503,0.433,0.262,0.128,0.134,31.2,0.722,0.12,0.307,307.0,normal(<1),6.85,31.3,62.0,36.0,577.0,46.0,11.0,722.0,2.17
S02528,Silt loam,16.8,57.9,25.3,1.15,0.67,1.553,0.414,0.212,0.105,0.107,20.7,0.501,0.207,0.281,281.0,normal(<1),6.88,34.9,84.0,9.0,465.0,31.0,8.0,573.0,0.88
S02529,Silty clay loam,11.8,49.9,38.3,3.44,1.99,1.5,0.434,0.251,0.115,0.136,28.9,0.666,0.145,1.178,1178.0,germination-critical(1-2),6.62,34.2,84.0,70.0,388.0,74.0,24.0,521.0,3.29
S02530,Clay loam,40.8,20.4,38.8,2.63,1.52,1.415,0.466,0.202,0.089,0.113,28.4,0.61,0.182,3.019,3019.0,detrimental(>3),6.63,24.8,172.0,71.0,218.0,68.0,44.0,288.0,2.98
S02531,Sandy loam,47.1,38.6,14.4,3.14,1.82,1.605,0.394,0.182,0.073,0.109,15.9,0.404,0.235,0.26,260.0,normal(<1),6.38,25.6,62.0,16.0,284.0,94.0,29.0,393.0,3.47
S02532,Silt loam,2.6,72.9,24.5,1.74,1.01,1.549,0.415,0.233,0.11,0.123,20.1,0.483,0.215,0.767,767.0,normal(<1),6.49,25.5,101.0,63.0,549.0,45.0,25.0,651.0,1.44
S02533,Silty clay loam,5.6,59.8,34.6,2.02,1.17,1.492,0.437,0.237,0.135,0.103,22.6,0.518,0.211,0.83,830.0,normal(<1),6.32,28.5,83.0,37.0,531.0,39.0,25.0,632.0,2.14
S02534,Silt loam,23.8,62.5,13.7,1.02,0.59,1.606,0.394,0.212,0.09,0.122,17.6,0.448,0.217,0.858,858.0,normal(<1),6.05,31.9,0.0,52.0,578.0,8.0,0.0,633.0,1.11
S02535,Loamy sand,82.5,7.8,9.8,1.43,0.83,1.594,0.398,0.118,0.056,0.062,11.2,0.281,0.286,1.085,1085.0,germination-critical(1-2),6.75,29.4,87.0,54.0,52.0,26.0,27.0,72.0,1.33
S02536,Silty clay loam,19.6,48.7,31.7,1.52,0.88,1.435,0.459,0.236,0.121,0.115,34.1,0.744,0.117,1.377,1377.0,germination-critical(1-2),6.27,28.9,92.0,37.0,444.0,40.0,4.0,485.0,1.42
S02537,Sandy loam,59.1,35.8,5.0,2.48,1.44,1.615,0.391,0.169,0.042,0.127,16.7,0.428,0.224,0.88,880.0,normal(<1),6.7,27.6,47.0,82.0,358.0,30.0,17.0,391.0,2.45
S02538,Silt loam,0.8,74.8,24.4,1.67,0.97,1.479,0.442,0.226,0.138,0.088,29.2,0.66,0.15,0.05,50.0,normal(<1),6.13,29.4,12.0,23.0,610.0,44.0,9.0,728.0,1.87
S02539,Sandy loam,78.9,1.3,19.8,0.39,0.23,1.603,0.395,0.131,0.062,0.069,19.2,0.487,0.203,0.223,223.0,normal(<1),6.44,28.0,40.0,0.0,42.0,3.0,12.0,1.0,0.54
S02540,Loam,35.5,43.8,20.7,1.91,1.11,1.562,0.411,0.213,0.099,0.114,25.1,0.61,0.16,0.757,757.0,normal(<1),6.43,28.5,90.0,28.0,372.0,67.0,17.0,503.0,1.93
S02541,Loamy sand,70.9,23.0,6.1,2.63,1.53,1.588,0.401,0.126,0.05,0.076,18.7,0.468,0.213,0.578,578.0,normal(<1),5.89,29.2,30.0,81.0,166.0,64.0,19.0,165.0,2.56
S02542,Sandy loam,56.3,35.3,8.4,1.1,0.64,1.649,0.378,0.167,0.074,0.093,22.0,0.584,0.157,0.303,303.0,normal(<1),6.89,34.9,14.0,0.0,182.0,0.0,24.0,244.0,1.12
S02543,Clay loam,34.7,28.7,36.6,3.63,2.11,1.514,0.429,0.204,0.11,0.094,20.3,0.474,0.225,0.407,407.0,normal(<1),6.27,29.7,80.0,42.0,272.0,75.0,36.0,380.0,3.54
S02544,Silty clay loam,2.5,61.1,36.4,3.42,1.98,1.381,0.479,0.261,0.105,0.156,33.0,0.689,0.149,0.179,179.0,normal(<1),6.35,30.1,33.0,37.0,558.0,74.0,26.0,616.0,2.92
S02545,Loamy sand,81.7,12.2,6.2,0.98,0.57,1.673,0.369,0.118,0.058,0.06,26.9,0.729,0.1,0.513,513.0,normal(<1),5.75,20.4,43.0,30.0,148.0,20.0,15.0,132.0,0.69
S02546,Clay loam,44.3,19.6,36.0,2.07,1.2,1.491,0.437,0.207,0.11,0.097,15.9,0.364,0.278,0.589,589.0,normal(<1),6.15,29.3,80.0,24.0,215.0,70.0,30.0,294.0,1.98
S02547,Loam,29.5,48.4,22.1,2.41,1.4,1.46,0.449,0.223,0.113,0.111,25.6,0.571,0.193,0.453,453.0,normal(<1),6.71,27.9,61.0,11.0,337.0,74.0,0.0,479.0,2.34
S02548,Silt loam,21.0,73.7,5.4,1.47,0.85,1.451,0.452,0.218,0.093,0.125,30.6,0.677,0.146,0.989,989.0,normal(<1),6.48,31.2,74.0,38.0,543.0,52.0,0.0,645.0,1.66
S02549,Loam,44.3,37.8,17.9,1.76,1.02,1.587,0.401,0.191,0.077,0.114,28.2,0.704,0.119,3.651,3651.0,detrimental(>3),6.34,30.7,195.0,111.0,382.0,33.0,28.0,402.0,1.6
S02550,Loam,39.1,39.3,21.6,1.58,0.92,1.498,0.435,0.205,0.095,0.11,23.1,0.531,0.204,0.231,231.0,normal(<1),6.5,18.7,0.0,34.0,387.0,26.0,10.0,450.0,1.13
S02551,Sandy loam,64.5,29.9,5.6,2.35,1.36,1.651,0.377,0.153,0.059,0.094,25.4,0.673,0.123,0.409,409.0,normal(<1),6.11,28.1,30.0,8.0,216.0,44.0,2.0,338.0,2.21
S02552,Clay loam,37.8,30.3,31.9,1.54,0.89,1.537,0.42,0.224,0.101,0.123,24.2,0.577,0.178,0.296,296.0,normal(<1),6.33,34.1,66.0,17.0,251.0,47.0,20.0,296.0,1.36
S02553,Clay,4.1,30.6,65.3,3.66,2.13,1.388,0.476,0.297,0.164,0.133,23.2,0.487,0.244,0.779,779.0,normal(<1),6.06,28.9,103.0,73.0,417.0,60.0,37.0,482.0,3.5
S02554,Sandy clay,46.9,8.9,44.1,4.07,2.36,1.391,0.475,0.214,0.109,0.106,27.6,0.581,0.199,0.342,342.0,normal(<1),5.65,23.4,33.0,0.0,146.0,60.0,37.0,241.0,3.8
S02555,Sandy clay loam,56.6,14.2,29.3,0.97,0.56,1.462,0.448,0.192,0.102,0.09,16.0,0.357,0.288,0.306,306.0,normal(<1),7.0,30.4,28.0,0.0,163.0,35.0,14.0,213.0,1.04
S02556,Clay,19.6,32.1,48.4,2.36,1.37,1.379,0.479,0.257,0.132,0.125,23.0,0.479,0.25,0.44,440.0,normal(<1),6.41,21.6,51.0,17.0,407.0,53.0,20.0,468.0,2.62
S02557,Loam,34.9,38.3,26.8,1.62,0.94,1.547,0.416,0.201,0.093,0.108,20.2,0.485,0.214,0.053,53.0,normal(<1),6.39,26.6,24.0,0.0,293.0,21.0,8.0,401.0,1.73
S02558,Sandy loam,79.6,7.8,12.6,1.33,0.77,1.58,0.404,0.145,0.061,0.084,20.8,0.514,0.196,0.083,83.0,normal(<1),6.33,38.8,22.0,0.0,51.0,36.0,7.0,147.0,1.3
S02559,Silt loam,10.8,81.0,8.2,1.34,0.78,1.588,0.401,0.212,0.104,0.108,18.8,0.469,0.213,0.884,884.0,normal(<1),6.47,22.7,51.0,30.0,583.0,23.0,5.0,654.0,1.04
S02560,Clay,29.9,17.1,53.0,2.97,1.72,1.456,0.451,0.255,0.132,0.123,25.3,0.561,0.198,0.739,739.0,normal(<1),6.35,33.6,27.0,46.0,296.0,33.0,12.0,318.0,3.38
S02561,Silty clay,1.3,47.3,51.4,2.48,1.44,1.413,0.467,0.265,0.161,0.104,24.5,0.525,0.222,1.013,1013.0,germination-critical(1-2),6.13,22.0,89.0,56.0,479.0,49.0,22.0,618.0,2.53
S02562,Sandy loam,46.7,48.0,5.3,1.74,1.01,1.53,0.422,0.203,0.068,0.135,24.2,0.573,0.18,0.061,61.0,normal(<1),7.14,25.8,8.0,14.0,264.0,29.0,14.0,409.0,1.93
S02563,Clay,36.4,18.6,45.0,2.64,1.53,1.479,0.442,0.239,0.109,0.13,19.8,0.448,0.244,0.16,160.0,normal(<1),6.51,19.8,59.0,30.0,201.0,62.0,30.0,307.0,2.35
S02564,Clay loam,23.4,42.3,34.3,1.26,0.73,1.476,0.443,0.21,0.127,0.083,14.7,0.331,0.297,0.274,274.0,normal(<1),6.76,26.9,12.0,48.0,403.0,14.0,33.0,443.0,0.93
S02565,Clay loam,35.7,34.3,30.0,2.1,1.22,1.536,0.42,0.219,0.098,0.121,24.7,0.589,0.173,0.247,247.0,normal(<1),6.7,23.2,86.0,16.0,379.0,64.0,14.0,429.0,2.26
S02566,Sandy loam,49.4,35.3,15.3,1.47,0.85,1.543,0.418,0.195,0.069,0.127,29.6,0.708,0.122,0.235,235.0,normal(<1),6.29,24.7,40.0,8.0,286.0,47.0,16.0,375.0,1.74
S02567,Sand,86.1,6.8,7.1,0.83,0.48,1.628,0.386,0.128,0.038,0.091,21.8,0.565,0.168,0.253,253.0,normal(<1),6.06,22.5,5.0,0.0,29.0,30.0,17.0,120.0,0.53
S02568,Loamy sand,81.4,9.0,9.6,0.44,0.26,1.517,0.428,0.126,0.049,0.077,28.3,0.663,0.144,0.299,299.0,normal(<1),6.18,26.2,45.0,18.0,185.0,21.0,0.0,131.0,0.33
S02569,Silt loam,25.6,64.1,10.2,3.3,1.91,1.515,0.428,0.212,0.081,0.131,32.2,0.751,0.107,1.271,1271.0,germination-critical(1-2),6.28,27.2,102.0,51.0,529.0,88.0,24.0,607.0,3.4
S02570,Silty clay,3.6,41.2,55.3,3.35,1.94,1.461,0.449,0.28,0.148,0.132,23.7,0.529,0.212,0.196,196.0,normal(<1),6.4,31.1,33.0,18.0,395.0,73.0,29.0,567.0,3.26
S02571,Loam,28.8,48.8,22.3,3.34,1.94,1.617,0.39,0.228,0.1,0.128,17.8,0.457,0.212,5.258,5258.0,detrimental(>3),6.41,31.9,376.0,181.0,438.0,76.0,28.0,438.0,3.01
S02572,Clay loam,21.0,46.1,32.9,1.96,1.14,1.543,0.418,0.247,0.106,0.141,15.4,0.368,0.264,0.523,523.0,normal(<1),6.11,28.1,36.0,36.0,486.0,60.0,0.0,558.0,1.89
S02573,Sandy clay loam,54.0,15.3,30.7,2.23,1.29,1.479,0.442,0.204,0.097,0.107,29.7,0.671,0.145,0.142,142.0,normal(<1),6.78,35.2,16.0,3.0,201.0,52.0,6.0,240.0,2.4
S02574,Loamy sand,76.3,18.3,5.4,2.03,1.18,1.593,0.399,0.157,0.058,0.1,15.6,0.39,0.243,0.454,454.0,normal(<1),6.55,30.1,46.0,41.0,251.0,23.0,1.0,222.0,1.96
S02575,Sandy loam,52.5,38.9,8.6,1.89,1.1,1.516,0.428,0.142,0.077,0.065,21.8,0.509,0.21,0.418,418.0,normal(<1),6.34,23.5,101.0,25.0,343.0,81.0,26.0,427.0,1.89
S02576,Sand,88.0,7.3,4.7,1.11,0.64,1.554,0.414,0.135,0.033,0.102,17.0,0.412,0.243,0.117,117.0,normal(<1),6.63,30.1,0.0,32.0,174.0,21.0,13.0,160.0,1.15
S02577,Sandy loam,57.9,23.0,19.2,1.74,1.01,1.599,0.397,0.172,0.06,0.112,16.6,0.417,0.231,0.6,600.0,normal(<1),6.69,38.6,54.0,10.0,298.0,35.0,26.0,297.0,1.8
S02578,Loam,49.9,31.8,18.3,1.93,1.12,1.526,0.424,0.19,0.097,0.093,18.7,0.442,0.237,1.387,1387.0,germination-critical(1-2),5.68,22.9,114.0,71.0,290.0,61.0,28.0,409.0,1.94
S02579,Silt loam,12.8,73.4,13.8,2.0,1.16,1.591,0.4,0.219,0.107,0.112,22.6,0.566,0.174,0.203,203.0,normal(<1),6.51,24.7,48.0,57.0,556.0,64.0,24.0,657.0,1.81
S02580,Loam,50.9,41.9,7.2,0.34,0.2,1.535,0.421,0.17,0.068,0.102,17.8,0.424,0.243,0.764,764.0,normal(<1),6.02,28.4,94.0,24.0,338.0,22.0,11.0,382.0,0.27
S02581,Silty clay loam,19.1,46.6,34.3,2.71,1.57,1.455,0.451,0.245,0.106,0.138,31.0,0.689,0.14,0.52,520.0,normal(<1),6.73,31.3,61.0,44.0,318.0,49.0,17.0,467.0,2.85
S02582,Sandy clay loam,62.9,14.4,22.7,1.35,0.78,1.513,0.429,0.211,0.082,0.13,22.4,0.522,0.205,0.124,124.0,normal(<1),6.32,25.7,32.0,0.0,247.0,39.0,11.0,241.0,1.25
S02583,Loamy sand,87.0,9.8,3.2,0.3,0.17,1.66,0.374,0.101,0.039,0.062,21.6,0.578,0.158,0.952,952.0,normal(<1),5.89,28.0,94.0,14.0,65.0,16.0,0.0,76.0,0.1
S02584,Loam,35.6,37.7,26.7,0.87,0.51,1.493,0.437,0.232,0.086,0.146,30.7,0.704,0.129,0.307,307.0,normal(<1),7.21,23.9,108.0,0.0,389.0,25.0,17.0,408.0,0.31
S02585,Clay loam,35.7,34.7,29.6,3.53,2.05,1.5,0.434,0.244,0.091,0.153,18.4,0.424,0.25,0.317,317.0,normal(<1),6.65,23.1,94.0,10.0,274.0,99.0,21.0,385.0,3.82
S02586,Sandy loam,69.5,16.1,14.4,2.29,1.33,1.592,0.399,0.172,0.075,0.097,20.1,0.503,0.198,0.311,311.0,normal(<1),6.36,30.4,0.0,35.0,151.0,20.0,32.0,200.0,2.02
S02587,Clay loam,33.7,29.1,37.2,3.34,1.94,1.478,0.442,0.257,0.104,0.154,29.4,0.664,0.149,0.592,592.0,normal(<1),6.24,12.8,71.0,24.0,235.0,63.0,28.0,331.0,3.3
S02588,Silty clay loam,3.1,64.8,32.0,3.26,1.89,1.487,0.439,0.244,0.139,0.105,18.5,0.421,0.254,0.514,514.0,normal(<1),7.2,33.7,37.0,22.0,493.0,53.0,18.0,626.0,3.27
S02589,Silty clay loam,14.4,55.9,29.6,1.33,0.77,1.564,0.41,0.257,0.123,0.135,25.1,0.613,0.159,0.711,711.0,normal(<1),6.3,25.9,66.0,43.0,500.0,21.0,19.0,571.0,1.46
S02590,Clay,6.6,32.5,60.9,2.59,1.5,1.476,0.443,0.284,0.162,0.122,29.6,0.668,0.147,5.538,5538.0,detrimental(>3),7.43,33.2,310.0,162.0,479.0,63.0,15.0,429.0,2.63
S02591,Sandy clay loam,60.4,4.6,35.0,1.06,0.61,1.586,0.402,0.178,0.085,0.093,19.2,0.479,0.209,0.162,162.0,normal(<1),6.81,34.1,29.0,0.0,81.0,22.0,2.0,166.0,1.3
S02592,Sandy loam,65.7,25.5,8.8,3.36,1.95,1.639,0.381,0.161,0.08,0.08,16.8,0.439,0.214,0.595,595.0,normal(<1),6.49,35.4,88.0,45.0,195.0,74.0,26.0,246.0,3.59
S02593,Sandy loam,64.8,27.0,8.2,1.98,1.15,1.597,0.397,0.176,0.051,0.124,24.3,0.612,0.154,1.158,1158.0,germination-critical(1-2),6.96,23.2,74.0,42.0,204.0,38.0,9.0,238.0,1.63
S02594,Loam,45.3,31.6,23.0,4.12,2.39,1.594,0.399,0.203,0.085,0.117,25.2,0.632,0.147,0.121,121.0,normal(<1),6.22,28.3,6.0,26.0,319.0,58.0,35.0,388.0,4.27
S02595,Sandy loam,77.2,7.9,14.9,1.33,0.77,1.583,0.403,0.152,0.06,0.092,14.7,0.365,0.256,0.247,247.0,normal(<1),6.13,32.1,35.0,15.0,119.0,16.0,6.0,223.0,1.17
S02596,Silty clay,2.3,49.2,48.5,2.11,1.22,1.494,0.436,0.277,0.145,0.132,29.0,0.664,0.146,0.186,186.0,normal(<1),6.29,37.2,24.0,21.0,409.0,55.0,30.0,583.0,2.45
S02597,Sandy loam,70.6,19.5,9.9,1.83,1.06,1.598,0.397,0.155,0.061,0.094,12.8,0.324,0.268,0.276,276.0,normal(<1),6.64,29.9,22.0,0.0,206.0,45.0,10.0,197.0,2.0
S02598,Silt loam,1.3,81.1,17.6,1.24,0.72,1.588,0.401,0.245,0.095,0.15,19.7,0.493,0.203,0.657,657.0,normal(<1),6.17,33.5,21.0,41.0,644.0,31.0,17.0,783.0,1.29
S02599,Sandy clay,58.0,4.7,37.3,2.42,1.4,1.456,0.45,0.203,0.099,0.105,27.5,0.61,0.176,0.266,266.0,normal(<1),6.47,20.4,90.0,52.0,179.0,57.0,20.0,178.0,2.64
S02600,Sandy clay,55.9,1.4,42.6,2.99,1.74,1.487,0.439,0.192,0.117,0.075,22.7,0.517,0.212,1.59,1590.0,germination-critical(1-2),6.25,32.2,75.0,68.0,136.0,39.0,13.0,159.0,3.24
S02601,Clay loam,31.4,31.6,37.1,2.73,1.58,1.466,0.447,0.217,0.097,0.12,26.3,0.589,0.184,1.288,1288.0,germination-critical(1-2),6.24,24.5,69.0,30.0,326.0,56.0,29.0,376.0,2.55
S02602,Silty clay loam,12.2,57.0,30.8,2.02,1.17,1.464,0.448,0.254,0.103,0.151,19.9,0.446,0.248,0.602,602.0,normal(<1),7.04,29.9,112.0,34.0,463.0,55.0,8.0,493.0,1.73
S02603,Loamy sand,82.9,10.5,6.6,1.64,0.95,1.637,0.382,0.122,0.042,0.079,19.8,0.519,0.184,0.843,843.0,normal(<1),6.34,23.3,83.0,54.0,97.0,37.0,9.0,103.0,1.64
S02604,Sandy clay loam,54.2,12.1,33.8,1.26,0.73,1.525,0.425,0.185,0.107,0.079,26.9,0.633,0.156,0.168,168.0,normal(<1),6.8,27.4,15.0,0.0,135.0,22.0,9.0,256.0,1.24
S02605,Clay loam,30.8,30.0,39.2,1.83,1.06,1.476,0.443,0.258,0.137,0.121,35.1,0.791,0.092,0.185,185.0,normal(<1),7.38,27.6,60.0,32.0,377.0,55.0,13.0,410.0,1.87
S02606,Sand,88.8,10.7,0.5,0.3,0.17,1.633,0.384,0.111,0.026,0.085,15.8,0.411,0.226,0.828,828.0,normal(<1),6.0,23.7,82.0,54.0,189.0,19.0,7.0,147.0,0.76
S02607,Sandy clay loam,49.3,21.4,29.3,1.02,0.59,1.461,0.449,0.18,0.093,0.087,18.2,0.405,0.267,2.699,2699.0,salt-sensitive-critical(2-3),6.06,22.6,164.0,85.0,317.0,22.0,2.0,312.0,0.98
S02608,Loamy sand,89.8,4.6,5.6,1.2,0.7,1.67,0.37,0.115,0.066,0.049,14.1,0.382,0.229,0.285,285.0,normal(<1),6.85,36.9,55.0,0.0,132.0,27.0,7.0,134.0,1.39
S02609,Silt loam,0.3,83.2,16.5,1.06,0.62,1.544,0.417,0.223,0.116,0.107,30.1,0.721,0.117,0.308,308.0,normal(<1),6.3,28.0,37.0,40.0,599.0,39.0,16.0,792.0,1.16
S02610,Sandy loam,58.1,34.5,7.4,1.2,0.69,1.611,0.392,0.144,0.068,0.076,18.8,0.479,0.204,1.421,1421.0,germination-critical(1-2),6.04,21.4,104.0,26.0,249.0,31.0,13.0,287.0,1.19
S02611,Clay loam,20.8,39.3,39.9,3.19,1.85,1.498,0.435,0.236,0.117,0.12,22.5,0.517,0.21,0.998,998.0,normal(<1),6.56,26.1,119.0,32.0,291.0,54.0,9.0,377.0,3.37
S02612,Sandy clay loam,61.1,7.7,31.2,3.0,1.74,1.537,0.42,0.194,0.101,0.093,17.9,0.427,0.241,1.663,1663.0,germination-critical(1-2),6.54,29.7,99.0,80.0,205.0,61.0,20.0,237.0,2.79
S02613,Silty clay,18.3,40.4,41.3,5.52,3.2,1.317,0.503,0.25,0.122,0.128,26.8,0.533,0.235,0.836,836.0,normal(<1),5.59,29.9,96.0,39.0,424.0,77.0,38.0,498.0,5.29
S02614,Loamy sand,78.6,7.2,14.2,3.65,2.12,1.62,0.389,0.151,0.066,0.084,15.7,0.405,0.231,0.311,311.0,normal(<1),6.73,24.9,65.0,34.0,146.0,81.0,18.0,158.0,3.3
S02615,Loamy sand,82.3,4.9,12.8,0.3,0.17,1.559,0.412,0.119,0.054,0.065,25.5,0.62,0.157,0.471,471.0,normal(<1),6.54,27.4,22.0,9.0,141.0,25.0,11.0,169.0,0.25
S02616,Silty clay,16.9,41.5,41.5,1.74,1.01,1.522,0.426,0.265,0.121,0.144,29.1,0.683,0.135,0.732,732.0,normal(<1),6.53,26.7,98.0,43.0,411.0,55.0,9.0,497.0,1.29
S02617,Sandy clay loam,62.3,13.5,24.2,1.62,0.94,1.588,0.401,0.182,0.062,0.12,15.8,0.395,0.242,0.758,758.0,normal(<1),6.66,23.5,54.0,54.0,259.0,34.0,9.0,248.0,1.58
S02618,Clay loam,25.4,37.0,37.6,2.03,1.18,1.45,0.453,0.241,0.121,0.119,31.9,0.703,0.134,0.712,712.0,normal(<1),6.56,25.5,72.0,19.0,417.0,42.0,16.0,467.0,1.98
S02619,Sandy loam,55.9,35.9,8.2,3.12,1.81,1.499,0.434,0.173,0.07,0.104,28.7,0.66,0.147,0.565,565.0,normal(<1),6.64,33.3,103.0,48.0,208.0,79.0,34.0,302.0,3.39
S02620,Silty clay,3.4,52.6,44.0,2.8,1.63,1.451,0.452,0.312,0.122,0.19,24.7,0.545,0.206,1.072,1072.0,germination-critical(1-2),6.52,23.7,110.0,60.0,499.0,57.0,19.0,629.0,2.88
S02621,Clay,25.4,17.5,57.1,3.01,1.75,1.447,0.454,0.268,0.139,0.129,32.1,0.708,0.133,0.248,248.0,normal(<1),6.18,21.5,77.0,64.0,217.0,82.0,45.0,315.0,3.1
S02622,Sandy clay loam,52.9,21.3,25.7,3.71,2.15,1.594,0.399,0.21,0.095,0.114,22.1,0.554,0.178,0.418,418.0,normal(<1),6.75,36.5,81.0,48.0,210.0,64.0,39.0,275.0,3.58
S02623,Silt loam,28.1,53.3,18.6,1.02,0.59,1.507,0.431,0.206,0.106,0.1,17.6,0.408,0.256,0.245,245.0,normal(<1),5.97,34.9,65.0,0.0,360.0,38.0,10.0,496.0,0.7
S02624,Sandy clay loam,49.2,21.7,29.1,2.17,1.26,1.521,0.426,0.216,0.092,0.124,24.0,0.563,0.186,0.204,204.0,normal(<1),5.99,26.6,20.0,52.0,211.0,56.0,36.0,248.0,2.14
S02625,Clay loam,41.8,21.7,36.5,1.43,0.83,1.54,0.419,0.204,0.094,0.109,23.1,0.552,0.187,0.878,878.0,normal(<1),6.92,24.1,86.0,21.0,232.0,49.0,21.0,265.0,2.02
S02626,Sandy loam,67.2,18.6,14.3,3.2,1.86,1.589,0.4,0.187,0.07,0.117,28.3,0.706,0.118,0.437,437.0,normal(<1),7.0,28.5,38.0,30.0,204.0,64.0,19.0,246.0,3.03
S02627,Loam,41.3,38.0,20.6,2.4,1.39,1.452,0.452,0.23,0.094,0.136,29.3,0.649,0.159,0.559,559.0,normal(<1),6.83,30.0,57.0,5.0,400.0,44.0,20.0,421.0,2.46
S02628,Loam,43.1,46.9,10.0,1.09,0.63,1.59,0.4,0.195,0.084,0.112,29.7,0.742,0.103,0.104,104.0,normal(<1),6.59,24.4,85.0,2.0,348.0,30.0,12.0,367.0,0.7
S02629,Silt loam,10.1,72.2,17.8,3.52,2.04,1.53,0.423,0.219,0.108,0.11,24.3,0.574,0.18,0.427,427.0,normal(<1),6.29,31.6,33.0,70.0,541.0,65.0,46.0,638.0,3.62
S02630,Loam,28.7,45.4,25.9,2.6,1.51,1.547,0.416,0.21,0.101,0.109,27.6,0.664,0.14,0.437,437.0,normal(<1),5.98,29.8,110.0,42.0,330.0,79.0,24.0,505.0,2.65
S02631,Loam,41.8,41.8,16.4,2.2,1.28,1.607,0.393,0.182,0.079,0.102,23.3,0.592,0.161,1.305,1305.0,germination-critical(1-2),6.3,27.9,102.0,67.0,282.0,41.0,28.0,356.0,2.18
S02632,Sandy loam,50.9,39.7,9.5,0.79,0.46,1.502,0.433,0.16,0.073,0.087,18.6,0.43,0.247,2.032,2032.0,salt-sensitive-critical(2-3),6.88,29.7,121.0,87.0,364.0,19.0,16.0,390.0,0.41
S02633,Silty clay loam,4.0,65.0,31.0,1.42,0.83,1.507,0.431,0.263,0.115,0.148,30.8,0.715,0.123,0.49,490.0,normal(<1),5.92,21.7,79.0,3.0,523.0,54.0,21.0,652.0,1.34
S02634,Silt loam,6.7,80.4,13.0,1.51,0.87,1.584,0.402,0.226,0.089,0.138,26.0,0.646,0.142,0.239,239.0,normal(<1),6.01,30.6,49.0,21.0,631.0,52.0,37.0,800.0,1.34
S02635,Silt loam,26.2,67.1,6.7,2.17,1.26,1.596,0.398,0.188,0.095,0.092,30.9,0.777,0.089,0.218,218.0,normal(<1),6.81,24.1,60.0,47.0,486.0,48.0,11.0,593.0,1.78
S02636,Sand,90.1,5.3,4.6,1.41,0.82,1.628,0.386,0.131,0.051,0.079,10.7,0.278,0.278,0.276,276.0,normal(<1),6.64,30.1,55.0,33.0,75.0,36.0,3.0,121.0,2.32
S02637,Sand,99.0,0.8,0.2,1.13,0.65,1.626,0.387,0.119,0.032,0.087,11.9,0.307,0.268,0.172,172.0,normal(<1),6.44,24.9,0.0,0.0,32.0,22.0,9.0,68.0,0.75
S02638,Sandy clay,48.7,1.1,50.3,2.66,1.54,1.464,0.447,0.203,0.114,0.089,14.8,0.33,0.3,0.265,265.0,normal(<1),6.17,26.7,67.0,4.0,294.0,92.0,18.0,275.0,2.71
S02639,Sandy loam,73.4,13.0,13.6,1.05,0.61,1.553,0.414,0.132,0.062,0.07,17.8,0.43,0.236,0.277,277.0,normal(<1),6.51,27.0,16.0,42.0,217.0,30.0,26.0,235.0,0.91
S02640,Loam,42.3,31.5,26.2,4.57,2.65,1.476,0.443,0.238,0.094,0.144,23.4,0.528,0.209,0.904,904.0,normal(<1),6.79,26.7,101.0,74.0,291.0,91.0,37.0,336.0,4.89
S02641,Silt loam,14.4,74.0,11.7,3.23,1.87,1.449,0.453,0.207,0.104,0.104,30.8,0.679,0.146,0.122,122.0,normal(<1),6.48,32.1,44.0,16.0,479.0,48.0,26.0,659.0,3.13
S02642,Sand,90.7,8.3,0.9,1.79,1.04,1.611,0.392,0.092,0.037,0.055,22.8,0.582,0.164,2.563,2563.0,salt-sensitive-critical(2-3),6.84,29.5,136.0,39.0,139.0,54.0,12.0,111.0,2.18
S02643,Silt loam,18.3,72.1,9.6,3.72,2.16,1.522,0.426,0.199,0.1,0.1,26.2,0.616,0.164,8.0,8000.0,detrimental(>3),6.97,34.6,424.0,261.0,675.0,92.0,27.0,657.0,4.06
S02644,Sand,86.6,7.2,6.2,0.3,0.17,1.54,0.419,0.136,0.051,0.084,28.6,0.683,0.133,0.739,739.0,normal(<1),6.68,32.5,62.0,14.0,36.0,14.0,7.0,53.0,0.2
S02645,Silty clay loam,10.1,59.0,30.9,1.49,0.86,1.606,0.394,0.238,0.108,0.13,25.1,0.638,0.143,5.559,5559.0,detrimental(>3),7.13,28.9,303.0,174.0,518.0,28.0,25.0,564.0,1.43
S02646,Loam,43.5,31.4,25.2,2.5,1.45,1.517,0.428,0.238,0.103,0.135,24.1,0.563,0.187,0.192,192.0,normal(<1),6.89,29.2,32.0,66.0,301.0,63.0,28.0,348.0,2.08
S02647,Clay loam,31.1,38.8,30.1,2.3,1.34,1.482,0.441,0.204,0.102,0.102,30.5,0.693,0.135,0.581,581.0,normal(<1),6.12,33.6,107.0,52.0,419.0,62.0,15.0,443.0,2.45
S02648,Clay loam,40.2,20.0,39.8,2.87,1.67,1.492,0.437,0.234,0.104,0.131,20.2,0.462,0.235,0.05,50.0,normal(<1),6.38,28.8,25.0,25.0,359.0,59.0,23.0,373.0,2.61
S02649,Loamy sand,71.2,22.4,6.4,2.08,1.2,1.596,0.398,0.147,0.043,0.103,24.4,0.614,0.154,0.359,359.0,normal(<1),6.95,25.1,20.0,38.0,207.0,13.0,15.0,233.0,1.93
S02650,Sand,89.2,9.2,1.6,0.88,0.51,1.648,0.378,0.126,0.045,0.081,19.2,0.507,0.186,0.146,146.0,normal(<1),7.02,18.2,69.0,14.0,137.0,31.0,7.0,127.0,1.27
S02651,Sandy clay loam,60.5,6.6,32.9,2.08,1.21,1.548,0.416,0.181,0.092,0.089,16.4,0.395,0.252,0.171,171.0,normal(<1),6.41,27.3,0.0,18.0,131.0,58.0,5.0,114.0,2.32
S02652,Silty clay,9.8,48.2,42.0,1.92,1.11,1.473,0.444,0.267,0.12,0.147,26.7,0.602,0.177,0.391,391.0,normal(<1),6.1,26.2,45.0,56.0,492.0,50.0,14.0,547.0,1.95
S02653,Silty clay,1.4,45.0,53.7,3.39,1.97,1.412,0.467,0.313,0.163,0.15,20.0,0.427,0.267,0.277,277.0,normal(<1),5.85,31.1,27.0,58.0,474.0,66.0,51.0,588.0,3.52
S02654,Silty clay loam,17.9,52.7,29.4,1.95,1.13,1.602,0.396,0.24,0.108,0.132,25.9,0.655,0.136,0.609,609.0,normal(<1),6.29,22.3,68.0,83.0,448.0,51.0,30.0,504.0,1.95
S02655,Loamy sand,70.5,25.6,3.9,0.99,0.57,1.601,0.396,0.184,0.04,0.145,24.6,0.622,0.15,2.758,2758.0,salt-sensitive-critical(2-3),7.08,29.5,172.0,89.0,259.0,29.0,5.0,254.0,1.0
S02656,Clay,30.6,21.4,48.0,2.9,1.68,1.452,0.452,0.271,0.111,0.16,22.2,0.491,0.23,1.449,1449.0,germination-critical(1-2),5.85,24.7,106.0,77.0,309.0,53.0,39.0,355.0,3.42
S02657,Loam,37.2,42.7,20.1,0.93,0.54,1.598,0.397,0.218,0.083,0.135,19.2,0.483,0.205,0.419,419.0,normal(<1),6.12,38.0,61.0,56.0,359.0,20.0,30.0,451.0,1.11
S02658,Sandy clay loam,59.9,6.1,34.0,3.27,1.9,1.474,0.444,0.19,0.094,0.095,20.4,0.459,0.24,0.535,535.0,normal(<1),6.82,28.1,91.0,51.0,182.0,54.0,19.0,199.0,3.67
S02659,Sand,92.5,4.4,3.1,1.84,1.07,1.598,0.397,0.108,0.042,0.066,18.0,0.454,0.217,0.253,253.0,normal(<1),6.34,20.6,51.0,52.0,118.0,30.0,24.0,112.0,1.89
S02660,Clay,12.9,29.5,57.6,2.63,1.53,1.415,0.466,0.286,0.133,0.153,34.2,0.733,0.124,0.384,384.0,normal(<1),6.51,18.8,53.0,34.0,300.0,75.0,52.0,407.0,3.16
S02661,Loam,33.9,40.5,25.6,1.47,0.85,1.451,0.453,0.206,0.087,0.119,23.8,0.525,0.215,0.153,153.0,normal(<1),6.44,23.4,71.0,14.0,381.0,61.0,25.0,443.0,1.47
S02662,Loam,32.9,45.9,21.2,4.41,2.56,1.414,0.467,0.213,0.101,0.113,19.8,0.424,0.269,0.386,386.0,normal(<1),6.21,29.2,95.0,36.0,392.0,86.0,34.0,468.0,4.87
S02663,Silty clay loam,18.2,46.6,35.2,2.95,1.71,1.52,0.426,0.244,0.11,0.134,27.3,0.641,0.153,0.487,487.0,normal(<1),6.56,22.9,66.0,21.0,479.0,61.0,33.0,599.0,2.61
S02664,Sandy loam,49.8,38.4,11.7,1.51,0.87,1.626,0.387,0.184,0.067,0.117,21.7,0.562,0.169,0.452,452.0,normal(<1),6.58,30.7,44.0,12.0,238.0,47.0,14.0,288.0,1.34
S02665,Clay,26.7,8.5,64.9,2.59,1.5,1.406,0.469,0.262,0.149,0.113,31.8,0.677,0.151,0.846,846.0,normal(<1),7.03,23.3,127.0,18.0,275.0,58.0,29.0,352.0,2.59
S02666,Sandy loam,70.2,20.0,9.8,2.37,1.38,1.518,0.427,0.14,0.045,0.096,22.2,0.519,0.205,1.238,1238.0,germination-critical(1-2),6.49,29.2,108.0,31.0,173.0,59.0,31.0,221.0,2.2
S02667,Sandy loam,66.8,20.6,12.7,1.1,0.64,1.576,0.405,0.164,0.081,0.083,26.0,0.643,0.145,0.058,58.0,normal(<1),6.35,29.7,46.0,11.0,174.0,51.0,11.0,245.0,1.65
S02668,Sand,93.0,5.1,1.9,1.23,0.72,1.601,0.396,0.132,0.023,0.109,22.0,0.555,0.176,0.273,273.0,normal(<1),6.57,23.1,37.0,39.0,138.0,23.0,33.0,102.0,1.2
S02669,Silt loam,11.9,85.2,2.9,1.99,1.15,1.554,0.414,0.214,0.081,0.133,25.1,0.608,0.162,0.961,961.0,normal(<1),6.82,22.1,78.0,8.0,568.0,58.0,10.0,731.0,2.16
S02670,Silty clay,7.0,49.1,43.9,2.62,1.52,1.427,0.462,0.259,0.139,0.12,24.9,0.539,0.213,1.334,1334.0,germination-critical(1-2),6.35,27.4,85.0,39.0,448.0,67.0,34.0,573.0,2.92
S02671,Loam,41.2,34.9,23.9,3.38,1.96,1.531,0.422,0.201,0.084,0.117,30.2,0.714,0.121,0.763,763.0,normal(<1),5.84,22.3,26.0,42.0,266.0,36.0,29.0,321.0,3.53
S02672,Sand,88.6,7.8,3.6,2.02,1.17,1.496,0.436,0.123,0.025,0.098,18.3,0.42,0.253,0.208,208.0,normal(<1),6.21,32.9,47.0,32.0,126.0,39.0,10.0,131.0,1.92
S02673,Loam,40.7,37.3,22.0,3.46,2.0,1.603,0.395,0.223,0.097,0.126,20.8,0.528,0.186,0.569,569.0,normal(<1),5.92,24.2,43.0,14.0,309.0,67.0,30.0,413.0,3.66
S02674,Loam,47.4,44.8,7.8,1.95,1.13,1.574,0.406,0.168,0.079,0.089,18.9,0.466,0.217,0.46,460.0,normal(<1),6.5,25.6,50.0,63.0,374.0,44.0,6.0,443.0,2.05
S02675,Silty clay loam,7.1,58.8,34.1,4.66,2.7,1.406,0.469,0.244,0.13,0.114,27.0,0.575,0.199,0.417,417.0,normal(<1),6.4,31.4,66.0,5.0,455.0,88.0,42.0,573.0,4.38
S02676,Sand,86.0,10.3,3.7,3.36,1.95,1.549,0.415,0.125,0.047,0.078,20.8,0.501,0.207,3.564,3564.0,detrimental(>3),6.59,19.6,257.0,97.0,117.0,69.0,8.0,103.0,3.58
S02677,Sandy clay loam,49.5,18.8,31.7,3.28,1.91,1.475,0.443,0.243,0.107,0.136,31.5,0.71,0.129,0.303,303.0,normal(<1),6.61,39.7,60.0,40.0,346.0,95.0,31.0,362.0,2.93
S02678,Clay loam,20.6,51.6,27.8,1.42,0.82,1.565,0.409,0.249,0.101,0.148,21.9,0.535,0.19,0.399,399.0,normal(<1),6.76,24.7,45.0,9.0,371.0,13.0,19.0,561.0,1.64
S02679,Loamy sand,84.3,6.1,9.6,0.31,0.18,1.592,0.399,0.136,0.028,0.107,22.7,0.567,0.173,0.387,387.0,normal(<1),6.48,21.0,18.0,21.0,141.0,22.0,3.0,109.0,0.36
S02680,Clay loam,41.9,26.0,32.1,2.12,1.23,1.499,0.434,0.231,0.094,0.137,31.0,0.715,0.124,0.922,922.0,normal(<1),5.89,31.4,85.0,64.0,209.0,51.0,34.0,327.0,2.4
S02681,Clay loam,31.9,39.4,28.7,3.29,1.91,1.45,0.453,0.234,0.115,0.119,27.3,0.603,0.18,0.319,319.0,normal(<1),6.4,21.0,48.0,0.0,418.0,105.0,18.0,440.0,3.3
S02682,Loamy sand,76.8,14.0,9.2,2.09,1.21,1.604,0.395,0.145,0.039,0.106,15.0,0.381,0.244,0.393,393.0,normal(<1),6.15,34.8,67.0,48.0,68.0,65.0,29.0,120.0,1.8
S02683,Sandy loam,60.4,29.9,9.7,2.5,1.45,1.677,0.367,0.161,0.062,0.099,18.5,0.503,0.183,1.021,1021.0,germination-critical(1-2),5.8,23.7,77.0,38.0,261.0,56.0,2.0,311.0,2.46
S02684,Loamy sand,88.7,6.1,5.2,0.3,0.17,1.664,0.372,0.123,0.036,0.088,10.2,0.273,0.271,0.355,355.0,normal(<1),6.36,25.9,34.0,14.0,26.0,27.0,4.0,77.0,0.55
S02685,Sandy clay loam,52.8,25.4,21.8,0.57,0.33,1.613,0.391,0.193,0.074,0.119,25.2,0.643,0.14,0.244,244.0,normal(<1),6.12,38.2,68.0,0.0,321.0,36.0,0.0,372.0,0.4
S02686,Sandy loam,59.9,23.0,17.1,0.68,0.39,1.613,0.391,0.182,0.065,0.117,14.6,0.374,0.245,0.961,961.0,normal(<1),6.76,17.4,81.0,32.0,279.0,61.0,13.0,277.0,0.44
S02687,Loam,38.1,35.7,26.2,2.94,1.71,1.451,0.453,0.239,0.127,0.113,25.5,0.564,0.197,0.385,385.0,normal(<1),6.64,36.6,38.0,26.0,279.0,71.0,25.0,356.0,3.11
S02688,Silt loam,24.5,65.1,10.4,2.07,1.2,1.579,0.404,0.227,0.092,0.135,17.1,0.424,0.233,2.176,2176.0,salt-sensitive-critical(2-3),6.87,32.3,165.0,45.0,458.0,60.0,15.0,536.0,1.91
S02689,Silt loam,5.4,81.3,13.3,1.37,0.8,1.579,0.404,0.249,0.117,0.132,23.7,0.587,0.167,0.113,113.0,normal(<1),6.58,18.4,17.0,10.0,563.0,20.0,22.0,739.0,1.23
S02690,Silt loam,12.1,71.5,16.4,1.27,0.74,1.495,0.436,0.236,0.081,0.155,20.8,0.477,0.228,0.628,628.0,normal(<1),6.52,30.7,49.0,41.0,526.0,39.0,26.0,640.0,1.74
S02691,Silty clay,7.1,40.8,52.1,4.27,2.47,1.454,0.451,0.272,0.145,0.127,31.4,0.696,0.137,1.335,1335.0,germination-critical(1-2),6.45,28.8,110.0,56.0,419.0,75.0,47.0,503.0,4.28
S02692,Loamy sand,80.3,7.4,12.3,3.75,2.17,1.385,0.477,0.152,0.069,0.083,15.0,0.314,0.327,1.22,1220.0,germination-critical(1-2),7.06,33.5,111.0,66.0,100.0,59.0,17.0,129.0,3.73
S02693,Loam,36.1,43.8,20.1,2.16,1.25,1.478,0.442,0.199,0.081,0.118,23.5,0.531,0.207,0.295,295.0,normal(<1),6.83,29.9,13.0,37.0,310.0,24.0,29.0,406.0,2.72
S02694,Sandy clay,46.6,1.7,51.7,3.49,2.03,1.402,0.471,0.197,0.122,0.075,33.8,0.717,0.133,0.586,586.0,normal(<1),6.66,20.7,54.0,46.0,158.0,67.0,25.0,224.0,3.55
S02695,Sandy loam,79.4,5.0,15.6,1.83,1.06,1.545,0.417,0.147,0.052,0.095,17.5,0.419,0.242,0.275,275.0,normal(<1),6.45,29.1,19.0,11.0,152.0,51.0,7.0,122.0,1.77
S02696,Clay,18.3,16.7,65.0,2.68,1.55,1.501,0.433,0.253,0.131,0.122,30.6,0.706,0.127,1.227,1227.0,germination-critical(1-2),6.75,22.6,157.0,79.0,355.0,33.0,32.0,354.0,2.44
S02697,Sandy loam,54.7,34.7,10.7,2.01,1.16,1.557,0.413,0.167,0.062,0.105,19.3,0.467,0.22,0.233,233.0,normal(<1),6.1,33.9,30.0,47.0,244.0,43.0,23.0,293.0,1.94
S02698,Silty clay,8.9,45.8,45.3,2.43,1.41,1.4,0.472,0.251,0.124,0.127,30.6,0.649,0.166,0.447,447.0,normal(<1),6.26,38.5,20.0,38.0,401.0,29.0,24.0,532.0,2.16
S02699,Loamy sand,70.3,25.4,4.3,0.41,0.24,1.635,0.383,0.15,0.066,0.084,17.1,0.446,0.212,0.651,651.0,normal(<1),6.51,32.4,50.0,5.0,290.0,35.0,0.0,282.0,0.29
S02700,Sand,88.8,8.1,3.1,1.89,1.1,1.673,0.369,0.133,0.054,0.079,15.2,0.411,0.217,0.162,162.0,normal(<1),6.64,27.2,51.0,6.0,86.0,28.0,15.0,123.0,1.87
S02701,Loamy sand,78.8,6.9,14.3,1.57,0.91,1.603,0.395,0.116,0.043,0.073,15.0,0.38,0.245,0.247,247.0,normal(<1),6.64,24.5,9.0,3.0,49.0,50.0,14.0,99.0,1.13
S02702,Loamy sand,84.4,3.5,12.1,0.3,0.17,1.609,0.393,0.091,0.052,0.039,19.4,0.495,0.198,0.243,243.0,normal(<1),5.97,32.1,13.0,0.0,42.0,31.0,17.0,85.0,0.0
S02703,Clay loam,28.6,37.0,34.3,2.62,1.52,1.558,0.412,0.233,0.122,0.111,29.2,0.707,0.121,0.337,337.0,normal(<1),6.92,28.4,118.0,20.0,414.0,95.0,17.0,489.0,2.84
S02704,Silt loam,14.6,66.6,18.8,1.65,0.96,1.505,0.432,0.226,0.091,0.135,28.5,0.66,0.147,0.215,215.0,normal(<1),6.07,23.8,61.0,0.0,483.0,54.0,25.0,565.0,1.67
S02705,Sandy clay loam,58.0,20.3,21.8,0.67,0.39,1.615,0.39,0.158,0.072,0.086,19.9,0.511,0.191,0.512,512.0,normal(<1),6.48,21.2,71.0,23.0,299.0,27.0,5.0,312.0,0.82
S02706,Loam,32.3,42.8,24.9,1.9,1.1,1.589,0.4,0.206,0.085,0.121,14.2,0.355,0.258,0.292,292.0,normal(<1),7.07,29.9,32.0,44.0,289.0,41.0,15.0,372.0,1.84
S02707,Clay loam,31.0,35.0,34.0,1.74,1.01,1.518,0.427,0.223,0.106,0.116,31.8,0.743,0.11,0.748,748.0,normal(<1),6.29,19.5,26.0,28.0,337.0,39.0,26.0,424.0,1.69
S02708,Silty clay loam,16.7,51.3,32.0,4.78,2.77,1.545,0.417,0.245,0.121,0.123,28.7,0.688,0.13,0.678,678.0,normal(<1),6.92,29.5,96.0,35.0,377.0,83.0,44.0,512.0,4.59
S02709,Silt loam,25.1,68.9,6.0,3.85,2.23,1.441,0.456,0.227,0.085,0.141,29.1,0.639,0.165,0.16,160.0,normal(<1),7.08,28.6,0.0,14.0,392.0,93.0,23.0,558.0,3.87
S02710,Loamy sand,86.6,8.4,5.0,3.98,2.31,1.515,0.428,0.123,0.064,0.059,23.2,0.541,0.197,0.802,802.0,normal(<1),6.35,27.8,107.0,29.0,138.0,77.0,34.0,139.0,3.85
S02711,Clay,35.2,16.8,48.0,2.27,1.32,1.438,0.457,0.255,0.126,0.129,11.8,0.259,0.339,0.227,227.0,normal(<1),6.38,32.1,16.0,0.0,190.0,46.0,11.0,218.0,2.37
S02712,Clay loam,31.1,41.7,27.2,1.95,1.13,1.523,0.425,0.211,0.116,0.094,25.3,0.595,0.172,0.242,242.0,normal(<1),6.21,31.6,29.0,0.0,425.0,41.0,18.0,484.0,1.86
S02713,Silty clay loam,13.7,55.5,30.8,2.51,1.45,1.49,0.438,0.253,0.106,0.147,30.7,0.701,0.131,0.451,451.0,normal(<1),6.58,27.1,25.0,19.0,440.0,54.0,9.0,556.0,2.63
S02714,Clay,19.2,26.8,54.0,2.42,1.4,1.453,0.452,0.245,0.133,0.112,17.8,0.393,0.274,0.128,128.0,normal(<1),6.43,27.5,56.0,1.0,288.0,72.0,10.0,376.0,2.31
S02715,Silty clay,0.8,53.3,45.9,2.59,1.5,1.444,0.455,0.261,0.134,0.127,19.1,0.419,0.264,0.458,458.0,normal(<1),6.34,20.5,52.0,38.0,496.0,71.0,30.0,640.0,2.32
S02716,Sandy loam,67.6,15.3,17.1,3.36,1.95,1.581,0.403,0.194,0.083,0.11,26.3,0.651,0.141,0.789,789.0,normal(<1),6.75,25.3,92.0,27.0,144.0,91.0,20.0,248.0,3.31
S02717,Silt loam,21.3,59.1,19.7,0.85,0.49,1.614,0.391,0.197,0.102,0.094,24.4,0.624,0.147,0.355,355.0,normal(<1),6.43,27.2,17.0,58.0,424.0,16.0,13.0,526.0,1.07
S02718,Sand,89.8,2.5,7.7,0.3,0.17,1.658,0.374,0.148,0.03,0.118,19.6,0.523,0.178,0.335,335.0,normal(<1),6.43,29.8,5.0,0.0,25.0,5.0,1.0,70.0,0.29
S02719,Silty clay,2.2,50.1,47.7,3.26,1.89,1.432,0.46,0.292,0.142,0.151,27.2,0.592,0.188,0.836,836.0,normal(<1),5.68,29.7,48.0,54.0,558.0,47.0,26.0,628.0,3.12
S02720,Sandy loam,46.4,47.4,6.2,3.44,2.0,1.486,0.439,0.181,0.071,0.11,24.8,0.564,0.191,0.504,504.0,normal(<1),6.24,27.1,33.0,43.0,331.0,69.0,20.0,368.0,3.53
S02721,Sandy clay,57.2,0.1,42.8,2.16,1.25,1.521,0.426,0.195,0.115,0.08,29.1,0.684,0.135,1.004,1004.0,germination-critical(1-2),6.83,25.4,44.0,63.0,151.0,51.0,27.0,145.0,2.23
S02722,Clay loam,32.4,28.1,39.6,1.46,0.85,1.515,0.428,0.252,0.122,0.13,21.7,0.506,0.211,0.05,50.0,normal(<1),6.1,31.8,0.0,33.0,311.0,17.0,20.0,391.0,1.42
S02723,Clay loam,41.7,23.5,34.8,1.53,0.89,1.471,0.445,0.223,0.118,0.104,24.5,0.551,0.2,1.334,1334.0,germination-critical(1-2),6.71,36.5,62.0,35.0,309.0,44.0,16.0,350.0,1.4
S02724,Sand,92.2,0.2,7.6,0.3,0.17,1.582,0.403,0.104,0.041,0.063,13.0,0.323,0.273,0.521,521.0,normal(<1),5.96,19.2,39.0,18.0,129.0,34.0,0.0,112.0,0.54
S02725,Silt loam,22.6,63.8,13.5,2.74,1.59,1.456,0.45,0.217,0.095,0.122,24.5,0.543,0.206,0.753,753.0,normal(<1),6.79,37.4,117.0,19.0,443.0,76.0,6.0,555.0,2.83
S02726,Silt loam,7.4,83.7,8.9,1.75,1.02,1.484,0.44,0.212,0.102,0.11,14.6,0.332,0.294,0.735,735.0,normal(<1),6.18,34.8,21.0,46.0,545.0,55.0,7.0,719.0,1.62
S02727,Loamy sand,86.4,10.4,3.2,1.1,0.64,1.572,0.407,0.117,0.038,0.079,17.5,0.43,0.232,0.328,328.0,normal(<1),6.62,36.1,77.0,11.0,28.0,42.0,11.0,89.0,1.19
S02728,Silt loam,17.1,77.1,5.8,1.29,0.75,1.535,0.421,0.213,0.086,0.127,29.5,0.701,0.126,0.495,495.0,normal(<1),7.39,28.3,52.0,0.0,603.0,54.0,19.0,694.0,1.43
S02729,Silty clay,17.5,40.3,42.3,2.93,1.7,1.334,0.497,0.242,0.152,0.09,29.3,0.59,0.204,1.122,1122.0,germination-critical(1-2),6.39,35.5,50.0,5.0,415.0,56.0,13.0,461.0,3.02
S02730,Silty clay,12.0,41.4,46.6,2.04,1.18,1.559,0.412,0.267,0.115,0.152,15.5,0.377,0.257,0.109,109.0,normal(<1),6.94,34.4,38.0,50.0,461.0,26.0,24.0,511.0,2.16
S02731,Sand,87.5,9.7,2.8,3.29,1.91,1.523,0.425,0.138,0.039,0.1,25.2,0.592,0.174,1.55,1550.0,germination-critical(1-2),6.67,23.7,147.0,42.0,183.0,86.0,36.0,152.0,2.98
S02732,Loam,46.3,42.2,11.5,1.37,0.79,1.582,0.403,0.193,0.075,0.119,23.4,0.582,0.169,0.166,166.0,normal(<1),6.31,31.5,6.0,19.0,363.0,26.0,8.0,443.0,1.59
S02733,Clay loam,37.8,23.4,38.8,4.43,2.57,1.439,0.457,0.225,0.118,0.107,24.2,0.529,0.215,0.66,660.0,normal(<1),6.36,27.1,77.0,57.0,295.0,92.0,35.0,334.0,4.44
S02734,Silty clay,10.8,42.7,46.5,2.92,1.69,1.443,0.455,0.266,0.129,0.137,30.6,0.672,0.149,0.283,283.0,normal(<1),6.39,25.6,86.0,54.0,472.0,78.0,25.0,540.0,2.7
S02735,Silt loam,4.4,85.6,10.0,2.07,1.2,1.574,0.406,0.228,0.106,0.122,21.0,0.517,0.196,0.097,97.0,normal(<1),6.44,28.3,94.0,21.0,664.0,43.0,25.0,782.0,1.86
S02736,Silt loam,21.6,54.4,24.1,2.25,1.3,1.585,0.402,0.228,0.103,0.124,20.8,0.517,0.194,0.797,797.0,normal(<1),6.58,32.4,39.0,52.0,443.0,56.0,13.0,567.0,1.67
S02737,Clay loam,31.7,34.9,33.4,2.48,1.44,1.523,0.425,0.247,0.098,0.149,29.4,0.691,0.131,0.151,151.0,normal(<1),5.29,23.6,0.0,0.0,329.0,41.0,10.0,384.0,2.74
S02738,Clay,42.6,13.8,43.6,2.4,1.39,1.481,0.441,0.222,0.086,0.136,27.5,0.625,0.165,0.985,985.0,normal(<1),6.78,27.7,105.0,56.0,306.0,41.0,28.0,346.0,2.48
S02739,Loam,32.7,49.2,18.1,2.12,1.23,1.508,0.431,0.192,0.079,0.113,30.1,0.699,0.13,0.31,310.0,normal(<1),7.03,29.2,40.0,35.0,430.0,46.0,20.0,457.0,1.98
S02740,Sandy clay loam,64.9,7.0,28.1,4.09,2.37,1.519,0.427,0.187,0.081,0.106,22.7,0.531,0.2,1.057,1057.0,germination-critical(1-2),5.76,27.7,97.0,9.0,159.0,61.0,12.0,161.0,3.87
S02741,Sandy loam,75.1,5.8,19.1,0.74,0.43,1.586,0.401,0.149,0.053,0.096,22.7,0.565,0.175,0.488,488.0,normal(<1),7.17,31.6,50.0,42.0,89.0,26.0,9.0,121.0,0.93
S02742,Loamy sand,75.5,17.8,6.7,1.29,0.75,1.635,0.383,0.173,0.061,0.112,14.3,0.372,0.241,2.484,2484.0,salt-sensitive-critical(2-3),6.34,33.7,135.0,108.0,275.0,49.0,15.0,226.0,1.41
S02743,Clay loam,27.7,39.5,32.8,1.98,1.15,1.473,0.444,0.244,0.094,0.15,34.2,0.769,0.102,0.281,281.0,normal(<1),6.04,29.5,27.0,48.0,307.0,39.0,25.0,421.0,1.61
S02744,Silty clay,10.2,40.7,49.1,2.79,1.62,1.461,0.449,0.281,0.146,0.135,29.0,0.646,0.159,0.648,648.0,normal(<1),7.81,27.1,28.0,81.0,444.0,63.0,39.0,525.0,2.08
S02745,Sandy loam,77.3,3.8,18.9,1.08,0.62,1.659,0.374,0.147,0.043,0.104,17.4,0.465,0.2,0.73,730.0,normal(<1),6.12,34.8,101.0,24.0,67.0,23.0,8.0,53.0,0.88
S02746,Loam,34.7,46.7,18.7,3.03,1.76,1.458,0.45,0.202,0.097,0.105,18.3,0.407,0.267,0.392,392.0,normal(<1),6.94,34.5,88.0,10.0,364.0,68.0,20.0,470.0,3.06
S02747,Sandy loam,53.3,40.3,6.4,2.01,1.16,1.599,0.397,0.171,0.062,0.109,24.6,0.62,0.151,1.262,1262.0,germination-critical(1-2),6.75,37.1,83.0,44.0,329.0,21.0,14.0,421.0,2.18
S02748,Loam,32.9,40.5,26.6,2.37,1.38,1.587,0.401,0.209,0.084,0.125,30.7,0.764,0.094,0.474,474.0,normal(<1),6.25,27.1,83.0,42.0,417.0,72.0,20.0,518.0,2.36
S02749,Sandy loam,49.3,45.4,5.3,1.96,1.14,1.577,0.405,0.189,0.068,0.121,20.9,0.516,0.196,1.367,1367.0,germination-critical(1-2),6.44,35.1,126.0,69.0,478.0,46.0,22.0,449.0,1.96
S02750,Clay,39.5,15.0,45.6,3.06,1.78,1.434,0.459,0.229,0.121,0.108,18.8,0.409,0.271,3.591,3591.0,detrimental(>3),6.49,19.8,206.0,89.0,373.0,47.0,3.0,352.0,3.49
S02751,Silty clay loam,12.3,58.4,29.3,2.3,1.33,1.554,0.414,0.244,0.114,0.13,22.6,0.546,0.188,0.827,827.0,normal(<1),6.62,29.7,40.0,93.0,408.0,47.0,15.0,600.0,2.16
S02752,Silt loam,17.8,69.3,12.9,1.99,1.15,1.587,0.401,0.232,0.095,0.136,29.0,0.723,0.111,0.271,271.0,normal(<1),6.73,26.6,58.0,6.0,473.0,65.0,7.0,578.0,1.97
S02753,Sandy loam,67.4,20.2,12.4,2.72,1.58,1.51,0.43,0.166,0.084,0.082,26.1,0.606,0.17,0.649,649.0,normal(<1),6.88,26.4,96.0,40.0,198.0,59.0,17.0,218.0,2.69
S02754,Clay,21.6,14.3,64.1,4.37,2.53,1.449,0.453,0.288,0.14,0.148,24.3,0.536,0.21,0.59,590.0,normal(<1),6.94,25.3,91.0,38.0,159.0,90.0,23.0,277.0,4.55
S02755,Loamy sand,73.5,24.2,2.3,2.16,1.25,1.633,0.384,0.125,0.043,0.082,18.2,0.474,0.202,0.352,352.0,normal(<1),6.6,33.8,5.0,15.0,155.0,63.0,20.0,197.0,2.18
S02756,Sandy clay loam,60.6,14.2,25.2,0.76,0.44,1.502,0.433,0.181,0.066,0.115,25.2,0.58,0.182,1.086,1086.0,germination-critical(1-2),6.72,24.7,44.0,23.0,190.0,4.0,7.0,208.0,1.1
S02757,Clay,32.6,15.6,51.8,1.33,0.77,1.62,0.389,0.212,0.145,0.067,28.7,0.737,0.102,0.332,332.0,normal(<1),5.98,26.7,38.0,20.0,192.0,38.0,1.0,302.0,1.18
S02758,Silt loam,23.4,54.0,22.6,2.66,1.54,1.503,0.433,0.244,0.111,0.133,28.1,0.649,0.152,0.064,64.0,normal(<1),6.45,32.3,67.0,39.0,450.0,76.0,16.0,545.0,2.72
S02759,Sandy loam,79.1,12.7,8.1,2.19,1.27,1.543,0.418,0.157,0.065,0.092,22.7,0.544,0.191,0.337,337.0,normal(<1),6.62,20.9,22.0,0.0,145.0,40.0,1.0,122.0,2.06
S02760,Silt loam,5.9,87.7,6.5,3.16,1.84,1.522,0.426,0.242,0.11,0.132,29.9,0.703,0.127,1.568,1568.0,germination-critical(1-2),7.01,18.8,134.0,69.0,555.0,69.0,34.0,788.0,3.68
S02761,Loam,50.9,41.3,7.7,2.66,1.54,1.582,0.403,0.169,0.053,0.115,27.8,0.69,0.125,1.133,1133.0,germination-critical(1-2),6.52,22.4,83.0,52.0,299.0,45.0,34.0,352.0,2.63
S02762,Sandy clay,48.7,15.9,35.4,2.66,1.54,1.456,0.45,0.207,0.09,0.117,19.9,0.441,0.252,0.319,319.0,normal(<1),6.4,28.5,27.0,0.0,149.0,72.0,23.0,204.0,2.74
S02763,Loam,38.7,44.7,16.5,1.45,0.84,1.58,0.404,0.195,0.112,0.083,20.8,0.516,0.195,0.072,72.0,normal(<1),6.51,27.3,0.0,43.0,343.0,0.0,15.0,438.0,1.34
S02764,Sandy clay,47.4,3.4,49.2,1.03,0.6,1.514,0.429,0.215,0.127,0.088,21.0,0.489,0.219,0.175,175.0,normal(<1),6.25,27.0,0.0,3.0,158.0,47.0,4.0,216.0,1.34
S02765,Clay loam,28.4,34.3,37.3,1.56,0.91,1.525,0.425,0.227,0.117,0.11,16.7,0.393,0.258,0.452,452.0,normal(<1),5.94,31.1,57.0,0.0,374.0,29.0,14.0,439.0,1.8
S02766,Sandy loam,61.7,29.2,9.1,2.48,1.44,1.62,0.389,0.16,0.051,0.109,21.1,0.544,0.177,0.219,219.0,normal(<1),5.74,21.3,45.0,10.0,244.0,43.0,24.0,282.0,2.08
S02767,Silt loam,12.7,70.5,16.8,3.38,1.96,1.461,0.449,0.239,0.095,0.144,26.2,0.584,0.186,0.242,242.0,normal(<1),6.61,35.4,99.0,38.0,507.0,105.0,34.0,643.0,3.87
S02768,Clay loam,21.8,38.8,39.4,3.01,1.74,1.341,0.494,0.224,0.132,0.092,20.0,0.405,0.294,0.425,425.0,normal(<1),6.56,36.7,57.0,16.0,403.0,79.0,21.0,437.0,3.14
S02769,Loamy sand,83.5,11.9,4.6,0.3,0.17,1.684,0.365,0.142,0.044,0.098,21.5,0.59,0.15,0.501,501.0,normal(<1),6.42,26.3,40.0,0.0,149.0,27.0,0.0,187.0,0.35
S02770,Silt loam,17.1,59.3,23.6,1.27,0.74,1.629,0.385,0.226,0.1,0.126,25.5,0.663,0.13,0.845,845.0,normal(<1),5.9,19.0,24.0,42.0,430.0,26.0,11.0,530.0,1.48
S02771,Silt loam,8.9,72.2,18.9,1.48,0.86,1.553,0.414,0.238,0.105,0.132,29.1,0.702,0.123,1.103,1103.0,germination-critical(1-2),6.51,22.2,43.0,4.0,578.0,23.0,10.0,707.0,1.36
S02772,Silt loam,19.2,78.9,1.9,1.08,0.63,1.617,0.39,0.198,0.089,0.109,19.7,0.506,0.193,0.644,644.0,normal(<1),6.9,27.8,40.0,0.0,583.0,25.0,14.0,706.0,1.17
S02773,Sandy loam,50.4,30.9,18.7,1.71,0.99,1.568,0.408,0.177,0.083,0.094,22.2,0.545,0.186,3.015,3015.0,detrimental(>3),7.03,32.5,163.0,65.0,273.0,22.0,23.0,367.0,1.64
S02774,Sand,86.5,7.0,6.5,0.3,0.17,1.603,0.395,0.103,0.036,0.067,17.8,0.451,0.217,0.106,106.0,normal(<1),5.79,21.1,19.0,18.0,91.0,6.0,4.0,124.0,0.46
S02775,Loamy sand,83.1,16.8,0.1,1.56,0.91,1.666,0.371,0.114,0.047,0.067,17.2,0.465,0.199,0.196,196.0,normal(<1),6.22,30.8,46.0,32.0,84.0,48.0,1.0,131.0,1.2
S02776,Silt loam,14.4,70.8,14.8,0.82,0.47,1.633,0.384,0.22,0.096,0.124,17.6,0.458,0.208,0.236,236.0,normal(<1),6.48,25.8,52.0,13.0,523.0,13.0,8.0,707.0,0.9
S02777,Sandy loam,60.3,20.0,19.7,0.71,0.41,1.512,0.429,0.195,0.077,0.118,27.3,0.635,0.157,0.659,659.0,normal(<1),6.38,34.4,28.0,0.0,232.0,17.0,11.0,293.0,0.93
S02778,Sand,91.4,0.1,8.5,0.3,0.17,1.564,0.41,0.117,0.043,0.074,22.0,0.536,0.19,0.439,439.0,normal(<1),6.27,34.0,28.0,28.0,36.0,20.0,0.0,92.0,0.44
S02779,Sandy clay,50.8,7.4,41.8,1.34,0.78,1.549,0.415,0.176,0.093,0.083,27.4,0.66,0.141,0.232,232.0,normal(<1),6.72,23.6,0.0,0.0,140.0,10.0,16.0,164.0,1.53
S02780,Silt loam,16.8,67.9,15.3,1.12,0.65,1.463,0.448,0.238,0.096,0.142,25.1,0.56,0.197,0.215,215.0,normal(<1),6.57,33.5,40.0,11.0,539.0,43.0,11.0,674.0,1.13
S02781,Sandy clay,54.0,8.5,37.5,4.77,2.76,1.414,0.466,0.221,0.114,0.107,28.8,0.618,0.178,0.669,669.0,normal(<1),6.9,27.1,123.0,45.0,122.0,109.0,24.0,159.0,4.53
S02782,Sandy clay loam,49.4,17.7,32.9,2.62,1.52,1.508,0.431,0.171,0.093,0.078,25.7,0.597,0.174,0.422,422.0,normal(<1),6.34,33.5,30.0,39.0,239.0,45.0,30.0,225.0,2.66
S02783,Loam,49.6,30.6,19.8,1.0,0.58,1.487,0.439,0.182,0.072,0.11,19.1,0.436,0.248,0.995,995.0,normal(<1),6.52,24.2,80.0,36.0,281.0,17.0,6.0,306.0,0.89
S02784,Silty clay loam,3.2,66.7,30.0,2.27,1.32,1.507,0.431,0.253,0.111,0.143,26.5,0.615,0.166,0.061,61.0,normal(<1),6.64,31.6,27.0,0.0,523.0,60.0,14.0,640.0,2.22
S02785,Loam,47.6,31.8,20.6,4.15,2.41,1.524,0.425,0.211,0.093,0.117,29.8,0.702,0.127,3.914,3914.0,detrimental(>3),6.16,34.9,314.0,121.0,365.0,109.0,28.0,312.0,4.53
S02786,Loamy sand,75.9,9.4,14.7,2.88,1.67,1.532,0.422,0.167,0.062,0.105,29.5,0.701,0.126,1.762,1762.0,germination-critical(1-2),6.57,29.0,124.0,82.0,203.0,67.0,14.0,131.0,2.65
S02787,Sand,86.8,11.8,1.4,0.94,0.55,1.661,0.373,0.114,0.03,0.084,19.4,0.52,0.179,0.434,434.0,normal(<1),6.9,29.3,27.0,0.0,113.0,22.0,22.0,91.0,1.08
S02788,Sandy clay loam,50.1,21.9,28.0,3.63,2.1,1.464,0.447,0.2,0.104,0.095,31.0,0.694,0.137,0.312,312.0,normal(<1),6.38,28.2,81.0,43.0,256.0,79.0,31.0,274.0,3.82
S02789,Silty clay,8.8,48.5,42.7,2.25,1.3,1.534,0.421,0.261,0.125,0.136,30.0,0.713,0.121,0.387,387.0,normal(<1),6.62,20.6,54.0,13.0,450.0,56.0,36.0,568.0,2.33
S02790,Loam,33.2,49.5,17.3,1.07,0.62,1.528,0.423,0.187,0.082,0.105,20.1,0.475,0.222,1.587,1587.0,germination-critical(1-2),6.52,27.0,147.0,89.0,360.0,26.0,34.0,459.0,0.83
S02791,Sandy loam,62.9,31.8,5.3,0.91,0.53,1.609,0.393,0.154,0.08,0.074,21.0,0.534,0.183,0.463,463.0,normal(<1),7.02,25.0,9.0,34.0,273.0,3.0,11.0,359.0,1.14
S02792,Sandy loam,76.3,10.7,13.0,1.27,0.74,1.609,0.393,0.174,0.054,0.12,16.5,0.42,0.228,0.677,677.0,normal(<1),6.37,34.1,43.0,10.0,82.0,21.0,8.0,114.0,0.97
S02793,Silt loam,21.7,73.9,4.4,0.92,0.53,1.612,0.392,0.215,0.078,0.137,20.1,0.514,0.191,0.147,147.0,normal(<1),5.66,35.8,13.0,0.0,521.0,37.0,12.0,667.0,0.75
S02794,Loam,37.3,43.4,19.3,1.62,0.94,1.537,0.42,0.185,0.079,0.106,18.9,0.451,0.231,1.555,1555.0,germination-critical(1-2),6.75,31.8,74.0,46.0,411.0,42.0,18.0,472.0,1.63
S02795,Silt loam,4.8,72.2,23.0,3.2,1.86,1.496,0.436,0.267,0.128,0.138,15.6,0.359,0.279,0.738,738.0,normal(<1),6.16,26.7,45.0,11.0,591.0,77.0,6.0,707.0,2.9
S02796,Sandy loam,59.2,33.5,7.3,2.67,1.55,1.502,0.433,0.173,0.072,0.101,17.8,0.411,0.255,0.153,153.0,normal(<1),6.54,30.2,50.0,12.0,225.0,57.0,31.0,321.0,2.41
S02797,Loam,30.1,43.4,26.5,2.4,1.39,1.501,0.434,0.211,0.097,0.114,28.5,0.658,0.148,1.029,1029.0,germination-critical(1-2),6.02,28.8,104.0,76.0,414.0,38.0,12.0,476.0,2.4
S02798,Loam,36.6,39.4,24.0,1.98,1.15,1.565,0.41,0.234,0.083,0.151,19.8,0.483,0.212,2.735,2735.0,salt-sensitive-critical(2-3),7.02,28.5,176.0,124.0,337.0,48.0,21.0,381.0,1.92
S02799,Sandy loam,66.6,14.5,18.9,2.01,1.16,1.518,0.427,0.149,0.071,0.078,21.1,0.493,0.216,0.35,350.0,normal(<1),6.37,24.7,0.0,50.0,39.0,22.0,35.0,130.0,2.2
S02800,Clay loam,21.6,43.2,35.2,2.65,1.54,1.464,0.448,0.248,0.115,0.134,22.9,0.511,0.219,0.698,698.0,normal(<1),6.21,26.0,89.0,40.0,365.0,62.0,22.0,472.0,2.93
S02801,Loamy sand,80.0,14.9,5.0,0.65,0.38,1.638,0.382,0.09,0.039,0.051,16.3,0.427,0.219,0.425,425.0,normal(<1),6.62,29.8,54.0,32.0,136.0,9.0,19.0,170.0,0.59
S02802,Sandy clay,53.9,0.0,46.1,3.63,2.11,1.473,0.444,0.202,0.107,0.095,25.4,0.573,0.19,1.241,1241.0,germination-critical(1-2),6.66,30.1,82.0,49.0,165.0,64.0,23.0,134.0,4.35
S02803,Silty clay loam,3.1,67.3,29.6,2.08,1.21,1.646,0.379,0.272,0.129,0.143,25.9,0.682,0.12,0.987,987.0,normal(<1),7.13,27.5,69.0,50.0,513.0,42.0,29.0,620.0,2.4
S02804,Sandy loam,79.1,4.3,16.6,5.69,3.3,1.508,0.431,0.181,0.067,0.115,29.2,0.678,0.139,0.607,607.0,normal(<1),6.66,34.2,92.0,28.0,58.0,109.0,30.0,113.0,5.78
S02805,Sandy clay,47.5,6.6,45.9,4.05,2.35,1.479,0.442,0.246,0.103,0.143,20.5,0.465,0.237,0.394,394.0,normal(<1),6.52,24.6,54.0,44.0,108.0,66.0,24.0,184.0,3.94
S02806,Silt loam,7.3,76.4,16.3,2.53,1.47,1.489,0.438,0.224,0.089,0.135,14.3,0.327,0.295,0.475,475.0,normal(<1),6.14,17.4,76.0,56.0,543.0,77.0,26.0,735.0,2.54
S02807,Silty clay,10.9,40.1,49.0,3.05,1.77,1.511,0.43,0.249,0.134,0.115,27.4,0.636,0.156,0.362,362.0,normal(<1),6.51,29.0,0.0,33.0,384.0,30.0,25.0,468.0,3.09
S02808,Loam,36.0,45.0,19.0,1.18,0.69,1.555,0.413,0.187,0.078,0.108,16.3,0.395,0.25,0.321,321.0,normal(<1),6.52,27.1,16.0,23.0,363.0,44.0,26.0,441.0,0.82
S02809,Silty clay,11.2,45.5,43.3,2.48,1.44,1.539,0.419,0.278,0.141,0.137,28.6,0.683,0.133,0.19,190.0,normal(<1),6.54,19.9,52.0,43.0,378.0,47.0,18.0,533.0,2.67
S02810,Silty clay loam,0.6,63.6,35.8,2.85,1.65,1.591,0.4,0.262,0.153,0.109,27.5,0.687,0.125,1.049,1049.0,germination-critical(1-2),6.55,20.6,81.0,37.0,552.0,41.0,5.0,659.0,2.66
S02811,Sandy clay,51.5,5.3,43.2,1.53,0.89,1.456,0.451,0.21,0.101,0.109,22.4,0.497,0.227,0.171,171.0,normal(<1),6.38,29.1,3.0,33.0,212.0,47.0,12.0,236.0,1.42
S02812,Sandy clay loam,52.9,22.1,25.0,1.14,0.66,1.482,0.441,0.214,0.102,0.112,29.7,0.674,0.144,5.369,5369.0,detrimental(>3),6.77,26.4,251.0,168.0,316.0,28.0,16.0,248.0,1.57
S02813,Loam,44.1,31.3,24.6,1.63,0.94,1.654,0.376,0.194,0.106,0.088,27.1,0.721,0.105,0.494,494.0,normal(<1),6.37,29.1,39.0,38.0,312.0,29.0,19.0,316.0,1.68
S02814,Silt loam,11.3,87.4,1.3,3.32,1.93,1.563,0.41,0.226,0.09,0.137,27.6,0.673,0.134,0.134,134.0,normal(<1),6.7,29.0,17.0,22.0,625.0,62.0,29.0,776.0,3.4
S02815,Sandy loam,62.2,21.8,16.0,0.52,0.3,1.622,0.388,0.164,0.063,0.101,20.9,0.538,0.179,1.754,1754.0,germination-critical(1-2),6.62,32.1,78.0,34.0,301.0,12.0,15.0,277.0,0.42
S02816,Silt loam,1.2,79.6,19.2,2.88,1.67,1.51,0.43,0.273,0.113,0.16,24.7,0.575,0.183,0.588,588.0,normal(<1),6.36,26.6,54.0,81.0,605.0,70.0,26.0,756.0,2.72
S02817,Silt loam,16.9,74.9,8.2,2.36,1.37,1.672,0.369,0.238,0.102,0.136,23.8,0.644,0.131,0.537,537.0,normal(<1),5.85,26.7,40.0,19.0,497.0,54.0,28.0,622.0,2.08
S02818,Clay,35.5,6.0,58.5,2.78,1.61,1.434,0.459,0.246,0.144,0.102,30.0,0.655,0.158,0.654,654.0,normal(<1),6.64,34.3,92.0,37.0,215.0,70.0,19.0,175.0,2.92
S02819,Sand,87.7,9.4,2.9,0.38,0.22,1.581,0.403,0.123,0.055,0.068,9.6,0.238,0.307,0.697,697.0,normal(<1),6.38,33.4,120.0,50.0,111.0,53.0,0.0,151.0,0.3
S02820,Silty clay loam,3.6,68.5,27.9,2.85,1.65,1.466,0.447,0.268,0.116,0.152,29.3,0.656,0.154,0.978,978.0,normal(<1),6.36,18.9,128.0,31.0,651.0,55.0,29.0,754.0,2.74
S02821,Loam,29.2,49.6,21.2,2.81,1.63,1.542,0.418,0.228,0.115,0.113,21.6,0.516,0.202,0.624,624.0,normal(<1),6.69,32.7,82.0,40.0,348.0,57.0,23.0,454.0,2.5
S02822,Sandy clay,47.0,11.9,41.0,2.8,1.62,1.525,0.425,0.177,0.097,0.08,26.7,0.629,0.157,0.392,392.0,normal(<1),6.53,22.4,50.0,31.0,174.0,54.0,21.0,174.0,2.47
S02823,Sandy loam,51.4,30.5,18.1,1.97,1.14,1.569,0.408,0.18,0.067,0.112,22.6,0.554,0.182,1.22,1220.0,germination-critical(1-2),6.26,28.0,77.0,33.0,260.0,44.0,0.0,325.0,1.64
S02824,Loamy sand,78.9,12.4,8.6,0.78,0.45,1.655,0.375,0.131,0.047,0.085,17.2,0.457,0.204,0.067,67.0,normal(<1),6.41,23.3,20.0,11.0,114.0,19.0,2.0,144.0,0.81
S02825,Clay,17.3,31.9,50.8,2.54,1.47,1.37,0.483,0.256,0.149,0.107,23.2,0.48,0.251,0.532,532.0,normal(<1),6.48,29.3,42.0,0.0,330.0,52.0,15.0,456.0,2.95
S02826,Silty clay loam,6.2,54.7,39.2,2.62,1.52,1.509,0.431,0.253,0.118,0.136,26.9,0.625,0.162,0.496,496.0,normal(<1),6.97,28.5,40.0,17.0,529.0,37.0,31.0,593.0,3.04
S02827,Silt loam,29.6,50.0,20.4,2.48,1.44,1.523,0.425,0.249,0.082,0.167,26.5,0.624,0.16,0.247,247.0,normal(<1),6.59,28.2,64.0,17.0,458.0,39.0,27.0,521.0,3.02
S02828,Loam,30.7,47.6,21.6,0.8,0.47,1.562,0.411,0.212,0.081,0.131,25.7,0.626,0.154,0.401,401.0,normal(<1),6.11,18.1,0.0,42.0,354.0,21.0,27.0,453.0,0.91
S02829,Silt loam,5.7,83.6,10.8,2.3,1.33,1.46,0.449,0.22,0.108,0.113,30.3,0.674,0.146,0.372,372.0,normal(<1),6.7,29.7,0.0,25.0,542.0,43.0,12.0,723.0,2.6
S02830,Loamy sand,85.7,7.4,6.9,0.46,0.26,1.654,0.376,0.138,0.055,0.083,15.2,0.403,0.224,0.301,301.0,normal(<1),6.28,24.2,29.0,60.0,108.0,25.0,19.0,128.0,0.8
S02831,Silt loam,12.7,62.4,24.9,1.56,0.9,1.422,0.463,0.229,0.103,0.126,17.3,0.372,0.291,0.181,181.0,normal(<1),6.06,27.8,24.0,37.0,487.0,36.0,16.0,637.0,1.43
S02832,Sandy clay loam,61.9,17.0,21.1,1.55,0.9,1.534,0.421,0.189,0.094,0.094,18.5,0.439,0.236,0.167,167.0,normal(<1),6.75,25.1,71.0,30.0,168.0,59.0,21.0,189.0,1.55
S02833,Silt loam,10.2,62.8,27.0,3.02,1.75,1.463,0.448,0.249,0.118,0.131,25.4,0.567,0.194,0.188,188.0,normal(<1),6.5,31.9,32.0,17.0,473.0,80.0,0.0,632.0,3.2
S02834,Sandy clay loam,53.3,25.6,21.1,1.16,0.67,1.539,0.419,0.201,0.089,0.112,28.9,0.69,0.13,0.211,211.0,normal(<1),6.18,28.2,79.0,9.0,226.0,3.0,0.0,294.0,1.26
S02835,Sandy loam,67.4,20.5,12.2,0.48,0.28,1.653,0.376,0.149,0.048,0.101,16.8,0.447,0.208,0.351,351.0,normal(<1),6.62,32.0,32.0,17.0,141.0,54.0,27.0,225.0,0.51
S02836,Silt loam,17.6,66.6,15.9,3.91,2.27,1.558,0.412,0.224,0.093,0.13,15.6,0.379,0.256,1.294,1294.0,germination-critical(1-2),6.45,27.1,83.0,65.0,476.0,87.0,39.0,565.0,4.14
S02837,Silt loam,0.9,79.8,19.3,3.82,2.22,1.444,0.455,0.262,0.103,0.159,17.9,0.394,0.276,1.854,1854.0,germination-critical(1-2),6.81,29.1,121.0,52.0,583.0,71.0,16.0,707.0,3.67
S02838,Silt loam,1.4,87.5,11.1,2.08,1.21,1.54,0.419,0.254,0.078,0.175,25.1,0.598,0.168,0.639,639.0,normal(<1),6.33,28.7,78.0,9.0,600.0,51.0,5.0,792.0,2.11
S02839,Clay loam,31.4,32.5,36.1,4.5,2.61,1.374,0.482,0.223,0.097,0.126,28.7,0.595,0.195,0.326,326.0,normal(<1),6.68,31.2,83.0,26.0,391.0,98.0,43.0,396.0,4.39
S02840,Silt loam,16.3,65.1,18.6,2.01,1.17,1.593,0.399,0.229,0.114,0.115,22.6,0.566,0.173,0.072,72.0,normal(<1),6.39,22.5,63.0,34.0,508.0,60.0,8.0,595.0,2.2
S02841,Sandy clay,47.1,13.1,39.7,1.27,0.74,1.426,0.462,0.208,0.101,0.107,12.2,0.264,0.34,0.566,566.0,normal(<1),6.63,25.1,71.0,0.0,231.0,20.0,2.0,314.0,1.01
S02842,Clay,44.3,6.2,49.6,3.35,1.94,1.474,0.444,0.227,0.125,0.102,27.3,0.616,0.17,0.505,505.0,normal(<1),6.35,27.5,77.0,31.0,108.0,78.0,32.0,143.0,3.7
S02843,Clay loam,26.6,37.1,36.3,2.55,1.48,1.548,0.416,0.227,0.13,0.097,26.2,0.63,0.154,1.951,1951.0,germination-critical(1-2),6.06,22.1,163.0,67.0,348.0,73.0,29.0,435.0,2.65
S02844,Silty clay loam,16.2,54.9,28.8,2.5,1.45,1.496,0.436,0.244,0.113,0.131,30.0,0.688,0.136,0.239,239.0,normal(<1),6.66,27.6,61.0,32.0,387.0,61.0,6.0,543.0,2.89
S02845,Sandy clay loam,63.6,13.7,22.7,1.39,0.81,1.527,0.424,0.181,0.091,0.09,24.5,0.579,0.178,0.541,541.0,normal(<1),6.73,27.7,26.0,49.0,208.0,26.0,0.0,239.0,1.48
S02846,Clay,6.6,24.9,68.5,3.01,1.75,1.509,0.431,0.279,0.165,0.114,21.6,0.502,0.214,1.316,1316.0,germination-critical(1-2),6.4,29.0,126.0,59.0,360.0,64.0,22.0,382.0,3.04
S02847,Sandy loam,55.1,32.7,12.3,0.61,0.35,1.684,0.364,0.178,0.067,0.11,23.8,0.653,0.126,0.197,197.0,normal(<1),6.37,23.6,11.0,0.0,294.0,30.0,7.0,384.0,1.02
S02848,Loam,47.5,43.4,9.1,0.76,0.44,1.505,0.432,0.188,0.085,0.102,25.0,0.579,0.182,2.211,2211.0,salt-sensitive-critical(2-3),6.48,31.1,107.0,86.0,369.0,0.0,10.0,442.0,0.65
S02849,Loam,44.6,28.9,26.6,0.66,0.38,1.548,0.416,0.192,0.1,0.092,25.0,0.601,0.166,0.707,707.0,normal(<1),5.79,35.4,80.0,0.0,202.0,24.0,2.0,319.0,0.41
S02850,Silty clay,7.0,51.3,41.7,2.21,1.28,1.377,0.48,0.257,0.139,0.119,28.6,0.596,0.194,0.149,149.0,normal(<1),6.82,36.3,0.0,27.0,441.0,43.0,30.0,572.0,2.32
S02851,Sand,93.1,5.7,1.2,1.12,0.65,1.652,0.377,0.106,0.029,0.077,23.8,0.631,0.139,1.515,1515.0,germination-critical(1-2),6.61,12.8,83.0,40.0,125.0,27.0,2.0,71.0,1.06
S02852,Sandy clay,46.0,16.9,37.2,1.72,1.0,1.618,0.39,0.184,0.112,0.073,26.6,0.682,0.124,0.372,372.0,normal(<1),5.69,25.6,71.0,4.0,190.0,43.0,6.0,275.0,1.7
S02853,Silty clay,12.9,43.1,44.0,4.2,2.43,1.442,0.456,0.236,0.121,0.115,31.7,0.696,0.139,0.701,701.0,normal(<1),6.64,22.7,69.0,58.0,414.0,75.0,50.0,491.0,3.95
S02854,Sandy loam,63.4,22.2,14.4,0.39,0.23,1.54,0.419,0.165,0.072,0.093,21.3,0.507,0.206,0.331,331.0,normal(<1),6.94,22.3,1.0,19.0,174.0,40.0,15.0,237.0,0.0
S02855,Sandy loam,52.6,34.9,12.5,1.51,0.88,1.573,0.406,0.17,0.081,0.089,25.1,0.618,0.155,0.349,349.0,normal(<1),6.28,23.6,61.0,49.0,276.0,45.0,24.0,320.0,1.51
S02856,Silty clay loam,11.0,59.5,29.5,3.84,2.23,1.425,0.462,0.27,0.13,0.14,29.1,0.628,0.172,0.962,962.0,normal(<1),6.17,38.7,101.0,69.0,497.0,72.0,19.0,608.0,3.62
S02857,Silt loam,21.3,65.2,13.4,1.17,0.68,1.531,0.422,0.195,0.086,0.109,24.4,0.577,0.179,0.313,313.0,normal(<1),6.77,30.3,47.0,11.0,407.0,46.0,4.0,524.0,0.67
S02858,Clay loam,38.2,27.6,34.2,2.9,1.68,1.411,0.468,0.207,0.124,0.083,31.8,0.681,0.149,0.634,634.0,normal(<1),5.95,34.3,103.0,38.0,320.0,69.0,17.0,367.0,3.28
S02859,Silty clay,0.8,53.1,46.2,3.07,1.78,1.4,0.472,0.273,0.135,0.138,36.3,0.77,0.109,0.158,158.0,normal(<1),6.11,27.0,21.0,23.0,472.0,32.0,26.0,596.0,2.79
S02860,Sandy loam,74.5,17.8,7.7,0.52,0.3,1.589,0.4,0.141,0.055,0.085,26.1,0.652,0.139,0.378,378.0,normal(<1),6.1,37.9,45.0,23.0,204.0,7.0,0.0,168.0,0.26
S02861,Clay loam,34.1,27.6,38.3,4.06,2.36,1.485,0.44,0.256,0.117,0.138,20.6,0.468,0.234,0.372,372.0,normal(<1),6.17,28.8,17.0,0.0,337.0,77.0,34.0,379.0,3.86
S02862,Loam,28.1,45.1,26.8,1.67,0.97,1.472,0.445,0.225,0.103,0.122,30.3,0.682,0.141,0.497,497.0,normal(<1),6.9,23.1,6.0,11.0,441.0,54.0,3.0,498.0,1.56
S02863,Clay loam,26.5,33.7,39.8,2.34,1.36,1.499,0.434,0.219,0.125,0.094,27.0,0.621,0.165,0.897,897.0,normal(<1),6.34,33.2,125.0,36.0,367.0,72.0,1.0,440.0,1.99
S02864,Silt loam,24.5,57.8,17.7,1.15,0.67,1.447,0.454,0.22,0.103,0.117,25.5,0.562,0.199,0.369,369.0,normal(<1),6.23,20.7,2.0,14.0,439.0,39.0,3.0,507.0,1.09
S02865,Sand,89.9,1.7,8.3,0.76,0.44,1.621,0.388,0.114,0.055,0.059,17.6,0.454,0.212,1.179,1179.0,germination-critical(1-2),6.24,32.4,65.0,60.0,80.0,25.0,17.0,38.0,0.23
S02866,Loam,39.2,40.9,19.9,0.76,0.44,1.585,0.402,0.195,0.094,0.102,22.6,0.562,0.176,0.474,474.0,normal(<1),7.07,28.8,29.0,11.0,348.0,38.0,1.0,394.0,0.67
S02867,Silt loam,19.9,78.2,1.9,0.8,0.46,1.685,0.364,0.182,0.085,0.097,23.8,0.653,0.127,1.106,1106.0,germination-critical(1-2),6.41,23.9,61.0,1.0,467.0,10.0,10.0,647.0,0.35
S02868,Loam,42.8,35.4,21.8,0.58,0.33,1.576,0.405,0.206,0.096,0.11,21.4,0.527,0.192,1.93,1930.0,germination-critical(1-2),7.0,35.1,156.0,41.0,330.0,18.0,0.0,371.0,0.88
S02869,Sand,91.3,3.2,5.5,0.3,0.17,1.621,0.388,0.116,0.044,0.073,15.9,0.409,0.23,0.182,182.0,normal(<1),7.02,26.1,69.0,3.0,0.0,37.0,0.0,55.0,0.06
S02870,Silty clay,1.8,52.5,45.7,2.13,1.24,1.493,0.437,0.276,0.141,0.135,26.0,0.596,0.176,0.291,291.0,normal(<1),6.07,22.7,82.0,35.0,462.0,48.0,26.0,623.0,2.19
S02871,Silt loam,25.1,59.7,15.2,1.36,0.79,1.592,0.399,0.203,0.092,0.112,29.4,0.737,0.105,1.778,1778.0,germination-critical(1-2),6.78,32.5,174.0,60.0,393.0,47.0,15.0,456.0,1.73
S02872,Silt loam,11.0,74.5,14.5,3.07,1.78,1.484,0.44,0.253,0.108,0.145,32.7,0.743,0.113,0.453,453.0,normal(<1),6.53,32.6,93.0,35.0,534.0,87.0,25.0,635.0,3.38
S02873,Sand,86.7,8.6,4.7,1.54,0.89,1.561,0.411,0.131,0.051,0.08,26.9,0.655,0.142,2.099,2099.0,salt-sensitive-critical(2-3),6.87,23.5,94.0,82.0,182.0,14.0,6.0,134.0,1.4
S02874,Loamy sand,71.0,14.7,14.2,1.22,0.71,1.56,0.411,0.168,0.06,0.108,22.8,0.554,0.183,1.57,1570.0,germination-critical(1-2),6.39,23.2,133.0,70.0,101.0,20.0,20.0,103.0,1.02
S02875,Clay loam,43.6,27.7,28.6,1.49,0.86,1.503,0.433,0.179,0.082,0.098,24.9,0.577,0.183,0.71,710.0,normal(<1),6.48,22.7,27.0,42.0,271.0,29.0,22.0,346.0,1.32
S02876,Sandy loam,64.9,25.7,9.5,3.81,2.21,1.594,0.399,0.148,0.065,0.083,26.5,0.665,0.133,0.099,99.0,normal(<1),6.13,22.2,55.0,41.0,225.0,74.0,46.0,279.0,4.13
S02877,Loamy sand,87.2,0.1,12.7,2.87,1.66,1.554,0.414,0.129,0.065,0.064,20.1,0.487,0.212,1.421,1421.0,germination-critical(1-2),7.09,26.0,110.0,55.0,53.0,64.0,18.0,30.0,2.77
S02878,Sandy loam,55.4,34.1,10.5,3.02,1.75,1.569,0.408,0.188,0.081,0.107,30.1,0.738,0.107,0.225,225.0,normal(<1),6.59,31.8,53.0,66.0,340.0,74.0,32.0,333.0,3.38
S02879,Clay loam,30.4,39.1,30.6,1.98,1.15,1.513,0.429,0.185,0.118,0.066,24.1,0.561,0.188,0.466,466.0,normal(<1),6.46,21.2,112.0,14.0,310.0,52.0,25.0,451.0,1.68
S02880,Sandy clay,52.3,12.4,35.3,1.73,1.0,1.571,0.407,0.209,0.099,0.11,25.6,0.629,0.151,0.324,324.0,normal(<1),6.7,25.0,21.0,15.0,152.0,40.0,13.0,233.0,1.72
S02881,Loam,41.3,47.8,11.0,1.31,0.76,1.558,0.412,0.197,0.066,0.131,23.0,0.558,0.182,0.395,395.0,normal(<1),6.79,29.6,11.0,0.0,352.0,31.0,0.0,446.0,1.29
S02882,Clay,13.1,20.2,66.7,3.02,1.75,1.363,0.486,0.293,0.15,0.143,26.3,0.541,0.223,0.269,269.0,normal(<1),6.58,25.6,0.0,28.0,332.0,41.0,30.0,367.0,2.88
S02883,Sandy loam,68.1,19.0,12.9,1.17,0.68,1.501,0.433,0.165,0.06,0.105,21.2,0.489,0.222,1.15,1150.0,germination-critical(1-2),6.67,29.7,104.0,27.0,122.0,32.0,0.0,273.0,1.42
S02884,Clay,1.2,34.2,64.6,3.66,2.12,1.399,0.472,0.298,0.166,0.131,29.0,0.614,0.182,1.096,1096.0,germination-critical(1-2),6.05,27.6,69.0,52.0,396.0,80.0,45.0,577.0,4.21
S02885,Loam,50.1,38.0,11.9,2.38,1.38,1.501,0.433,0.164,0.073,0.091,22.5,0.518,0.209,0.582,582.0,normal(<1),6.69,32.5,88.0,17.0,252.0,49.0,12.0,334.0,2.42
S02886,Clay,33.5,23.4,43.1,1.94,1.12,1.554,0.414,0.22,0.124,0.096,23.5,0.567,0.179,0.298,298.0,normal(<1),6.31,24.6,34.0,24.0,234.0,35.0,0.0,326.0,1.81
S02887,Silty clay loam,4.7,58.4,37.0,2.74,1.59,1.559,0.412,0.234,0.137,0.097,25.3,0.613,0.159,0.191,191.0,normal(<1),6.35,24.2,21.0,21.0,519.0,49.0,11.0,649.0,2.83
S02888,Clay,25.6,33.3,41.1,4.3,2.49,1.45,0.453,0.256,0.116,0.14,29.8,0.659,0.154,1.012,1012.0,germination-critical(1-2),6.8,29.6,137.0,65.0,332.0,114.0,40.0,363.0,3.92
S02889,Clay,26.3,33.5,40.2,3.98,2.31,1.457,0.45,0.246,0.12,0.127,28.0,0.621,0.171,0.161,161.0,normal(<1),6.17,28.9,44.0,19.0,242.0,87.0,24.0,367.0,4.03
S02890,Loam,27.9,45.2,26.9,1.49,0.86,1.446,0.455,0.223,0.103,0.12,23.0,0.506,0.224,0.287,287.0,normal(<1),7.0,32.7,41.0,23.0,385.0,22.0,26.0,489.0,1.42
S02891,Loam,51.9,37.3,10.8,0.94,0.55,1.556,0.413,0.168,0.073,0.094,15.3,0.37,0.26,0.58,580.0,normal(<1),5.99,24.9,54.0,35.0,250.0,27.0,9.0,315.0,1.19
S02892,Sandy clay loam,53.3,25.9,20.7,2.4,1.39,1.517,0.428,0.186,0.081,0.105,25.7,0.601,0.171,1.463,1463.0,germination-critical(1-2),6.42,29.8,132.0,65.0,230.0,49.0,7.0,233.0,2.65
S02893,Loamy sand,82.3,5.8,11.9,1.61,0.93,1.669,0.37,0.118,0.035,0.083,22.7,0.613,0.143,1.607,1607.0,germination-critical(1-2),6.65,19.9,62.0,57.0,128.0,28.0,30.0,124.0,1.85
S02894,Sand,89.9,9.7,0.4,1.31,0.76,1.59,0.4,0.134,0.039,0.095,17.6,0.44,0.224,1.553,1553.0,germination-critical(1-2),6.45,28.8,86.0,53.0,140.0,16.0,7.0,140.0,1.3
S02895,Loam,42.2,47.4,10.4,1.32,0.76,1.609,0.393,0.172,0.07,0.101,20.2,0.513,0.191,0.676,676.0,normal(<1),6.01,27.1,67.0,57.0,324.0,63.0,10.0,440.0,1.49
S02896,Silty clay loam,5.7,57.9,36.4,5.36,3.11,1.391,0.475,0.278,0.13,0.149,17.0,0.359,0.305,0.193,193.0,normal(<1),6.29,28.6,31.0,24.0,527.0,126.0,37.0,624.0,5.83
S02897,Loam,46.1,32.9,21.1,2.96,1.72,1.511,0.43,0.189,0.082,0.107,15.6,0.364,0.273,0.29,290.0,normal(<1),6.36,33.2,28.0,0.0,286.0,56.0,17.0,396.0,3.63
S02898,Sandy clay loam,50.8,18.5,30.6,2.33,1.35,1.544,0.417,0.197,0.095,0.102,21.6,0.518,0.201,0.268,268.0,normal(<1),7.0,30.2,72.0,18.0,172.0,63.0,18.0,190.0,2.31
S02899,Clay loam,33.4,27.3,39.3,1.86,1.08,1.473,0.444,0.22,0.117,0.103,27.0,0.607,0.174,0.949,949.0,normal(<1),6.58,27.1,92.0,21.0,472.0,47.0,23.0,443.0,1.58
S02900,Sandy loam,63.5,27.6,8.9,1.73,1.01,1.546,0.416,0.166,0.069,0.096,29.3,0.704,0.123,0.229,229.0,normal(<1),6.91,28.6,21.0,39.0,131.0,38.0,32.0,257.0,1.77
S02901,Clay loam,28.5,38.0,33.5,2.21,1.28,1.494,0.436,0.239,0.112,0.126,31.8,0.73,0.118,0.079,79.0,normal(<1),6.65,26.7,37.0,14.0,340.0,38.0,24.0,419.0,2.54
S02902,Silt loam,29.2,52.6,18.2,1.04,0.61,1.558,0.412,0.226,0.103,0.124,20.1,0.487,0.211,1.773,1773.0,germination-critical(1-2),6.75,25.0,100.0,49.0,404.0,11.0,9.0,478.0,1.35
S02903,Loam,48.9,31.1,20.0,1.93,1.12,1.527,0.424,0.175,0.094,0.082,23.8,0.561,0.186,0.956,956.0,normal(<1),6.35,21.2,108.0,66.0,282.0,33.0,39.0,330.0,1.71
S02904,Silt loam,19.1,80.7,0.2,2.64,1.53,1.651,0.377,0.209,0.087,0.122,22.8,0.606,0.149,0.865,865.0,normal(<1),6.38,25.4,48.0,51.0,530.0,50.0,27.0,644.0,2.61
S02905,Loam,26.4,49.0,24.6,1.83,1.06,1.528,0.423,0.205,0.103,0.102,20.4,0.483,0.219,0.417,417.0,normal(<1),6.6,27.3,12.0,21.0,385.0,30.0,23.0,507.0,1.71
S02906,Silt loam,8.0,69.1,22.9,1.52,0.88,1.582,0.403,0.273,0.108,0.165,27.9,0.691,0.124,1.176,1176.0,germination-critical(1-2),7.06,33.7,50.0,45.0,558.0,33.0,20.0,633.0,1.46
S02907,Sandy loam,63.4,27.9,8.7,0.85,0.49,1.594,0.398,0.167,0.054,0.113,26.9,0.676,0.129,0.958,958.0,normal(<1),6.23,19.0,65.0,19.0,295.0,19.0,15.0,313.0,0.94
S02908,Silt loam,4.9,72.6,22.5,3.58,2.07,1.445,0.455,0.249,0.1,0.149,30.1,0.663,0.153,1.846,1846.0,germination-critical(1-2),6.74,19.9,74.0,63.0,520.0,41.0,17.0,677.0,3.58
S02909,Loamy sand,82.4,10.0,7.7,0.75,0.43,1.596,0.398,0.157,0.042,0.115,16.9,0.424,0.229,1.132,1132.0,germination-critical(1-2),5.65,26.5,105.0,24.0,147.0,46.0,0.0,122.0,0.6
S02910,Silt loam,13.2,70.9,16.0,1.7,0.98,1.589,0.4,0.228,0.103,0.125,27.7,0.691,0.123,0.247,247.0,normal(<1),6.91,25.5,62.0,18.0,492.0,34.0,5.0,611.0,2.21
S02911,Sandy clay,45.7,14.0,40.3,3.63,2.11,1.497,0.435,0.229,0.123,0.106,25.9,0.597,0.175,0.447,447.0,normal(<1),6.21,28.1,44.0,7.0,129.0,91.0,19.0,200.0,3.65
S02912,Sandy clay,52.6,9.7,37.7,1.85,1.07,1.619,0.389,0.227,0.112,0.115,27.8,0.715,0.111,0.806,806.0,normal(<1),6.4,27.3,85.0,11.0,167.0,39.0,0.0,144.0,1.81
S02913,Sandy loam,48.7,42.0,9.3,0.84,0.49,1.6,0.396,0.188,0.081,0.106,21.2,0.536,0.184,0.878,878.0,normal(<1),6.06,35.1,62.0,54.0,294.0,37.0,6.0,363.0,0.7
S02914,Loam,51.7,29.0,19.4,2.99,1.74,1.597,0.398,0.177,0.083,0.094,22.8,0.573,0.17,1.102,1102.0,germination-critical(1-2),6.66,27.6,95.0,45.0,295.0,58.0,26.0,342.0,2.85
S02915,Sandy clay loam,52.7,19.0,28.3,4.93,2.86,1.437,0.458,0.216,0.078,0.138,29.7,0.648,0.161,0.106,106.0,normal(<1),6.24,29.5,90.0,28.0,122.0,65.0,41.0,188.0,4.98
S02916,Silty clay,14.8,40.8,44.4,2.43,1.41,1.414,0.466,0.267,0.134,0.133,29.0,0.622,0.176,1.316,1316.0,germination-critical(1-2),6.66,23.5,142.0,48.0,402.0,60.0,15.0,518.0,2.6
S02917,Sandy loam,69.9,21.2,8.8,1.22,0.71,1.552,0.414,0.166,0.052,0.114,24.0,0.579,0.174,0.131,131.0,normal(<1),6.53,35.3,38.0,18.0,187.0,43.0,20.0,269.0,1.42
S02918,Silty clay,11.0,46.2,42.8,1.6,0.93,1.54,0.419,0.274,0.117,0.157,18.4,0.44,0.235,0.362,362.0,normal(<1),7.31,21.1,69.0,0.0,392.0,26.0,6.0,520.0,1.44
S02919,Loam,41.7,48.3,10.0,0.59,0.34,1.566,0.409,0.183,0.081,0.103,22.5,0.549,0.184,0.854,854.0,normal(<1),6.02,31.7,24.0,35.0,397.0,12.0,0.0,467.0,0.12
S02920,Silty clay,6.1,47.6,46.3,1.58,0.92,1.43,0.46,0.257,0.122,0.134,31.3,0.679,0.148,2.705,2705.0,salt-sensitive-critical(2-3),6.69,27.6,156.0,81.0,425.0,30.0,17.0,491.0,2.1
S02921,Sandy clay loam,54.6,18.7,26.7,2.15,1.24,1.6,0.396,0.202,0.092,0.11,21.7,0.547,0.179,0.256,256.0,normal(<1),6.69,28.6,38.0,19.0,156.0,48.0,21.0,181.0,2.36
S02922,Silty clay loam,12.2,51.4,36.3,2.65,1.54,1.42,0.464,0.254,0.127,0.127,27.1,0.583,0.193,0.839,839.0,normal(<1),6.65,36.6,98.0,31.0,467.0,57.0,24.0,557.0,2.66
S02923,Silty clay,5.5,45.3,49.2,6.04,3.5,1.372,0.482,0.276,0.135,0.141,27.5,0.571,0.207,3.129,3129.0,detrimental(>3),6.5,31.2,185.0,120.0,389.0,121.0,33.0,468.0,5.84
S02924,Silty clay loam,12.3,59.6,28.2,2.73,1.58,1.447,0.454,0.264,0.124,0.141,18.6,0.41,0.268,0.254,254.0,normal(<1),6.38,26.1,78.0,31.0,412.0,64.0,18.0,552.0,2.58
S02925,Clay loam,29.0,40.5,30.5,2.47,1.43,1.458,0.45,0.217,0.115,0.101,18.7,0.416,0.263,0.23,230.0,normal(<1),6.68,30.9,126.0,47.0,414.0,76.0,32.0,456.0,2.35
S02926,Silty clay,7.8,40.8,51.4,5.92,3.43,1.379,0.48,0.281,0.127,0.154,18.2,0.38,0.297,0.368,368.0,normal(<1),6.19,25.0,113.0,36.0,351.0,108.0,39.0,452.0,5.52
S02927,Clay loam,39.9,30.2,29.9,1.84,1.06,1.544,0.418,0.208,0.1,0.108,22.7,0.543,0.191,1.157,1157.0,germination-critical(1-2),6.36,32.5,101.0,69.0,280.0,70.0,27.0,322.0,1.95
S02928,Sandy loam,78.5,3.9,17.5,2.05,1.19,1.61,0.392,0.155,0.071,0.085,26.8,0.683,0.125,0.661,661.0,normal(<1),5.72,39.4,54.0,44.0,158.0,48.0,22.0,130.0,2.09
S02929,Clay loam,25.1,36.2,38.8,4.38,2.54,1.468,0.446,0.226,0.134,0.092,29.1,0.653,0.155,0.109,109.0,normal(<1),6.1,26.9,56.0,0.0,389.0,76.0,34.0,485.0,4.52
S02930,Sandy clay,46.0,1.2,52.8,1.75,1.01,1.505,0.432,0.201,0.131,0.07,16.0,0.371,0.272,0.21,210.0,normal(<1),6.06,16.8,47.0,0.0,217.0,51.0,11.0,229.0,1.88
S02931,Loamy sand,76.2,21.7,2.1,0.68,0.39,1.489,0.438,0.158,0.059,0.099,27.6,0.63,0.162,0.808,808.0,normal(<1),6.69,26.5,29.0,48.0,141.0,29.0,21.0,209.0,0.47
S02932,Clay loam,27.5,42.1,30.4,1.6,0.93,1.492,0.437,0.21,0.107,0.103,25.2,0.576,0.185,1.308,1308.0,germination-critical(1-2),6.64,27.4,126.0,35.0,402.0,39.0,11.0,463.0,1.41
S02933,Clay loam,30.6,29.6,39.8,3.03,1.76,1.534,0.421,0.254,0.127,0.127,28.5,0.676,0.136,0.168,168.0,normal(<1),6.37,28.5,43.0,8.0,339.0,74.0,22.0,359.0,3.03
S02934,Clay loam,23.6,40.2,36.1,3.82,2.21,1.456,0.45,0.266,0.131,0.136,20.9,0.464,0.241,1.562,1562.0,germination-critical(1-2),6.78,32.2,95.0,102.0,391.0,66.0,36.0,455.0,3.88
S02935,Loam,36.3,41.1,22.6,2.98,1.73,1.567,0.409,0.186,0.094,0.092,19.4,0.474,0.215,0.434,434.0,normal(<1),5.86,22.0,112.0,46.0,310.0,84.0,27.0,387.0,3.06
S02936,Sandy clay loam,57.2,14.3,28.5,0.7,0.41,1.598,0.397,0.184,0.089,0.094,27.2,0.685,0.125,1.561,1561.0,germination-critical(1-2),6.19,29.7,99.0,38.0,308.0,38.0,0.0,285.0,0.99
S02937,Clay,44.6,8.8,46.6,2.4,1.39,1.454,0.451,0.213,0.092,0.122,27.3,0.605,0.178,1.307,1307.0,germination-critical(1-2),6.6,28.3,122.0,39.0,116.0,75.0,6.0,162.0,2.44
S02938,Sandy clay loam,54.1,13.5,32.4,1.38,0.8,1.51,0.43,0.201,0.087,0.114,26.3,0.612,0.167,0.346,346.0,normal(<1),6.53,26.3,11.0,25.0,265.0,21.0,2.0,305.0,1.08
S02939,Sandy clay loam,52.0,26.1,21.9,1.33,0.77,1.627,0.386,0.195,0.059,0.137,21.0,0.544,0.176,0.259,259.0,normal(<1),6.68,18.5,2.0,5.0,159.0,38.0,8.0,306.0,1.18
S02940,Sandy clay,54.0,4.2,41.8,1.66,0.96,1.515,0.428,0.201,0.121,0.081,21.5,0.502,0.213,1.289,1289.0,germination-critical(1-2),6.45,30.3,107.0,25.0,127.0,37.0,18.0,161.0,1.68
S02941,Sandy loam,47.0,45.4,7.6,0.67,0.39,1.541,0.419,0.161,0.069,0.092,27.1,0.648,0.148,0.486,486.0,normal(<1),6.36,29.8,29.0,25.0,352.0,0.0,6.0,420.0,0.98
S02942,Silty clay,16.0,42.7,41.3,2.76,1.6,1.518,0.427,0.259,0.143,0.116,19.7,0.462,0.23,0.64,640.0,normal(<1),6.3,28.1,58.0,28.0,412.0,60.0,11.0,478.0,2.84
S02943,Sandy clay loam,55.2,21.2,23.7,2.43,1.41,1.566,0.409,0.167,0.089,0.078,28.2,0.69,0.127,0.467,467.0,normal(<1),6.39,31.1,65.0,27.0,268.0,54.0,4.0,266.0,1.95
S02944,Silty clay,12.0,42.2,45.8,2.63,1.53,1.409,0.468,0.28,0.14,0.14,23.2,0.496,0.236,0.957,957.0,normal(<1),5.93,17.1,62.0,26.0,508.0,52.0,14.0,531.0,2.95
S02945,Clay,31.9,21.7,46.5,3.5,2.03,1.449,0.453,0.235,0.119,0.116,29.5,0.651,0.158,0.4,400.0,normal(<1),7.01,27.2,68.0,40.0,306.0,87.0,52.0,413.0,3.53
S02946,Silt loam,14.9,76.7,8.4,2.64,1.53,1.563,0.41,0.217,0.097,0.12,26.5,0.647,0.145,0.242,242.0,normal(<1),6.53,19.4,46.0,19.0,476.0,77.0,9.0,601.0,2.85
S02947,Silty clay loam,17.9,52.7,29.3,1.49,0.86,1.623,0.388,0.217,0.121,0.096,30.2,0.779,0.086,0.262,262.0,normal(<1),6.75,29.0,33.0,34.0,472.0,30.0,27.0,525.0,1.41
S02948,Loam,30.9,49.9,19.2,1.74,1.01,1.499,0.434,0.189,0.089,0.1,27.0,0.622,0.164,0.128,128.0,normal(<1),6.43,26.9,35.0,35.0,329.0,29.0,29.0,421.0,2.25
S02949,Loam,46.6,43.1,10.3,1.01,0.58,1.641,0.381,0.143,0.078,0.064,23.8,0.626,0.142,0.335,335.0,normal(<1),6.79,27.2,78.0,16.0,413.0,71.0,16.0,502.0,1.13
S02950,Silty clay loam,6.1,62.7,31.2,3.91,2.27,1.468,0.446,0.243,0.139,0.103,28.6,0.642,0.16,0.365,365.0,normal(<1),5.99,30.1,34.0,24.0,511.0,72.0,35.0,611.0,3.84
S02951,Silty clay loam,4.1,58.3,37.6,3.46,2.0,1.423,0.463,0.259,0.15,0.109,34.5,0.744,0.119,0.187,187.0,normal(<1),6.18,27.2,95.0,9.0,539.0,76.0,39.0,698.0,3.24
S02952,Loamy sand,84.8,2.5,12.7,1.08,0.63,1.612,0.392,0.134,0.059,0.075,21.6,0.552,0.175,0.466,466.0,normal(<1),7.26,29.5,78.0,42.0,140.0,38.0,27.0,174.0,1.19
S02953,Silt loam,20.5,55.3,24.2,1.86,1.08,1.485,0.44,0.222,0.098,0.124,31.3,0.712,0.126,0.689,689.0,normal(<1),6.99,25.0,74.0,14.0,548.0,55.0,15.0,606.0,1.77
S02954,Loam,48.7,34.3,17.0,1.91,1.11,1.603,0.395,0.199,0.075,0.124,27.4,0.694,0.121,0.4,400.0,normal(<1),6.47,31.8,37.0,21.0,256.0,26.0,17.0,342.0,2.39
S02955,Sandy loam,55.3,25.4,19.3,1.6,0.93,1.54,0.419,0.175,0.084,0.091,23.5,0.561,0.184,0.337,337.0,normal(<1),6.08,20.1,65.0,43.0,202.0,41.0,24.0,280.0,1.4
S02956,Sandy loam,67.2,21.8,11.0,1.53,0.89,1.612,0.392,0.165,0.066,0.098,25.5,0.652,0.136,1.898,1898.0,germination-critical(1-2),6.33,24.8,137.0,100.0,189.0,12.0,21.0,237.0,1.51
S02957,Loam,40.5,46.6,13.0,0.46,0.26,1.567,0.409,0.199,0.085,0.114,18.4,0.45,0.225,0.327,327.0,normal(<1),6.66,29.2,24.0,17.0,373.0,34.0,17.0,410.0,0.36
S02958,Loam,44.3,46.0,9.6,3.08,1.78,1.548,0.416,0.157,0.075,0.082,15.6,0.376,0.259,0.197,197.0,normal(<1),6.47,29.9,59.0,28.0,352.0,67.0,24.0,405.0,3.29
S02959,Clay loam,29.7,38.2,32.0,4.96,2.88,1.358,0.488,0.245,0.113,0.132,26.7,0.548,0.22,1.185,1185.0,germination-critical(1-2),7.0,37.4,106.0,104.0,354.0,100.0,50.0,409.0,4.55
S02960,Sandy clay loam,51.0,14.5,34.5,2.78,1.61,1.433,0.459,0.185,0.107,0.077,29.1,0.633,0.168,3.362,3362.0,detrimental(>3),6.58,29.7,186.0,159.0,258.0,47.0,6.0,264.0,2.67
S02961,Silty clay loam,13.5,56.3,30.1,1.3,0.75,1.521,0.426,0.224,0.126,0.098,21.1,0.495,0.215,1.381,1381.0,germination-critical(1-2),6.63,24.3,150.0,12.0,436.0,55.0,13.0,540.0,1.15
S02962,Loamy sand,81.9,7.8,10.3,2.53,1.47,1.513,0.429,0.139,0.054,0.084,19.0,0.443,0.239,0.29,290.0,normal(<1),7.34,23.2,50.0,14.0,177.0,64.0,15.0,172.0,2.49
S02963,Sandy loam,76.2,11.3,12.4,3.82,2.21,1.489,0.438,0.143,0.048,0.094,22.4,0.511,0.214,0.748,748.0,normal(<1),6.9,28.2,108.0,57.0,153.0,71.0,34.0,205.0,3.8
S02964,Silt loam,7.4,82.4,10.2,5.26,3.05,1.443,0.455,0.259,0.13,0.129,33.2,0.729,0.123,1.425,1425.0,germination-critical(1-2),6.25,35.3,123.0,53.0,501.0,107.0,29.0,637.0,5.37
S02965,Silty clay loam,6.4,56.9,36.7,1.68,0.97,1.515,0.428,0.279,0.135,0.143,15.6,0.364,0.273,1.855,1855.0,germination-critical(1-2),6.26,32.8,131.0,86.0,458.0,56.0,20.0,524.0,1.66
S02966,Sandy clay loam,60.8,19.1,20.1,2.68,1.55,1.51,0.43,0.189,0.088,0.101,18.4,0.427,0.247,0.11,110.0,normal(<1),5.93,20.8,24.0,41.0,175.0,69.0,22.0,226.0,2.76
S02967,Clay loam,25.3,44.7,30.0,2.21,1.28,1.566,0.409,0.212,0.105,0.106,20.9,0.511,0.2,0.383,383.0,normal(<1),7.32,19.2,12.0,12.0,369.0,47.0,3.0,484.0,2.48
S02968,Silt loam,25.5,72.5,2.0,2.22,1.29,1.45,0.453,0.196,0.08,0.117,26.1,0.577,0.192,0.932,932.0,normal(<1),5.96,31.7,67.0,40.0,491.0,47.0,12.0,558.0,1.94
S02969,Sand,89.4,6.5,4.1,0.3,0.17,1.618,0.389,0.1,0.038,0.062,10.7,0.276,0.282,0.258,258.0,normal(<1),6.57,27.7,2.0,20.0,52.0,30.0,0.0,89.0,0.21
S02970,Clay loam,24.4,41.0,34.6,3.04,1.77,1.536,0.42,0.223,0.126,0.097,18.6,0.442,0.234,0.176,176.0,normal(<1),6.33,25.9,80.0,19.0,360.0,52.0,10.0,403.0,2.8
S02971,Sandy loam,60.3,22.9,16.8,2.76,1.6,1.578,0.405,0.166,0.087,0.079,16.0,0.395,0.245,1.705,1705.0,germination-critical(1-2),6.65,30.7,144.0,91.0,189.0,91.0,24.0,180.0,2.47
S02972,Clay loam,29.2,39.0,31.8,1.04,0.6,1.536,0.42,0.228,0.106,0.123,22.9,0.545,0.191,0.669,669.0,normal(<1),6.48,22.3,61.0,47.0,394.0,37.0,10.0,450.0,1.14
S02973,Loamy sand,75.9,16.7,7.4,0.36,0.21,1.57,0.407,0.134,0.053,0.081,26.4,0.648,0.143,3.833,3833.0,detrimental(>3),6.76,23.8,168.0,135.0,206.0,3.0,4.0,195.0,0.66
S02974,Silty clay loam,0.8,65.8,33.4,2.21,1.28,1.466,0.447,0.269,0.116,0.153,28.1,0.628,0.166,0.402,402.0,normal(<1),6.34,33.6,38.0,22.0,522.0,52.0,10.0,652.0,1.86
S02975,Sandy loam,76.5,9.6,13.9,0.3,0.17,1.603,0.395,0.14,0.065,0.075,23.9,0.605,0.156,0.54,540.0,normal(<1),6.74,25.1,84.0,44.0,100.0,60.0,8.0,141.0,0.0
S02976,Loam,40.6,36.6,22.7,2.64,1.53,1.516,0.428,0.215,0.079,0.136,15.9,0.373,0.268,0.465,465.0,normal(<1),7.07,33.5,68.0,51.0,356.0,47.0,22.0,351.0,2.99
S02977,Silty clay,4.6,51.7,43.7,1.78,1.03,1.501,0.433,0.27,0.122,0.148,31.7,0.731,0.116,0.99,990.0,normal(<1),6.79,33.4,106.0,17.0,491.0,44.0,0.0,595.0,1.23
S02978,Sandy loam,49.2,31.9,18.9,0.89,0.52,1.577,0.405,0.173,0.078,0.095,22.2,0.548,0.183,0.11,110.0,normal(<1),6.61,27.7,13.0,0.0,227.0,2.0,11.0,325.0,0.92
S02979,Sandy clay loam,55.3,10.4,34.4,1.9,1.1,1.439,0.457,0.183,0.087,0.096,27.2,0.594,0.185,0.875,875.0,normal(<1),5.77,35.1,37.0,35.0,138.0,42.0,26.0,235.0,1.71
S02980,Silt loam,26.9,52.2,20.8,2.81,1.63,1.455,0.451,0.237,0.114,0.123,24.7,0.549,0.204,3.844,3844.0,detrimental(>3),6.73,16.6,228.0,112.0,455.0,98.0,0.0,420.0,2.73
S02981,Clay loam,42.3,30.3,27.4,3.93,2.28,1.395,0.474,0.222,0.097,0.124,21.2,0.448,0.261,2.034,2034.0,salt-sensitive-critical(2-3),6.46,27.6,160.0,72.0,310.0,120.0,28.0,424.0,4.08
S02982,Silt loam,15.1,73.8,11.0,2.82,1.63,1.515,0.428,0.203,0.107,0.097,25.6,0.597,0.173,1.825,1825.0,germination-critical(1-2),6.57,32.6,129.0,75.0,573.0,74.0,10.0,673.0,2.35
S02983,Silty clay,5.1,53.6,41.3,2.33,1.35,1.45,0.453,0.271,0.137,0.134,31.3,0.691,0.14,0.542,542.0,normal(<1),6.67,25.0,114.0,21.0,475.0,55.0,11.0,570.0,1.67
S02984,Sandy loam,79.6,5.1,15.3,3.77,2.19,1.5,0.434,0.157,0.06,0.096,23.8,0.549,0.196,0.463,463.0,normal(<1),6.61,25.5,93.0,3.0,20.0,91.0,15.0,47.0,3.51
S02985,Loamy sand,74.1,16.9,9.0,1.38,0.8,1.598,0.397,0.111,0.051,0.06,13.1,0.33,0.266,0.232,232.0,normal(<1),6.04,25.6,28.0,45.0,165.0,41.0,23.0,224.0,2.11
S02986,Clay loam,35.1,30.8,34.1,1.95,1.13,1.561,0.411,0.177,0.103,0.074,18.7,0.455,0.224,0.611,611.0,normal(<1),7.09,29.2,21.0,41.0,344.0,53.0,21.0,351.0,2.1
S02987,Loam,30.8,47.9,21.3,3.08,1.79,1.503,0.433,0.232,0.089,0.143,20.6,0.476,0.227,0.307,307.0,normal(<1),6.96,29.5,49.0,0.0,469.0,76.0,20.0,498.0,2.87
S02988,Clay loam,42.8,21.0,36.1,2.26,1.31,1.517,0.428,0.217,0.119,0.098,16.4,0.384,0.264,4.349,4349.0,detrimental(>3),6.36,28.4,244.0,173.0,299.0,55.0,15.0,281.0,2.37
S02989,Silt loam,9.7,64.6,25.7,3.16,1.83,1.485,0.44,0.247,0.119,0.128,30.7,0.698,0.133,0.141,141.0,normal(<1),6.56,26.4,2.0,16.0,507.0,57.0,42.0,672.0,3.17
S02990,Clay,13.1,34.5,52.3,2.69,1.56,1.459,0.449,0.246,0.148,0.098,24.3,0.541,0.206,1.582,1582.0,germination-critical(1-2),6.3,20.7,103.0,38.0,393.0,53.0,0.0,430.0,2.68
S02991,Sandy clay loam,45.7,21.4,33.0,2.6,1.51,1.465,0.447,0.198,0.1,0.098,24.6,0.551,0.201,0.681,681.0,normal(<1),6.44,34.8,14.0,59.0,213.0,61.0,20.0,236.0,2.55
S02992,Silt loam,15.4,62.7,21.9,1.46,0.85,1.524,0.425,0.222,0.083,0.139,15.8,0.371,0.267,0.277,277.0,normal(<1),6.75,32.0,63.0,0.0,428.0,24.0,9.0,590.0,2.07
S02993,Sandy loam,66.4,19.3,14.3,1.51,0.88,1.55,0.415,0.162,0.072,0.09,25.0,0.602,0.165,0.492,492.0,normal(<1),6.38,25.7,59.0,11.0,198.0,15.0,28.0,257.0,1.49
S02994,Silty clay loam,8.7,55.2,36.0,3.25,1.89,1.433,0.459,0.222,0.134,0.088,23.4,0.509,0.225,0.256,256.0,normal(<1),5.98,23.5,62.0,0.0,524.0,54.0,23.0,611.0,3.29
S02995,Silty clay,5.5,52.4,42.1,3.58,2.07,1.348,0.491,0.263,0.119,0.144,20.1,0.409,0.29,0.403,403.0,normal(<1),6.36,31.6,66.0,27.0,497.0,86.0,35.0,585.0,3.37
S02996,Loamy sand,73.9,19.6,6.5,1.44,0.83,1.614,0.391,0.132,0.061,0.07,16.8,0.43,0.223,0.159,159.0,normal(<1),6.81,30.2,64.0,6.0,233.0,29.0,14.0,230.0,1.58
S02997,Sandy clay loam,61.1,14.4,24.5,2.58,1.5,1.527,0.424,0.184,0.068,0.117,17.8,0.421,0.246,1.352,1352.0,germination-critical(1-2),5.98,23.7,118.0,34.0,136.0,75.0,27.0,155.0,2.7
S02998,Loam,50.9,35.8,13.4,1.06,0.62,1.55,0.415,0.179,0.091,0.088,16.8,0.405,0.247,0.467,467.0,normal(<1),6.66,28.6,18.0,8.0,355.0,10.0,1.0,399.0,1.03
S02999,Sandy loam,62.9,31.0,6.2,1.78,1.03,1.557,0.412,0.167,0.056,0.11,15.4,0.373,0.258,0.148,148.0,normal(<1),6.38,23.1,48.0,35.0,262.0,40.0,15.0,325.0,1.68
S03000,Silty clay loam,10.4,58.7,30.9,3.63,2.1,1.422,0.463,0.241,0.12,0.121,19.7,0.424,0.267,0.532,532.0,normal(<1),6.79,30.9,93.0,42.0,527.0,75.0,36.0,617.0,3.57
S03001,Sandy clay,52.9,11.3,35.8,3.33,1.93,1.522,0.426,0.208,0.085,0.123,22.1,0.52,0.204,1.894,1894.0,germination-critical(1-2),6.47,32.4,113.0,105.0,199.0,64.0,26.0,163.0,3.62
S03002,Silt loam,1.2,80.6,18.3,3.13,1.81,1.45,0.453,0.245,0.098,0.147,18.7,0.412,0.266,0.345,345.0,normal(<1),6.39,29.1,83.0,29.0,554.0,93.0,24.0,686.0,3.06
S03003,Clay loam,36.9,28.2,34.8,2.25,1.3,1.585,0.402,0.2,0.092,0.108,25.6,0.637,0.146,0.121,121.0,normal(<1),6.7,27.7,30.0,0.0,292.0,49.0,0.0,320.0,2.23
S03004,Silty clay,6.6,40.9,52.4,2.22,1.29,1.496,0.435,0.28,0.148,0.132,25.3,0.581,0.182,1.002,1002.0,germination-critical(1-2),6.2,22.0,71.0,13.0,382.0,43.0,12.0,477.0,1.98
S03005,Loam,35.5,48.9,15.6,1.73,1.01,1.578,0.404,0.197,0.087,0.111,15.1,0.374,0.253,0.85,850.0,normal(<1),6.58,28.0,73.0,36.0,389.0,37.0,23.0,441.0,1.89
S03006,Clay loam,28.6,34.7,36.7,2.03,1.18,1.427,0.461,0.246,0.097,0.149,27.8,0.601,0.184,0.242,242.0,normal(<1),6.07,25.0,54.0,66.0,321.0,62.0,29.0,414.0,1.86
S03007,Sandy clay loam,45.9,23.4,30.7,3.25,1.88,1.541,0.419,0.197,0.107,0.09,30.0,0.717,0.118,0.16,160.0,normal(<1),6.78,23.7,46.0,37.0,333.0,62.0,28.0,276.0,3.34
S03008,Loamy sand,70.8,18.3,10.9,1.51,0.88,1.599,0.397,0.155,0.062,0.093,15.2,0.383,0.245,0.61,610.0,normal(<1),6.58,24.5,32.0,38.0,244.0,51.0,11.0,233.0,1.35
S03009,Silty clay loam,11.7,57.7,30.6,3.95,2.29,1.427,0.462,0.222,0.112,0.11,22.2,0.481,0.239,0.71,710.0,normal(<1),6.53,29.1,115.0,54.0,524.0,43.0,24.0,635.0,3.74
S03010,Sandy loam,77.0,6.4,16.5,2.68,1.55,1.58,0.404,0.179,0.069,0.11,22.7,0.561,0.177,0.151,151.0,normal(<1),6.55,26.6,46.0,22.0,142.0,55.0,19.0,173.0,2.86
S03011,Silt loam,3.1,82.0,14.9,1.6,0.93,1.499,0.434,0.216,0.102,0.114,21.9,0.503,0.216,0.269,269.0,normal(<1),7.01,31.5,0.0,21.0,532.0,36.0,16.0,713.0,1.51
S03012,Loam,45.0,36.4,18.6,1.78,1.03,1.466,0.447,0.173,0.095,0.078,31.0,0.694,0.137,0.462,462.0,normal(<1),6.52,24.9,0.0,6.0,293.0,30.0,15.0,360.0,1.64
S03013,Loamy sand,83.5,11.0,5.6,1.5,0.87,1.506,0.432,0.131,0.067,0.064,24.9,0.578,0.182,0.244,244.0,normal(<1),7.25,28.5,32.0,0.0,130.0,25.0,0.0,130.0,1.63
S03014,Loam,29.0,48.9,22.0,5.35,3.1,1.423,0.463,0.201,0.107,0.094,18.6,0.401,0.277,0.122,122.0,normal(<1),6.47,21.7,84.0,29.0,345.0,107.0,36.0,402.0,5.04
S03015,Loamy sand,70.5,17.0,12.4,3.51,2.03,1.533,0.422,0.176,0.064,0.112,28.8,0.683,0.133,0.224,224.0,normal(<1),6.86,22.2,71.0,19.0,195.0,88.0,42.0,189.0,3.18
S03016,Sandy loam,45.1,39.5,15.3,1.62,0.94,1.567,0.409,0.181,0.085,0.096,20.8,0.51,0.2,0.118,118.0,normal(<1),6.24,20.1,0.0,0.0,314.0,24.0,5.0,408.0,2.09
S03017,Clay,19.9,39.6,40.4,4.61,2.67,1.434,0.459,0.265,0.12,0.145,34.0,0.74,0.119,0.469,469.0,normal(<1),6.6,29.3,68.0,20.0,364.0,115.0,23.0,466.0,4.8
S03018,Sandy clay loam,49.7,21.6,28.7,2.04,1.18,1.51,0.43,0.205,0.083,0.122,16.6,0.385,0.265,0.44,440.0,normal(<1),7.16,19.6,130.0,11.0,320.0,50.0,16.0,338.0,2.39
S03019,Sandy loam,54.7,29.1,16.2,1.27,0.74,1.555,0.413,0.167,0.08,0.087,26.6,0.644,0.147,0.154,154.0,normal(<1),6.68,26.6,47.0,19.0,259.0,9.0,0.0,352.0,1.4
S03020,Silt loam,29.9,58.6,11.5,1.36,0.79,1.587,0.401,0.203,0.081,0.122,19.6,0.488,0.205,0.299,299.0,normal(<1),6.21,30.0,77.0,8.0,441.0,30.0,3.0,496.0,0.92
S03021,Loam,40.8,49.6,9.6,1.78,1.03,1.508,0.431,0.2,0.072,0.128,23.2,0.538,0.199,0.245,245.0,normal(<1),5.83,29.7,33.0,48.0,376.0,52.0,14.0,450.0,1.75
S03022,Silty clay,0.7,58.4,40.9,3.26,1.89,1.478,0.442,0.263,0.144,0.119,30.7,0.695,0.135,0.646,646.0,normal(<1),6.69,29.8,100.0,58.0,490.0,76.0,29.0,611.0,3.07
S03023,Sandy loam,63.6,24.7,11.7,3.0,1.74,1.488,0.438,0.187,0.076,0.111,21.7,0.494,0.222,0.268,268.0,normal(<1),6.73,26.1,67.0,53.0,140.0,45.0,27.0,244.0,3.0
S03024,Sandy loam,49.6,43.3,7.0,1.23,0.71,1.554,0.414,0.161,0.078,0.083,18.7,0.453,0.226,0.344,344.0,normal(<1),6.67,30.9,67.0,25.0,393.0,25.0,12.0,444.0,1.32
S03025,Silt loam,15.0,72.1,12.9,1.45,0.84,1.554,0.414,0.227,0.098,0.129,19.0,0.459,0.224,1.151,1151.0,germination-critical(1-2),6.59,33.8,115.0,65.0,496.0,38.0,18.0,639.0,1.62
S03026,Silt loam,15.0,75.0,9.9,3.08,1.79,1.555,0.413,0.211,0.103,0.108,23.0,0.556,0.183,0.513,513.0,normal(<1),6.23,27.4,61.0,38.0,654.0,67.0,20.0,709.0,3.06
S03027,Silt loam,23.8,50.7,25.4,2.48,1.44,1.563,0.41,0.206,0.088,0.118,22.6,0.552,0.184,0.36,360.0,normal(<1),6.93,32.0,60.0,50.0,318.0,54.0,30.0,411.0,2.62
S03028,Sandy loam,51.0,35.8,13.3,2.46,1.43,1.607,0.394,0.187,0.086,0.1,12.2,0.311,0.271,0.603,603.0,normal(<1),5.96,26.5,41.0,48.0,259.0,47.0,26.0,352.0,2.28
S03029,Sandy loam,67.5,19.5,13.0,1.61,0.93,1.578,0.404,0.136,0.07,0.066,22.5,0.557,0.179,0.347,347.0,normal(<1),6.44,25.5,50.0,63.0,216.0,24.0,22.0,215.0,1.37
S03030,Sandy clay loam,54.8,13.4,31.8,4.3,2.49,1.538,0.42,0.206,0.104,0.102,20.1,0.479,0.219,2.162,2162.0,salt-sensitive-critical(2-3),5.74,23.8,216.0,70.0,219.0,87.0,26.0,228.0,4.05
S03031,Loamy sand,83.1,2.4,14.5,0.35,0.21,1.569,0.408,0.112,0.06,0.051,25.1,0.616,0.157,1.106,1106.0,germination-critical(1-2),6.33,29.5,66.0,20.0,43.0,5.0,17.0,44.0,0.51
S03032,Sand,90.1,1.6,8.3,0.3,0.17,1.579,0.404,0.097,0.035,0.062,20.6,0.51,0.198,1.524,1524.0,germination-critical(1-2),7.06,28.7,81.0,72.0,51.0,12.0,0.0,100.0,0.19
S03033,Sand,89.5,6.0,4.5,0.89,0.51,1.577,0.405,0.117,0.032,0.086,23.9,0.589,0.166,3.053,3053.0,detrimental(>3),6.73,28.4,182.0,124.0,174.0,32.0,25.0,122.0,0.54
S03034,Loam,43.2,31.8,25.0,2.44,1.41,1.443,0.456,0.184,0.084,0.1,31.2,0.686,0.143,1.894,1894.0,germination-critical(1-2),6.92,31.6,151.0,62.0,309.0,73.0,17.0,313.0,2.66
S03035,Clay loam,28.8,32.7,38.5,2.73,1.58,1.564,0.41,0.238,0.121,0.118,28.2,0.687,0.128,0.461,461.0,normal(<1),6.93,36.2,80.0,24.0,351.0,68.0,23.0,366.0,2.37
S03036,Sandy clay loam,47.0,25.6,27.3,2.62,1.52,1.531,0.422,0.21,0.096,0.114,19.5,0.462,0.227,0.239,239.0,normal(<1),6.26,21.5,64.0,46.0,307.0,44.0,28.0,332.0,2.64
S03037,Clay loam,42.5,27.9,29.6,3.0,1.74,1.504,0.432,0.189,0.109,0.079,32.8,0.758,0.105,0.288,288.0,normal(<1),6.78,22.3,26.0,25.0,255.0,44.0,23.0,345.0,3.31
S03038,Clay,9.5,25.0,65.5,3.9,2.26,1.402,0.471,0.291,0.156,0.135,26.2,0.557,0.209,1.105,1105.0,germination-critical(1-2),6.39,28.8,117.0,45.0,333.0,94.0,26.0,444.0,3.66
S03039,Clay,9.9,31.8,58.3,2.61,1.51,1.351,0.49,0.278,0.131,0.148,21.1,0.431,0.279,0.472,472.0,normal(<1),6.64,32.1,47.0,61.0,274.0,58.0,26.0,355.0,2.73
S03040,Silt loam,23.8,58.5,17.7,1.83,1.06,1.49,0.438,0.209,0.097,0.112,12.9,0.296,0.308,0.622,622.0,normal(<1),6.58,43.8,41.0,21.0,471.0,48.0,37.0,535.0,1.6
S03041,Loam,42.3,42.8,14.9,3.59,2.08,1.577,0.405,0.195,0.086,0.109,12.7,0.313,0.278,0.09,90.0,normal(<1),6.56,26.8,49.0,41.0,412.0,68.0,27.0,494.0,3.69
S03042,Sandy clay loam,54.6,15.0,30.4,3.41,1.98,1.516,0.428,0.208,0.099,0.109,31.3,0.731,0.115,0.252,252.0,normal(<1),6.02,29.2,58.0,42.0,239.0,63.0,26.0,241.0,3.7
S03043,Loam,42.8,49.4,7.8,2.26,1.31,1.595,0.398,0.204,0.075,0.129,31.2,0.783,0.086,0.097,97.0,normal(<1),5.95,21.1,52.0,18.0,260.0,48.0,21.0,380.0,2.27
S03044,Silt loam,5.4,75.3,19.4,2.36,1.37,1.528,0.423,0.239,0.09,0.15,21.1,0.498,0.212,0.303,303.0,normal(<1),6.74,23.0,89.0,23.0,525.0,52.0,10.0,714.0,2.19
S03045,Clay,14.4,20.1,65.5,2.44,1.41,1.431,0.46,0.274,0.15,0.124,32.2,0.701,0.138,0.394,394.0,normal(<1),6.24,22.0,42.0,18.0,319.0,64.0,36.0,353.0,2.7
S03046,Silty clay loam,19.0,52.0,29.0,3.13,1.81,1.408,0.469,0.256,0.124,0.132,23.9,0.509,0.23,1.99,1990.0,germination-critical(1-2),6.44,22.0,181.0,80.0,475.0,55.0,15.0,575.0,3.19
S03047,Sandy clay loam,60.6,10.7,28.7,1.98,1.15,1.506,0.432,0.199,0.073,0.126,27.9,0.646,0.153,0.196,196.0,normal(<1),6.17,23.4,39.0,0.0,240.0,46.0,25.0,221.0,1.93
S03048,Sandy loam,67.4,24.4,8.2,1.44,0.83,1.526,0.424,0.152,0.054,0.099,19.6,0.463,0.228,1.006,1006.0,germination-critical(1-2),5.95,25.9,54.0,40.0,243.0,23.0,0.0,255.0,1.59
S03049,Loam,31.9,46.3,21.9,2.47,1.43,1.549,0.416,0.221,0.095,0.126,32.2,0.775,0.093,0.224,224.0,normal(<1),5.99,40.0,29.0,23.0,352.0,47.0,0.0,433.0,2.12
S03050,Loam,45.2,29.6,25.2,1.62,0.94,1.605,0.394,0.201,0.097,0.104,27.1,0.689,0.123,0.122,122.0,normal(<1),6.51,30.3,0.0,22.0,238.0,19.0,27.0,263.0,1.27
S03051,Silt loam,26.6,57.0,16.4,4.14,2.4,1.444,0.455,0.24,0.102,0.138,23.2,0.509,0.223,1.775,1775.0,germination-critical(1-2),6.02,30.4,144.0,72.0,483.0,108.0,27.0,513.0,4.14
S03052,Clay loam,43.5,17.4,39.0,3.05,1.77,1.463,0.448,0.181,0.107,0.075,24.5,0.547,0.203,0.485,485.0,normal(<1),6.58,36.2,44.0,0.0,198.0,65.0,8.0,267.0,3.74
S03053,Clay loam,43.8,18.0,38.2,3.43,1.99,1.485,0.44,0.212,0.11,0.102,27.3,0.621,0.166,0.766,766.0,normal(<1),6.27,26.7,13.0,34.0,209.0,30.0,12.0,240.0,3.63
S03054,Silty clay loam,19.4,51.2,29.3,3.06,1.77,1.464,0.447,0.22,0.094,0.126,15.3,0.342,0.294,0.299,299.0,normal(<1),6.03,28.4,41.0,0.0,511.0,76.0,18.0,571.0,2.55
S03055,Sandy loam,74.5,16.8,8.7,1.93,1.12,1.686,0.364,0.161,0.068,0.093,18.5,0.507,0.179,0.149,149.0,normal(<1),6.67,33.4,45.0,0.0,214.0,47.0,6.0,199.0,2.14
S03056,Sandy clay loam,48.9,23.9,27.2,1.33,0.77,1.539,0.419,0.176,0.082,0.094,28.7,0.685,0.132,1.546,1546.0,germination-critical(1-2),6.38,28.3,132.0,61.0,194.0,69.0,15.0,224.0,1.04
S03057,Silt loam,22.1,56.5,21.4,1.85,1.07,1.558,0.412,0.266,0.092,0.174,25.5,0.62,0.157,0.598,598.0,normal(<1),6.75,31.3,63.0,41.0,400.0,63.0,9.0,553.0,2.13
S03058,Sandy loam,53.4,30.3,16.3,1.73,1.0,1.551,0.415,0.171,0.078,0.093,20.3,0.491,0.211,1.037,1037.0,germination-critical(1-2),6.82,24.0,39.0,33.0,292.0,18.0,26.0,338.0,1.94
S03059,Clay loam,32.4,33.0,34.6,2.0,1.16,1.428,0.461,0.213,0.13,0.083,16.9,0.367,0.292,0.271,271.0,normal(<1),6.14,20.7,26.0,47.0,418.0,43.0,21.0,475.0,1.81
S03060,Sandy loam,67.7,25.3,7.0,0.55,0.32,1.601,0.396,0.147,0.051,0.096,14.6,0.368,0.25,0.43,430.0,normal(<1),6.49,26.8,54.0,48.0,247.0,14.0,11.0,241.0,0.94
S03061,Loamy sand,71.7,15.1,13.2,1.75,1.01,1.602,0.395,0.151,0.058,0.093,28.5,0.722,0.11,0.441,441.0,normal(<1),6.75,24.8,39.0,20.0,95.0,49.0,18.0,191.0,1.34
S03062,Clay,11.0,29.6,59.4,2.27,1.32,1.486,0.439,0.253,0.15,0.103,30.7,0.699,0.132,0.52,520.0,normal(<1),6.83,23.7,61.0,52.0,341.0,65.0,22.0,452.0,1.99
S03063,Loamy sand,83.3,10.1,6.5,3.0,1.74,1.587,0.401,0.154,0.048,0.106,19.9,0.497,0.201,0.726,726.0,normal(<1),6.4,30.4,63.0,44.0,46.0,86.0,24.0,77.0,2.88
S03064,Silt loam,23.0,58.1,18.8,0.93,0.54,1.545,0.417,0.226,0.097,0.129,20.2,0.484,0.215,0.224,224.0,normal(<1),6.31,26.7,26.0,10.0,515.0,16.0,23.0,631.0,0.64
S03065,Sandy loam,78.6,2.6,18.8,1.75,1.02,1.549,0.416,0.165,0.068,0.096,28.7,0.691,0.128,0.061,61.0,normal(<1),6.29,25.4,0.0,23.0,41.0,29.0,17.0,66.0,1.84
S03066,Sand,93.1,5.1,1.8,1.29,0.75,1.61,0.392,0.135,0.043,0.093,23.1,0.589,0.161,0.578,578.0,normal(<1),6.13,29.0,11.0,0.0,24.0,0.0,8.0,46.0,1.35
S03067,Sandy loam,69.2,18.9,11.8,1.62,0.94,1.544,0.417,0.142,0.054,0.088,24.9,0.596,0.168,0.861,861.0,normal(<1),6.71,19.9,61.0,19.0,229.0,44.0,14.0,223.0,1.57
S03068,Silt loam,3.9,85.7,10.4,1.92,1.11,1.536,0.42,0.236,0.117,0.119,18.9,0.449,0.232,0.241,241.0,normal(<1),6.28,31.8,34.0,24.0,497.0,26.0,0.0,662.0,2.18
S03069,Loam,44.9,38.8,16.3,0.92,0.53,1.497,0.435,0.195,0.087,0.108,27.8,0.639,0.157,0.564,564.0,normal(<1),6.45,27.4,50.0,30.0,368.0,56.0,19.0,406.0,0.94
S03070,Loam,39.2,48.4,12.4,4.99,2.89,1.458,0.45,0.191,0.09,0.101,23.7,0.526,0.213,0.202,202.0,normal(<1),6.17,32.5,30.0,29.0,411.0,106.0,39.0,469.0,4.42
S03071,Loamy sand,76.7,21.8,1.5,0.98,0.57,1.582,0.403,0.11,0.041,0.069,19.2,0.476,0.211,4.531,4531.0,detrimental(>3),6.63,27.5,246.0,149.0,325.0,33.0,35.0,239.0,0.93
S03072,Sandy loam,67.8,24.1,8.1,0.72,0.42,1.526,0.424,0.121,0.057,0.064,21.8,0.515,0.206,1.861,1861.0,germination-critical(1-2),6.32,28.2,92.0,63.0,193.0,0.0,22.0,229.0,0.88
S03073,Silty clay,5.0,41.0,54.0,1.68,0.97,1.435,0.459,0.258,0.147,0.111,19.1,0.416,0.268,0.545,545.0,normal(<1),6.74,30.1,22.0,6.0,442.0,12.0,34.0,588.0,1.41
S03074,Sandy loam,55.7,32.1,12.2,1.75,1.01,1.652,0.377,0.205,0.073,0.132,15.0,0.4,0.226,0.803,803.0,normal(<1),6.35,29.1,25.0,26.0,215.0,41.0,11.0,256.0,1.72
S03075,Silt loam,16.9,63.0,20.1,3.6,2.09,1.445,0.455,0.237,0.108,0.13,30.2,0.664,0.153,0.181,181.0,normal(<1),6.6,33.0,51.0,14.0,470.0,74.0,27.0,583.0,3.53
S03076,Silt loam,5.0,76.4,18.6,0.99,0.58,1.574,0.406,0.244,0.107,0.137,15.9,0.393,0.246,1.058,1058.0,germination-critical(1-2),5.89,30.6,61.0,5.0,601.0,37.0,7.0,699.0,1.46
S03077,Loam,26.7,49.2,24.1,2.41,1.4,1.531,0.422,0.22,0.092,0.127,20.2,0.479,0.22,0.127,127.0,normal(<1),6.3,26.4,0.0,12.0,399.0,60.0,9.0,527.0,2.44
S03078,Loam,39.4,40.1,20.4,2.44,1.41,1.567,0.409,0.214,0.09,0.124,29.8,0.73,0.11,0.102,102.0,normal(<1),7.53,23.1,26.0,0.0,349.0,63.0,9.0,395.0,3.01
S03079,Silty clay loam,17.4,45.2,37.4,1.95,1.13,1.49,0.438,0.256,0.118,0.138,25.8,0.588,0.18,0.301,301.0,normal(<1),7.24,29.8,14.0,16.0,355.0,54.0,15.0,445.0,2.04
S03080,Sandy clay,45.8,14.5,39.7,2.79,1.62,1.476,0.443,0.23,0.106,0.125,20.2,0.456,0.241,0.29,290.0,normal(<1),6.72,33.8,55.0,32.0,242.0,49.0,13.0,354.0,2.54
S03081,Silty clay loam,18.0,49.2,32.8,2.53,1.47,1.528,0.423,0.243,0.121,0.122,33.0,0.779,0.093,1.573,1573.0,germination-critical(1-2),5.71,30.7,95.0,60.0,420.0,41.0,29.0,512.0,2.21
S03082,Sandy clay loam,50.3,18.5,31.2,2.74,1.59,1.488,0.438,0.204,0.089,0.115,28.4,0.648,0.154,0.05,50.0,normal(<1),6.34,27.6,86.0,0.0,201.0,66.0,17.0,305.0,2.83
S03083,Silty clay,14.2,42.7,43.1,3.93,2.28,1.437,0.458,0.24,0.124,0.115,29.1,0.636,0.167,0.669,669.0,normal(<1),6.41,24.0,149.0,17.0,415.0,86.0,30.0,480.0,4.08
S03084,Sandy clay loam,52.1,21.0,26.9,2.68,1.56,1.488,0.438,0.216,0.098,0.117,26.2,0.598,0.176,0.117,117.0,normal(<1),6.21,23.0,39.0,26.0,236.0,48.0,39.0,265.0,2.58
S03085,Silt loam,6.8,67.6,25.7,3.71,2.15,1.439,0.457,0.245,0.112,0.133,31.1,0.68,0.146,0.586,586.0,normal(<1),6.31,31.9,65.0,40.0,607.0,58.0,30.0,640.0,3.58
S03086,Loamy sand,73.7,21.3,5.0,0.55,0.32,1.605,0.394,0.129,0.039,0.09,14.8,0.375,0.247,0.094,94.0,normal(<1),6.39,31.3,0.0,24.0,135.0,13.0,14.0,139.0,1.02
S03087,Clay loam,38.0,24.3,37.7,1.92,1.11,1.53,0.423,0.185,0.083,0.103,31.1,0.735,0.112,0.256,256.0,normal(<1),5.89,35.4,30.0,0.0,280.0,42.0,14.0,404.0,1.92
S03088,Clay loam,27.1,36.1,36.8,1.46,0.85,1.472,0.445,0.255,0.11,0.145,32.9,0.74,0.116,0.335,335.0,normal(<1),6.8,23.4,79.0,40.0,382.0,40.0,8.0,466.0,1.45
S03089,Loamy sand,78.2,16.8,5.0,2.37,1.38,1.499,0.434,0.148,0.059,0.089,27.6,0.635,0.158,0.133,133.0,normal(<1),6.76,24.0,47.0,32.0,106.0,59.0,10.0,200.0,2.18
S03090,Loamy sand,70.7,28.9,0.4,1.69,0.98,1.583,0.403,0.121,0.046,0.076,20.6,0.511,0.197,0.28,280.0,normal(<1),6.04,31.8,0.0,2.0,191.0,24.0,8.0,262.0,1.61
S03091,Silty clay loam,10.5,57.4,32.1,3.61,2.09,1.423,0.463,0.242,0.119,0.124,29.5,0.638,0.168,0.346,346.0,normal(<1),6.12,24.8,86.0,40.0,495.0,101.0,26.0,628.0,3.57
S03092,Silt loam,24.6,61.1,14.3,1.42,0.83,1.504,0.432,0.216,0.085,0.13,18.3,0.423,0.25,4.175,4175.0,detrimental(>3),6.86,39.2,209.0,147.0,551.0,35.0,23.0,528.0,1.29
S03093,Sandy clay,52.2,9.8,38.1,2.82,1.63,1.431,0.46,0.198,0.091,0.107,32.8,0.713,0.132,0.471,471.0,normal(<1),6.59,29.1,86.0,32.0,173.0,91.0,31.0,225.0,3.04
S03094,Loamy sand,77.7,8.5,13.8,0.98,0.57,1.614,0.391,0.164,0.038,0.126,24.5,0.626,0.146,2.722,2722.0,salt-sensitive-critical(2-3),6.58,34.6,162.0,75.0,174.0,42.0,23.0,171.0,1.15
S03095,Silt loam,24.5,64.2,11.2,3.82,2.22,1.462,0.448,0.215,0.1,0.115,20.2,0.451,0.246,0.386,386.0,normal(<1),7.28,29.3,104.0,15.0,474.0,52.0,24.0,527.0,4.06
S03096,Loamy sand,74.1,18.9,7.0,0.98,0.57,1.6,0.396,0.159,0.036,0.123,27.0,0.682,0.126,1.693,1693.0,germination-critical(1-2),6.39,33.8,77.0,80.0,183.0,27.0,15.0,188.0,0.9
S03097,Loamy sand,74.3,17.6,8.1,1.76,1.02,1.586,0.402,0.109,0.052,0.057,14.6,0.364,0.255,0.506,506.0,normal(<1),6.27,29.4,28.0,29.0,97.0,22.0,15.0,149.0,1.73
S03098,Sand,92.1,1.5,6.4,3.53,2.05,1.48,0.441,0.133,0.049,0.084,27.2,0.617,0.169,2.903,2903.0,salt-sensitive-critical(2-3),6.68,29.5,215.0,138.0,107.0,102.0,26.0,23.0,3.58
S03099,Sandy clay loam,62.5,7.2,30.3,1.77,1.03,1.584,0.402,0.164,0.079,0.084,20.8,0.516,0.195,0.567,567.0,normal(<1),6.6,31.0,64.0,46.0,238.0,11.0,28.0,188.0,1.59
S03100,Sandy clay loam,49.4,24.4,26.2,4.54,2.63,1.458,0.45,0.219,0.085,0.134,25.2,0.56,0.198,0.774,774.0,normal(<1),5.96,24.1,70.0,69.0,242.0,83.0,29.0,269.0,4.26
S03101,Silty clay,8.2,47.5,44.3,2.3,1.33,1.493,0.437,0.264,0.136,0.128,18.1,0.414,0.256,0.658,658.0,normal(<1),6.87,17.6,58.0,46.0,526.0,34.0,25.0,582.0,2.17
S03102,Silt loam,10.8,79.1,10.1,1.87,1.09,1.557,0.412,0.206,0.089,0.117,22.1,0.535,0.192,0.276,276.0,normal(<1),6.34,28.3,36.0,18.0,502.0,40.0,7.0,663.0,1.95
S03103,Silty clay loam,15.3,46.8,37.9,1.65,0.96,1.589,0.4,0.236,0.115,0.121,24.8,0.62,0.152,0.081,81.0,normal(<1),6.61,39.1,2.0,3.0,417.0,33.0,0.0,550.0,1.29
S03104,Silt loam,15.9,64.7,19.4,1.9,1.1,1.56,0.411,0.255,0.092,0.163,25.3,0.614,0.159,0.201,201.0,normal(<1),6.45,20.1,56.0,9.0,434.0,39.0,1.0,547.0,1.79
S03105,Silty clay,3.0,40.6,56.5,3.37,1.96,1.459,0.45,0.29,0.155,0.135,24.0,0.533,0.21,0.38,380.0,normal(<1),5.78,31.1,45.0,22.0,422.0,83.0,30.0,510.0,3.3
S03106,Loam,31.6,43.1,25.3,1.34,0.78,1.492,0.437,0.209,0.09,0.12,25.1,0.575,0.186,0.364,364.0,normal(<1),6.72,20.4,0.0,19.0,339.0,6.0,24.0,437.0,1.19
S03107,Silty clay loam,12.0,54.5,33.5,1.83,1.06,1.58,0.404,0.217,0.122,0.095,25.4,0.628,0.15,1.548,1548.0,germination-critical(1-2),6.52,29.9,98.0,73.0,485.0,56.0,5.0,582.0,1.74
S03108,Sandy loam,63.0,31.3,5.7,1.68,0.98,1.58,0.404,0.162,0.048,0.114,20.2,0.499,0.202,0.487,487.0,normal(<1),6.11,25.2,47.0,0.0,240.0,24.0,4.0,309.0,1.48
S03109,Sandy loam,62.4,25.2,12.4,2.49,1.45,1.522,0.426,0.163,0.092,0.072,17.9,0.421,0.246,0.84,840.0,normal(<1),7.11,29.9,74.0,35.0,298.0,51.0,20.0,354.0,2.61
S03110,Loam,32.4,47.8,19.7,1.53,0.89,1.498,0.435,0.232,0.105,0.127,30.5,0.702,0.13,0.138,138.0,normal(<1),6.31,38.2,7.0,26.0,413.0,39.0,30.0,530.0,1.77
S03111,Loam,44.7,32.4,22.9,3.79,2.2,1.508,0.431,0.213,0.106,0.107,20.7,0.48,0.224,2.946,2946.0,salt-sensitive-critical(2-3),6.74,29.3,162.0,124.0,346.0,63.0,30.0,371.0,3.24
S03112,Sandy loam,48.3,43.6,8.1,2.68,1.56,1.494,0.436,0.177,0.061,0.117,23.5,0.537,0.202,1.633,1633.0,germination-critical(1-2),5.88,21.9,153.0,48.0,366.0,59.0,9.0,396.0,2.82
S03113,Sandy clay loam,56.2,22.8,21.0,1.85,1.07,1.559,0.412,0.164,0.084,0.08,14.6,0.355,0.266,1.341,1341.0,germination-critical(1-2),6.37,30.7,101.0,32.0,365.0,33.0,0.0,337.0,1.84
S03114,Sandy loam,65.0,28.9,6.1,1.53,0.88,1.581,0.403,0.151,0.054,0.097,23.3,0.578,0.17,0.07,70.0,normal(<1),6.43,25.2,40.0,18.0,237.0,42.0,45.0,287.0,1.5
S03115,Silt loam,7.3,84.1,8.6,1.18,0.69,1.516,0.428,0.241,0.08,0.161,24.1,0.563,0.187,0.16,160.0,normal(<1),6.3,23.7,0.0,37.0,670.0,35.0,13.0,784.0,1.05
S03116,Sandy loam,72.0,12.7,15.3,0.33,0.19,1.62,0.389,0.151,0.063,0.088,17.0,0.437,0.219,0.354,354.0,normal(<1),6.2,36.8,14.0,0.0,104.0,23.0,9.0,172.0,0.25
S03117,Loam,42.9,39.0,18.0,1.26,0.73,1.633,0.384,0.191,0.083,0.108,12.3,0.32,0.261,0.392,392.0,normal(<1),6.36,23.7,20.0,6.0,407.0,39.0,24.0,393.0,1.15
S03118,Sand,90.0,5.2,4.8,2.76,1.6,1.547,0.416,0.136,0.038,0.098,22.6,0.542,0.191,0.203,203.0,normal(<1),6.24,28.0,45.0,55.0,59.0,60.0,31.0,55.0,3.0
S03119,Loamy sand,86.3,6.0,7.7,0.3,0.17,1.574,0.406,0.149,0.054,0.094,13.2,0.326,0.274,0.759,759.0,normal(<1),6.46,40.1,32.0,22.0,87.0,0.0,22.0,85.0,0.08
S03120,Silty clay,13.5,43.7,42.8,5.06,2.94,1.422,0.464,0.255,0.125,0.129,31.9,0.688,0.145,0.398,398.0,normal(<1),5.93,20.3,146.0,50.0,418.0,105.0,32.0,515.0,4.64
S03121,Loam,44.4,43.1,12.4,3.89,2.26,1.381,0.479,0.187,0.063,0.124,30.2,0.631,0.177,1.642,1642.0,germination-critical(1-2),7.14,28.6,99.0,62.0,376.0,87.0,34.0,489.0,3.73
S03122,Loam,35.2,49.9,14.8,2.97,1.72,1.617,0.39,0.21,0.075,0.135,13.9,0.356,0.251,0.177,177.0,normal(<1),6.2,25.2,38.0,42.0,402.0,52.0,32.0,462.0,2.81
S03123,Clay,11.5,35.0,53.5,3.61,2.1,1.426,0.462,0.263,0.14,0.123,19.9,0.431,0.263,0.56,560.0,normal(<1),6.82,35.7,93.0,30.0,314.0,67.0,10.0,421.0,4.01
S03124,Silty clay loam,10.4,52.6,37.0,3.12,1.81,1.537,0.42,0.269,0.129,0.14,30.1,0.716,0.119,1.548,1548.0,germination-critical(1-2),6.94,30.6,110.0,72.0,512.0,81.0,29.0,582.0,3.21
S03125,Clay loam,23.4,38.3,38.3,2.57,1.49,1.441,0.456,0.232,0.113,0.119,26.6,0.584,0.19,1.433,1433.0,germination-critical(1-2),7.25,27.8,96.0,46.0,426.0,52.0,25.0,469.0,2.19
S03126,Loamy sand,87.7,7.7,4.6,3.07,1.78,1.497,0.435,0.125,0.032,0.093,24.6,0.566,0.189,0.245,245.0,normal(<1),6.26,29.6,28.0,39.0,191.0,64.0,22.0,133.0,3.14
S03127,Loam,47.8,30.4,21.8,2.26,1.31,1.51,0.43,0.193,0.078,0.114,19.2,0.447,0.238,1.064,1064.0,germination-critical(1-2),6.41,25.0,69.0,22.0,258.0,71.0,6.0,306.0,2.63
S03128,Sandy clay loam,57.3,17.9,24.8,1.36,0.79,1.494,0.436,0.17,0.067,0.104,28.1,0.644,0.156,0.133,133.0,normal(<1),6.51,31.5,71.0,16.0,178.0,58.0,21.0,278.0,1.56
S03129,Loam,47.0,33.7,19.3,0.72,0.42,1.57,0.408,0.2,0.079,0.121,25.2,0.617,0.156,3.026,3026.0,detrimental(>3),6.74,32.7,189.0,102.0,299.0,5.0,22.0,346.0,0.99
S03130,Silt loam,5.7,85.2,9.1,2.33,1.35,1.55,0.415,0.229,0.103,0.126,25.4,0.611,0.162,0.067,67.0,normal(<1),6.27,30.5,120.0,22.0,704.0,83.0,31.0,787.0,2.5
S03131,Sandy loam,65.6,29.2,5.2,1.95,1.13,1.586,0.402,0.184,0.067,0.117,25.2,0.627,0.15,0.892,892.0,normal(<1),6.94,39.1,67.0,13.0,301.0,35.0,17.0,319.0,1.75
S03132,Sandy loam,80.0,5.9,14.1,2.09,1.21,1.561,0.411,0.158,0.046,0.112,15.1,0.367,0.26,0.469,469.0,normal(<1),6.54,22.8,25.0,39.0,138.0,36.0,0.0,142.0,2.04
S03133,Silty clay,0.9,58.7,40.4,3.7,2.15,1.51,0.43,0.295,0.126,0.169,22.3,0.519,0.207,0.479,479.0,normal(<1),6.19,28.4,61.0,32.0,539.0,78.0,24.0,688.0,3.94
S03134,Sandy loam,54.1,39.7,6.2,0.45,0.26,1.563,0.41,0.132,0.044,0.087,21.1,0.514,0.199,0.094,94.0,normal(<1),5.77,21.4,0.0,26.0,248.0,15.0,15.0,326.0,0.49
S03135,Silty clay loam,6.7,60.4,32.8,1.7,0.99,1.429,0.461,0.257,0.121,0.136,20.3,0.441,0.258,0.289,289.0,normal(<1),6.35,29.5,87.0,13.0,547.0,43.0,14.0,631.0,2.14
S03136,Clay loam,30.4,39.9,29.7,2.84,1.65,1.466,0.447,0.261,0.121,0.14,25.2,0.564,0.195,0.124,124.0,normal(<1),6.15,33.5,73.0,59.0,376.0,70.0,15.0,477.0,2.67
S03137,Clay loam,21.7,40.4,37.9,2.02,1.17,1.487,0.439,0.248,0.112,0.136,20.7,0.472,0.232,0.447,447.0,normal(<1),6.24,25.5,63.0,1.0,407.0,35.0,10.0,436.0,2.21
S03138,Silt loam,4.2,81.1,14.7,1.98,1.15,1.556,0.413,0.223,0.112,0.111,26.9,0.652,0.143,0.216,216.0,normal(<1),6.43,27.5,50.0,3.0,638.0,74.0,35.0,784.0,1.92
S03139,Silt loam,16.7,82.1,1.2,0.55,0.32,1.639,0.381,0.2,0.082,0.117,27.1,0.709,0.111,0.874,874.0,normal(<1),6.58,36.2,31.0,31.0,535.0,0.0,6.0,666.0,0.11
S03140,Sandy clay loam,53.7,18.2,28.1,1.24,0.72,1.492,0.437,0.192,0.087,0.105,15.8,0.362,0.279,0.23,230.0,normal(<1),6.42,28.1,49.0,0.0,214.0,51.0,10.0,314.0,1.49
S03141,Clay,5.2,24.9,69.9,3.9,2.26,1.357,0.488,0.285,0.155,0.13,32.1,0.658,0.167,0.279,279.0,normal(<1),6.95,27.2,83.0,11.0,436.0,77.0,27.0,420.0,3.55
S03142,Loam,51.6,35.9,12.6,0.54,0.31,1.491,0.437,0.168,0.07,0.098,23.1,0.528,0.207,0.197,197.0,normal(<1),6.69,30.3,61.0,29.0,360.0,14.0,0.0,417.0,0.27
S03143,Clay,41.8,14.8,43.4,2.91,1.69,1.507,0.431,0.233,0.106,0.128,15.4,0.357,0.277,1.885,1885.0,germination-critical(1-2),7.29,35.1,156.0,65.0,209.0,57.0,29.0,242.0,2.89
S03144,Clay,25.5,11.0,63.5,5.79,3.36,1.354,0.489,0.273,0.144,0.129,21.2,0.434,0.277,0.475,475.0,normal(<1),5.71,25.5,81.0,37.0,258.0,144.0,52.0,333.0,6.05
S03145,Clay loam,20.0,45.7,34.3,1.59,0.92,1.452,0.452,0.259,0.139,0.12,15.0,0.332,0.302,1.54,1540.0,germination-critical(1-2),6.27,29.6,95.0,65.0,462.0,19.0,24.0,536.0,1.57
S03146,Sand,88.6,2.1,9.4,3.52,2.04,1.497,0.435,0.122,0.05,0.072,19.0,0.436,0.245,2.738,2738.0,salt-sensitive-critical(2-3),6.48,31.5,214.0,129.0,169.0,93.0,14.0,136.0,3.54
S03147,Silt loam,27.7,52.0,20.3,3.3,1.91,1.523,0.425,0.189,0.108,0.081,16.1,0.378,0.265,0.068,68.0,normal(<1),6.39,33.2,17.0,5.0,422.0,39.0,15.0,516.0,3.77
S03148,Silt loam,7.1,77.1,15.8,1.02,0.59,1.609,0.393,0.206,0.107,0.1,21.6,0.55,0.177,0.786,786.0,normal(<1),6.39,29.0,130.0,33.0,578.0,63.0,6.0,650.0,0.62
S03149,Sandy clay,46.8,5.5,47.7,2.87,1.66,1.459,0.449,0.19,0.111,0.079,27.3,0.607,0.177,0.242,242.0,normal(<1),6.66,33.2,25.0,49.0,125.0,78.0,26.0,214.0,2.83
S03150,Sand,95.5,4.2,0.3,0.3,0.17,1.613,0.391,0.111,0.029,0.082,22.7,0.58,0.164,1.475,1475.0,germination-critical(1-2),7.45,33.1,120.0,22.0,135.0,20.0,0.0,106.0,0.34
S03151,Silt loam,12.1,73.5,14.4,1.77,1.03,1.557,0.412,0.216,0.112,0.103,15.6,0.379,0.256,0.068,68.0,normal(<1),6.27,35.3,69.0,0.0,492.0,40.0,5.0,659.0,1.72
S03152,Silty clay loam,19.1,45.1,35.8,3.33,1.93,1.517,0.428,0.228,0.133,0.094,23.4,0.548,0.193,0.183,183.0,normal(<1),6.59,27.4,42.0,15.0,479.0,73.0,32.0,559.0,3.65
S03153,Sand,85.2,7.1,7.7,0.74,0.43,1.654,0.376,0.115,0.048,0.066,15.9,0.423,0.217,0.741,741.0,normal(<1),6.14,22.9,53.0,60.0,79.0,19.0,43.0,79.0,0.59
S03154,Silt loam,25.9,66.0,8.1,2.13,1.24,1.498,0.435,0.218,0.094,0.124,12.1,0.278,0.314,0.489,489.0,normal(<1),6.51,32.4,50.0,0.0,475.0,31.0,13.0,541.0,2.0
S03155,Sandy loam,69.7,12.4,17.9,3.4,1.97,1.566,0.409,0.158,0.074,0.084,26.6,0.651,0.143,0.548,548.0,normal(<1),6.68,28.8,44.0,46.0,194.0,60.0,34.0,176.0,3.25
S03156,Loam,44.9,44.7,10.4,1.02,0.59,1.668,0.371,0.17,0.081,0.089,25.1,0.678,0.119,0.114,114.0,normal(<1),5.76,28.5,41.0,29.0,320.0,26.0,13.0,390.0,0.69
S03157,Sand,87.8,5.3,6.9,3.13,1.82,1.573,0.406,0.138,0.073,0.065,17.3,0.426,0.233,1.26,1260.0,germination-critical(1-2),6.78,32.9,73.0,114.0,149.0,57.0,46.0,130.0,3.13
S03158,Silty clay loam,7.1,59.8,33.1,2.03,1.18,1.523,0.425,0.24,0.106,0.134,32.6,0.765,0.1,0.563,563.0,normal(<1),6.95,33.3,71.0,44.0,499.0,53.0,10.0,586.0,1.92
S03159,Sand,90.9,8.1,1.0,0.59,0.34,1.582,0.403,0.13,0.028,0.102,14.9,0.371,0.254,0.38,380.0,normal(<1),6.44,25.3,0.0,13.0,68.0,27.0,5.0,49.0,0.42
S03160,Sandy clay,49.3,13.8,36.9,4.8,2.78,1.442,0.456,0.242,0.105,0.137,24.9,0.547,0.207,1.156,1156.0,germination-critical(1-2),6.23,30.1,86.0,19.0,274.0,84.0,28.0,214.0,4.5
S03161,Loam,37.0,44.7,18.3,1.51,0.87,1.54,0.419,0.218,0.099,0.119,22.7,0.542,0.192,0.425,425.0,normal(<1),6.04,25.8,79.0,97.0,417.0,45.0,13.0,470.0,1.66
S03162,Loam,39.6,38.7,21.7,1.62,0.94,1.543,0.418,0.18,0.089,0.091,27.0,0.646,0.148,0.101,101.0,normal(<1),6.48,34.7,0.0,49.0,321.0,40.0,27.0,425.0,1.51
S03163,Clay loam,37.3,33.2,29.4,2.05,1.19,1.498,0.435,0.202,0.098,0.104,28.5,0.655,0.15,0.149,149.0,normal(<1),5.93,24.7,55.0,21.0,297.0,67.0,8.0,372.0,2.15
S03164,Sandy loam,49.0,39.4,11.6,0.76,0.44,1.582,0.403,0.188,0.094,0.093,19.2,0.476,0.211,0.191,191.0,normal(<1),6.54,31.8,0.0,33.0,304.0,5.0,11.0,355.0,0.53
S03165,Sandy loam,78.7,16.1,5.2,0.73,0.42,1.595,0.398,0.145,0.043,0.102,22.7,0.569,0.171,1.005,1005.0,germination-critical(1-2),6.91,25.1,80.0,42.0,138.0,31.0,17.0,132.0,0.7
S03166,Loam,48.6,31.3,20.0,1.26,0.73,1.458,0.45,0.207,0.087,0.12,28.2,0.627,0.168,0.439,439.0,normal(<1),6.25,16.5,78.0,10.0,293.0,46.0,22.0,371.0,1.14
S03167,Loam,35.3,42.5,22.3,3.48,2.02,1.519,0.427,0.189,0.098,0.091,31.8,0.745,0.109,0.227,227.0,normal(<1),6.43,16.8,42.0,56.0,375.0,93.0,34.0,507.0,3.88
S03168,Silt loam,20.2,79.8,0.1,2.17,1.26,1.66,0.373,0.214,0.084,0.13,24.1,0.644,0.133,0.694,694.0,normal(<1),6.57,32.7,77.0,36.0,612.0,77.0,31.0,713.0,2.33
S03169,Clay loam,31.1,32.8,36.0,1.93,1.12,1.456,0.45,0.212,0.108,0.104,21.2,0.472,0.238,0.295,295.0,normal(<1),6.7,26.8,79.0,36.0,374.0,33.0,13.0,352.0,1.95
S03170,Clay loam,40.3,30.5,29.2,1.39,0.8,1.547,0.416,0.21,0.101,0.108,12.3,0.297,0.293,1.018,1018.0,germination-critical(1-2),6.39,23.2,40.0,7.0,320.0,14.0,3.0,334.0,1.75
S03171,Loam,36.3,44.1,19.6,4.48,2.6,1.502,0.433,0.199,0.103,0.096,21.7,0.5,0.216,1.385,1385.0,germination-critical(1-2),5.98,26.3,107.0,45.0,406.0,92.0,31.0,453.0,4.43
S03172,Loam,48.0,37.0,15.1,1.88,1.09,1.62,0.389,0.199,0.089,0.11,22.0,0.565,0.169,1.38,1380.0,germination-critical(1-2),7.24,29.5,61.0,35.0,403.0,0.0,20.0,428.0,1.79
S03173,Sand,89.2,6.3,4.4,3.71,2.15,1.597,0.397,0.155,0.048,0.107,19.5,0.492,0.202,0.266,266.0,normal(<1),6.55,31.4,38.0,41.0,75.0,77.0,25.0,93.0,3.64
S03174,Silt loam,25.8,54.6,19.6,1.13,0.66,1.515,0.428,0.221,0.094,0.127,20.1,0.469,0.228,0.339,339.0,normal(<1),6.51,31.2,16.0,29.0,531.0,47.0,2.0,623.0,0.78
S03175,Loam,43.9,40.6,15.4,1.33,0.77,1.583,0.403,0.202,0.08,0.121,30.3,0.753,0.099,1.744,1744.0,germination-critical(1-2),7.02,29.7,61.0,63.0,360.0,42.0,9.0,386.0,1.17
S03176,Sandy clay loam,59.7,19.8,20.5,2.47,1.43,1.525,0.425,0.162,0.078,0.084,23.1,0.545,0.193,0.583,583.0,normal(<1),6.13,32.3,68.0,14.0,180.0,67.0,36.0,235.0,2.46
S03177,Silty clay loam,7.1,60.6,32.3,2.23,1.29,1.468,0.446,0.269,0.111,0.158,26.5,0.594,0.181,0.105,105.0,normal(<1),6.29,29.2,53.0,12.0,525.0,54.0,17.0,643.0,2.19
S03178,Loam,41.8,40.3,17.9,2.32,1.35,1.505,0.432,0.175,0.102,0.073,26.1,0.605,0.171,0.556,556.0,normal(<1),6.53,23.7,56.0,0.0,398.0,79.0,8.0,441.0,2.37
S03179,Sandy clay loam,49.9,23.0,27.1,1.6,0.93,1.552,0.414,0.211,0.089,0.121,26.0,0.627,0.155,0.968,968.0,normal(<1),6.07,25.6,73.0,45.0,239.0,50.0,21.0,293.0,1.88
S03180,Sandy clay,45.7,13.6,40.7,4.95,2.87,1.376,0.481,0.233,0.107,0.126,27.5,0.573,0.205,0.803,803.0,normal(<1),6.47,36.3,80.0,77.0,188.0,102.0,43.0,246.0,4.6
S03181,Clay,33.3,0.5,66.2,1.57,0.91,1.576,0.405,0.264,0.127,0.137,27.1,0.67,0.134,0.954,954.0,normal(<1),6.19,19.3,55.0,57.0,260.0,44.0,12.0,270.0,1.7
S03182,Loam,42.5,34.3,23.1,3.31,1.92,1.465,0.447,0.213,0.083,0.13,25.2,0.563,0.196,0.96,960.0,normal(<1),6.77,21.7,86.0,58.0,404.0,66.0,16.0,410.0,3.75
S03183,Sandy loam,48.5,45.7,5.8,2.3,1.33,1.546,0.417,0.178,0.074,0.105,16.6,0.399,0.25,1.85,1850.0,germination-critical(1-2),6.88,22.3,105.0,61.0,392.0,18.0,8.0,418.0,2.3
S03184,Loamy sand,81.1,7.9,11.0,1.3,0.76,1.512,0.429,0.146,0.061,0.085,10.3,0.24,0.326,0.596,596.0,normal(<1),6.53,30.8,51.0,38.0,69.0,41.0,19.0,82.0,1.46
S03185,Sandy loam,70.5,15.0,14.4,1.32,0.77,1.601,0.396,0.198,0.068,0.13,29.6,0.747,0.1,0.961,961.0,normal(<1),6.26,28.9,113.0,0.0,185.0,59.0,0.0,235.0,1.25
S03186,Silty clay loam,5.0,61.8,33.2,2.69,1.56,1.484,0.44,0.269,0.114,0.155,29.0,0.659,0.15,0.313,313.0,normal(<1),5.82,24.0,56.0,42.0,484.0,33.0,33.0,639.0,2.89
S03187,Loamy sand,81.1,17.2,1.7,0.3,0.17,1.745,0.342,0.145,0.057,0.088,23.6,0.69,0.106,0.403,403.0,normal(<1),6.8,25.5,16.0,22.0,140.0,6.0,16.0,140.0,0.48
S03188,Silty clay,7.1,46.0,47.0,1.5,0.87,1.495,0.436,0.261,0.134,0.127,35.8,0.822,0.078,0.259,259.0,normal(<1),6.62,32.6,34.0,28.0,377.0,38.0,15.0,484.0,1.4
S03189,Sandy loam,51.0,37.7,11.3,0.86,0.5,1.683,0.365,0.182,0.075,0.107,15.9,0.436,0.206,0.635,635.0,normal(<1),6.43,32.9,41.0,16.0,287.0,8.0,12.0,340.0,1.23
S03190,Sandy clay loam,62.2,4.8,33.0,1.61,0.93,1.571,0.407,0.173,0.079,0.095,27.0,0.663,0.137,1.994,1994.0,germination-critical(1-2),6.27,39.0,65.0,85.0,96.0,17.0,3.0,92.0,1.6
S03191,Sand,94.7,2.3,3.0,2.92,1.7,1.614,0.391,0.09,0.025,0.064,23.5,0.601,0.156,0.399,399.0,normal(<1),6.72,24.9,28.0,5.0,0.0,43.0,20.0,16.0,3.07
S03192,Sandy clay loam,51.0,20.6,28.4,2.55,1.48,1.416,0.466,0.182,0.094,0.088,25.0,0.537,0.216,0.779,779.0,normal(<1),6.45,24.8,108.0,43.0,123.0,81.0,15.0,230.0,2.01
S03193,Silty clay,11.9,40.9,47.2,2.26,1.31,1.463,0.448,0.242,0.145,0.097,22.8,0.509,0.22,1.463,1463.0,germination-critical(1-2),6.7,31.4,70.0,55.0,388.0,18.0,22.0,479.0,2.44
S03194,Silty clay,4.8,48.2,47.0,2.59,1.5,1.38,0.479,0.257,0.147,0.11,33.4,0.697,0.145,3.283,3283.0,detrimental(>3),6.82,26.3,208.0,120.0,440.0,63.0,30.0,519.0,2.49
S03195,Loam,39.8,46.1,14.1,1.58,0.92,1.538,0.42,0.215,0.098,0.117,25.3,0.603,0.167,0.172,172.0,normal(<1),6.73,35.4,2.0,33.0,430.0,21.0,32.0,466.0,1.89
S03196,Loam,40.5,43.5,16.0,2.12,1.23,1.532,0.422,0.18,0.083,0.097,16.9,0.401,0.253,3.885,3885.0,detrimental(>3),6.4,30.1,230.0,133.0,446.0,42.0,20.0,355.0,1.61
S03197,Loam,38.2,42.7,19.1,3.02,1.75,1.596,0.398,0.19,0.086,0.104,17.2,0.433,0.225,0.455,455.0,normal(<1),6.4,28.8,86.0,68.0,357.0,65.0,27.0,486.0,2.83
S03198,Sandy clay loam,61.8,7.5,30.7,1.62,0.94,1.62,0.389,0.203,0.106,0.097,29.1,0.75,0.097,0.666,666.0,normal(<1),5.97,31.6,59.0,29.0,191.0,24.0,11.0,212.0,1.78
S03199,Loam,37.6,40.2,22.2,2.4,1.39,1.522,0.426,0.184,0.084,0.1,24.5,0.575,0.181,0.111,111.0,normal(<1),5.85,24.3,60.0,20.0,401.0,59.0,11.0,422.0,2.44
S03200,Clay loam,37.7,34.9,27.4,1.74,1.01,1.522,0.426,0.227,0.09,0.137,21.6,0.508,0.21,0.565,565.0,normal(<1),7.38,24.7,49.0,47.0,255.0,19.0,18.0,349.0,1.37
S03201,Clay loam,28.4,41.0,30.5,3.21,1.86,1.453,0.452,0.239,0.117,0.122,22.5,0.498,0.227,0.455,455.0,normal(<1),6.43,27.4,78.0,12.0,404.0,65.0,24.0,512.0,3.38
S03202,Sandy loam,67.8,21.5,10.7,1.48,0.86,1.55,0.415,0.142,0.066,0.075,17.0,0.41,0.245,0.95,950.0,normal(<1),6.01,25.7,85.0,42.0,251.0,34.0,13.0,266.0,1.23
S03203,Clay loam,38.5,27.4,34.1,2.7,1.56,1.47,0.445,0.245,0.12,0.125,29.0,0.651,0.155,0.541,541.0,normal(<1),6.53,32.7,60.0,0.0,223.0,68.0,11.0,270.0,2.81
S03204,Loam,42.6,36.0,21.4,3.11,1.8,1.526,0.424,0.226,0.09,0.136,24.1,0.569,0.183,0.823,823.0,normal(<1),6.76,33.9,62.0,50.0,418.0,83.0,39.0,374.0,3.1
S03205,Sandy loam,58.0,32.9,9.1,0.85,0.49,1.631,0.385,0.177,0.051,0.126,11.1,0.29,0.273,1.134,1134.0,germination-critical(1-2),5.6,26.0,104.0,76.0,254.0,38.0,18.0,257.0,0.81
S03206,Silty clay,10.0,44.0,46.0,1.86,1.08,1.518,0.427,0.278,0.131,0.147,16.9,0.395,0.258,0.418,418.0,normal(<1),6.81,23.0,49.0,21.0,455.0,62.0,19.0,532.0,1.64
S03207,Silt loam,29.8,61.4,8.8,1.05,0.61,1.587,0.401,0.197,0.092,0.105,24.1,0.602,0.16,0.18,180.0,normal(<1),6.4,27.4,35.0,0.0,401.0,44.0,0.0,529.0,0.89
S03208,Loam,34.2,44.2,21.5,1.6,0.93,1.548,0.416,0.21,0.091,0.119,28.0,0.673,0.136,0.384,384.0,normal(<1),6.78,31.8,28.0,23.0,332.0,44.0,14.0,384.0,1.62
S03209,Sand,89.0,7.6,3.4,3.39,1.96,1.612,0.392,0.13,0.053,0.077,21.4,0.546,0.178,0.509,509.0,normal(<1),6.49,34.3,70.0,44.0,92.0,64.0,13.0,108.0,3.28
S03210,Silty clay,8.5,48.1,43.4,1.7,0.99,1.589,0.4,0.238,0.151,0.088,31.7,0.791,0.084,0.636,636.0,normal(<1),6.35,33.1,31.0,0.0,482.0,42.0,0.0,596.0,1.78
S03211,Loamy sand,74.9,12.3,12.8,1.83,1.06,1.548,0.416,0.139,0.063,0.077,21.1,0.507,0.205,0.238,238.0,normal(<1),6.07,31.4,36.0,4.0,85.0,28.0,0.0,153.0,2.11
S03212,Loam,45.7,44.8,9.5,0.57,0.33,1.55,0.415,0.177,0.078,0.098,30.0,0.723,0.115,0.831,831.0,normal(<1),6.52,27.3,46.0,22.0,452.0,18.0,5.0,513.0,0.68
S03213,Sandy loam,64.7,18.8,16.5,0.94,0.55,1.556,0.413,0.175,0.078,0.096,21.9,0.529,0.194,1.08,1080.0,germination-critical(1-2),6.18,22.0,99.0,31.0,260.0,26.0,27.0,298.0,1.5
S03214,Silty clay,3.9,54.7,41.4,1.94,1.13,1.454,0.451,0.281,0.139,0.141,27.0,0.599,0.181,0.209,209.0,normal(<1),5.94,31.9,15.0,43.0,413.0,38.0,43.0,556.0,1.57
S03215,Loam,48.8,41.8,9.4,2.3,1.33,1.698,0.359,0.182,0.065,0.117,15.8,0.44,0.201,0.356,356.0,normal(<1),6.59,23.5,87.0,25.0,283.0,45.0,14.0,396.0,2.27
S03216,Silt loam,2.8,85.2,12.0,1.5,0.87,1.518,0.427,0.234,0.113,0.121,22.6,0.53,0.201,0.74,740.0,normal(<1),6.53,29.8,88.0,42.0,587.0,41.0,10.0,722.0,1.25
S03217,Clay loam,20.4,43.5,36.1,2.48,1.44,1.531,0.422,0.257,0.112,0.145,25.0,0.592,0.172,0.198,198.0,normal(<1),6.59,33.5,53.0,33.0,452.0,79.0,19.0,558.0,2.8
S03218,Silty clay loam,4.6,59.5,35.9,2.95,1.71,1.378,0.48,0.255,0.114,0.141,26.0,0.541,0.221,0.578,578.0,normal(<1),6.15,31.4,90.0,45.0,533.0,66.0,28.0,644.0,3.23
S03219,Sandy loam,51.4,38.1,10.5,2.31,1.34,1.563,0.41,0.156,0.062,0.094,25.6,0.624,0.154,0.5,500.0,normal(<1),6.75,36.7,11.0,11.0,413.0,31.0,22.0,461.0,2.36
S03220,Silty clay,1.1,44.3,54.7,1.91,1.11,1.478,0.442,0.309,0.149,0.161,30.8,0.696,0.134,0.228,228.0,normal(<1),6.1,18.3,0.0,0.0,407.0,34.0,17.0,536.0,1.7
S03221,Loam,33.9,44.3,21.8,1.38,0.8,1.559,0.412,0.203,0.09,0.113,14.9,0.361,0.263,0.363,363.0,normal(<1),6.96,26.7,38.0,41.0,393.0,34.0,7.0,469.0,1.99
S03222,Silt loam,24.1,71.3,4.6,0.88,0.51,1.601,0.396,0.18,0.081,0.099,15.9,0.402,0.237,0.693,693.0,normal(<1),7.2,24.6,60.0,39.0,522.0,13.0,11.0,624.0,0.7
S03223,Sandy clay loam,46.8,27.1,26.1,4.13,2.4,1.427,0.461,0.238,0.083,0.155,34.8,0.754,0.114,2.102,2102.0,salt-sensitive-critical(2-3),6.79,24.6,182.0,114.0,267.0,109.0,53.0,290.0,3.93
S03224,Sandy clay loam,64.9,12.1,23.1,1.18,0.69,1.639,0.382,0.17,0.071,0.099,22.4,0.587,0.157,0.73,730.0,normal(<1),6.65,29.0,35.0,37.0,210.0,24.0,2.0,167.0,1.19
S03225,Silty clay,12.8,41.5,45.7,2.12,1.23,1.445,0.455,0.234,0.127,0.107,32.8,0.722,0.126,8.0,8000.0,detrimental(>3),7.14,26.2,485.0,211.0,523.0,65.0,17.0,496.0,2.25
S03226,Silt loam,28.1,69.9,2.0,1.21,0.7,1.581,0.403,0.206,0.087,0.119,20.2,0.502,0.201,0.105,105.0,normal(<1),6.31,28.2,54.0,42.0,476.0,23.0,12.0,621.0,1.02
S03227,Silty clay loam,12.3,58.8,28.9,4.2,2.44,1.454,0.452,0.24,0.119,0.121,31.1,0.688,0.141,0.05,50.0,normal(<1),5.73,27.7,65.0,26.0,480.0,79.0,34.0,570.0,4.42
S03228,Silt loam,4.0,80.6,15.4,1.56,0.9,1.573,0.406,0.231,0.116,0.115,30.2,0.744,0.104,0.187,187.0,normal(<1),6.0,32.0,35.0,18.0,533.0,41.0,19.0,712.0,1.76
S03229,Sand,90.2,3.0,6.8,2.04,1.18,1.586,0.402,0.13,0.057,0.073,22.7,0.566,0.174,0.1,100.0,normal(<1),6.83,27.4,42.0,24.0,57.0,44.0,31.0,54.0,1.89
S03230,Sand,86.2,4.2,9.6,1.8,1.04,1.525,0.424,0.121,0.048,0.073,23.1,0.543,0.194,0.569,569.0,normal(<1),6.19,27.3,96.0,0.0,5.0,36.0,15.0,65.0,1.91
S03231,Silt loam,14.8,81.4,3.8,1.39,0.81,1.635,0.383,0.192,0.089,0.103,23.1,0.603,0.152,0.102,102.0,normal(<1),6.36,30.6,31.0,30.0,557.0,31.0,22.0,696.0,0.98
S03232,Silty clay loam,4.1,56.8,39.0,3.2,1.86,1.58,0.404,0.248,0.128,0.12,24.5,0.608,0.158,1.381,1381.0,germination-critical(1-2),6.72,31.1,76.0,99.0,462.0,39.0,29.0,607.0,3.2
S03233,Loam,37.8,35.5,26.7,4.44,2.57,1.429,0.461,0.215,0.091,0.124,30.9,0.671,0.152,3.287,3287.0,detrimental(>3),6.29,30.5,187.0,151.0,334.0,94.0,33.0,376.0,4.41
S03234,Sand,88.0,7.9,4.0,2.29,1.33,1.654,0.376,0.1,0.054,0.046,15.9,0.422,0.217,0.36,360.0,normal(<1),6.79,24.6,77.0,24.0,89.0,36.0,20.0,103.0,1.99
S03235,Clay loam,28.3,34.7,37.0,1.69,0.98,1.456,0.451,0.23,0.114,0.117,25.8,0.572,0.193,2.46,2460.0,salt-sensitive-critical(2-3),6.38,27.6,152.0,82.0,391.0,43.0,24.0,448.0,1.81
S03236,Sandy clay loam,62.4,8.9,28.7,1.29,0.75,1.536,0.42,0.161,0.079,0.082,19.4,0.461,0.226,0.395,395.0,normal(<1),6.07,20.2,40.0,32.0,159.0,53.0,4.0,176.0,1.11
S03237,Loamy sand,79.0,20.9,0.1,0.3,0.17,1.595,0.398,0.145,0.036,0.109,18.8,0.473,0.21,0.481,481.0,normal(<1),6.63,30.3,53.0,38.0,265.0,21.0,5.0,219.0,0.05
S03238,Silt loam,11.3,81.6,7.1,3.4,1.97,1.552,0.414,0.216,0.084,0.131,25.5,0.615,0.16,0.701,701.0,normal(<1),6.15,30.8,64.0,41.0,567.0,67.0,33.0,691.0,3.46
S03239,Loam,40.4,43.9,15.7,1.85,1.07,1.581,0.403,0.19,0.104,0.085,28.2,0.698,0.122,0.212,212.0,normal(<1),6.46,34.9,0.0,33.0,330.0,47.0,25.0,414.0,1.91
S03240,Sandy clay,49.4,13.0,37.6,1.47,0.85,1.513,0.429,0.191,0.115,0.076,25.2,0.586,0.177,0.285,285.0,normal(<1),6.22,34.7,22.0,0.0,222.0,23.0,3.0,174.0,1.12
S03241,Sandy loam,66.5,18.5,14.9,0.36,0.21,1.627,0.386,0.135,0.048,0.087,18.2,0.472,0.204,0.297,297.0,normal(<1),6.89,36.4,21.0,6.0,225.0,3.0,0.0,231.0,0.08
S03242,Sandy clay,57.6,6.7,35.8,1.18,0.69,1.535,0.421,0.21,0.093,0.117,30.4,0.724,0.116,1.852,1852.0,germination-critical(1-2),7.32,25.0,112.0,86.0,95.0,19.0,6.0,114.0,1.3
S03243,Loamy sand,70.4,18.3,11.3,1.76,1.02,1.584,0.402,0.14,0.071,0.069,20.1,0.5,0.201,0.116,116.0,normal(<1),6.39,28.7,43.0,33.0,167.0,48.0,26.0,230.0,1.99
S03244,Silty clay loam,17.7,50.5,31.7,2.47,1.43,1.532,0.422,0.238,0.106,0.132,21.4,0.507,0.208,0.326,326.0,normal(<1),6.39,22.9,105.0,41.0,430.0,24.0,46.0,531.0,2.39
S03245,Silty clay,2.7,42.6,54.7,2.16,1.25,1.454,0.451,0.269,0.134,0.135,26.0,0.575,0.192,0.517,517.0,normal(<1),6.84,22.4,59.0,23.0,344.0,32.0,6.0,473.0,1.7
S03246,Loamy sand,79.9,16.6,3.5,0.3,0.17,1.63,0.385,0.122,0.041,0.08,10.3,0.267,0.282,0.547,547.0,normal(<1),6.21,32.0,46.0,13.0,43.0,0.0,0.0,124.0,0.22
S03247,Sandy loam,56.6,27.1,16.3,2.99,1.74,1.425,0.462,0.207,0.07,0.137,29.8,0.646,0.164,0.348,348.0,normal(<1),6.1,17.6,53.0,44.0,191.0,94.0,15.0,270.0,2.81
S03248,Clay loam,41.6,22.8,35.6,2.36,1.37,1.449,0.453,0.217,0.096,0.121,25.2,0.556,0.201,0.374,374.0,normal(<1),5.71,27.9,41.0,0.0,233.0,41.0,14.0,310.0,2.36
S03249,Silty clay loam,17.0,43.4,39.5,1.62,0.94,1.44,0.456,0.252,0.119,0.133,29.0,0.636,0.166,3.648,3648.0,detrimental(>3),6.54,29.9,232.0,120.0,511.0,41.0,15.0,516.0,1.72
S03250,Clay,22.8,17.5,59.7,3.38,1.96,1.429,0.461,0.256,0.153,0.103,27.4,0.596,0.186,3.83,3830.0,detrimental(>3),6.86,31.4,271.0,129.0,269.0,96.0,27.0,320.0,3.76
S03251,Silt loam,14.0,79.9,6.1,0.65,0.38,1.611,0.392,0.223,0.098,0.125,29.7,0.758,0.095,0.377,377.0,normal(<1),6.27,32.7,50.0,20.0,491.0,30.0,24.0,698.0,0.51
S03252,Silty clay loam,17.3,53.9,28.8,3.01,1.75,1.483,0.44,0.231,0.116,0.115,30.5,0.692,0.136,0.365,365.0,normal(<1),6.59,25.7,41.0,41.0,482.0,70.0,29.0,600.0,2.6
S03253,Sandy loam,55.8,34.9,9.2,0.86,0.5,1.568,0.408,0.143,0.076,0.067,19.9,0.487,0.209,0.886,886.0,normal(<1),6.5,26.0,38.0,16.0,305.0,25.0,0.0,376.0,0.95
S03254,Silty clay loam,12.0,60.5,27.6,1.78,1.03,1.542,0.418,0.25,0.11,0.139,30.5,0.729,0.113,1.922,1922.0,germination-critical(1-2),5.98,29.2,110.0,47.0,515.0,18.0,8.0,615.0,2.01
S03255,Sand,85.0,13.2,1.8,1.55,0.9,1.613,0.391,0.1,0.037,0.063,21.7,0.555,0.174,1.741,1741.0,germination-critical(1-2),6.22,20.9,132.0,67.0,210.0,46.0,17.0,159.0,1.92
S03256,Silt loam,13.9,70.9,15.2,4.64,2.69,1.448,0.454,0.237,0.092,0.145,32.4,0.714,0.13,2.497,2497.0,salt-sensitive-critical(2-3),6.85,32.9,144.0,101.0,619.0,78.0,36.0,716.0,4.71
S03257,Loam,48.6,39.9,11.5,0.36,0.21,1.586,0.401,0.168,0.054,0.114,22.1,0.55,0.181,0.336,336.0,normal(<1),6.2,28.1,0.0,23.0,307.0,16.0,0.0,398.0,0.07
S03258,Clay,11.5,20.6,67.9,3.69,2.14,1.445,0.455,0.307,0.152,0.154,27.9,0.614,0.176,1.327,1327.0,germination-critical(1-2),6.82,15.7,86.0,55.0,311.0,69.0,24.0,410.0,3.19
S03259,Sandy loam,72.2,11.7,16.1,1.67,0.97,1.567,0.409,0.165,0.066,0.1,17.8,0.436,0.231,1.152,1152.0,germination-critical(1-2),6.61,33.0,66.0,0.0,136.0,52.0,12.0,256.0,1.79
S03260,Loamy sand,83.7,6.0,10.3,0.3,0.17,1.628,0.386,0.128,0.057,0.071,19.6,0.509,0.189,0.851,851.0,normal(<1),6.83,25.0,65.0,62.0,108.0,11.0,11.0,119.0,0.0
S03261,Sandy clay loam,45.3,27.6,27.1,1.26,0.73,1.619,0.389,0.215,0.083,0.133,18.0,0.463,0.209,0.859,859.0,normal(<1),6.35,20.0,62.0,66.0,336.0,37.0,34.0,366.0,1.58
S03262,Silty clay,5.1,43.9,51.0,3.85,2.23,1.465,0.447,0.264,0.149,0.115,17.4,0.389,0.273,1.398,1398.0,germination-critical(1-2),6.57,29.2,80.0,62.0,422.0,84.0,32.0,581.0,3.95
S03263,Silt loam,15.4,79.9,4.7,1.19,0.69,1.538,0.42,0.213,0.091,0.122,29.2,0.695,0.128,0.066,66.0,normal(<1),6.33,28.3,15.0,0.0,595.0,35.0,15.0,674.0,1.38
S03264,Sandy loam,49.5,32.6,17.8,1.3,0.75,1.501,0.434,0.228,0.079,0.15,29.2,0.672,0.142,3.419,3419.0,detrimental(>3),7.07,31.3,186.0,137.0,255.0,54.0,10.0,286.0,1.26
S03265,Clay loam,28.2,36.3,35.5,2.98,1.73,1.556,0.413,0.234,0.133,0.101,22.2,0.538,0.191,1.588,1588.0,germination-critical(1-2),6.7,27.8,72.0,94.0,326.0,79.0,15.0,356.0,3.1
S03266,Sandy loam,63.3,29.2,7.5,2.55,1.48,1.523,0.425,0.182,0.089,0.094,18.6,0.438,0.239,2.771,2771.0,salt-sensitive-critical(2-3),6.49,23.7,173.0,82.0,236.0,48.0,17.0,311.0,2.36
S03267,Sandy loam,69.5,25.3,5.2,1.23,0.71,1.589,0.4,0.171,0.051,0.121,20.4,0.51,0.196,0.317,317.0,normal(<1),6.38,29.9,63.0,0.0,201.0,44.0,13.0,286.0,1.12
S03268,Loam,36.9,47.0,16.1,1.68,0.97,1.456,0.45,0.19,0.088,0.102,21.9,0.487,0.231,0.506,506.0,normal(<1),6.79,36.0,64.0,34.0,347.0,9.0,5.0,457.0,1.58
S03269,Silt loam,5.3,80.8,13.9,1.44,0.83,1.534,0.421,0.26,0.122,0.138,12.1,0.288,0.3,0.073,73.0,normal(<1),6.73,36.2,0.0,15.0,527.0,36.0,29.0,692.0,1.54
S03270,Clay loam,36.6,33.5,29.9,2.61,1.51,1.473,0.444,0.232,0.11,0.122,25.1,0.565,0.193,0.23,230.0,normal(<1),6.65,26.9,94.0,23.0,279.0,85.0,21.0,380.0,2.23
S03271,Clay loam,28.5,37.9,33.6,2.1,1.22,1.531,0.422,0.234,0.105,0.129,18.8,0.445,0.234,0.776,776.0,normal(<1),6.76,31.9,83.0,33.0,333.0,27.0,21.0,448.0,1.86
S03272,Clay loam,37.9,29.9,32.1,3.94,2.28,1.499,0.434,0.233,0.084,0.149,30.9,0.711,0.126,2.279,2279.0,salt-sensitive-critical(2-3),6.8,34.9,157.0,70.0,272.0,75.0,41.0,277.0,3.98
S03273,Sandy clay loam,45.8,20.7,33.5,1.72,1.0,1.488,0.439,0.215,0.096,0.118,27.1,0.618,0.168,0.595,595.0,normal(<1),6.44,23.5,50.0,68.0,230.0,63.0,17.0,279.0,1.68
S03274,Sandy loam,62.5,31.0,6.6,2.14,1.24,1.545,0.417,0.176,0.065,0.111,17.9,0.428,0.238,0.364,364.0,normal(<1),6.71,20.1,65.0,0.0,208.0,48.0,26.0,307.0,2.36
S03275,Loam,46.1,31.4,22.5,2.92,1.69,1.592,0.399,0.2,0.104,0.096,26.0,0.652,0.139,1.535,1535.0,germination-critical(1-2),6.12,22.8,125.0,63.0,318.0,61.0,24.0,370.0,2.71
S03276,Sand,96.9,2.1,0.9,0.94,0.55,1.605,0.394,0.102,0.045,0.057,23.5,0.595,0.16,0.24,240.0,normal(<1),6.47,20.9,53.0,24.0,17.0,29.0,29.0,17.0,1.09
S03277,Clay,44.3,1.8,53.9,3.1,1.8,1.423,0.463,0.23,0.123,0.107,27.2,0.588,0.191,0.729,729.0,normal(<1),6.39,33.5,79.0,24.0,196.0,75.0,20.0,224.0,3.2
S03278,Clay loam,44.6,25.8,29.6,1.08,0.63,1.506,0.432,0.225,0.093,0.132,31.7,0.734,0.115,0.114,114.0,normal(<1),6.48,29.2,23.0,0.0,202.0,43.0,4.0,251.0,1.3
S03279,Sandy clay loam,62.6,10.0,27.3,1.34,0.78,1.494,0.436,0.177,0.087,0.09,25.1,0.575,0.185,0.753,753.0,normal(<1),6.41,35.4,55.0,39.0,181.0,24.0,30.0,202.0,1.34
S03280,Loam,25.4,49.9,24.7,1.42,0.83,1.559,0.412,0.206,0.099,0.107,25.7,0.624,0.155,0.218,218.0,normal(<1),6.54,38.4,88.0,0.0,390.0,29.0,8.0,533.0,1.62
S03281,Loam,29.5,45.4,25.1,4.66,2.7,1.512,0.43,0.257,0.107,0.15,25.3,0.589,0.177,1.148,1148.0,germination-critical(1-2),7.3,26.4,147.0,56.0,447.0,113.0,40.0,483.0,4.3
S03282,Sandy clay loam,63.8,11.7,24.5,3.02,1.75,1.501,0.434,0.205,0.062,0.143,19.5,0.449,0.239,0.436,436.0,normal(<1),6.0,32.5,54.0,16.0,254.0,80.0,12.0,219.0,2.93
S03283,Clay loam,23.0,49.7,27.2,2.5,1.45,1.503,0.433,0.236,0.1,0.135,20.6,0.475,0.227,0.731,731.0,normal(<1),6.14,31.9,53.0,13.0,441.0,49.0,18.0,513.0,2.73
S03284,Sandy loam,46.5,40.6,13.0,1.11,0.64,1.641,0.381,0.19,0.089,0.101,20.8,0.546,0.173,1.17,1170.0,germination-critical(1-2),6.48,24.3,61.0,30.0,363.0,21.0,0.0,407.0,1.2
S03285,Clay,42.9,12.6,44.4,3.33,1.93,1.472,0.445,0.226,0.118,0.108,20.8,0.467,0.237,0.108,108.0,normal(<1),6.36,32.5,49.0,59.0,205.0,74.0,24.0,276.0,3.65
S03286,Silt loam,23.2,71.9,4.9,2.74,1.59,1.553,0.414,0.217,0.097,0.12,22.0,0.531,0.194,0.502,502.0,normal(<1),6.37,27.7,40.0,47.0,347.0,63.0,14.0,535.0,3.02
S03287,Sandy loam,68.6,21.1,10.3,2.06,1.2,1.574,0.406,0.147,0.063,0.084,22.7,0.559,0.179,0.086,86.0,normal(<1),5.97,32.9,0.0,41.0,237.0,25.0,26.0,243.0,2.07
S03288,Sand,86.7,12.5,0.8,1.45,0.84,1.611,0.392,0.147,0.025,0.122,23.1,0.59,0.161,0.87,870.0,normal(<1),6.2,30.8,74.0,16.0,129.0,48.0,19.0,158.0,1.34
S03289,Silty clay loam,18.2,51.7,30.1,2.64,1.53,1.605,0.394,0.246,0.109,0.136,13.2,0.335,0.262,1.214,1214.0,germination-critical(1-2),6.54,20.7,115.0,34.0,377.0,61.0,32.0,450.0,2.52
S03290,Sandy clay loam,63.9,12.7,23.4,0.5,0.29,1.543,0.418,0.183,0.082,0.101,19.8,0.474,0.22,0.33,330.0,normal(<1),6.46,24.7,0.0,24.0,116.0,8.0,17.0,202.0,0.53
S03291,Loam,43.3,40.2,16.5,0.82,0.47,1.568,0.408,0.198,0.097,0.101,16.1,0.393,0.248,0.505,505.0,normal(<1),6.81,30.0,68.0,41.0,326.0,25.0,17.0,375.0,0.79
S03292,Loam,42.8,47.8,9.4,1.17,0.68,1.559,0.412,0.191,0.072,0.119,20.8,0.506,0.203,1.792,1792.0,germination-critical(1-2),6.46,28.4,105.0,70.0,429.0,19.0,5.0,480.0,1.13
S03293,Clay loam,38.2,34.3,27.6,1.88,1.09,1.595,0.398,0.192,0.113,0.079,22.6,0.569,0.172,0.177,177.0,normal(<1),6.19,30.8,9.0,23.0,318.0,32.0,0.0,413.0,2.16
S03294,Sandy loam,52.0,34.3,13.8,1.75,1.02,1.552,0.414,0.201,0.078,0.124,18.0,0.433,0.235,0.435,435.0,normal(<1),6.32,22.5,34.0,2.0,315.0,51.0,0.0,319.0,1.67
S03295,Silty clay loam,2.6,64.6,32.7,2.55,1.48,1.459,0.45,0.244,0.125,0.119,31.2,0.694,0.137,0.959,959.0,normal(<1),6.48,32.8,75.0,44.0,507.0,55.0,20.0,643.0,2.67
S03296,Silty clay loam,18.1,51.3,30.6,2.08,1.21,1.472,0.445,0.258,0.109,0.148,30.0,0.675,0.144,0.424,424.0,normal(<1),6.32,31.9,51.0,7.0,364.0,89.0,1.0,487.0,2.23
S03297,Loam,35.9,38.8,25.2,4.02,2.33,1.441,0.456,0.2,0.111,0.09,27.0,0.592,0.186,0.588,588.0,normal(<1),6.28,22.1,85.0,64.0,340.0,96.0,34.0,429.0,4.16
S03298,Silty clay loam,10.1,52.7,37.2,2.09,1.21,1.51,0.43,0.256,0.126,0.131,22.8,0.529,0.202,0.149,149.0,normal(<1),5.83,24.5,0.0,35.0,455.0,4.0,19.0,573.0,2.05
S03299,Sandy clay loam,46.8,20.4,32.7,0.94,0.54,1.588,0.401,0.186,0.095,0.091,19.0,0.475,0.211,0.19,190.0,normal(<1),6.55,23.4,43.0,23.0,220.0,28.0,15.0,318.0,0.72
S03300,Clay,35.9,4.6,59.5,3.15,1.83,1.401,0.471,0.244,0.15,0.094,17.1,0.363,0.3,3.629,3629.0,detrimental(>3),6.29,27.9,211.0,123.0,215.0,73.0,8.0,199.0,3.13
S03301,Loamy sand,86.6,5.9,7.5,1.42,0.82,1.638,0.382,0.134,0.047,0.087,17.0,0.445,0.212,0.557,557.0,normal(<1),6.68,28.6,63.0,19.0,0.0,40.0,27.0,29.0,1.39
S03302,Sandy clay loam,56.1,18.9,25.0,1.23,0.71,1.533,0.421,0.195,0.085,0.11,20.2,0.479,0.22,0.84,840.0,normal(<1),6.29,30.6,86.0,23.0,226.0,34.0,0.0,251.0,1.11
S03303,Sandy clay loam,51.0,19.0,30.1,1.32,0.77,1.465,0.447,0.178,0.082,0.097,29.1,0.651,0.156,0.864,864.0,normal(<1),6.49,33.7,59.0,2.0,290.0,34.0,11.0,318.0,1.59
S03304,Sandy loam,68.9,13.8,17.3,3.77,2.19,1.576,0.405,0.153,0.059,0.094,24.1,0.595,0.164,0.686,686.0,normal(<1),6.72,27.1,79.0,73.0,205.0,91.0,34.0,200.0,3.96
S03305,Silt loam,15.9,57.6,26.4,2.69,1.56,1.564,0.41,0.245,0.11,0.135,28.2,0.688,0.128,0.251,251.0,normal(<1),6.18,22.9,6.0,25.0,386.0,84.0,8.0,518.0,2.88
S03306,Loamy sand,89.5,5.6,4.9,0.75,0.44,1.648,0.378,0.12,0.048,0.072,9.2,0.244,0.286,0.682,682.0,normal(<1),6.2,26.7,65.0,30.0,34.0,46.0,0.0,38.0,1.04
S03307,Loam,45.1,30.1,24.9,2.1,1.22,1.579,0.404,0.214,0.114,0.1,22.6,0.559,0.178,0.235,235.0,normal(<1),6.91,23.5,17.0,11.0,273.0,36.0,15.0,301.0,1.74
S03308,Silty clay,11.2,43.3,45.5,4.26,2.47,1.446,0.454,0.279,0.123,0.156,22.6,0.497,0.228,0.305,305.0,normal(<1),6.59,28.9,82.0,18.0,412.0,94.0,12.0,513.0,4.23
S03309,Sandy clay loam,59.1,13.0,27.9,0.57,0.33,1.53,0.423,0.178,0.085,0.092,17.7,0.419,0.246,1.634,1634.0,germination-critical(1-2),6.26,29.3,124.0,53.0,136.0,51.0,11.0,184.0,0.52
S03310,Sandy loam,71.2,11.6,17.3,0.3,0.17,1.678,0.367,0.17,0.061,0.109,13.8,0.377,0.228,1.031,1031.0,germination-critical(1-2),6.57,28.2,36.0,46.0,172.0,25.0,0.0,175.0,0.72
S03311,Loamy sand,75.7,23.8,0.5,2.35,1.36,1.665,0.372,0.142,0.06,0.083,21.3,0.572,0.159,0.798,798.0,normal(<1),6.81,31.4,89.0,41.0,245.0,58.0,20.0,253.0,1.99
S03312,Sandy loam,75.6,9.1,15.3,2.92,1.7,1.534,0.421,0.13,0.051,0.079,26.2,0.621,0.159,1.075,1075.0,germination-critical(1-2),6.61,27.8,106.0,59.0,118.0,94.0,26.0,152.0,3.2
S03313,Sandy loam,70.1,21.0,8.9,2.53,1.47,1.612,0.392,0.129,0.048,0.081,18.3,0.467,0.209,0.369,369.0,normal(<1),6.75,26.8,117.0,8.0,192.0,77.0,0.0,243.0,2.37
S03314,Clay loam,25.6,42.1,32.3,2.85,1.65,1.508,0.431,0.233,0.113,0.12,12.0,0.279,0.31,0.402,402.0,normal(<1),6.06,24.8,31.0,41.0,413.0,83.0,25.0,459.0,2.93
S03315,Sandy clay loam,51.0,16.1,32.9,2.02,1.17,1.53,0.423,0.194,0.091,0.104,23.3,0.55,0.19,2.07,2070.0,salt-sensitive-critical(2-3),6.24,31.0,162.0,90.0,242.0,59.0,16.0,306.0,1.89
S03316,Sandy clay loam,61.5,7.9,30.6,1.14,0.66,1.57,0.408,0.178,0.099,0.079,21.7,0.532,0.191,0.5,500.0,normal(<1),7.03,26.7,40.0,0.0,124.0,46.0,8.0,110.0,0.68
S03317,Loamy sand,81.2,9.0,9.9,2.18,1.27,1.557,0.412,0.129,0.038,0.091,17.4,0.422,0.238,0.43,430.0,normal(<1),6.65,33.0,31.0,21.0,101.0,43.0,29.0,128.0,2.18
S03318,Sandy clay,51.9,2.8,45.3,1.37,0.8,1.418,0.465,0.224,0.097,0.127,29.6,0.638,0.168,0.211,211.0,normal(<1),6.64,32.0,24.0,12.0,213.0,32.0,15.0,227.0,1.34
S03319,Loam,47.4,45.5,7.1,2.75,1.59,1.58,0.404,0.181,0.069,0.113,27.3,0.676,0.131,0.502,502.0,normal(<1),5.84,31.5,86.0,21.0,356.0,61.0,28.0,414.0,2.83
S03320,Silty clay loam,0.9,64.2,34.9,1.73,1.0,1.557,0.412,0.258,0.13,0.128,31.6,0.768,0.096,0.679,679.0,normal(<1),6.46,37.6,46.0,25.0,513.0,38.0,0.0,644.0,1.89
S03321,Loam,30.3,48.8,20.8,1.85,1.07,1.532,0.422,0.224,0.081,0.144,27.1,0.642,0.151,0.207,207.0,normal(<1),6.27,22.4,63.0,33.0,371.0,56.0,22.0,471.0,1.91
S03322,Silty clay,12.4,45.7,41.9,3.06,1.78,1.449,0.453,0.265,0.132,0.134,31.2,0.689,0.141,0.652,652.0,normal(<1),6.09,30.4,44.0,8.0,425.0,47.0,29.0,538.0,3.08
S03323,Sandy loam,49.1,39.2,11.7,1.43,0.83,1.526,0.424,0.161,0.076,0.085,20.6,0.486,0.218,0.624,624.0,normal(<1),6.27,28.9,0.0,0.0,315.0,1.0,17.0,393.0,1.27
S03324,Sandy loam,76.5,6.8,16.7,2.65,1.54,1.571,0.407,0.149,0.051,0.098,24.9,0.612,0.158,0.666,666.0,normal(<1),6.71,37.1,43.0,55.0,162.0,38.0,17.0,132.0,3.21
S03325,Sand,94.3,2.8,2.9,3.63,2.11,1.52,0.426,0.114,0.042,0.072,26.6,0.623,0.161,0.565,565.0,normal(<1),6.81,31.6,51.0,92.0,83.0,84.0,38.0,70.0,3.75
S03326,Clay loam,29.3,43.0,27.7,3.92,2.28,1.573,0.407,0.232,0.102,0.13,30.6,0.752,0.101,0.542,542.0,normal(<1),6.5,25.1,30.0,2.0,420.0,75.0,18.0,473.0,3.78
S03327,Loam,33.5,41.1,25.3,1.6,0.93,1.517,0.427,0.209,0.117,0.091,22.3,0.521,0.205,2.09,2090.0,salt-sensitive-critical(2-3),6.47,30.3,112.0,55.0,408.0,64.0,11.0,451.0,1.51
S03328,Loam,35.0,47.0,18.0,1.49,0.86,1.509,0.43,0.186,0.096,0.09,25.4,0.59,0.177,3.852,3852.0,detrimental(>3),6.87,27.7,189.0,124.0,489.0,29.0,11.0,508.0,1.49
S03329,Sandy clay loam,59.6,18.3,22.1,1.6,0.93,1.562,0.411,0.184,0.061,0.123,27.1,0.659,0.14,0.203,203.0,normal(<1),6.16,20.4,0.0,50.0,178.0,28.0,38.0,179.0,1.61
S03330,Sand,88.7,8.1,3.2,0.3,0.17,1.615,0.391,0.122,0.039,0.083,17.0,0.435,0.221,0.414,414.0,normal(<1),6.99,35.0,43.0,7.0,47.0,0.0,0.0,46.0,0.45
S03331,Silty clay loam,2.5,60.6,36.9,2.18,1.26,1.399,0.472,0.255,0.109,0.146,34.9,0.74,0.123,0.097,97.0,normal(<1),6.61,28.5,33.0,27.0,401.0,78.0,6.0,586.0,2.09
S03332,Sandy loam,60.2,22.0,17.7,2.67,1.55,1.525,0.424,0.183,0.095,0.088,23.1,0.544,0.194,0.264,264.0,normal(<1),6.52,26.8,56.0,24.0,212.0,53.0,36.0,222.0,2.33
S03333,Sandy loam,47.8,36.2,16.0,3.89,2.26,1.552,0.414,0.198,0.079,0.119,30.9,0.747,0.105,0.377,377.0,normal(<1),5.56,29.3,46.0,18.0,357.0,55.0,41.0,416.0,4.2
S03334,Silty clay,4.1,52.2,43.7,2.65,1.54,1.544,0.417,0.266,0.13,0.136,24.0,0.575,0.177,0.178,178.0,normal(<1),6.41,28.7,20.0,73.0,489.0,62.0,24.0,586.0,2.84
S03335,Sand,94.6,2.3,3.1,1.62,0.94,1.649,0.378,0.118,0.039,0.078,22.0,0.583,0.157,1.428,1428.0,germination-critical(1-2),6.55,29.1,99.0,27.0,20.0,34.0,3.0,28.0,1.8
S03336,Loam,43.9,30.4,25.7,4.6,2.67,1.449,0.453,0.229,0.098,0.131,20.2,0.445,0.251,0.087,87.0,normal(<1),5.73,24.2,62.0,26.0,307.0,97.0,37.0,425.0,4.83
S03337,Clay loam,21.0,49.8,29.1,3.81,2.21,1.505,0.432,0.225,0.112,0.113,28.8,0.667,0.144,0.113,113.0,normal(<1),6.34,25.6,48.0,40.0,521.0,90.0,6.0,616.0,3.89
S03338,Clay loam,29.5,39.2,31.3,2.4,1.39,1.484,0.44,0.218,0.11,0.108,30.5,0.694,0.135,0.551,551.0,normal(<1),6.42,31.6,48.0,12.0,321.0,39.0,11.0,415.0,2.63
S03339,Clay loam,22.2,42.7,35.1,1.95,1.13,1.539,0.419,0.233,0.112,0.121,24.8,0.591,0.171,0.297,297.0,normal(<1),6.54,33.1,104.0,11.0,377.0,57.0,0.0,479.0,2.26
S03340,Sandy clay,48.3,14.8,37.0,2.42,1.41,1.548,0.416,0.216,0.1,0.116,19.4,0.467,0.222,1.531,1531.0,germination-critical(1-2),6.72,26.4,109.0,56.0,230.0,64.0,34.0,233.0,2.95
S03341,Clay loam,24.7,39.7,35.6,4.34,2.52,1.435,0.459,0.257,0.103,0.155,26.9,0.586,0.19,1.053,1053.0,germination-critical(1-2),7.21,23.0,119.0,45.0,392.0,80.0,30.0,506.0,4.07
S03342,Silty clay loam,7.6,61.9,30.5,1.91,1.11,1.488,0.439,0.238,0.131,0.108,33.1,0.755,0.107,1.687,1687.0,germination-critical(1-2),6.3,21.1,135.0,28.0,583.0,60.0,0.0,620.0,1.84
S03343,Sandy clay loam,54.1,20.0,25.9,1.33,0.77,1.598,0.397,0.184,0.086,0.098,23.7,0.598,0.16,1.218,1218.0,germination-critical(1-2),6.06,21.1,82.0,13.0,271.0,20.0,2.0,352.0,1.72
S03344,Loamy sand,74.6,19.0,6.4,1.67,0.97,1.539,0.419,0.163,0.044,0.118,29.1,0.693,0.129,0.733,733.0,normal(<1),6.06,25.7,66.0,24.0,162.0,44.0,2.0,254.0,1.52
S03345,Silt loam,13.4,80.7,5.9,2.06,1.2,1.649,0.378,0.223,0.082,0.141,18.3,0.483,0.195,0.415,415.0,normal(<1),5.87,30.0,38.0,40.0,586.0,34.0,22.0,640.0,1.9
S03346,Sandy loam,48.4,36.7,14.9,2.06,1.19,1.5,0.434,0.146,0.079,0.066,28.2,0.649,0.152,1.206,1206.0,germination-critical(1-2),6.05,37.2,96.0,1.0,309.0,69.0,6.0,398.0,2.24
S03347,Sandy loam,48.0,33.6,18.3,0.67,0.39,1.555,0.413,0.187,0.095,0.092,21.9,0.53,0.194,2.253,2253.0,salt-sensitive-critical(2-3),5.9,36.5,130.0,64.0,249.0,29.0,12.0,297.0,0.62
S03348,Silt loam,28.7,70.2,1.2,1.66,0.96,1.617,0.39,0.169,0.073,0.096,23.5,0.602,0.155,0.453,453.0,normal(<1),6.45,27.4,40.0,49.0,534.0,39.0,15.0,659.0,1.48
S03349,Sandy loam,53.5,36.4,10.0,0.67,0.39,1.541,0.418,0.181,0.071,0.11,25.0,0.597,0.169,1.119,1119.0,germination-critical(1-2),6.88,32.2,58.0,16.0,360.0,21.0,1.0,353.0,0.66
S03350,Clay loam,37.4,24.0,38.6,2.97,1.73,1.487,0.439,0.216,0.115,0.102,18.2,0.414,0.257,1.07,1070.0,germination-critical(1-2),6.47,25.2,84.0,26.0,308.0,78.0,15.0,352.0,3.24
S03351,Silt loam,22.7,67.7,9.6,1.7,0.98,1.555,0.413,0.209,0.094,0.115,20.5,0.495,0.209,0.738,738.0,normal(<1),6.49,24.1,49.0,5.0,467.0,47.0,23.0,570.0,1.68
S03352,Clay loam,21.5,46.5,31.9,3.87,2.24,1.504,0.432,0.222,0.122,0.1,24.0,0.556,0.192,0.225,225.0,normal(<1),6.15,17.7,0.0,0.0,418.0,78.0,8.0,493.0,4.04
S03353,Silt loam,14.9,79.1,6.1,3.0,1.74,1.418,0.465,0.219,0.098,0.121,32.1,0.69,0.144,1.782,1782.0,germination-critical(1-2),6.74,29.2,176.0,45.0,555.0,65.0,13.0,648.0,3.02
S03354,Sandy clay,47.7,13.8,38.5,1.8,1.04,1.575,0.406,0.161,0.086,0.075,26.0,0.64,0.146,0.248,248.0,normal(<1),6.26,25.7,33.0,27.0,188.0,28.0,25.0,252.0,1.62
S03355,Clay loam,37.7,25.4,36.9,2.68,1.55,1.443,0.456,0.25,0.12,0.13,33.6,0.737,0.12,0.264,264.0,normal(<1),6.67,20.8,86.0,34.0,307.0,61.0,40.0,368.0,2.57
S03356,Sandy loam,59.8,33.6,6.6,3.12,1.81,1.66,0.374,0.181,0.046,0.135,28.0,0.75,0.094,0.086,86.0,normal(<1),5.61,24.9,74.0,16.0,287.0,55.0,21.0,337.0,3.04
S03357,Sandy loam,65.1,21.9,13.1,0.64,0.37,1.593,0.399,0.154,0.052,0.102,14.9,0.373,0.25,0.434,434.0,normal(<1),6.31,25.7,11.0,32.0,163.0,0.0,13.0,270.0,1.0
S03358,Loam,31.5,48.2,20.3,1.1,0.64,1.504,0.432,0.218,0.095,0.123,30.5,0.705,0.128,1.3,1300.0,germination-critical(1-2),6.31,23.8,88.0,6.0,353.0,49.0,4.0,447.0,1.57
S03359,Sandy clay,45.6,18.7,35.7,2.82,1.64,1.471,0.445,0.232,0.086,0.146,20.3,0.456,0.242,0.652,652.0,normal(<1),7.21,24.4,67.0,20.0,317.0,64.0,18.0,348.0,2.62
S03360,Silty clay loam,8.3,55.2,36.5,1.87,1.08,1.501,0.434,0.226,0.126,0.1,28.7,0.663,0.146,0.09,90.0,normal(<1),6.37,33.3,36.0,6.0,392.0,68.0,0.0,547.0,2.01
S03361,Loamy sand,72.7,15.1,12.2,0.86,0.5,1.569,0.408,0.155,0.058,0.098,17.8,0.436,0.23,0.385,385.0,normal(<1),6.45,28.9,54.0,12.0,219.0,30.0,1.0,263.0,0.84
S03362,Loamy sand,78.7,9.4,11.9,4.55,2.64,1.551,0.415,0.176,0.069,0.107,29.8,0.719,0.117,0.15,150.0,normal(<1),6.4,25.0,53.0,15.0,90.0,85.0,42.0,99.0,4.63
S03363,Sandy loam,63.4,30.9,5.7,2.02,1.17,1.645,0.379,0.169,0.051,0.118,17.6,0.464,0.203,0.733,733.0,normal(<1),6.49,20.9,60.0,38.0,252.0,39.0,30.0,329.0,1.81
S03364,Loam,35.1,42.3,22.6,5.02,2.91,1.526,0.424,0.191,0.112,0.08,14.3,0.337,0.281,1.335,1335.0,germination-critical(1-2),6.58,24.5,139.0,66.0,427.0,108.0,24.0,447.0,4.89
S03365,Sandy loam,62.6,31.6,5.8,1.34,0.78,1.554,0.414,0.121,0.063,0.057,10.0,0.241,0.314,0.65,650.0,normal(<1),5.95,17.1,55.0,9.0,300.0,14.0,10.0,398.0,1.17
S03366,Sandy clay loam,56.0,14.9,29.2,1.99,1.15,1.538,0.42,0.188,0.094,0.094,21.6,0.514,0.204,0.249,249.0,normal(<1),6.61,24.7,9.0,31.0,292.0,22.0,19.0,323.0,1.7
S03367,Sand,95.3,3.9,0.7,1.33,0.77,1.462,0.448,0.124,0.047,0.077,25.4,0.566,0.194,0.302,302.0,normal(<1),6.62,24.3,38.0,1.0,5.0,28.0,35.0,34.0,1.13
S03368,Sandy clay loam,56.1,16.1,27.8,0.73,0.42,1.567,0.409,0.189,0.086,0.103,20.5,0.502,0.204,2.882,2882.0,salt-sensitive-critical(2-3),6.81,27.5,190.0,84.0,240.0,22.0,9.0,214.0,0.81
S03369,Loam,46.5,31.0,22.5,2.74,1.59,1.525,0.425,0.18,0.096,0.084,23.6,0.555,0.189,0.328,328.0,normal(<1),6.76,24.7,29.0,0.0,352.0,78.0,8.0,402.0,3.28
S03370,Silt loam,14.8,72.5,12.6,2.4,1.39,1.496,0.436,0.232,0.101,0.131,26.2,0.602,0.173,0.478,478.0,normal(<1),5.6,27.9,85.0,27.0,536.0,58.0,14.0,662.0,2.3
S03371,Silt loam,10.1,71.8,18.1,1.92,1.12,1.484,0.44,0.234,0.114,0.119,17.9,0.406,0.261,0.425,425.0,normal(<1),6.42,31.2,27.0,25.0,477.0,63.0,0.0,576.0,1.45
S03372,Clay,20.4,16.0,63.6,2.99,1.74,1.502,0.433,0.278,0.147,0.131,29.7,0.686,0.136,0.245,245.0,normal(<1),6.54,24.7,0.0,39.0,353.0,35.0,21.0,446.0,2.82
S03373,Sandy loam,63.2,31.1,5.6,1.87,1.09,1.603,0.395,0.148,0.056,0.092,13.6,0.345,0.259,0.223,223.0,normal(<1),6.43,33.3,29.0,34.0,300.0,0.0,19.0,323.0,1.82
S03374,Loam,44.6,42.7,12.7,2.66,1.54,1.577,0.405,0.188,0.08,0.109,18.7,0.463,0.217,0.388,388.0,normal(<1),6.91,35.6,17.0,16.0,317.0,35.0,20.0,403.0,2.93
S03375,Silt loam,4.2,72.7,23.1,3.05,1.77,1.415,0.466,0.243,0.133,0.11,21.0,0.45,0.256,1.369,1369.0,germination-critical(1-2),6.87,28.2,114.0,34.0,614.0,43.0,18.0,688.0,3.25
S03376,Sandy clay loam,61.7,9.3,29.0,1.93,1.12,1.434,0.459,0.192,0.076,0.116,15.4,0.335,0.305,0.295,295.0,normal(<1),6.36,31.4,48.0,40.0,140.0,53.0,24.0,261.0,1.97
S03377,Silty clay,3.6,53.4,43.1,2.41,1.4,1.448,0.453,0.278,0.135,0.143,27.9,0.615,0.175,3.797,3797.0,detrimental(>3),6.87,31.4,224.0,124.0,616.0,49.0,25.0,627.0,2.9
S03378,Loam,50.2,30.2,19.5,1.93,1.12,1.549,0.416,0.191,0.079,0.111,14.4,0.346,0.272,0.097,97.0,normal(<1),6.6,32.0,7.0,21.0,240.0,18.0,9.0,299.0,1.93
S03379,Loamy sand,75.1,19.8,5.1,0.92,0.53,1.637,0.382,0.153,0.056,0.096,19.3,0.506,0.189,1.131,1131.0,germination-critical(1-2),7.06,29.9,101.0,0.0,233.0,45.0,10.0,229.0,0.95
S03380,Loam,23.7,49.5,26.8,3.76,2.18,1.54,0.419,0.219,0.123,0.096,25.4,0.606,0.165,0.617,617.0,normal(<1),6.06,28.0,142.0,16.0,474.0,66.0,19.0,559.0,3.99
S03381,Sandy loam,60.5,30.8,8.8,1.41,0.82,1.609,0.393,0.158,0.05,0.108,24.3,0.62,0.149,1.265,1265.0,germination-critical(1-2),6.61,28.1,128.0,71.0,183.0,47.0,5.0,275.0,1.29
S03382,Loam,46.8,36.8,16.4,1.07,0.62,1.567,0.409,0.165,0.076,0.089,16.6,0.407,0.242,1.939,1939.0,germination-critical(1-2),6.38,27.0,80.0,12.0,325.0,16.0,13.0,338.0,1.37
S03383,Clay,16.0,22.9,61.1,3.2,1.85,1.313,0.504,0.283,0.15,0.133,37.3,0.739,0.132,0.297,297.0,normal(<1),6.16,18.3,46.0,52.0,297.0,78.0,38.0,367.0,3.34
S03384,Silt loam,12.1,83.5,4.3,2.6,1.51,1.547,0.416,0.214,0.082,0.131,25.4,0.609,0.163,0.181,181.0,normal(<1),6.25,23.2,102.0,52.0,560.0,72.0,14.0,663.0,2.11
S03385,Sandy clay,47.0,2.0,51.1,4.1,2.38,1.356,0.488,0.244,0.119,0.125,31.0,0.635,0.178,0.445,445.0,normal(<1),5.92,31.3,76.0,85.0,174.0,101.0,34.0,208.0,3.71
S03386,Silt loam,26.4,54.5,19.1,1.5,0.87,1.516,0.428,0.247,0.095,0.152,20.5,0.479,0.223,0.09,90.0,normal(<1),6.73,28.4,22.0,12.0,330.0,39.0,9.0,506.0,1.68
S03387,Silt loam,1.7,72.4,26.0,2.39,1.39,1.45,0.453,0.254,0.128,0.125,17.6,0.389,0.277,0.676,676.0,normal(<1),6.48,23.8,63.0,17.0,476.0,47.0,22.0,590.0,2.08
S03388,Loam,40.5,45.5,14.0,1.59,0.92,1.653,0.376,0.165,0.08,0.085,20.2,0.537,0.174,4.897,4897.0,detrimental(>3),7.3,25.8,285.0,136.0,452.0,24.0,6.0,391.0,1.89
S03389,Sandy loam,62.0,25.7,12.2,0.43,0.25,1.583,0.402,0.15,0.061,0.089,15.2,0.378,0.25,1.367,1367.0,germination-critical(1-2),6.55,35.3,46.0,70.0,264.0,0.0,19.0,262.0,0.81
S03390,Silty clay loam,0.1,68.0,31.8,1.43,0.83,1.535,0.421,0.266,0.116,0.15,32.6,0.776,0.094,1.838,1838.0,germination-critical(1-2),6.79,25.3,91.0,31.0,589.0,20.0,3.0,659.0,1.34
S03391,Sandy clay loam,57.1,20.0,22.9,2.7,1.57,1.56,0.411,0.205,0.082,0.122,13.3,0.322,0.279,0.338,338.0,normal(<1),7.02,23.4,32.0,45.0,249.0,59.0,26.0,276.0,2.75
S03392,Sandy loam,79.2,8.3,12.4,2.85,1.65,1.591,0.399,0.151,0.049,0.101,13.1,0.329,0.268,1.002,1002.0,germination-critical(1-2),5.69,29.6,102.0,48.0,175.0,66.0,8.0,225.0,2.93
S03393,Sand,88.6,3.1,8.3,2.14,1.24,1.57,0.408,0.139,0.049,0.089,26.4,0.647,0.144,0.125,125.0,normal(<1),6.41,26.1,7.0,1.0,98.0,30.0,5.0,60.0,2.41
S03394,Sandy clay,51.6,6.9,41.5,1.6,0.93,1.565,0.409,0.196,0.102,0.093,30.6,0.747,0.103,0.211,211.0,normal(<1),6.56,33.5,43.0,26.0,261.0,60.0,29.0,189.0,1.72
S03395,Silt loam,5.7,86.0,8.3,1.16,0.67,1.663,0.373,0.235,0.108,0.128,13.9,0.373,0.233,0.252,252.0,normal(<1),6.49,27.4,18.0,13.0,550.0,23.0,17.0,753.0,1.13
S03396,Clay,38.8,1.6,59.6,3.42,1.98,1.477,0.443,0.237,0.125,0.113,21.9,0.494,0.224,0.778,778.0,normal(<1),6.9,14.0,85.0,34.0,94.0,82.0,17.0,175.0,3.12
S03397,Silty clay loam,19.1,43.7,37.2,2.47,1.43,1.463,0.448,0.258,0.12,0.138,19.1,0.427,0.257,0.49,490.0,normal(<1),6.35,24.8,72.0,30.0,364.0,54.0,23.0,500.0,2.57
S03398,Loam,36.5,47.9,15.6,1.03,0.6,1.584,0.402,0.192,0.088,0.104,28.7,0.713,0.116,3.352,3352.0,detrimental(>3),6.72,30.8,122.0,102.0,436.0,0.0,23.0,477.0,1.29
S03399,Silt loam,5.1,70.8,24.1,2.2,1.28,1.524,0.425,0.259,0.127,0.133,34.4,0.809,0.081,0.765,765.0,normal(<1),5.74,37.2,98.0,61.0,473.0,42.0,27.0,592.0,2.52
S03400,Sandy clay,54.3,0.5,45.2,1.59,0.92,1.512,0.429,0.217,0.116,0.101,32.4,0.755,0.105,0.265,265.0,normal(<1),6.53,25.8,30.0,0.0,191.0,34.0,12.0,179.0,1.86
S03401,Loam,49.9,31.9,18.2,0.84,0.49,1.524,0.425,0.161,0.067,0.094,16.8,0.396,0.257,0.88,880.0,normal(<1),6.51,29.0,79.0,22.0,220.0,24.0,25.0,304.0,0.47
S03402,Loamy sand,82.9,11.6,5.5,1.15,0.67,1.584,0.402,0.136,0.058,0.078,28.1,0.698,0.121,2.533,2533.0,salt-sensitive-critical(2-3),6.52,33.5,143.0,78.0,136.0,21.0,21.0,106.0,1.15
S03403,Sandy loam,73.7,8.1,18.2,2.37,1.38,1.602,0.395,0.159,0.082,0.078,19.6,0.495,0.2,0.071,71.0,normal(<1),6.58,23.2,7.0,0.0,87.0,51.0,8.0,158.0,2.66
S03404,Silty clay,7.3,43.0,49.7,5.44,3.16,1.364,0.485,0.294,0.16,0.134,26.7,0.55,0.218,0.779,779.0,normal(<1),6.74,33.3,112.0,72.0,453.0,113.0,37.0,500.0,5.31
S03405,Silty clay loam,14.7,47.4,37.9,3.27,1.9,1.47,0.445,0.276,0.116,0.16,17.9,0.401,0.267,0.312,312.0,normal(<1),6.72,29.7,69.0,38.0,474.0,65.0,25.0,555.0,3.17
S03406,Loamy sand,76.0,13.5,10.5,0.35,0.2,1.546,0.416,0.107,0.05,0.057,24.9,0.599,0.167,3.245,3245.0,detrimental(>3),6.89,30.4,162.0,110.0,231.0,46.0,16.0,176.0,0.09
S03407,Sandy loam,72.0,9.6,18.4,0.71,0.41,1.611,0.392,0.168,0.075,0.094,22.4,0.571,0.168,0.382,382.0,normal(<1),6.21,28.7,90.0,52.0,94.0,45.0,26.0,139.0,0.83
S03408,Loamy sand,82.1,14.6,3.2,1.08,0.62,1.647,0.378,0.106,0.056,0.05,17.5,0.464,0.203,0.416,416.0,normal(<1),6.17,31.5,0.0,14.0,140.0,26.0,0.0,160.0,0.96
S03409,Loamy sand,74.2,20.1,5.8,1.02,0.59,1.6,0.396,0.142,0.049,0.094,15.8,0.4,0.238,0.523,523.0,normal(<1),6.55,33.6,74.0,33.0,196.0,23.0,14.0,248.0,1.32
S03410,Loamy sand,76.8,22.2,1.1,2.32,1.34,1.659,0.374,0.142,0.047,0.095,20.4,0.544,0.17,0.693,693.0,normal(<1),6.4,30.6,51.0,25.0,129.0,38.0,21.0,145.0,2.21
S03411,Sandy clay loam,58.3,18.8,23.0,2.98,1.73,1.57,0.407,0.169,0.095,0.074,22.4,0.55,0.183,0.29,290.0,normal(<1),6.59,26.8,0.0,18.0,154.0,60.0,33.0,189.0,2.92
S03412,Sandy clay loam,64.5,3.0,32.4,2.76,1.6,1.466,0.447,0.186,0.087,0.099,23.2,0.519,0.215,0.296,296.0,normal(<1),6.91,26.9,72.0,7.0,153.0,62.0,32.0,160.0,2.71
S03413,Clay loam,34.2,33.5,32.2,2.84,1.65,1.393,0.474,0.211,0.106,0.105,20.4,0.43,0.271,0.952,952.0,normal(<1),6.49,20.2,80.0,37.0,371.0,50.0,6.0,417.0,2.72
S03414,Silty clay loam,3.2,57.8,38.9,1.7,0.99,1.426,0.462,0.274,0.116,0.158,24.8,0.536,0.214,0.938,938.0,normal(<1),5.76,27.2,88.0,18.0,501.0,72.0,16.0,596.0,2.25
S03415,Silty clay,4.3,49.8,45.9,3.71,2.15,1.363,0.486,0.268,0.116,0.153,24.0,0.493,0.246,0.411,411.0,normal(<1),6.63,31.5,97.0,87.0,392.0,78.0,30.0,543.0,3.73
S03416,Clay loam,44.7,25.6,29.7,1.04,0.6,1.641,0.381,0.189,0.103,0.086,29.7,0.781,0.083,0.32,320.0,normal(<1),7.14,33.1,21.0,12.0,300.0,24.0,12.0,330.0,1.19
S03417,Clay loam,20.2,45.4,34.4,4.21,2.44,1.499,0.434,0.239,0.119,0.121,23.6,0.542,0.199,1.134,1134.0,germination-critical(1-2),6.02,21.8,102.0,38.0,433.0,80.0,36.0,519.0,3.76
S03418,Silt loam,27.1,64.6,8.3,1.66,0.96,1.586,0.402,0.197,0.08,0.117,27.9,0.694,0.123,1.241,1241.0,germination-critical(1-2),6.35,23.4,87.0,53.0,480.0,39.0,21.0,575.0,1.52
S03419,Clay loam,20.1,42.9,37.0,2.18,1.26,1.426,0.462,0.226,0.114,0.112,19.3,0.418,0.269,1.303,1303.0,germination-critical(1-2),6.46,23.4,81.0,16.0,445.0,58.0,29.0,501.0,2.15
S03420,Sandy clay,48.5,13.3,38.3,2.15,1.25,1.542,0.418,0.201,0.108,0.093,10.5,0.25,0.313,0.287,287.0,normal(<1),6.54,28.4,62.0,21.0,161.0,42.0,29.0,233.0,2.18
S03421,Loamy sand,84.2,1.8,14.0,1.92,1.12,1.55,0.415,0.143,0.041,0.102,17.8,0.428,0.237,0.796,796.0,normal(<1),6.26,37.9,53.0,46.0,64.0,41.0,20.0,60.0,2.1
S03422,Sandy loam,64.5,25.1,10.5,2.44,1.41,1.542,0.418,0.166,0.077,0.089,28.2,0.675,0.136,0.82,820.0,normal(<1),6.8,32.2,90.0,33.0,309.0,39.0,13.0,296.0,2.72
S03423,Silty clay,4.1,46.6,49.4,2.59,1.51,1.548,0.416,0.241,0.112,0.129,24.8,0.597,0.168,0.816,816.0,normal(<1),6.16,25.7,86.0,32.0,522.0,65.0,16.0,583.0,2.53
S03424,Loam,44.7,33.3,22.0,1.96,1.14,1.474,0.444,0.202,0.09,0.111,21.7,0.488,0.227,0.536,536.0,normal(<1),6.59,32.9,61.0,33.0,315.0,26.0,26.0,402.0,2.09
S03425,Silt loam,11.0,82.3,6.7,2.54,1.47,1.55,0.415,0.221,0.09,0.131,19.6,0.471,0.22,4.1,4100.0,detrimental(>3),6.61,28.9,250.0,168.0,586.0,59.0,31.0,714.0,2.5
S03426,Loam,44.8,36.5,18.7,2.29,1.33,1.505,0.432,0.175,0.09,0.085,15.6,0.362,0.276,4.01,4010.0,detrimental(>3),6.93,26.6,244.0,126.0,403.0,69.0,0.0,472.0,2.52
S03427,Silty clay loam,12.7,57.5,29.7,2.25,1.31,1.581,0.403,0.249,0.107,0.142,19.7,0.489,0.206,0.472,472.0,normal(<1),6.65,38.5,25.0,14.0,515.0,18.0,21.0,591.0,2.25
S03428,Sandy loam,76.2,8.8,14.9,2.53,1.47,1.609,0.393,0.179,0.08,0.099,21.6,0.551,0.177,0.445,445.0,normal(<1),6.37,32.2,46.0,20.0,114.0,67.0,19.0,136.0,2.61
S03429,Sandy loam,65.0,17.8,17.2,1.74,1.01,1.508,0.431,0.171,0.075,0.095,25.6,0.594,0.175,0.351,351.0,normal(<1),5.91,28.7,45.0,0.0,160.0,49.0,2.0,182.0,1.99
S03430,Sandy clay,51.0,4.7,44.3,1.51,0.88,1.486,0.439,0.196,0.098,0.098,20.4,0.463,0.236,0.125,125.0,normal(<1),6.41,24.6,14.0,40.0,222.0,28.0,23.0,227.0,1.85
S03431,Silty clay loam,16.1,54.7,29.3,2.18,1.26,1.456,0.451,0.224,0.117,0.107,23.7,0.526,0.214,1.167,1167.0,germination-critical(1-2),6.32,21.6,54.0,32.0,477.0,41.0,30.0,606.0,1.69
S03432,Sandy clay loam,60.7,13.9,25.4,1.44,0.84,1.556,0.413,0.195,0.086,0.109,28.5,0.691,0.127,0.595,595.0,normal(<1),6.52,35.6,90.0,46.0,197.0,52.0,27.0,237.0,1.64
S03433,Silt loam,10.4,66.8,22.9,1.48,0.86,1.527,0.424,0.205,0.126,0.079,26.7,0.63,0.157,0.124,124.0,normal(<1),6.6,24.6,106.0,14.0,577.0,69.0,32.0,684.0,1.24
S03434,Sandy clay,61.9,1.4,36.8,1.97,1.14,1.465,0.447,0.18,0.063,0.117,21.8,0.488,0.229,0.17,170.0,normal(<1),6.63,24.3,25.0,0.0,111.0,20.0,27.0,137.0,1.91
S03435,Clay,29.0,8.8,62.2,2.28,1.32,1.422,0.463,0.254,0.168,0.087,23.4,0.505,0.229,0.296,296.0,normal(<1),5.78,32.7,47.0,63.0,203.0,39.0,20.0,263.0,2.15
S03436,Sandy loam,60.2,22.0,17.8,4.0,2.32,1.549,0.416,0.177,0.09,0.088,22.1,0.531,0.195,1.084,1084.0,germination-critical(1-2),6.27,20.4,122.0,83.0,308.0,91.0,16.0,255.0,4.11
S03437,Sandy clay,56.8,5.3,37.9,1.74,1.01,1.55,0.415,0.182,0.098,0.084,25.7,0.62,0.158,0.557,557.0,normal(<1),6.18,31.8,76.0,0.0,220.0,52.0,33.0,219.0,1.94
S03438,Clay loam,41.5,25.7,32.8,2.17,1.26,1.502,0.433,0.231,0.086,0.145,25.1,0.579,0.183,0.196,196.0,normal(<1),6.76,34.8,25.0,46.0,272.0,41.0,24.0,346.0,1.91
S03439,Sandy loam,50.4,32.5,17.2,1.4,0.81,1.516,0.428,0.166,0.069,0.097,29.1,0.681,0.136,0.342,342.0,normal(<1),6.42,35.0,48.0,0.0,222.0,39.0,0.0,314.0,1.62
S03440,Loam,25.2,48.6,26.3,4.03,2.34,1.512,0.429,0.22,0.098,0.121,31.4,0.731,0.115,0.349,349.0,normal(<1),6.26,28.8,36.0,28.0,474.0,89.0,32.0,536.0,3.46
S03441,Silty clay,3.6,51.2,45.2,2.41,1.4,1.485,0.44,0.257,0.136,0.121,30.5,0.693,0.135,3.008,3008.0,detrimental(>3),6.58,40.4,213.0,106.0,462.0,36.0,25.0,547.0,2.72
S03442,Sandy clay loam,64.3,13.5,22.1,2.98,1.73,1.408,0.469,0.22,0.077,0.142,34.5,0.737,0.123,0.237,237.0,normal(<1),6.27,24.6,50.0,12.0,144.0,19.0,21.0,202.0,3.11
S03443,Sandy loam,74.0,13.5,12.4,4.19,2.43,1.525,0.424,0.147,0.058,0.089,11.5,0.272,0.309,1.1,1100.0,germination-critical(1-2),6.3,29.8,116.0,74.0,131.0,85.0,26.0,171.0,4.3
S03444,Loam,46.7,34.1,19.2,2.09,1.21,1.429,0.461,0.177,0.079,0.098,25.6,0.555,0.205,0.571,571.0,normal(<1),6.53,26.2,0.0,15.0,242.0,37.0,19.0,315.0,2.12
S03445,Clay loam,28.5,36.1,35.4,2.38,1.38,1.473,0.444,0.241,0.097,0.144,24.0,0.54,0.204,1.065,1065.0,germination-critical(1-2),6.85,31.5,45.0,47.0,357.0,38.0,26.0,368.0,2.34
S03446,Loamy sand,81.3,6.3,12.4,2.34,1.36,1.484,0.44,0.13,0.063,0.067,28.4,0.646,0.156,0.263,263.0,normal(<1),6.42,34.1,52.0,0.0,117.0,64.0,15.0,144.0,2.45
S03447,Clay,43.7,3.4,52.9,1.28,0.74,1.547,0.416,0.233,0.129,0.104,14.6,0.352,0.27,0.802,802.0,normal(<1),6.76,27.2,31.0,11.0,236.0,21.0,2.0,211.0,1.69
S03448,Sand,88.2,10.2,1.5,1.05,0.61,1.687,0.363,0.125,0.044,0.081,18.0,0.496,0.183,0.858,858.0,normal(<1),5.89,23.5,71.0,30.0,126.0,20.0,16.0,131.0,1.49
S03449,Loam,49.0,40.0,11.0,2.52,1.46,1.579,0.404,0.174,0.079,0.095,23.6,0.584,0.168,0.121,121.0,normal(<1),6.08,29.9,4.0,31.0,293.0,59.0,28.0,365.0,2.49
S03450,Clay loam,24.0,48.4,27.6,1.32,0.76,1.567,0.408,0.219,0.095,0.124,25.3,0.62,0.155,0.289,289.0,normal(<1),6.96,20.3,1.0,22.0,331.0,47.0,18.0,488.0,1.2
S03451,Sandy loam,54.7,30.7,14.5,2.13,1.23,1.606,0.394,0.175,0.078,0.097,15.5,0.395,0.238,1.243,1243.0,germination-critical(1-2),6.62,30.0,124.0,44.0,302.0,71.0,17.0,346.0,1.93
S03452,Clay,24.3,6.0,69.7,1.83,1.06,1.461,0.449,0.24,0.151,0.089,31.0,0.691,0.138,0.64,640.0,normal(<1),6.75,27.3,22.0,11.0,182.0,20.0,5.0,232.0,1.79
S03453,Clay,43.0,5.3,51.7,2.4,1.39,1.492,0.437,0.227,0.122,0.105,32.4,0.741,0.113,1.565,1565.0,germination-critical(1-2),6.36,29.5,142.0,66.0,289.0,44.0,26.0,290.0,2.52
S03454,Sandy loam,51.4,31.2,17.3,0.88,0.51,1.551,0.415,0.202,0.077,0.125,19.5,0.47,0.22,0.56,560.0,normal(<1),5.92,23.1,65.0,53.0,326.0,46.0,0.0,327.0,1.04
S03455,Clay loam,24.6,45.5,29.8,4.77,2.76,1.525,0.424,0.23,0.113,0.117,25.1,0.592,0.173,1.736,1736.0,germination-critical(1-2),6.26,29.0,145.0,111.0,408.0,78.0,33.0,422.0,4.67
S03456,Sandy clay loam,64.3,15.0,20.6,1.36,0.79,1.539,0.419,0.166,0.057,0.109,20.5,0.488,0.215,0.677,677.0,normal(<1),6.63,26.6,73.0,5.0,136.0,52.0,21.0,252.0,1.24
S03457,Sandy loam,76.0,14.6,9.4,0.84,0.49,1.572,0.407,0.157,0.052,0.105,14.6,0.358,0.261,0.714,714.0,normal(<1),6.99,30.1,67.0,12.0,150.0,18.0,9.0,155.0,1.13
S03458,Sandy loam,53.9,33.2,12.9,1.42,0.82,1.589,0.4,0.16,0.065,0.095,17.8,0.444,0.223,3.373,3373.0,detrimental(>3),6.92,25.3,203.0,104.0,383.0,48.0,15.0,383.0,1.66
S03459,Sandy loam,45.7,38.2,16.1,1.95,1.13,1.518,0.427,0.192,0.084,0.108,15.0,0.351,0.277,0.395,395.0,normal(<1),6.63,25.9,51.0,12.0,299.0,33.0,18.0,412.0,1.71
S03460,Sandy clay loam,56.2,10.2,33.5,1.6,0.93,1.495,0.436,0.208,0.082,0.126,20.7,0.475,0.229,0.607,607.0,normal(<1),6.9,28.3,16.0,49.0,106.0,34.0,19.0,141.0,1.4
S03461,Silty clay,0.1,52.1,47.7,2.34,1.36,1.348,0.491,0.28,0.146,0.134,16.1,0.327,0.331,0.169,169.0,normal(<1),6.12,21.9,5.0,11.0,582.0,24.0,0.0,674.0,2.38
S03462,Sandy loam,55.5,35.8,8.7,2.18,1.27,1.557,0.413,0.153,0.063,0.09,25.3,0.613,0.16,0.917,917.0,normal(<1),5.65,19.9,32.0,47.0,339.0,26.0,31.0,311.0,2.01
S03463,Silt loam,15.2,82.3,2.5,1.97,1.14,1.635,0.383,0.228,0.094,0.134,17.6,0.46,0.207,0.38,380.0,normal(<1),6.13,29.8,36.0,59.0,456.0,52.0,17.0,667.0,2.72
S03464,Loam,41.5,45.4,13.1,1.86,1.08,1.592,0.399,0.177,0.081,0.096,17.7,0.443,0.222,0.699,699.0,normal(<1),6.86,32.2,96.0,17.0,382.0,22.0,22.0,430.0,1.56
S03465,Loam,32.3,48.8,18.9,3.08,1.79,1.452,0.452,0.229,0.106,0.123,22.9,0.506,0.223,0.453,453.0,normal(<1),5.78,26.3,46.0,0.0,371.0,44.0,6.0,451.0,3.1
S03466,Loam,41.7,35.1,23.2,1.96,1.14,1.52,0.427,0.186,0.1,0.087,23.7,0.556,0.189,2.65,2650.0,salt-sensitive-critical(2-3),6.55,27.3,147.0,124.0,306.0,43.0,10.0,353.0,2.01
S03467,Loam,48.9,34.0,17.1,2.15,1.25,1.456,0.451,0.19,0.095,0.094,24.1,0.534,0.21,0.759,759.0,normal(<1),7.14,27.5,50.0,59.0,310.0,55.0,15.0,358.0,2.16
S03468,Sandy clay loam,54.0,20.7,25.3,1.02,0.59,1.524,0.425,0.202,0.075,0.127,23.8,0.559,0.187,0.098,98.0,normal(<1),7.39,21.5,36.0,57.0,116.0,42.0,4.0,176.0,1.49
S03469,Clay loam,25.4,37.9,36.7,2.6,1.51,1.492,0.437,0.227,0.11,0.116,17.9,0.409,0.258,0.867,867.0,normal(<1),6.12,35.2,70.0,84.0,373.0,44.0,25.0,433.0,2.43
S03470,Loamy sand,78.7,9.3,12.1,1.26,0.73,1.583,0.403,0.138,0.039,0.099,19.7,0.489,0.206,0.639,639.0,normal(<1),6.66,34.3,45.0,39.0,171.0,28.0,10.0,166.0,0.99
S03471,Clay loam,33.4,31.9,34.7,3.44,2.0,1.532,0.422,0.246,0.092,0.154,24.3,0.576,0.179,1.105,1105.0,germination-critical(1-2),6.91,27.2,116.0,51.0,338.0,72.0,23.0,340.0,3.93
S03472,Clay loam,30.5,42.3,27.3,3.41,1.98,1.566,0.409,0.235,0.098,0.137,28.6,0.699,0.123,0.361,361.0,normal(<1),6.33,23.7,61.0,7.0,331.0,55.0,20.0,502.0,3.9
S03473,Loam,43.3,33.8,22.9,1.52,0.88,1.601,0.396,0.214,0.074,0.14,21.2,0.536,0.184,0.485,485.0,normal(<1),6.75,26.4,72.0,43.0,257.0,68.0,8.0,343.0,1.45
S03474,Sandy clay loam,57.0,10.8,32.2,1.4,0.81,1.63,0.385,0.217,0.107,0.109,14.2,0.369,0.243,0.337,337.0,normal(<1),6.54,36.2,68.0,0.0,187.0,36.0,8.0,209.0,1.34
S03475,Sandy clay loam,61.6,9.8,28.7,1.48,0.86,1.627,0.386,0.143,0.077,0.066,14.8,0.384,0.238,0.357,357.0,normal(<1),6.63,35.4,8.0,53.0,165.0,37.0,29.0,198.0,1.84
S03476,Clay loam,37.2,23.1,39.7,2.01,1.17,1.461,0.449,0.205,0.109,0.095,30.6,0.682,0.143,0.397,397.0,normal(<1),6.49,24.0,40.0,0.0,262.0,52.0,25.0,281.0,2.57
S03477,Sandy loam,54.4,36.8,8.9,2.08,1.21,1.557,0.413,0.166,0.07,0.095,17.0,0.412,0.243,1.186,1186.0,germination-critical(1-2),6.48,27.0,105.0,55.0,256.0,57.0,35.0,332.0,2.07
S03478,Silty clay loam,13.4,52.5,34.1,1.92,1.11,1.463,0.448,0.226,0.136,0.09,26.9,0.601,0.178,0.201,201.0,normal(<1),6.29,35.5,63.0,43.0,515.0,48.0,27.0,633.0,2.28
S03479,Silt loam,21.5,67.7,10.8,2.79,1.62,1.549,0.415,0.223,0.082,0.141,20.8,0.501,0.207,0.436,436.0,normal(<1),6.32,27.4,68.0,36.0,519.0,54.0,19.0,625.0,3.12
S03480,Loamy sand,85.3,4.1,10.6,3.15,1.83,1.563,0.41,0.136,0.044,0.092,20.7,0.505,0.203,1.264,1264.0,germination-critical(1-2),6.69,18.5,156.0,58.0,146.0,64.0,28.0,144.0,3.27
S03481,Sandy loam,49.0,31.1,19.9,3.59,2.08,1.509,0.43,0.195,0.083,0.111,29.4,0.684,0.136,0.303,303.0,normal(<1),6.05,30.2,66.0,0.0,260.0,55.0,33.0,326.0,3.77
S03482,Silt loam,4.5,81.4,14.1,2.72,1.58,1.47,0.445,0.247,0.098,0.148,32.5,0.73,0.12,0.653,653.0,normal(<1),6.44,30.6,28.0,0.0,531.0,70.0,14.0,689.0,2.63
S03483,Clay,13.9,37.5,48.6,3.16,1.83,1.464,0.448,0.248,0.132,0.116,16.9,0.378,0.278,1.785,1785.0,germination-critical(1-2),6.01,22.8,166.0,100.0,421.0,88.0,23.0,417.0,3.28
S03484,Silt loam,12.0,85.0,3.0,2.06,1.19,1.547,0.416,0.201,0.096,0.104,26.9,0.647,0.147,1.499,1499.0,germination-critical(1-2),6.32,18.6,114.0,70.0,553.0,92.0,20.0,704.0,1.9
S03485,Silt loam,11.1,87.0,1.8,1.49,0.86,1.586,0.401,0.204,0.09,0.114,23.9,0.595,0.162,1.3,1300.0,germination-critical(1-2),6.63,22.5,79.0,72.0,648.0,17.0,22.0,748.0,1.52
S03486,Sandy loam,61.9,22.5,15.5,2.34,1.36,1.525,0.425,0.17,0.066,0.104,24.5,0.576,0.18,1.413,1413.0,germination-critical(1-2),6.72,21.4,127.0,81.0,167.0,61.0,28.0,244.0,2.58
S03487,Sandy loam,66.5,16.3,17.2,3.87,2.25,1.552,0.414,0.181,0.065,0.116,19.1,0.46,0.224,0.235,235.0,normal(<1),6.23,29.8,31.0,15.0,221.0,97.0,27.0,239.0,3.28
S03488,Sandy loam,76.9,16.1,7.0,3.64,2.11,1.589,0.4,0.165,0.062,0.102,17.6,0.439,0.225,1.223,1223.0,germination-critical(1-2),6.47,26.5,99.0,100.0,225.0,87.0,20.0,238.0,3.31
S03489,Loamy sand,78.2,18.2,3.7,1.5,0.87,1.634,0.383,0.131,0.049,0.082,24.2,0.631,0.142,0.949,949.0,normal(<1),6.69,17.8,74.0,37.0,155.0,44.0,22.0,153.0,1.46
S03490,Loam,35.7,40.3,24.0,2.46,1.43,1.594,0.399,0.227,0.089,0.138,27.9,0.699,0.12,0.138,138.0,normal(<1),6.37,31.1,35.0,0.0,369.0,54.0,14.0,447.0,2.41
S03491,Silty clay loam,6.3,62.5,31.2,1.27,0.74,1.474,0.444,0.238,0.13,0.107,31.0,0.698,0.134,0.262,262.0,normal(<1),6.24,28.0,36.0,2.0,468.0,42.0,15.0,597.0,1.2
S03492,Silty clay,2.1,43.6,54.3,3.07,1.78,1.481,0.441,0.294,0.147,0.146,21.4,0.485,0.227,1.209,1209.0,germination-critical(1-2),6.37,20.2,125.0,82.0,473.0,73.0,22.0,536.0,2.97
S03493,Clay loam,27.7,43.5,28.8,1.3,0.76,1.587,0.401,0.237,0.107,0.13,17.6,0.438,0.225,0.822,822.0,normal(<1),6.85,32.3,66.0,19.0,372.0,28.0,0.0,526.0,1.48
S03494,Silt loam,19.3,65.5,15.2,2.8,1.62,1.464,0.447,0.219,0.112,0.108,28.9,0.647,0.158,0.33,330.0,normal(<1),6.74,24.9,31.0,31.0,488.0,67.0,25.0,609.0,2.73
S03495,Sandy loam,69.5,20.4,10.1,2.49,1.44,1.556,0.413,0.168,0.055,0.113,23.7,0.574,0.176,0.389,389.0,normal(<1),6.75,38.9,72.0,18.0,224.0,43.0,25.0,226.0,2.46
S03496,Sandy clay,56.6,6.3,37.1,2.57,1.49,1.503,0.433,0.186,0.095,0.091,28.3,0.653,0.15,0.192,192.0,normal(<1),6.35,15.8,30.0,8.0,157.0,57.0,22.0,162.0,2.43
S03497,Clay,5.0,28.5,66.5,4.5,2.61,1.398,0.473,0.302,0.155,0.147,37.1,0.784,0.102,0.741,741.0,normal(<1),6.35,22.3,98.0,80.0,351.0,107.0,50.0,441.0,4.72
S03498,Loamy sand,78.4,9.8,11.8,1.93,1.12,1.467,0.447,0.156,0.065,0.09,22.0,0.493,0.226,0.438,438.0,normal(<1),6.28,29.2,93.0,51.0,148.0,67.0,21.0,136.0,2.03
S03499,Loam,31.8,41.8,26.4,1.36,0.79,1.54,0.419,0.227,0.09,0.137,27.7,0.661,0.142,0.831,831.0,normal(<1),6.57,26.9,94.0,49.0,287.0,41.0,18.0,401.0,1.77
S03500,Loam,49.5,33.7,16.9,1.78,1.03,1.584,0.402,0.212,0.082,0.13,21.8,0.542,0.184,0.937,937.0,normal(<1),6.31,22.1,71.0,6.0,322.0,38.0,21.0,370.0,1.46
S03501,Clay,29.9,12.3,57.8,1.77,1.03,1.538,0.42,0.25,0.126,0.124,24.7,0.588,0.173,0.19,190.0,normal(<1),6.3,19.1,76.0,0.0,252.0,46.0,15.0,304.0,1.48
S03502,Silt loam,27.9,70.0,2.1,0.83,0.48,1.539,0.419,0.174,0.072,0.102,20.4,0.487,0.215,0.463,463.0,normal(<1),6.45,30.6,57.0,23.0,509.0,44.0,4.0,578.0,0.86
S03503,Sandy clay,59.4,1.4,39.2,1.95,1.13,1.418,0.465,0.194,0.109,0.085,26.7,0.575,0.198,0.782,782.0,normal(<1),6.76,31.2,70.0,0.0,49.0,40.0,19.0,108.0,2.0
S03504,Sandy loam,57.2,37.1,5.7,0.88,0.51,1.696,0.36,0.174,0.069,0.106,18.1,0.504,0.179,0.828,828.0,normal(<1),6.78,19.3,83.0,65.0,286.0,22.0,10.0,329.0,0.92
S03505,Silty clay,7.2,40.4,52.4,2.32,1.35,1.444,0.455,0.269,0.163,0.107,31.4,0.691,0.141,0.575,575.0,normal(<1),6.68,36.1,65.0,39.0,426.0,55.0,23.0,497.0,2.4
S03506,Silt loam,14.0,68.9,17.1,4.09,2.37,1.471,0.445,0.242,0.116,0.126,30.4,0.684,0.141,0.908,908.0,normal(<1),6.35,26.0,41.0,55.0,579.0,41.0,32.0,679.0,3.95
S03507,Sandy loam,56.2,27.2,16.6,1.84,1.07,1.597,0.398,0.195,0.068,0.127,17.7,0.446,0.22,0.105,105.0,normal(<1),6.35,27.9,40.0,0.0,312.0,52.0,16.0,361.0,1.87
S03508,Sandy clay,49.8,1.7,48.6,1.44,0.83,1.435,0.459,0.221,0.108,0.113,25.0,0.545,0.209,1.675,1675.0,germination-critical(1-2),6.64,23.7,85.0,57.0,215.0,25.0,15.0,202.0,1.71
S03509,Silt loam,14.0,69.1,16.9,2.24,1.3,1.547,0.416,0.235,0.093,0.142,22.3,0.535,0.193,0.401,401.0,normal(<1),6.78,24.3,48.0,0.0,497.0,57.0,11.0,657.0,2.22
S03510,Sandy loam,67.5,13.7,18.8,1.41,0.82,1.543,0.418,0.174,0.073,0.101,23.0,0.551,0.188,0.354,354.0,normal(<1),6.42,22.7,20.0,0.0,162.0,16.0,0.0,211.0,1.15
S03511,Sand,90.6,4.8,4.6,1.81,1.05,1.596,0.398,0.097,0.021,0.076,19.6,0.494,0.201,1.503,1503.0,germination-critical(1-2),6.78,33.9,160.0,76.0,95.0,35.0,19.0,87.0,2.32
S03512,Clay loam,39.9,29.4,30.7,1.75,1.02,1.527,0.424,0.209,0.099,0.11,30.3,0.715,0.121,0.475,475.0,normal(<1),6.77,25.9,43.0,34.0,271.0,25.0,12.0,269.0,1.82
S03513,Sandy loam,47.9,33.8,18.3,1.43,0.83,1.577,0.405,0.199,0.074,0.125,22.5,0.556,0.18,1.715,1715.0,germination-critical(1-2),6.68,23.4,101.0,48.0,250.0,67.0,14.0,340.0,1.31
S03514,Sand,85.8,12.0,2.2,0.3,0.17,1.537,0.42,0.116,0.055,0.061,23.3,0.554,0.188,0.336,336.0,normal(<1),6.97,25.5,39.0,12.0,100.0,6.0,5.0,139.0,0.09
S03515,Sandy loam,71.5,17.2,11.3,1.34,0.78,1.579,0.404,0.132,0.056,0.076,17.2,0.426,0.232,1.689,1689.0,germination-critical(1-2),6.73,28.5,106.0,65.0,186.0,50.0,5.0,176.0,2.12
S03516,Loamy sand,85.1,10.2,4.7,1.48,0.86,1.586,0.402,0.153,0.041,0.112,25.6,0.637,0.146,1.344,1344.0,germination-critical(1-2),6.38,33.8,93.0,36.0,86.0,53.0,17.0,123.0,1.62
S03517,Sandy clay loam,50.4,19.3,30.3,2.93,1.7,1.504,0.432,0.191,0.093,0.098,27.9,0.646,0.153,1.533,1533.0,germination-critical(1-2),6.62,26.4,132.0,42.0,251.0,57.0,24.0,297.0,3.3
S03518,Sandy loam,55.3,32.3,12.3,0.3,0.17,1.611,0.392,0.162,0.06,0.102,16.5,0.422,0.227,0.286,286.0,normal(<1),6.55,27.1,30.0,0.0,290.0,14.0,0.0,391.0,0.2
S03519,Loam,51.7,29.5,18.8,2.15,1.25,1.53,0.423,0.18,0.076,0.104,18.8,0.445,0.235,0.163,163.0,normal(<1),6.99,27.7,66.0,0.0,277.0,61.0,7.0,280.0,2.37
S03520,Loam,51.6,34.5,13.8,2.59,1.5,1.585,0.402,0.186,0.091,0.094,26.6,0.663,0.136,0.571,571.0,normal(<1),6.86,30.8,39.0,47.0,273.0,76.0,25.0,331.0,2.79
S03521,Silty clay,2.3,54.6,43.1,2.47,1.44,1.515,0.428,0.254,0.134,0.12,25.7,0.6,0.171,0.214,214.0,normal(<1),6.35,27.8,31.0,31.0,462.0,66.0,22.0,588.0,2.29
S03522,Loamy sand,88.9,3.9,7.2,1.95,1.13,1.592,0.399,0.12,0.041,0.079,23.8,0.597,0.161,1.491,1491.0,germination-critical(1-2),6.62,34.4,85.0,91.0,71.0,37.0,26.0,68.0,1.71
S03523,Sandy clay loam,64.0,3.1,32.9,1.09,0.63,1.634,0.383,0.163,0.076,0.087,21.5,0.562,0.168,0.155,155.0,normal(<1),7.15,39.1,24.0,5.0,86.0,3.0,27.0,84.0,0.78
S03524,Sand,87.2,11.4,1.4,1.14,0.66,1.541,0.419,0.131,0.035,0.097,22.0,0.526,0.199,0.388,388.0,normal(<1),6.83,33.2,74.0,38.0,97.0,22.0,6.0,150.0,1.07
S03525,Loamy sand,86.6,1.5,11.9,0.78,0.45,1.632,0.384,0.122,0.052,0.07,25.2,0.655,0.132,0.719,719.0,normal(<1),6.39,31.2,49.0,75.0,23.0,31.0,18.0,57.0,0.94
S03526,Clay,16.9,27.5,55.6,3.19,1.85,1.465,0.447,0.271,0.15,0.122,21.0,0.469,0.237,0.302,302.0,normal(<1),6.42,35.4,58.0,60.0,317.0,80.0,31.0,408.0,3.06
S03527,Loamy sand,77.4,17.4,5.2,0.3,0.17,1.675,0.368,0.124,0.055,0.069,14.2,0.386,0.226,1.877,1877.0,germination-critical(1-2),6.59,35.2,91.0,69.0,158.0,16.0,13.0,214.0,0.33
S03528,Silty clay loam,18.8,47.4,33.7,5.12,2.97,1.437,0.458,0.24,0.108,0.132,21.1,0.462,0.246,1.087,1087.0,germination-critical(1-2),5.95,25.6,129.0,57.0,447.0,106.0,36.0,448.0,5.27
S03529,Clay,25.9,12.1,62.0,3.28,1.9,1.477,0.443,0.271,0.133,0.138,24.8,0.561,0.194,0.504,504.0,normal(<1),5.68,28.9,41.0,14.0,201.0,92.0,17.0,255.0,3.32
S03530,Silt loam,2.3,85.6,12.0,1.46,0.84,1.632,0.384,0.246,0.098,0.148,15.2,0.396,0.232,0.233,233.0,normal(<1),6.3,29.7,53.0,38.0,552.0,39.0,15.0,695.0,1.23
S03531,Silt loam,29.0,59.3,11.7,3.34,1.94,1.603,0.395,0.228,0.093,0.134,14.4,0.364,0.251,1.079,1079.0,germination-critical(1-2),6.57,25.4,76.0,55.0,459.0,64.0,8.0,557.0,3.27
S03532,Sandy loam,72.2,11.0,16.8,2.63,1.53,1.486,0.439,0.151,0.056,0.096,22.3,0.509,0.216,0.846,846.0,normal(<1),6.74,26.8,97.0,56.0,185.0,50.0,8.0,196.0,2.52
S03533,Loamy sand,71.7,15.4,12.9,1.43,0.83,1.584,0.402,0.158,0.068,0.09,15.0,0.374,0.252,0.592,592.0,normal(<1),6.52,26.8,41.0,15.0,174.0,51.0,36.0,206.0,1.66
S03534,Clay loam,42.5,17.9,39.6,3.83,2.22,1.493,0.436,0.236,0.097,0.139,32.4,0.743,0.112,0.279,279.0,normal(<1),6.76,28.1,30.0,30.0,229.0,80.0,38.0,265.0,3.91
S03535,Loam,33.1,44.1,22.8,1.65,0.96,1.529,0.423,0.204,0.093,0.111,31.4,0.741,0.11,0.297,297.0,normal(<1),6.16,32.8,36.0,22.0,390.0,47.0,17.0,476.0,1.57
S03536,Sandy clay,53.6,2.9,43.5,1.71,0.99,1.58,0.404,0.186,0.094,0.092,26.6,0.659,0.138,0.473,473.0,normal(<1),6.45,29.0,57.0,35.0,92.0,28.0,10.0,140.0,1.64
S03537,Silt loam,29.8,55.6,14.6,1.09,0.63,1.609,0.393,0.21,0.081,0.129,29.2,0.744,0.1,3.091,3091.0,detrimental(>3),7.24,26.2,162.0,117.0,403.0,11.0,7.0,426.0,1.21
S03538,Silty clay,14.5,40.2,45.4,2.04,1.18,1.568,0.408,0.251,0.121,0.13,31.3,0.766,0.095,1.182,1182.0,germination-critical(1-2),6.01,30.4,91.0,75.0,342.0,31.0,20.0,410.0,2.06
S03539,Sand,93.1,6.1,0.8,0.3,0.17,1.644,0.38,0.125,0.032,0.094,11.2,0.294,0.268,0.424,424.0,normal(<1),6.34,29.3,44.0,0.0,27.0,0.0,8.0,74.0,0.39
S03540,Sandy loam,72.1,20.7,7.1,1.02,0.59,1.628,0.386,0.132,0.062,0.07,19.4,0.503,0.192,0.5,500.0,normal(<1),5.97,24.8,5.0,17.0,186.0,18.0,15.0,179.0,1.06
S03541,Sandy clay,55.1,8.9,36.0,3.23,1.87,1.568,0.408,0.223,0.091,0.132,18.5,0.454,0.223,0.859,859.0,normal(<1),7.03,27.5,83.0,61.0,120.0,55.0,48.0,155.0,3.31
S03542,Loam,32.4,41.3,26.2,2.83,1.64,1.466,0.447,0.216,0.088,0.128,20.3,0.455,0.244,1.413,1413.0,germination-critical(1-2),6.64,30.2,73.0,53.0,359.0,79.0,32.0,474.0,3.16
S03543,Silt loam,24.3,71.3,4.4,2.36,1.37,1.538,0.419,0.182,0.079,0.103,15.3,0.366,0.266,2.883,2883.0,salt-sensitive-critical(2-3),6.7,18.7,192.0,91.0,529.0,28.0,21.0,593.0,2.21
S03544,Silty clay loam,10.4,54.7,34.9,2.48,1.44,1.419,0.465,0.242,0.124,0.118,35.1,0.755,0.114,1.815,1815.0,germination-critical(1-2),6.56,28.0,131.0,78.0,527.0,43.0,20.0,552.0,2.55
S03545,Silty clay,2.3,40.1,57.6,2.5,1.45,1.499,0.434,0.291,0.145,0.146,32.4,0.747,0.11,0.246,246.0,normal(<1),6.96,30.7,71.0,45.0,406.0,61.0,30.0,525.0,2.46
S03546,Sand,97.6,1.1,1.3,2.1,1.22,1.557,0.412,0.107,0.029,0.077,11.9,0.288,0.294,0.34,340.0,normal(<1),6.18,26.3,42.0,10.0,39.0,34.0,25.0,0.0,2.05
S03547,Loam,28.7,47.4,23.9,1.41,0.82,1.543,0.418,0.196,0.088,0.108,22.3,0.534,0.195,0.273,273.0,normal(<1),6.37,21.0,43.0,49.0,380.0,13.0,5.0,430.0,1.22
S03548,Loam,36.1,37.9,26.0,2.39,1.39,1.445,0.455,0.232,0.107,0.125,19.1,0.419,0.264,3.16,3160.0,detrimental(>3),7.1,23.1,181.0,122.0,493.0,73.0,22.0,440.0,2.69
S03549,Sandy clay loam,52.1,15.8,32.1,2.66,1.54,1.535,0.421,0.179,0.095,0.083,30.1,0.716,0.119,0.077,77.0,normal(<1),6.51,28.1,19.0,13.0,217.0,34.0,40.0,265.0,2.77
S03550,Loam,30.5,47.6,21.9,1.48,0.86,1.561,0.411,0.203,0.099,0.104,17.9,0.437,0.232,1.737,1737.0,germination-critical(1-2),6.97,28.3,107.0,54.0,415.0,23.0,4.0,498.0,1.49
S03551,Loamy sand,75.7,12.7,11.6,3.52,2.04,1.58,0.404,0.156,0.068,0.089,21.5,0.532,0.189,0.19,190.0,normal(<1),6.07,23.6,0.0,4.0,123.0,60.0,24.0,188.0,3.14
S03552,Sand,91.6,8.0,0.4,0.64,0.37,1.623,0.388,0.135,0.041,0.094,21.1,0.546,0.176,0.478,478.0,normal(<1),6.56,25.1,26.0,0.0,138.0,22.0,15.0,131.0,0.48
S03553,Silty clay,0.2,55.1,44.7,3.5,2.03,1.378,0.48,0.265,0.138,0.127,21.2,0.441,0.269,0.369,369.0,normal(<1),6.48,22.8,42.0,0.0,462.0,54.0,18.0,586.0,3.18
S03554,Loam,34.0,43.9,22.1,1.7,0.99,1.516,0.428,0.203,0.094,0.109,28.8,0.672,0.14,3.45,3450.0,detrimental(>3),6.89,26.5,176.0,135.0,398.0,44.0,17.0,446.0,1.94
S03555,Sandy clay loam,54.3,17.1,28.7,2.2,1.28,1.565,0.409,0.217,0.081,0.135,26.4,0.645,0.145,0.575,575.0,normal(<1),6.36,25.3,68.0,51.0,219.0,63.0,26.0,310.0,2.38
S03556,Silt loam,17.3,80.4,2.2,1.64,0.95,1.629,0.385,0.191,0.076,0.116,19.9,0.516,0.187,0.369,369.0,normal(<1),6.54,28.0,64.0,3.0,502.0,45.0,11.0,606.0,1.64
S03557,Clay loam,41.8,23.1,35.1,3.06,1.78,1.487,0.439,0.192,0.105,0.088,22.9,0.523,0.209,0.659,659.0,normal(<1),6.12,32.4,51.0,0.0,250.0,74.0,7.0,321.0,2.97
S03558,Sandy loam,56.9,27.6,15.5,1.87,1.09,1.524,0.425,0.158,0.068,0.09,18.0,0.424,0.245,0.312,312.0,normal(<1),6.64,25.2,40.0,0.0,245.0,0.0,11.0,326.0,2.04
S03559,Silt loam,19.5,65.1,15.4,4.52,2.62,1.606,0.394,0.234,0.112,0.122,28.3,0.719,0.111,0.147,147.0,normal(<1),6.59,22.6,51.0,36.0,486.0,86.0,31.0,620.0,4.6
S03560,Loam,45.5,42.1,12.4,1.39,0.81,1.541,0.419,0.219,0.092,0.127,15.5,0.37,0.264,0.276,276.0,normal(<1),6.61,23.7,64.0,3.0,329.0,29.0,8.0,423.0,1.71
S03561,Silty clay,5.7,41.8,52.5,3.0,1.74,1.424,0.463,0.275,0.149,0.126,31.7,0.684,0.146,0.465,465.0,normal(<1),6.42,24.2,50.0,21.0,465.0,58.0,19.0,551.0,2.87
S03562,Sandy clay loam,57.5,15.8,26.7,1.93,1.12,1.509,0.431,0.168,0.09,0.078,25.9,0.6,0.172,0.687,687.0,normal(<1),6.32,22.1,50.0,33.0,239.0,52.0,25.0,233.0,2.19
S03563,Sandy loam,62.8,22.9,14.3,1.35,0.78,1.645,0.379,0.17,0.083,0.086,14.3,0.377,0.236,0.591,591.0,normal(<1),6.0,26.1,60.0,56.0,192.0,26.0,21.0,276.0,1.75
S03564,Sandy clay loam,52.1,20.8,27.1,3.06,1.77,1.542,0.418,0.197,0.077,0.12,23.5,0.563,0.183,0.925,925.0,normal(<1),6.52,25.9,98.0,14.0,258.0,90.0,19.0,280.0,3.3
S03565,Sandy clay loam,52.9,18.3,28.7,2.98,1.73,1.537,0.42,0.174,0.085,0.088,28.4,0.677,0.136,0.34,340.0,normal(<1),6.71,21.5,68.0,59.0,209.0,77.0,18.0,221.0,3.06
S03566,Loam,40.0,49.2,10.9,1.49,0.86,1.542,0.418,0.186,0.083,0.103,23.2,0.555,0.186,0.077,77.0,normal(<1),6.75,18.7,58.0,19.0,317.0,35.0,3.0,393.0,1.52
S03567,Sand,85.5,6.9,7.6,2.35,1.37,1.602,0.396,0.097,0.043,0.054,15.8,0.399,0.238,0.557,557.0,normal(<1),6.91,24.3,52.0,65.0,135.0,40.0,18.0,119.0,2.69
S03568,Silty clay,4.6,49.3,46.1,3.01,1.74,1.467,0.447,0.25,0.141,0.109,23.3,0.522,0.214,0.888,888.0,normal(<1),7.28,24.7,32.0,21.0,409.0,65.0,21.0,517.0,2.89
S03569,Clay loam,26.8,44.5,28.7,2.07,1.2,1.499,0.434,0.225,0.109,0.116,27.4,0.63,0.161,0.226,226.0,normal(<1),6.03,30.2,31.0,0.0,340.0,53.0,6.0,418.0,2.38
S03570,Sandy clay loam,55.6,21.3,23.2,3.11,1.8,1.555,0.413,0.185,0.091,0.094,16.1,0.389,0.252,0.106,106.0,normal(<1),6.51,24.1,44.0,39.0,229.0,55.0,25.0,298.0,3.42
S03571,Silty clay,1.3,54.5,44.3,2.54,1.47,1.488,0.439,0.254,0.114,0.14,22.9,0.522,0.21,0.909,909.0,normal(<1),6.73,31.1,60.0,12.0,487.0,37.0,10.0,585.0,2.62
S03572,Silty clay,0.0,59.0,41.0,2.33,1.35,1.559,0.412,0.292,0.14,0.151,30.4,0.737,0.108,0.887,887.0,normal(<1),7.0,20.8,59.0,56.0,525.0,58.0,9.0,616.0,2.34
S03573,Loam,39.8,36.3,23.9,3.36,1.95,1.546,0.417,0.209,0.098,0.111,22.8,0.546,0.189,0.685,685.0,normal(<1),6.07,26.8,21.0,24.0,358.0,22.0,12.0,358.0,3.56
S03574,Sandy clay loam,58.6,6.8,34.5,2.87,1.67,1.454,0.451,0.202,0.097,0.106,26.4,0.585,0.187,0.76,760.0,normal(<1),6.82,24.4,38.0,23.0,141.0,59.0,16.0,195.0,3.02
S03575,Sandy clay loam,45.4,25.5,29.0,1.15,0.67,1.609,0.393,0.213,0.097,0.115,17.3,0.44,0.22,0.319,319.0,normal(<1),6.66,26.5,8.0,19.0,264.0,49.0,4.0,357.0,0.82
S03576,Sand,87.5,6.3,6.2,0.88,0.51,1.579,0.404,0.142,0.065,0.076,20.2,0.499,0.203,0.184,184.0,normal(<1),6.68,30.5,42.0,4.0,104.0,25.0,9.0,77.0,1.17
S03577,Sandy loam,64.9,26.0,9.1,0.94,0.55,1.653,0.376,0.142,0.042,0.1,14.8,0.392,0.229,0.46,460.0,normal(<1),6.08,26.9,34.0,0.0,254.0,51.0,4.0,269.0,0.63
S03578,Sandy clay,49.0,8.6,42.4,1.79,1.04,1.525,0.424,0.196,0.116,0.079,23.1,0.544,0.194,0.177,177.0,normal(<1),6.21,31.8,83.0,19.0,186.0,54.0,25.0,209.0,2.48
S03579,Sandy loam,46.6,39.5,13.9,1.66,0.96,1.573,0.406,0.187,0.056,0.131,28.1,0.692,0.125,0.466,466.0,normal(<1),6.81,25.1,1.0,6.0,327.0,41.0,18.0,341.0,1.45
S03580,Sandy loam,60.9,33.5,5.6,0.46,0.27,1.513,0.429,0.165,0.062,0.103,14.7,0.343,0.282,1.103,1103.0,germination-critical(1-2),6.56,28.5,43.0,70.0,240.0,0.0,0.0,327.0,0.34
S03581,Sand,90.6,3.3,6.1,0.44,0.26,1.571,0.407,0.128,0.047,0.081,14.9,0.365,0.259,0.427,427.0,normal(<1),6.67,28.9,34.0,25.0,0.0,37.0,14.0,0.0,0.74
S03582,Silt loam,18.2,76.8,5.0,1.61,0.93,1.586,0.401,0.22,0.1,0.121,27.7,0.69,0.125,0.721,721.0,normal(<1),6.15,27.6,18.0,49.0,513.0,34.0,23.0,647.0,1.03
S03583,Silty clay loam,11.6,60.7,27.6,2.7,1.57,1.538,0.419,0.231,0.115,0.115,26.2,0.624,0.158,0.546,546.0,normal(<1),6.53,27.5,61.0,0.0,499.0,63.0,25.0,629.0,2.64
S03584,Sand,91.5,7.9,0.5,2.81,1.63,1.499,0.434,0.125,0.025,0.101,21.3,0.49,0.222,0.28,280.0,normal(<1),6.46,26.1,2.0,8.0,129.0,57.0,30.0,120.0,2.48
S03585,Clay,13.5,25.5,61.0,3.99,2.32,1.373,0.482,0.257,0.162,0.094,26.3,0.546,0.219,0.31,310.0,normal(<1),6.22,28.0,83.0,28.0,295.0,92.0,19.0,360.0,4.01
S03586,Sandy clay,45.3,0.2,54.5,2.0,1.16,1.517,0.428,0.226,0.144,0.082,30.8,0.721,0.119,2.435,2435.0,salt-sensitive-critical(2-3),6.5,28.8,183.0,100.0,139.0,43.0,15.0,177.0,1.58
S03587,Clay loam,40.9,19.7,39.4,1.74,1.01,1.534,0.421,0.213,0.103,0.11,27.6,0.655,0.145,2.18,2180.0,salt-sensitive-critical(2-3),6.66,27.9,132.0,90.0,315.0,49.0,24.0,359.0,1.59
S03588,Sandy loam,51.2,31.4,17.4,0.73,0.42,1.533,0.422,0.186,0.089,0.097,17.2,0.409,0.249,0.238,238.0,normal(<1),6.38,29.7,0.0,23.0,313.0,13.0,13.0,340.0,0.66
S03589,Silty clay,13.2,40.3,46.5,2.06,1.2,1.536,0.42,0.251,0.145,0.107,21.5,0.511,0.205,0.615,615.0,normal(<1),6.13,31.9,10.0,0.0,414.0,40.0,5.0,459.0,1.68
S03590,Sandy loam,46.6,33.5,19.9,1.62,0.94,1.584,0.402,0.195,0.074,0.121,21.6,0.537,0.186,0.646,646.0,normal(<1),6.37,22.2,44.0,27.0,411.0,22.0,0.0,435.0,2.3
S03591,Loam,35.0,46.6,18.4,1.4,0.81,1.542,0.418,0.18,0.104,0.076,21.2,0.508,0.206,1.468,1468.0,germination-critical(1-2),5.97,31.5,143.0,53.0,446.0,56.0,0.0,495.0,1.49
S03592,Clay loam,32.4,29.1,38.5,2.13,1.24,1.506,0.432,0.235,0.105,0.13,24.9,0.576,0.183,1.893,1893.0,germination-critical(1-2),7.26,31.0,163.0,49.0,355.0,32.0,0.0,405.0,2.2
S03593,Loamy sand,87.8,9.6,2.6,0.46,0.27,1.678,0.367,0.134,0.033,0.101,25.1,0.683,0.116,0.709,709.0,normal(<1),6.19,22.4,62.0,52.0,61.0,7.0,9.0,96.0,0.55
S03594,Silty clay loam,5.0,66.0,29.0,1.63,0.94,1.586,0.401,0.24,0.104,0.136,22.3,0.557,0.178,2.435,2435.0,salt-sensitive-critical(2-3),7.12,30.1,118.0,90.0,555.0,45.0,27.0,647.0,1.67
S03595,Loam,37.7,47.3,14.9,1.44,0.83,1.542,0.418,0.199,0.083,0.116,15.2,0.363,0.267,0.61,610.0,normal(<1),6.53,30.2,103.0,28.0,345.0,68.0,20.0,426.0,1.22
S03596,Silty clay,10.3,43.8,45.8,3.92,2.27,1.499,0.434,0.286,0.151,0.134,23.0,0.529,0.204,0.374,374.0,normal(<1),6.82,22.4,56.0,47.0,498.0,98.0,43.0,562.0,4.07
S03597,Loam,34.9,46.0,19.2,1.49,0.86,1.589,0.4,0.196,0.114,0.083,24.4,0.61,0.156,0.606,606.0,normal(<1),6.93,26.5,64.0,26.0,468.0,34.0,18.0,532.0,1.45
S03598,Sand,94.5,3.7,1.7,0.43,0.25,1.64,0.381,0.107,0.037,0.07,22.1,0.58,0.16,0.165,165.0,normal(<1),6.4,26.5,0.0,0.0,75.0,34.0,6.0,36.0,0.56
S03599,Sandy clay loam,60.2,13.6,26.3,3.83,2.22,1.535,0.421,0.202,0.094,0.108,27.5,0.654,0.146,0.189,189.0,normal(<1),6.31,26.6,39.0,9.0,154.0,72.0,10.0,174.0,3.77
S03600,Sandy clay loam,53.8,16.5,29.7,2.18,1.26,1.571,0.407,0.21,0.094,0.116,24.3,0.596,0.165,0.162,162.0,normal(<1),6.0,24.1,14.0,24.0,186.0,20.0,19.0,234.0,2.02
S03601,Silty clay,0.8,47.1,52.1,2.86,1.66,1.453,0.452,0.27,0.142,0.127,23.3,0.516,0.219,0.514,514.0,normal(<1),6.93,22.1,92.0,38.0,459.0,82.0,19.0,575.0,3.07
S03602,Sandy loam,55.4,30.2,14.5,2.69,1.56,1.532,0.422,0.195,0.108,0.087,23.9,0.566,0.183,0.49,490.0,normal(<1),6.44,26.7,93.0,54.0,198.0,85.0,27.0,288.0,2.96
S03603,Clay loam,25.3,46.5,28.2,3.16,1.83,1.472,0.445,0.225,0.111,0.114,20.1,0.453,0.243,0.634,634.0,normal(<1),5.76,29.8,36.0,12.0,426.0,51.0,9.0,536.0,3.21
S03604,Sandy clay,51.2,9.4,39.5,3.3,1.91,1.504,0.432,0.201,0.102,0.099,27.7,0.64,0.156,0.267,267.0,normal(<1),6.34,27.1,0.0,31.0,121.0,47.0,28.0,277.0,3.67
S03605,Silty clay,2.5,47.6,49.9,5.75,3.34,1.428,0.461,0.303,0.143,0.16,25.1,0.544,0.21,0.131,131.0,normal(<1),6.1,23.4,37.0,22.0,411.0,84.0,31.0,558.0,5.9
S03606,Sandy clay loam,64.3,8.0,27.7,3.15,1.83,1.486,0.439,0.204,0.104,0.1,26.6,0.606,0.173,1.676,1676.0,germination-critical(1-2),7.03,26.1,151.0,82.0,73.0,58.0,22.0,104.0,2.85
S03607,Silt loam,5.8,71.6,22.6,2.01,1.17,1.433,0.459,0.237,0.114,0.122,28.3,0.616,0.176,0.381,381.0,normal(<1),6.75,25.1,46.0,20.0,588.0,44.0,13.0,736.0,2.12
S03608,Sandy clay loam,58.5,7.3,34.2,2.24,1.3,1.442,0.456,0.237,0.084,0.152,34.8,0.763,0.108,0.874,874.0,normal(<1),6.4,25.3,21.0,26.0,193.0,27.0,12.0,207.0,2.54
S03609,Clay loam,38.0,28.2,33.7,1.5,0.87,1.513,0.429,0.212,0.106,0.106,15.4,0.36,0.275,0.11,110.0,normal(<1),6.05,33.0,10.0,6.0,350.0,0.0,8.0,394.0,1.45
S03610,Sandy loam,60.1,26.1,13.9,0.31,0.18,1.599,0.397,0.163,0.056,0.107,18.3,0.462,0.213,0.801,801.0,normal(<1),5.73,18.4,87.0,0.0,304.0,32.0,5.0,331.0,0.11
S03611,Loamy sand,77.4,15.8,6.8,0.3,0.17,1.58,0.404,0.147,0.043,0.104,22.6,0.56,0.178,0.299,299.0,normal(<1),6.13,27.9,33.0,14.0,134.0,11.0,15.0,148.0,0.71
S03612,Silt loam,21.1,58.0,20.9,1.06,0.62,1.514,0.429,0.208,0.108,0.1,29.0,0.677,0.138,0.835,835.0,normal(<1),6.72,32.1,31.0,44.0,501.0,0.0,30.0,577.0,1.12
S03613,Silty clay,2.7,52.5,44.9,2.35,1.36,1.48,0.442,0.243,0.133,0.111,32.5,0.737,0.116,0.329,329.0,normal(<1),6.29,25.4,84.0,0.0,532.0,53.0,0.0,611.0,2.51
S03614,Sand,98.2,1.6,0.2,0.69,0.4,1.717,0.352,0.103,0.028,0.075,16.3,0.463,0.189,0.854,854.0,normal(<1),6.47,23.6,48.0,42.0,93.0,8.0,1.0,88.0,0.42
S03615,Silty clay,6.0,40.5,53.5,1.97,1.14,1.497,0.435,0.27,0.14,0.13,25.4,0.583,0.181,0.342,342.0,normal(<1),6.79,35.2,8.0,9.0,428.0,34.0,22.0,531.0,1.65
S03616,Clay loam,43.7,17.2,39.1,2.34,1.36,1.429,0.461,0.218,0.097,0.12,25.8,0.561,0.202,0.357,357.0,normal(<1),6.83,37.1,54.0,31.0,293.0,66.0,21.0,326.0,2.48
S03617,Sand,97.5,0.9,1.6,1.25,0.72,1.556,0.413,0.089,0.057,0.032,12.0,0.291,0.293,0.341,341.0,normal(<1),6.13,32.4,56.0,14.0,113.0,55.0,12.0,128.0,1.37
S03618,Loamy sand,85.5,1.1,13.4,0.81,0.47,1.543,0.418,0.135,0.051,0.084,18.6,0.444,0.232,0.454,454.0,normal(<1),6.4,23.7,31.0,27.0,82.0,0.0,12.0,61.0,0.54
S03619,Clay loam,32.2,33.8,34.0,4.44,2.57,1.529,0.423,0.214,0.11,0.104,31.5,0.744,0.108,1.883,1883.0,germination-critical(1-2),6.68,26.6,146.0,95.0,362.0,78.0,38.0,397.0,4.1
S03620,Clay,10.0,31.5,58.5,2.19,1.27,1.452,0.452,0.262,0.143,0.119,16.7,0.368,0.285,0.556,556.0,normal(<1),6.74,30.8,71.0,34.0,421.0,35.0,12.0,474.0,2.15
S03621,Silty clay loam,15.7,54.4,29.9,1.3,0.75,1.516,0.428,0.224,0.111,0.113,27.8,0.65,0.15,0.423,423.0,normal(<1),6.31,24.5,83.0,0.0,462.0,38.0,9.0,578.0,0.9
S03622,Silty clay loam,4.2,66.7,29.1,2.32,1.35,1.53,0.423,0.249,0.118,0.131,18.9,0.448,0.233,0.609,609.0,normal(<1),6.05,24.6,36.0,67.0,583.0,65.0,10.0,684.0,2.5
S03623,Sandy loam,71.3,21.9,6.9,0.59,0.34,1.645,0.379,0.151,0.044,0.107,22.4,0.59,0.156,0.386,386.0,normal(<1),6.48,28.1,41.0,14.0,214.0,8.0,9.0,268.0,1.03
S03624,Sandy loam,69.1,15.3,15.5,0.54,0.31,1.6,0.396,0.134,0.061,0.073,28.3,0.715,0.113,0.32,320.0,normal(<1),6.38,31.3,38.0,7.0,144.0,38.0,13.0,237.0,0.19
S03625,Loam,51.7,33.5,14.8,0.94,0.55,1.583,0.403,0.158,0.093,0.065,18.3,0.453,0.22,0.103,103.0,normal(<1),7.03,23.3,22.0,37.0,296.0,37.0,15.0,366.0,1.3
S03626,Clay loam,35.6,26.1,38.4,3.79,2.2,1.42,0.464,0.225,0.121,0.104,26.6,0.574,0.198,0.783,783.0,normal(<1),6.1,22.6,89.0,12.0,371.0,106.0,27.0,357.0,3.49
S03627,Clay,1.9,34.3,63.8,2.44,1.41,1.441,0.456,0.278,0.162,0.115,23.1,0.505,0.226,0.489,489.0,normal(<1),6.29,36.1,80.0,0.0,437.0,66.0,3.0,536.0,2.65
S03628,Sandy loam,60.8,20.6,18.6,1.9,1.1,1.593,0.399,0.175,0.071,0.104,17.7,0.443,0.222,0.27,270.0,normal(<1),6.59,27.7,31.0,12.0,147.0,41.0,7.0,214.0,1.95
S03629,Sandy loam,60.9,27.6,11.4,1.07,0.62,1.499,0.434,0.179,0.076,0.103,22.8,0.526,0.206,0.394,394.0,normal(<1),6.83,17.3,21.0,29.0,170.0,25.0,34.0,196.0,1.25
S03630,Sand,90.3,6.5,3.2,1.7,0.99,1.56,0.411,0.102,0.039,0.063,15.6,0.378,0.256,1.329,1329.0,germination-critical(1-2),6.77,22.9,92.0,0.0,59.0,45.0,8.0,86.0,1.57
S03631,Sandy clay loam,49.4,26.8,23.8,1.73,1.01,1.594,0.399,0.196,0.09,0.106,30.7,0.771,0.091,0.308,308.0,normal(<1),6.36,28.7,63.0,69.0,231.0,63.0,22.0,324.0,2.08
S03632,Sandy loam,72.8,19.4,7.7,2.65,1.53,1.591,0.4,0.159,0.065,0.094,25.2,0.631,0.148,0.45,450.0,normal(<1),6.16,27.1,69.0,8.0,95.0,77.0,43.0,139.0,2.7
S03633,Loamy sand,81.4,12.0,6.6,0.98,0.57,1.636,0.383,0.12,0.034,0.086,15.4,0.403,0.229,0.815,815.0,normal(<1),6.85,26.4,90.0,24.0,67.0,25.0,5.0,113.0,0.76
S03634,Silt loam,19.3,63.1,17.6,2.15,1.24,1.5,0.434,0.223,0.108,0.115,20.0,0.461,0.234,0.708,708.0,normal(<1),6.63,29.1,66.0,48.0,472.0,42.0,8.0,580.0,1.84
S03635,Clay loam,32.5,34.6,32.9,1.7,0.99,1.595,0.398,0.218,0.106,0.111,25.3,0.636,0.145,1.583,1583.0,germination-critical(1-2),7.22,24.9,80.0,36.0,341.0,17.0,10.0,338.0,1.17
S03636,Loamy sand,78.7,15.0,6.2,2.64,1.53,1.593,0.399,0.139,0.051,0.088,18.2,0.457,0.217,0.203,203.0,normal(<1),6.15,32.1,29.0,37.0,139.0,61.0,20.0,161.0,3.08
S03637,Clay loam,42.5,28.3,29.2,1.28,0.74,1.513,0.429,0.182,0.12,0.061,20.9,0.488,0.22,0.588,588.0,normal(<1),5.87,24.6,96.0,28.0,341.0,49.0,22.0,361.0,1.17
S03638,Sandy clay loam,48.7,25.8,25.5,0.85,0.49,1.522,0.426,0.154,0.075,0.079,31.7,0.745,0.108,1.391,1391.0,germination-critical(1-2),6.61,28.7,45.0,43.0,208.0,25.0,9.0,314.0,0.8
S03639,Sand,85.7,11.3,3.0,0.9,0.52,1.573,0.407,0.102,0.029,0.073,13.4,0.328,0.273,0.149,149.0,normal(<1),6.02,29.9,30.0,5.0,169.0,20.0,7.0,156.0,0.77
S03640,Sandy loam,66.3,22.1,11.7,0.59,0.34,1.604,0.395,0.156,0.063,0.093,21.4,0.543,0.181,0.171,171.0,normal(<1),6.45,30.4,41.0,0.0,294.0,20.0,2.0,292.0,0.48
S03641,Sandy loam,66.3,28.2,5.5,3.58,2.08,1.608,0.393,0.161,0.075,0.085,20.0,0.508,0.193,0.28,280.0,normal(<1),6.45,26.0,76.0,0.0,261.0,88.0,32.0,294.0,3.26
S03642,Clay loam,43.2,20.1,36.7,2.94,1.7,1.466,0.447,0.233,0.114,0.119,33.1,0.742,0.115,0.241,241.0,normal(<1),6.59,32.8,101.0,9.0,204.0,46.0,5.0,305.0,3.07
S03643,Sandy loam,47.9,45.6,6.6,0.68,0.4,1.564,0.41,0.151,0.085,0.065,28.9,0.706,0.121,0.434,434.0,normal(<1),6.26,29.9,17.0,29.0,406.0,4.0,0.0,508.0,0.74
S03644,Sandy clay,52.2,8.3,39.5,2.91,1.69,1.515,0.428,0.202,0.096,0.105,22.4,0.522,0.205,0.513,513.0,normal(<1),5.92,25.1,40.0,46.0,153.0,66.0,29.0,175.0,3.0
S03645,Clay loam,21.9,45.4,32.8,3.25,1.89,1.392,0.475,0.233,0.123,0.11,29.6,0.623,0.179,0.812,812.0,normal(<1),6.32,22.4,129.0,57.0,403.0,76.0,27.0,460.0,3.1
S03646,Loam,46.5,33.1,20.4,3.29,1.91,1.467,0.446,0.203,0.079,0.124,22.7,0.51,0.219,0.402,402.0,normal(<1),6.69,27.5,33.0,47.0,290.0,73.0,11.0,376.0,3.45
S03647,Silt loam,6.5,77.5,16.0,0.99,0.58,1.531,0.422,0.23,0.106,0.124,31.1,0.736,0.111,1.548,1548.0,germination-critical(1-2),6.43,33.2,73.0,49.0,612.0,27.0,4.0,744.0,0.78
S03648,Loam,38.0,46.7,15.3,1.31,0.76,1.495,0.436,0.202,0.078,0.124,25.3,0.58,0.183,0.235,235.0,normal(<1),6.15,26.0,22.0,13.0,406.0,14.0,1.0,474.0,0.83
S03649,Loamy sand,79.8,7.1,13.1,1.69,0.98,1.604,0.395,0.156,0.044,0.112,25.8,0.654,0.136,0.702,702.0,normal(<1),6.58,33.6,30.0,45.0,143.0,37.0,13.0,139.0,1.76
S03650,Loam,45.8,39.8,14.4,2.71,1.57,1.576,0.405,0.149,0.099,0.05,20.3,0.501,0.202,0.195,195.0,normal(<1),6.75,30.8,70.0,46.0,325.0,62.0,9.0,410.0,2.56
S03651,Clay,10.1,25.7,64.2,2.92,1.69,1.426,0.462,0.277,0.191,0.086,29.2,0.633,0.17,0.536,536.0,normal(<1),6.42,23.1,44.0,18.0,302.0,62.0,11.0,374.0,2.88
S03652,Loamy sand,80.2,4.9,14.9,2.4,1.39,1.532,0.422,0.146,0.062,0.084,23.4,0.554,0.188,0.807,807.0,normal(<1),6.05,25.7,87.0,12.0,125.0,59.0,7.0,88.0,2.38
S03653,Silt loam,8.2,85.8,6.0,2.08,1.21,1.605,0.394,0.212,0.101,0.111,23.6,0.597,0.159,0.819,819.0,normal(<1),6.68,30.0,66.0,0.0,587.0,50.0,37.0,698.0,1.84
S03654,Sandy clay,45.8,8.0,46.1,2.35,1.36,1.447,0.454,0.229,0.113,0.115,22.2,0.489,0.232,0.263,263.0,normal(<1),6.42,29.9,0.0,29.0,177.0,41.0,20.0,240.0,2.05
S03655,Loam,28.7,44.8,26.5,3.0,1.74,1.542,0.418,0.234,0.119,0.116,17.1,0.409,0.247,0.363,363.0,normal(<1),6.1,33.3,74.0,20.0,418.0,61.0,21.0,510.0,3.06
S03656,Sandy loam,73.5,6.9,19.6,1.53,0.89,1.553,0.414,0.151,0.064,0.087,17.9,0.431,0.235,0.151,151.0,normal(<1),5.98,24.4,2.0,43.0,118.0,25.0,8.0,149.0,1.73
S03657,Loamy sand,80.9,18.9,0.2,2.32,1.35,1.672,0.369,0.135,0.048,0.087,23.4,0.633,0.135,2.223,2223.0,salt-sensitive-critical(2-3),6.41,32.9,125.0,114.0,186.0,48.0,18.0,171.0,2.67
S03658,Sandy clay loam,49.2,23.1,27.7,1.51,0.88,1.588,0.401,0.188,0.098,0.09,22.1,0.551,0.18,1.039,1039.0,germination-critical(1-2),6.37,35.1,70.0,51.0,276.0,29.0,26.0,283.0,1.46
S03659,Silt loam,29.4,51.7,18.9,1.79,1.04,1.611,0.392,0.218,0.089,0.129,28.6,0.729,0.106,0.358,358.0,normal(<1),6.46,21.2,29.0,31.0,350.0,20.0,22.0,483.0,1.6
S03660,Clay loam,26.0,35.5,38.6,2.17,1.26,1.407,0.469,0.227,0.118,0.108,19.3,0.411,0.277,0.678,678.0,normal(<1),6.08,31.3,48.0,22.0,378.0,87.0,24.0,425.0,2.33
S03661,Clay loam,41.5,21.7,36.9,2.32,1.34,1.55,0.415,0.209,0.113,0.096,23.9,0.576,0.176,0.746,746.0,normal(<1),6.08,30.6,58.0,43.0,244.0,59.0,12.0,325.0,2.65
S03662,Clay,41.4,15.3,43.3,2.95,1.71,1.447,0.454,0.24,0.112,0.128,30.2,0.666,0.152,0.676,676.0,normal(<1),5.95,23.5,113.0,49.0,222.0,51.0,19.0,286.0,2.95
S03663,Sand,96.0,2.3,1.7,0.42,0.24,1.656,0.375,0.117,0.056,0.061,21.6,0.576,0.159,2.612,2612.0,salt-sensitive-critical(2-3),7.59,23.8,175.0,91.0,0.0,16.0,8.0,1.0,0.5
S03664,Clay loam,32.5,36.0,31.5,2.24,1.3,1.506,0.432,0.218,0.121,0.097,32.4,0.75,0.108,0.699,699.0,normal(<1),6.7,16.9,78.0,39.0,336.0,64.0,19.0,413.0,2.12
S03665,Sandy clay loam,45.6,24.3,30.1,2.01,1.17,1.501,0.434,0.217,0.081,0.136,27.8,0.641,0.156,0.408,408.0,normal(<1),5.81,29.6,47.0,40.0,200.0,29.0,8.0,284.0,2.31
S03666,Loam,38.7,40.5,20.8,0.97,0.56,1.524,0.425,0.172,0.095,0.077,26.5,0.623,0.16,0.608,608.0,normal(<1),6.82,31.8,50.0,16.0,355.0,28.0,12.0,414.0,1.01
S03667,Loam,42.9,49.6,7.4,3.18,1.84,1.515,0.428,0.184,0.098,0.086,22.2,0.519,0.206,1.99,1990.0,germination-critical(1-2),6.6,20.0,150.0,68.0,501.0,66.0,22.0,515.0,3.15
S03668,Sandy loam,73.4,16.4,10.1,0.83,0.48,1.646,0.379,0.168,0.045,0.123,18.8,0.496,0.191,0.45,450.0,normal(<1),6.85,27.1,66.0,53.0,211.0,31.0,25.0,199.0,1.35
S03669,Clay loam,44.0,23.9,32.1,2.08,1.21,1.536,0.42,0.189,0.091,0.098,20.1,0.478,0.219,0.49,490.0,normal(<1),7.51,28.9,1.0,22.0,274.0,27.0,5.0,345.0,2.56
S03670,Loamy sand,78.8,7.7,13.5,1.22,0.71,1.565,0.41,0.129,0.043,0.086,22.3,0.545,0.186,0.155,155.0,normal(<1),6.66,18.3,20.0,0.0,162.0,18.0,10.0,116.0,1.63
S03671,Loam,45.2,45.0,9.8,1.63,0.94,1.661,0.373,0.18,0.059,0.121,13.3,0.358,0.24,0.261,261.0,normal(<1),6.68,23.7,31.0,28.0,313.0,35.0,22.0,357.0,1.52
S03672,Sandy loam,64.2,27.5,8.3,1.77,1.02,1.557,0.412,0.174,0.058,0.117,22.5,0.546,0.187,0.666,666.0,normal(<1),5.93,27.4,26.0,14.0,193.0,47.0,11.0,209.0,2.05
S03673,Sandy clay,48.2,6.4,45.4,2.22,1.29,1.431,0.46,0.223,0.116,0.107,33.5,0.728,0.125,0.256,256.0,normal(<1),7.04,29.4,67.0,19.0,162.0,29.0,11.0,192.0,2.2
S03674,Loamy sand,75.7,17.6,6.7,1.73,1.01,1.599,0.397,0.17,0.049,0.121,22.5,0.568,0.171,0.18,180.0,normal(<1),6.8,27.7,20.0,0.0,176.0,47.0,16.0,186.0,1.45
S03675,Loamy sand,79.8,10.3,9.9,1.92,1.11,1.554,0.414,0.161,0.048,0.114,17.0,0.411,0.244,0.245,245.0,normal(<1),6.36,23.4,13.0,51.0,69.0,32.0,0.0,131.0,1.73
S03676,Sandy loam,66.6,16.9,16.5,2.25,1.3,1.6,0.396,0.183,0.07,0.113,18.9,0.478,0.207,0.288,288.0,normal(<1),7.04,25.4,27.0,11.0,203.0,46.0,5.0,253.0,2.82
S03677,Sandy loam,46.6,36.3,17.1,1.35,0.78,1.576,0.405,0.198,0.1,0.098,25.4,0.628,0.151,0.25,250.0,normal(<1),6.46,21.0,59.0,6.0,304.0,4.0,12.0,362.0,1.24
S03678,Loam,41.3,43.8,14.8,1.1,0.64,1.632,0.384,0.193,0.092,0.101,23.3,0.607,0.151,0.391,391.0,normal(<1),5.51,39.0,0.0,35.0,308.0,6.0,32.0,379.0,1.65
S03679,Silty clay loam,13.3,53.4,33.3,1.78,1.03,1.494,0.436,0.267,0.122,0.145,15.3,0.351,0.283,0.627,627.0,normal(<1),6.47,28.6,60.0,25.0,464.0,18.0,25.0,565.0,1.42
S03680,Loam,44.9,28.2,26.8,1.31,0.76,1.608,0.393,0.209,0.087,0.122,28.2,0.717,0.111,0.14,140.0,normal(<1),6.58,27.3,0.0,15.0,302.0,41.0,10.0,397.0,1.25
S03681,Loamy sand,73.9,22.6,3.5,1.84,1.07,1.655,0.376,0.122,0.048,0.075,16.4,0.436,0.212,0.234,234.0,normal(<1),6.64,22.6,60.0,8.0,291.0,50.0,16.0,215.0,1.77
S03682,Sandy clay loam,62.3,10.2,27.5,0.78,0.45,1.515,0.428,0.19,0.088,0.103,28.9,0.674,0.14,1.85,1850.0,germination-critical(1-2),5.95,22.6,99.0,77.0,251.0,0.0,17.0,269.0,0.73
S03683,Clay loam,43.1,24.2,32.7,2.1,1.22,1.551,0.415,0.207,0.099,0.108,29.5,0.711,0.12,0.713,713.0,normal(<1),5.96,32.8,25.0,22.0,284.0,42.0,16.0,320.0,2.07
S03684,Silty clay,14.7,45.1,40.2,2.37,1.38,1.513,0.429,0.255,0.115,0.14,31.0,0.722,0.119,2.503,2503.0,salt-sensitive-critical(2-3),6.53,27.7,161.0,95.0,510.0,50.0,0.0,529.0,2.52
S03685,Loamy sand,83.9,6.6,9.5,0.3,0.17,1.631,0.385,0.129,0.049,0.08,19.3,0.502,0.192,0.331,331.0,normal(<1),6.28,25.6,10.0,9.0,81.0,6.0,0.0,116.0,0.31
S03686,Silty clay,16.7,40.9,42.3,1.89,1.1,1.316,0.503,0.265,0.117,0.148,31.6,0.629,0.187,1.046,1046.0,germination-critical(1-2),6.63,22.3,108.0,63.0,367.0,64.0,15.0,477.0,2.12
S03687,Silt loam,15.6,62.6,21.8,2.87,1.66,1.549,0.416,0.237,0.109,0.128,22.0,0.529,0.196,0.541,541.0,normal(<1),6.6,30.2,106.0,19.0,543.0,92.0,25.0,631.0,2.39
S03688,Sandy loam,61.3,18.9,19.8,2.53,1.47,1.529,0.423,0.179,0.087,0.092,30.3,0.716,0.12,1.029,1029.0,germination-critical(1-2),6.64,33.9,56.0,20.0,248.0,46.0,14.0,281.0,2.72
S03689,Silt loam,21.0,69.5,9.5,0.84,0.49,1.615,0.391,0.205,0.089,0.115,25.6,0.654,0.135,0.839,839.0,normal(<1),6.57,30.9,44.0,36.0,554.0,17.0,19.0,656.0,0.69
S03690,Sandy loam,54.3,38.7,7.0,2.2,1.27,1.543,0.418,0.148,0.066,0.082,26.9,0.643,0.149,0.146,146.0,normal(<1),6.45,33.4,42.0,37.0,181.0,50.0,30.0,256.0,1.98
S03691,Silty clay loam,6.2,55.9,37.9,1.83,1.06,1.486,0.439,0.265,0.122,0.143,17.9,0.407,0.261,0.531,531.0,normal(<1),6.56,27.2,59.0,20.0,459.0,43.0,10.0,601.0,1.46
S03692,Sand,89.2,0.8,10.0,3.2,1.86,1.541,0.418,0.116,0.051,0.064,18.2,0.434,0.237,0.59,590.0,normal(<1),6.24,27.8,72.0,36.0,54.0,54.0,20.0,79.0,3.75
S03693,Sandy clay,59.7,5.1,35.2,3.37,1.96,1.472,0.445,0.181,0.114,0.066,18.0,0.404,0.265,0.911,911.0,normal(<1),6.81,21.7,113.0,3.0,146.0,76.0,14.0,179.0,3.14
S03694,Clay loam,33.9,35.4,30.7,1.9,1.1,1.464,0.448,0.24,0.091,0.149,17.8,0.397,0.27,1.49,1490.0,germination-critical(1-2),6.65,23.5,91.0,74.0,357.0,60.0,13.0,424.0,1.96
S03695,Sandy clay,54.5,3.5,42.0,1.75,1.02,1.455,0.451,0.22,0.1,0.12,30.3,0.671,0.148,1.185,1185.0,germination-critical(1-2),6.31,27.9,26.0,80.0,283.0,21.0,11.0,244.0,1.45
S03696,Clay loam,38.8,29.6,31.6,3.27,1.9,1.478,0.442,0.256,0.106,0.151,25.2,0.57,0.19,1.213,1213.0,germination-critical(1-2),6.52,28.5,134.0,50.0,365.0,47.0,21.0,462.0,3.59
S03697,Sandy clay loam,60.7,17.1,22.2,2.89,1.67,1.491,0.438,0.164,0.085,0.079,20.1,0.46,0.236,0.261,261.0,normal(<1),6.5,23.4,0.0,0.0,211.0,58.0,15.0,170.0,2.58
S03698,Sandy clay,50.2,5.8,44.0,1.03,0.6,1.495,0.436,0.216,0.084,0.132,19.5,0.447,0.241,0.412,412.0,normal(<1),6.32,25.1,17.0,12.0,154.0,26.0,22.0,232.0,1.27
S03699,Silt loam,17.9,58.5,23.7,2.4,1.39,1.535,0.421,0.235,0.099,0.135,30.7,0.729,0.114,0.993,993.0,normal(<1),7.11,19.4,63.0,9.0,485.0,43.0,20.0,633.0,2.32
S03700,Sandy loam,48.7,38.4,12.9,1.57,0.91,1.534,0.421,0.204,0.069,0.135,19.1,0.454,0.23,0.238,238.0,normal(<1),6.22,28.4,24.0,59.0,331.0,32.0,34.0,357.0,1.73
S03701,Sand,93.3,3.2,3.5,0.3,0.17,1.639,0.382,0.096,0.045,0.051,16.1,0.421,0.221,0.207,207.0,normal(<1),6.53,24.3,50.0,0.0,57.0,18.0,4.0,43.0,0.0
S03702,Silt loam,13.2,86.3,0.5,1.94,1.12,1.525,0.425,0.223,0.09,0.133,23.9,0.562,0.186,0.263,263.0,normal(<1),6.74,15.8,35.0,42.0,582.0,45.0,17.0,725.0,1.85
S03703,Sandy clay loam,57.4,13.9,28.8,3.96,2.3,1.477,0.442,0.182,0.075,0.108,26.9,0.609,0.173,0.929,929.0,normal(<1),6.08,32.3,119.0,62.0,197.0,84.0,39.0,231.0,4.01
S03704,Silty clay loam,16.0,52.9,31.1,1.75,1.02,1.485,0.439,0.243,0.11,0.133,24.5,0.556,0.195,1.173,1173.0,germination-critical(1-2),6.22,25.2,104.0,48.0,473.0,47.0,0.0,601.0,1.5
S03705,Clay loam,21.0,44.0,34.9,1.18,0.68,1.529,0.423,0.242,0.122,0.12,30.0,0.71,0.123,0.228,228.0,normal(<1),6.81,31.7,50.0,23.0,454.0,7.0,20.0,458.0,1.14
S03706,Sandy loam,56.5,24.4,19.1,1.88,1.09,1.435,0.459,0.183,0.1,0.084,27.0,0.589,0.188,0.19,190.0,normal(<1),6.54,29.6,14.0,18.0,190.0,29.0,2.0,270.0,1.94
S03707,Sandy clay loam,53.8,22.1,24.0,1.31,0.76,1.521,0.426,0.211,0.083,0.128,27.7,0.649,0.15,0.452,452.0,normal(<1),7.21,33.7,46.0,36.0,225.0,33.0,8.0,218.0,1.14
S03708,Clay,17.4,30.9,51.7,2.48,1.44,1.461,0.449,0.258,0.121,0.137,28.8,0.642,0.161,0.467,467.0,normal(<1),6.44,24.2,52.0,22.0,307.0,47.0,27.0,406.0,2.4
S03709,Silty clay loam,10.3,62.5,27.2,1.1,0.64,1.462,0.448,0.221,0.113,0.107,32.8,0.731,0.121,1.805,1805.0,germination-critical(1-2),6.5,22.1,97.0,118.0,468.0,14.0,12.0,592.0,1.25
S03710,Loamy sand,89.4,7.2,3.3,0.82,0.48,1.723,0.35,0.11,0.043,0.067,21.5,0.614,0.135,0.265,265.0,normal(<1),6.58,30.0,30.0,0.0,34.0,34.0,12.0,53.0,0.95
S03711,Silt loam,24.1,69.6,6.3,0.65,0.38,1.601,0.396,0.2,0.099,0.101,16.9,0.428,0.226,0.784,784.0,normal(<1),6.58,35.1,31.0,28.0,517.0,32.0,19.0,643.0,0.91
S03712,Loam,37.0,36.4,26.5,1.91,1.11,1.54,0.419,0.188,0.09,0.097,20.2,0.482,0.217,0.789,789.0,normal(<1),6.25,25.6,90.0,41.0,355.0,44.0,25.0,397.0,2.26
S03713,Sandy loam,75.6,9.1,15.3,1.51,0.88,1.528,0.423,0.147,0.067,0.08,21.5,0.509,0.208,1.179,1179.0,germination-critical(1-2),6.39,36.0,158.0,65.0,119.0,57.0,15.0,204.0,1.11
S03714,Sandy loam,48.8,45.5,5.7,1.42,0.83,1.534,0.421,0.177,0.064,0.114,23.0,0.546,0.191,0.632,632.0,normal(<1),5.95,30.5,64.0,35.0,355.0,31.0,0.0,398.0,1.42
S03715,Sand,91.6,6.5,1.9,1.06,0.62,1.667,0.371,0.116,0.059,0.057,13.8,0.372,0.233,1.524,1524.0,germination-critical(1-2),6.98,33.5,125.0,43.0,101.0,35.0,15.0,94.0,0.8
S03716,Sandy loam,49.0,38.6,12.4,0.55,0.32,1.529,0.423,0.192,0.077,0.115,30.5,0.722,0.118,2.164,2164.0,salt-sensitive-critical(2-3),6.44,22.4,129.0,13.0,297.0,20.0,6.0,367.0,0.58
S03717,Sandy clay,56.9,8.0,35.0,0.96,0.56,1.438,0.458,0.201,0.104,0.097,21.6,0.471,0.242,0.515,515.0,normal(<1),6.8,22.9,0.0,47.0,225.0,26.0,20.0,221.0,1.06
S03718,Silty clay,4.7,45.1,50.2,1.62,0.94,1.481,0.441,0.246,0.145,0.101,22.5,0.511,0.216,0.301,301.0,normal(<1),7.2,32.1,53.0,42.0,408.0,46.0,33.0,508.0,1.26
S03719,Loamy sand,80.2,14.8,5.0,0.76,0.44,1.671,0.369,0.138,0.038,0.099,10.4,0.281,0.266,0.522,522.0,normal(<1),6.52,29.3,25.0,40.0,181.0,40.0,19.0,198.0,0.44
S03720,Silty clay loam,1.7,60.2,38.0,2.31,1.34,1.515,0.428,0.246,0.122,0.124,27.4,0.64,0.154,1.548,1548.0,germination-critical(1-2),6.72,27.4,74.0,39.0,525.0,11.0,14.0,583.0,2.7
S03721,Sandy clay,51.3,4.7,43.9,1.9,1.1,1.429,0.461,0.21,0.096,0.114,31.7,0.688,0.144,0.587,587.0,normal(<1),5.93,29.8,52.0,36.0,127.0,51.0,26.0,136.0,1.92
S03722,Sandy clay,54.3,9.0,36.7,3.23,1.88,1.565,0.409,0.193,0.114,0.079,21.2,0.518,0.197,0.336,336.0,normal(<1),6.51,31.7,42.0,38.0,154.0,77.0,19.0,161.0,3.19
S03723,Silty clay loam,2.4,62.2,35.4,2.07,1.2,1.553,0.414,0.26,0.143,0.117,30.1,0.726,0.113,2.077,2077.0,salt-sensitive-critical(2-3),7.19,29.2,124.0,67.0,580.0,35.0,0.0,650.0,1.79
S03724,Loam,38.1,42.5,19.4,3.37,1.96,1.597,0.397,0.185,0.073,0.111,16.1,0.407,0.236,0.125,125.0,normal(<1),6.04,28.7,21.0,49.0,309.0,48.0,58.0,328.0,3.12
S03725,Loamy sand,73.8,13.3,12.9,1.24,0.72,1.635,0.383,0.152,0.047,0.104,28.5,0.744,0.098,0.566,566.0,normal(<1),6.86,33.8,52.0,10.0,142.0,19.0,5.0,112.0,1.5
S03726,Silty clay loam,3.6,58.3,38.2,3.83,2.22,1.451,0.452,0.267,0.126,0.142,24.5,0.542,0.207,0.126,126.0,normal(<1),6.65,25.0,46.0,28.0,474.0,72.0,23.0,663.0,3.54
S03727,Sand,98.9,0.5,0.6,2.85,1.65,1.626,0.386,0.086,0.051,0.035,18.9,0.49,0.197,0.643,643.0,normal(<1),6.22,26.5,126.0,14.0,43.0,76.0,27.0,35.0,3.16
S03728,Loamy sand,71.5,14.2,14.3,2.59,1.5,1.554,0.414,0.107,0.061,0.045,19.9,0.481,0.214,2.19,2190.0,salt-sensitive-critical(2-3),7.03,31.2,167.0,72.0,251.0,61.0,13.0,167.0,2.15
S03729,Sandy clay,48.7,12.5,38.8,1.17,0.68,1.442,0.456,0.209,0.103,0.107,25.1,0.55,0.205,1.965,1965.0,germination-critical(1-2),6.46,27.7,126.0,82.0,282.0,41.0,10.0,274.0,1.15
S03730,Sandy clay loam,50.8,23.6,25.6,0.68,0.39,1.535,0.421,0.189,0.082,0.108,26.1,0.619,0.16,0.5,500.0,normal(<1),6.46,27.0,45.0,24.0,225.0,31.0,17.0,268.0,1.05
S03731,Loam,47.1,29.2,23.7,2.75,1.59,1.447,0.454,0.206,0.093,0.113,15.9,0.35,0.295,1.397,1397.0,germination-critical(1-2),5.65,22.4,101.0,53.0,303.0,76.0,20.0,377.0,2.99
S03732,Loam,45.8,32.3,21.9,2.36,1.37,1.51,0.43,0.213,0.085,0.128,24.3,0.565,0.187,0.302,302.0,normal(<1),6.53,30.0,0.0,18.0,274.0,19.0,16.0,330.0,2.5
S03733,Sand,94.6,2.4,3.0,1.85,1.07,1.678,0.367,0.148,0.045,0.103,27.0,0.736,0.097,5.284,5284.0,detrimental(>3),6.65,27.0,283.0,182.0,132.0,50.0,32.0,25.0,1.91
S03734,Silt loam,1.3,84.5,14.3,2.92,1.69,1.573,0.407,0.266,0.095,0.171,23.2,0.57,0.175,0.21,210.0,normal(<1),6.22,30.2,74.0,3.0,616.0,63.0,22.0,739.0,3.53
S03735,Silty clay loam,13.9,50.0,36.1,4.65,2.7,1.411,0.467,0.27,0.124,0.146,27.2,0.583,0.195,1.09,1090.0,germination-critical(1-2),6.31,26.0,123.0,29.0,495.0,78.0,38.0,544.0,4.78
S03736,Clay loam,29.0,35.5,35.5,2.24,1.3,1.466,0.447,0.205,0.088,0.117,27.2,0.608,0.175,0.965,965.0,normal(<1),6.49,25.9,59.0,34.0,380.0,43.0,21.0,439.0,2.32
S03737,Sandy clay loam,51.5,15.2,33.4,0.98,0.57,1.507,0.431,0.213,0.105,0.109,25.7,0.596,0.174,0.204,204.0,normal(<1),5.97,33.6,55.0,0.0,246.0,21.0,43.0,308.0,0.45
S03738,Sand,96.4,2.5,1.1,0.3,0.17,1.679,0.366,0.114,0.042,0.071,21.5,0.586,0.152,0.38,380.0,normal(<1),6.66,21.6,35.0,18.0,0.0,27.0,4.0,48.0,0.28
S03739,Loam,34.2,47.8,17.9,1.43,0.83,1.612,0.392,0.232,0.076,0.156,26.0,0.664,0.131,1.511,1511.0,germination-critical(1-2),7.02,26.8,89.0,50.0,407.0,59.0,2.0,487.0,1.17
S03740,Silty clay,2.0,55.7,42.3,3.65,2.12,1.484,0.44,0.267,0.138,0.129,28.2,0.642,0.158,1.107,1107.0,germination-critical(1-2),6.27,29.2,113.0,55.0,474.0,69.0,12.0,592.0,3.89
S03741,Loamy sand,86.3,0.4,13.3,2.26,1.31,1.637,0.382,0.147,0.052,0.095,24.5,0.64,0.138,1.288,1288.0,germination-critical(1-2),5.85,25.9,106.0,56.0,93.0,42.0,24.0,73.0,2.27
S03742,Clay loam,24.6,36.3,39.1,2.34,1.36,1.521,0.426,0.218,0.109,0.109,11.9,0.279,0.307,0.199,199.0,normal(<1),6.38,32.4,0.0,41.0,344.0,54.0,39.0,407.0,2.36
S03743,Clay loam,37.6,33.6,28.8,2.92,1.69,1.494,0.436,0.225,0.087,0.137,23.6,0.541,0.2,0.771,771.0,normal(<1),7.09,26.0,93.0,14.0,289.0,92.0,32.0,372.0,3.09
S03744,Silt loam,19.5,77.6,2.9,3.27,1.9,1.55,0.415,0.203,0.09,0.113,24.0,0.578,0.175,1.127,1127.0,germination-critical(1-2),6.41,33.7,121.0,47.0,556.0,80.0,31.0,657.0,3.59
S03745,Loam,36.5,46.5,17.1,2.85,1.65,1.592,0.399,0.197,0.098,0.099,20.9,0.523,0.19,4.44,4440.0,detrimental(>3),6.75,28.2,282.0,139.0,420.0,87.0,46.0,447.0,2.45
S03746,Silt loam,29.4,57.3,13.3,2.02,1.17,1.423,0.463,0.202,0.073,0.129,25.0,0.54,0.213,0.959,959.0,normal(<1),5.91,21.8,114.0,35.0,488.0,67.0,17.0,579.0,1.87
S03747,Sandy loam,45.8,35.0,19.2,1.47,0.85,1.553,0.414,0.189,0.082,0.107,17.0,0.411,0.244,0.293,293.0,normal(<1),6.56,17.5,44.0,14.0,226.0,27.0,23.0,304.0,1.62
S03748,Silty clay loam,8.0,60.8,31.2,2.33,1.35,1.515,0.428,0.232,0.105,0.127,22.5,0.526,0.203,0.296,296.0,normal(<1),6.81,28.1,77.0,11.0,437.0,69.0,9.0,536.0,2.02
S03749,Clay loam,42.4,22.4,35.2,2.27,1.32,1.59,0.4,0.194,0.113,0.082,26.2,0.656,0.138,1.635,1635.0,germination-critical(1-2),6.86,27.4,107.0,98.0,291.0,76.0,23.0,273.0,2.59
S03750,Sandy clay loam,47.4,23.3,29.3,0.99,0.58,1.518,0.427,0.188,0.075,0.113,17.5,0.41,0.252,0.792,792.0,normal(<1),6.09,33.8,76.0,55.0,264.0,28.0,16.0,317.0,1.26
S03751,Silty clay loam,13.5,57.9,28.6,1.64,0.95,1.52,0.426,0.237,0.11,0.127,29.3,0.686,0.134,0.227,227.0,normal(<1),6.19,34.4,57.0,2.0,540.0,42.0,5.0,613.0,1.9
S03752,Sandy clay,50.1,13.0,36.9,2.26,1.31,1.474,0.444,0.238,0.097,0.14,25.6,0.577,0.188,0.484,484.0,normal(<1),5.86,23.0,59.0,32.0,220.0,49.0,24.0,268.0,2.35
S03753,Clay loam,20.2,45.8,34.0,3.05,1.77,1.475,0.443,0.221,0.107,0.114,15.2,0.342,0.292,1.513,1513.0,germination-critical(1-2),6.41,28.1,122.0,0.0,459.0,76.0,8.0,447.0,3.15
S03754,Loamy sand,71.5,24.3,4.2,1.13,0.65,1.563,0.41,0.124,0.04,0.084,26.2,0.639,0.148,0.435,435.0,normal(<1),7.04,32.5,20.0,8.0,159.0,34.0,1.0,229.0,1.14
S03755,Sandy clay loam,59.8,13.5,26.8,2.85,1.65,1.522,0.426,0.187,0.082,0.106,28.7,0.675,0.139,0.86,860.0,normal(<1),6.3,26.9,64.0,50.0,268.0,72.0,5.0,261.0,2.75
S03756,Sandy loam,73.4,18.6,8.0,2.27,1.31,1.584,0.402,0.173,0.057,0.116,21.6,0.538,0.186,0.55,550.0,normal(<1),6.04,31.7,34.0,17.0,179.0,44.0,17.0,194.0,1.97
S03757,Loam,51.9,35.0,13.0,0.36,0.21,1.596,0.398,0.172,0.067,0.105,27.7,0.696,0.121,0.378,378.0,normal(<1),6.84,25.0,44.0,12.0,357.0,33.0,8.0,369.0,0.55
S03758,Clay,22.4,23.2,54.4,4.2,2.43,1.527,0.424,0.25,0.125,0.125,30.5,0.721,0.118,0.523,523.0,normal(<1),6.69,31.8,134.0,44.0,363.0,99.0,22.0,368.0,4.25
S03759,Sandy loam,72.8,7.8,19.4,3.91,2.27,1.636,0.382,0.155,0.074,0.081,27.3,0.715,0.109,0.137,137.0,normal(<1),6.87,31.6,92.0,0.0,180.0,99.0,19.0,141.0,4.2
S03760,Sandy clay loam,45.9,19.5,34.6,2.62,1.52,1.535,0.421,0.213,0.106,0.107,28.2,0.67,0.139,0.537,537.0,normal(<1),6.48,30.5,53.0,51.0,158.0,58.0,25.0,298.0,2.77
S03761,Silty clay loam,1.4,62.1,36.5,2.24,1.3,1.538,0.42,0.244,0.13,0.114,24.8,0.591,0.171,0.469,469.0,normal(<1),6.5,28.2,24.0,30.0,526.0,49.0,11.0,646.0,1.68
S03762,Sand,97.1,2.6,0.3,0.52,0.3,1.593,0.399,0.087,0.061,0.026,17.0,0.426,0.229,0.236,236.0,normal(<1),6.8,24.1,0.0,25.0,56.0,2.0,0.0,65.0,0.68
S03763,Silt loam,23.0,73.4,3.5,1.02,0.59,1.562,0.411,0.198,0.068,0.13,17.9,0.436,0.232,0.621,621.0,normal(<1),6.64,26.9,43.0,0.0,523.0,45.0,18.0,579.0,0.9
S03764,Loamy sand,83.9,13.8,2.3,0.9,0.52,1.615,0.391,0.116,0.062,0.054,17.6,0.45,0.215,0.309,309.0,normal(<1),6.07,33.2,34.0,0.0,196.0,18.0,0.0,206.0,0.41
S03765,Loam,30.0,47.7,22.3,1.11,0.64,1.533,0.422,0.21,0.088,0.121,19.9,0.473,0.222,1.955,1955.0,germination-critical(1-2),6.47,23.4,78.0,68.0,332.0,46.0,0.0,424.0,0.68
S03766,Sandy clay,56.7,5.5,37.9,1.23,0.71,1.583,0.403,0.191,0.094,0.096,22.9,0.57,0.173,1.328,1328.0,germination-critical(1-2),6.89,28.8,83.0,54.0,207.0,35.0,16.0,220.0,0.88
S03767,Sand,87.1,12.8,0.1,0.3,0.17,1.554,0.414,0.121,0.038,0.083,20.5,0.495,0.209,4.78,4780.0,detrimental(>3),7.42,30.6,271.0,193.0,253.0,32.0,10.0,142.0,0.3
S03768,Loam,43.9,35.1,21.1,1.74,1.01,1.549,0.415,0.197,0.087,0.11,28.7,0.692,0.128,0.304,304.0,normal(<1),6.88,23.5,43.0,11.0,241.0,17.0,2.0,385.0,1.56
S03769,Clay loam,42.2,26.2,31.7,1.61,0.93,1.517,0.427,0.202,0.12,0.082,21.7,0.509,0.21,5.858,5858.0,detrimental(>3),6.64,33.7,303.0,177.0,446.0,57.0,0.0,356.0,1.65
S03770,Silt loam,13.9,83.6,2.5,1.91,1.11,1.527,0.424,0.18,0.08,0.1,19.9,0.469,0.225,0.345,345.0,normal(<1),6.69,21.8,31.0,0.0,596.0,63.0,10.0,692.0,1.7
S03771,Sandy loam,68.1,26.5,5.3,4.25,2.47,1.678,0.367,0.161,0.06,0.101,25.2,0.688,0.114,0.133,133.0,normal(<1),6.29,29.0,65.0,40.0,261.0,83.0,51.0,290.0,4.19
S03772,Sandy loam,47.6,42.8,9.6,2.41,1.4,1.616,0.39,0.165,0.063,0.102,24.6,0.63,0.144,1.83,1830.0,germination-critical(1-2),7.03,31.8,121.0,23.0,332.0,59.0,8.0,343.0,3.02
S03773,Sand,89.0,5.1,5.9,0.48,0.28,1.628,0.386,0.112,0.042,0.07,21.2,0.551,0.173,0.438,438.0,normal(<1),6.34,30.6,7.0,0.0,54.0,5.0,3.0,86.0,0.0
S03774,Loam,40.3,33.4,26.3,1.09,0.63,1.511,0.43,0.222,0.095,0.127,29.4,0.683,0.136,0.825,825.0,normal(<1),6.75,31.7,44.0,0.0,310.0,24.0,0.0,347.0,1.31
S03775,Sand,86.3,3.8,9.9,2.08,1.2,1.589,0.4,0.102,0.045,0.057,23.0,0.575,0.17,0.158,158.0,normal(<1),6.75,23.6,97.0,23.0,36.0,80.0,14.0,103.0,1.92
S03776,Clay,41.4,12.9,45.7,1.74,1.01,1.404,0.47,0.223,0.111,0.112,21.3,0.452,0.258,1.228,1228.0,germination-critical(1-2),6.45,33.4,56.0,38.0,170.0,54.0,16.0,164.0,1.38
S03777,Clay loam,25.6,43.9,30.6,2.54,1.47,1.49,0.438,0.243,0.117,0.126,17.9,0.41,0.258,0.398,398.0,normal(<1),7.1,31.0,13.0,27.0,328.0,56.0,24.0,475.0,2.45
S03778,Sand,86.3,6.0,7.7,3.4,1.97,1.569,0.408,0.14,0.05,0.09,27.4,0.671,0.134,0.728,728.0,normal(<1),6.97,26.7,101.0,52.0,79.0,89.0,17.0,36.0,3.5
S03779,Sandy loam,61.6,29.2,9.3,1.98,1.15,1.583,0.403,0.141,0.084,0.056,13.4,0.332,0.269,0.204,204.0,normal(<1),6.38,27.7,45.0,17.0,226.0,66.0,6.0,292.0,2.23
S03780,Sandy loam,60.8,34.1,5.1,2.21,1.28,1.596,0.398,0.169,0.058,0.111,14.5,0.366,0.252,2.039,2039.0,salt-sensitive-critical(2-3),5.82,36.1,156.0,37.0,299.0,33.0,32.0,299.0,2.45
S03781,Silty clay,13.3,42.2,44.4,3.6,2.09,1.499,0.434,0.273,0.139,0.134,34.5,0.795,0.089,0.317,317.0,normal(<1),6.43,30.4,62.0,19.0,369.0,95.0,0.0,536.0,3.41
S03782,Loamy sand,89.6,10.1,0.2,2.53,1.47,1.57,0.407,0.129,0.02,0.109,20.6,0.505,0.202,0.399,399.0,normal(<1),6.29,26.6,86.0,45.0,158.0,53.0,15.0,156.0,2.29
S03783,Silty clay loam,4.7,60.0,35.3,2.71,1.57,1.464,0.448,0.219,0.126,0.093,30.3,0.678,0.144,0.247,247.0,normal(<1),6.76,26.5,0.0,0.0,518.0,39.0,14.0,624.0,2.79
S03784,Sandy clay loam,50.1,20.6,29.3,0.81,0.47,1.576,0.405,0.18,0.092,0.088,28.1,0.693,0.124,0.565,565.0,normal(<1),6.1,35.7,52.0,6.0,159.0,20.0,3.0,257.0,0.91
S03785,Loam,48.6,38.6,12.7,2.91,1.69,1.483,0.44,0.196,0.073,0.123,13.1,0.297,0.31,0.104,104.0,normal(<1),6.9,33.8,62.0,31.0,290.0,78.0,14.0,365.0,3.57
S03786,Clay loam,42.3,27.2,30.6,2.97,1.73,1.463,0.448,0.207,0.101,0.106,28.7,0.64,0.161,0.655,655.0,normal(<1),6.09,29.8,91.0,34.0,210.0,87.0,31.0,304.0,3.22
S03787,Sandy loam,70.7,9.8,19.5,4.01,2.33,1.524,0.425,0.14,0.063,0.077,27.4,0.645,0.151,1.223,1223.0,germination-critical(1-2),6.66,28.5,126.0,49.0,95.0,94.0,35.0,121.0,4.14
S03788,Sandy clay loam,52.9,18.1,29.0,2.32,1.35,1.543,0.418,0.224,0.103,0.121,24.3,0.581,0.175,0.225,225.0,normal(<1),6.0,26.2,49.0,15.0,248.0,26.0,15.0,249.0,2.21
S03789,Clay loam,44.8,23.5,31.7,2.04,1.18,1.52,0.426,0.219,0.113,0.106,26.4,0.619,0.162,0.674,674.0,normal(<1),6.34,26.4,70.0,25.0,227.0,49.0,2.0,300.0,1.91
S03790,Loam,49.5,41.3,9.2,1.72,1.0,1.615,0.391,0.18,0.063,0.116,15.0,0.384,0.24,0.81,810.0,normal(<1),6.12,21.6,67.0,15.0,258.0,40.0,20.0,389.0,1.83
S03791,Sandy clay loam,55.8,16.0,28.1,1.74,1.01,1.532,0.422,0.185,0.09,0.095,17.9,0.424,0.243,0.05,50.0,normal(<1),6.67,27.5,35.0,0.0,172.0,49.0,25.0,252.0,2.24
S03792,Silt loam,9.9,64.8,25.3,1.88,1.09,1.475,0.443,0.23,0.11,0.12,35.4,0.798,0.09,0.41,410.0,normal(<1),6.65,36.5,58.0,38.0,512.0,65.0,21.0,638.0,2.15
S03793,Silt loam,28.3,55.4,16.3,3.01,1.75,1.422,0.463,0.224,0.083,0.141,20.6,0.444,0.258,1.494,1494.0,germination-critical(1-2),6.12,25.4,108.0,72.0,440.0,81.0,23.0,537.0,2.6
S03794,Silt loam,22.3,72.4,5.3,1.22,0.71,1.63,0.385,0.205,0.074,0.131,27.0,0.702,0.115,0.246,246.0,normal(<1),5.97,33.3,60.0,6.0,509.0,43.0,11.0,645.0,1.65
S03795,Silty clay,1.0,56.0,43.0,3.71,2.15,1.39,0.476,0.283,0.143,0.14,26.0,0.548,0.215,1.272,1272.0,germination-critical(1-2),6.86,31.4,168.0,23.0,532.0,76.0,0.0,634.0,4.15
S03796,Sandy clay loam,59.0,15.0,26.1,2.7,1.56,1.524,0.425,0.171,0.078,0.093,18.5,0.435,0.24,0.143,143.0,normal(<1),5.71,29.6,30.0,25.0,266.0,69.0,0.0,245.0,2.27
S03797,Clay loam,21.3,47.4,31.3,2.04,1.18,1.56,0.411,0.232,0.12,0.112,27.3,0.663,0.139,1.166,1166.0,germination-critical(1-2),6.47,23.8,46.0,38.0,451.0,46.0,3.0,486.0,2.27
S03798,Sandy clay loam,55.9,20.5,23.6,1.08,0.62,1.578,0.405,0.195,0.078,0.117,24.8,0.614,0.156,0.341,341.0,normal(<1),5.92,22.6,34.0,61.0,293.0,19.0,25.0,283.0,0.84
S03799,Sandy loam,68.2,17.2,14.7,3.01,1.75,1.618,0.389,0.179,0.058,0.121,20.8,0.533,0.182,0.377,377.0,normal(<1),6.07,27.1,70.0,42.0,231.0,54.0,24.0,221.0,3.04
S03800,Loamy sand,84.6,7.4,8.0,2.19,1.27,1.685,0.364,0.115,0.046,0.069,23.9,0.657,0.125,0.584,584.0,normal(<1),5.91,28.6,77.0,3.0,172.0,56.0,8.0,175.0,2.33
S03801,Sandy loam,61.9,32.8,5.3,0.97,0.56,1.613,0.391,0.167,0.066,0.101,21.6,0.552,0.175,0.127,127.0,normal(<1),7.05,31.6,70.0,0.0,172.0,43.0,3.0,249.0,0.57
S03802,Sandy clay,45.0,13.7,41.3,2.05,1.19,1.452,0.452,0.218,0.109,0.11,18.3,0.405,0.269,0.568,568.0,normal(<1),6.38,31.5,23.0,10.0,218.0,43.0,10.0,296.0,2.48
S03803,Silty clay loam,4.2,55.8,40.0,2.72,1.58,1.401,0.471,0.243,0.139,0.104,20.3,0.43,0.269,0.835,835.0,normal(<1),6.29,31.3,76.0,70.0,487.0,53.0,27.0,586.0,2.56
S03804,Clay,35.3,3.2,61.5,3.3,1.91,1.497,0.435,0.232,0.127,0.105,24.0,0.552,0.195,0.771,771.0,normal(<1),7.11,20.1,74.0,48.0,142.0,76.0,26.0,245.0,2.79
S03805,Sand,93.7,1.0,5.3,1.08,0.63,1.61,0.392,0.109,0.05,0.059,9.4,0.24,0.298,0.655,655.0,normal(<1),6.26,32.8,55.0,0.0,102.0,36.0,13.0,109.0,1.0
S03806,Clay loam,21.3,42.8,35.9,1.64,0.95,1.526,0.424,0.235,0.103,0.132,27.5,0.649,0.149,0.579,579.0,normal(<1),6.25,27.8,19.0,16.0,414.0,50.0,24.0,530.0,1.44
S03807,Sand,87.9,9.7,2.5,0.3,0.17,1.569,0.408,0.109,0.053,0.057,21.1,0.517,0.197,0.372,372.0,normal(<1),6.22,30.9,0.0,37.0,69.0,1.0,14.0,99.0,0.24
S03808,Loam,30.6,49.9,19.5,2.72,1.58,1.507,0.431,0.202,0.1,0.101,28.3,0.655,0.149,0.605,605.0,normal(<1),6.17,28.8,67.0,30.0,450.0,65.0,26.0,557.0,2.35
S03809,Clay loam,21.1,42.5,36.4,1.59,0.92,1.549,0.416,0.256,0.12,0.137,22.8,0.547,0.188,0.129,129.0,normal(<1),6.12,28.8,39.0,38.0,356.0,56.0,21.0,445.0,1.18
S03810,Loam,33.0,49.8,17.2,1.2,0.69,1.576,0.405,0.177,0.097,0.08,10.5,0.259,0.301,0.463,463.0,normal(<1),6.48,31.7,39.0,0.0,422.0,21.0,19.0,469.0,1.24
S03811,Silty clay loam,17.4,46.4,36.3,2.2,1.27,1.489,0.438,0.232,0.128,0.104,22.5,0.514,0.213,0.292,292.0,normal(<1),6.26,28.8,73.0,54.0,442.0,53.0,20.0,483.0,2.5
S03812,Loam,50.6,30.8,18.6,1.05,0.61,1.578,0.404,0.177,0.069,0.108,13.1,0.324,0.273,0.07,70.0,normal(<1),6.42,26.9,1.0,0.0,216.0,18.0,12.0,296.0,0.22
S03813,Silty clay loam,3.5,67.2,29.3,4.48,2.6,1.427,0.461,0.267,0.109,0.157,28.6,0.619,0.176,0.552,552.0,normal(<1),6.57,19.1,104.0,34.0,523.0,113.0,30.0,635.0,4.39
S03814,Sandy loam,73.5,13.1,13.4,0.75,0.43,1.646,0.379,0.159,0.053,0.106,24.5,0.647,0.134,0.693,693.0,normal(<1),6.26,29.9,39.0,31.0,148.0,16.0,19.0,159.0,0.75
S03815,Sandy clay loam,56.9,10.4,32.8,3.06,1.77,1.569,0.408,0.218,0.103,0.116,25.9,0.634,0.149,0.398,398.0,normal(<1),6.27,25.9,51.0,14.0,150.0,62.0,12.0,236.0,2.8
S03816,Sandy clay loam,62.9,16.1,20.9,1.98,1.15,1.603,0.395,0.158,0.079,0.079,27.5,0.697,0.12,0.834,834.0,normal(<1),6.24,31.7,21.0,34.0,148.0,37.0,7.0,239.0,1.69
S03817,Clay loam,38.6,23.0,38.3,2.89,1.67,1.483,0.44,0.202,0.109,0.093,30.1,0.684,0.139,0.426,426.0,normal(<1),6.08,29.5,16.0,39.0,221.0,61.0,26.0,287.0,2.88
S03818,Clay,14.8,17.1,68.1,4.11,2.38,1.378,0.48,0.282,0.155,0.127,21.6,0.451,0.264,0.91,910.0,normal(<1),5.7,27.3,48.0,21.0,287.0,74.0,14.0,412.0,4.07
S03819,Silty clay loam,19.1,53.4,27.4,3.06,1.77,1.477,0.442,0.23,0.104,0.126,19.6,0.443,0.246,0.833,833.0,normal(<1),7.04,29.2,91.0,48.0,425.0,50.0,44.0,539.0,3.24
S03820,Sandy loam,51.0,43.8,5.2,2.19,1.27,1.601,0.396,0.183,0.057,0.127,17.1,0.433,0.225,0.828,828.0,normal(<1),6.42,28.0,115.0,48.0,255.0,58.0,18.0,348.0,2.13
S03821,Sandy clay loam,53.9,13.9,32.2,1.03,0.6,1.488,0.438,0.194,0.077,0.116,22.5,0.513,0.213,1.173,1173.0,germination-critical(1-2),6.67,28.7,39.0,37.0,139.0,19.0,0.0,243.0,0.73
S03822,Silty clay,16.4,40.2,43.4,2.32,1.35,1.39,0.475,0.24,0.126,0.115,31.0,0.653,0.165,0.676,676.0,normal(<1),6.63,27.0,61.0,21.0,431.0,35.0,23.0,486.0,2.37
S03823,Silt loam,9.3,79.4,11.3,3.72,2.16,1.405,0.47,0.24,0.112,0.129,28.4,0.605,0.186,0.589,589.0,normal(<1),6.91,18.3,84.0,15.0,550.0,60.0,24.0,734.0,3.69
S03824,Silty clay loam,10.8,52.3,37.0,2.07,1.2,1.471,0.445,0.264,0.126,0.138,27.4,0.617,0.171,0.282,282.0,normal(<1),6.96,32.7,0.0,22.0,476.0,43.0,6.0,586.0,2.0
S03825,Clay loam,24.8,35.9,39.4,4.42,2.56,1.535,0.421,0.223,0.116,0.107,29.1,0.691,0.13,0.163,163.0,normal(<1),6.06,28.6,94.0,6.0,377.0,103.0,33.0,473.0,3.92
S03826,Sandy clay loam,52.2,25.0,22.9,1.18,0.68,1.542,0.418,0.164,0.081,0.084,17.0,0.407,0.248,1.203,1203.0,germination-critical(1-2),6.32,35.1,28.0,66.0,319.0,39.0,16.0,318.0,1.32
S03827,Clay,19.7,19.8,60.5,3.85,2.23,1.427,0.461,0.292,0.149,0.142,17.3,0.374,0.289,0.33,330.0,normal(<1),6.24,20.9,77.0,43.0,331.0,80.0,16.0,386.0,4.02
S03828,Clay,9.1,28.0,62.9,4.11,2.38,1.301,0.509,0.273,0.155,0.118,27.5,0.54,0.234,1.65,1650.0,germination-critical(1-2),6.12,26.9,131.0,96.0,357.0,84.0,36.0,405.0,4.15
S03829,Sand,86.9,10.6,2.5,1.57,0.91,1.647,0.378,0.135,0.057,0.078,18.5,0.488,0.194,0.28,280.0,normal(<1),6.54,23.2,92.0,40.0,126.0,58.0,17.0,172.0,1.31
S03830,Clay,22.9,17.7,59.4,1.99,1.16,1.425,0.462,0.238,0.139,0.098,24.6,0.531,0.217,0.376,376.0,normal(<1),6.18,27.2,60.0,27.0,258.0,26.0,18.0,358.0,1.22
S03831,Sandy clay,50.9,12.0,37.1,2.58,1.49,1.57,0.408,0.215,0.104,0.111,22.5,0.552,0.182,0.563,563.0,normal(<1),6.46,30.2,51.0,33.0,162.0,54.0,13.0,227.0,2.87
S03832,Sand,85.8,5.3,8.9,0.4,0.23,1.539,0.419,0.13,0.051,0.079,20.3,0.485,0.216,0.975,975.0,normal(<1),6.07,19.7,60.0,71.0,146.0,20.0,10.0,122.0,0.0
S03833,Sandy clay loam,62.0,16.0,22.0,2.31,1.34,1.553,0.414,0.161,0.076,0.086,21.4,0.517,0.2,0.501,501.0,normal(<1),7.28,31.2,75.0,46.0,195.0,52.0,29.0,248.0,2.22
S03834,Loamy sand,79.8,16.7,3.5,1.36,0.79,1.608,0.393,0.128,0.055,0.072,16.4,0.418,0.229,0.372,372.0,normal(<1),5.98,27.3,70.0,43.0,93.0,61.0,4.0,150.0,1.17
S03835,Clay,39.4,5.1,55.4,3.48,2.02,1.469,0.445,0.224,0.13,0.095,13.4,0.3,0.312,1.034,1034.0,germination-critical(1-2),7.01,27.4,91.0,80.0,289.0,62.0,31.0,290.0,3.67
S03836,Clay loam,37.0,25.1,37.9,1.53,0.89,1.458,0.45,0.221,0.103,0.118,22.1,0.491,0.229,1.815,1815.0,germination-critical(1-2),6.36,34.0,94.0,71.0,269.0,20.0,29.0,317.0,1.87
S03837,Clay loam,36.7,31.1,32.2,1.66,0.96,1.566,0.409,0.209,0.106,0.104,22.6,0.552,0.183,0.931,931.0,normal(<1),6.32,33.8,80.0,64.0,368.0,16.0,11.0,376.0,1.7
S03838,Sandy loam,63.8,17.6,18.5,0.92,0.53,1.558,0.412,0.183,0.067,0.116,21.5,0.522,0.197,0.371,371.0,normal(<1),6.3,29.5,39.0,25.0,165.0,30.0,35.0,241.0,0.54
S03839,Sandy clay loam,52.9,14.7,32.4,2.79,1.62,1.602,0.395,0.195,0.086,0.109,14.7,0.372,0.248,1.489,1489.0,germination-critical(1-2),6.25,20.7,128.0,88.0,283.0,85.0,20.0,296.0,2.7
S03840,Sand,85.6,6.2,8.2,1.35,0.78,1.68,0.366,0.135,0.067,0.068,22.6,0.619,0.139,0.23,230.0,normal(<1),5.97,28.0,14.0,5.0,76.0,22.0,5.0,97.0,1.42
S03841,Clay,29.2,5.4,65.4,3.13,1.81,1.427,0.462,0.289,0.136,0.153,32.2,0.697,0.14,0.227,227.0,normal(<1),6.4,20.6,72.0,32.0,271.0,70.0,2.0,266.0,2.91
S03842,Silty clay,1.6,55.0,43.4,3.28,1.9,1.503,0.433,0.257,0.15,0.108,21.3,0.492,0.22,0.147,147.0,normal(<1),5.77,28.5,48.0,10.0,404.0,87.0,23.0,517.0,3.02
S03843,Loamy sand,81.4,15.0,3.5,2.84,1.65,1.569,0.408,0.143,0.051,0.092,24.0,0.59,0.167,0.076,76.0,normal(<1),5.96,33.7,70.0,20.0,145.0,80.0,12.0,230.0,3.3
S03844,Sandy loam,52.2,28.0,19.9,0.97,0.56,1.514,0.429,0.186,0.09,0.095,15.7,0.366,0.272,0.748,748.0,normal(<1),6.27,26.3,115.0,33.0,246.0,48.0,11.0,323.0,1.29
S03845,Loam,49.9,32.9,17.2,1.56,0.91,1.526,0.424,0.163,0.085,0.078,22.2,0.523,0.202,1.716,1716.0,germination-critical(1-2),6.45,32.8,95.0,86.0,249.0,36.0,13.0,297.0,2.04
S03846,Sandy clay loam,54.2,12.7,33.1,0.77,0.44,1.483,0.44,0.176,0.098,0.078,32.2,0.731,0.119,1.296,1296.0,germination-critical(1-2),6.4,29.4,96.0,46.0,190.0,17.0,0.0,215.0,0.93
S03847,Silt loam,20.9,53.4,25.7,1.7,0.99,1.481,0.441,0.235,0.12,0.115,31.9,0.724,0.122,0.47,470.0,normal(<1),6.36,29.2,55.0,55.0,447.0,48.0,11.0,545.0,1.8
S03848,Sandy clay loam,48.9,23.3,27.8,2.86,1.66,1.429,0.461,0.228,0.094,0.134,28.0,0.607,0.181,0.741,741.0,normal(<1),6.6,34.7,91.0,53.0,199.0,40.0,23.0,241.0,3.08
S03849,Sandy clay loam,64.0,7.9,28.1,0.98,0.57,1.553,0.414,0.197,0.083,0.114,23.5,0.569,0.179,0.122,122.0,normal(<1),6.62,31.1,65.0,26.0,144.0,21.0,27.0,144.0,0.88
S03850,Loam,49.4,40.8,9.8,1.84,1.07,1.542,0.418,0.196,0.075,0.121,18.4,0.44,0.234,0.871,871.0,normal(<1),6.36,25.9,79.0,0.0,322.0,38.0,10.0,358.0,1.46
S03851,Sand,89.4,5.6,5.0,1.16,0.67,1.587,0.401,0.13,0.05,0.08,28.5,0.711,0.116,0.197,197.0,normal(<1),6.8,23.9,59.0,0.0,61.0,50.0,8.0,133.0,1.2
S03852,Sandy loam,72.6,8.6,18.8,1.2,0.7,1.593,0.399,0.144,0.069,0.074,19.2,0.482,0.207,0.104,104.0,normal(<1),6.13,34.6,22.0,31.0,48.0,36.0,22.0,102.0,1.15
S03853,Sandy clay loam,52.0,13.9,34.0,2.62,1.52,1.441,0.456,0.222,0.077,0.144,27.3,0.599,0.183,0.396,396.0,normal(<1),6.49,27.4,44.0,36.0,183.0,59.0,24.0,270.0,2.22
S03854,Sandy loam,66.2,17.5,16.3,2.61,1.51,1.573,0.406,0.184,0.072,0.111,25.2,0.62,0.154,0.563,563.0,normal(<1),6.69,29.5,46.0,44.0,200.0,56.0,38.0,235.0,2.47
S03855,Loamy sand,80.3,7.8,11.9,0.56,0.32,1.632,0.384,0.143,0.06,0.082,22.7,0.59,0.158,0.367,367.0,normal(<1),6.31,28.2,57.0,6.0,173.0,0.0,17.0,143.0,0.8
S03856,Clay loam,26.0,43.4,30.6,3.22,1.87,1.432,0.46,0.25,0.093,0.157,16.7,0.363,0.293,0.179,179.0,normal(<1),6.85,27.3,43.0,16.0,418.0,90.0,36.0,491.0,3.27
S03857,Loam,39.3,47.8,12.8,3.03,1.76,1.581,0.404,0.222,0.086,0.136,12.2,0.302,0.282,1.261,1261.0,germination-critical(1-2),6.19,23.2,100.0,72.0,434.0,52.0,19.0,483.0,3.39
S03858,Clay loam,34.3,26.8,38.9,4.03,2.34,1.505,0.432,0.229,0.126,0.103,20.2,0.467,0.23,0.149,149.0,normal(<1),6.4,28.0,41.0,16.0,321.0,57.0,12.0,410.0,4.34
S03859,Loam,47.4,35.8,16.8,1.05,0.61,1.505,0.432,0.179,0.095,0.084,24.9,0.575,0.184,0.252,252.0,normal(<1),6.45,38.6,45.0,7.0,241.0,35.0,26.0,359.0,0.77
S03860,Silt loam,11.6,79.4,8.9,1.5,0.87,1.465,0.447,0.233,0.089,0.144,25.3,0.565,0.195,1.463,1463.0,germination-critical(1-2),6.68,26.8,86.0,6.0,599.0,33.0,0.0,763.0,1.08
S03861,Loam,47.0,30.8,22.2,1.37,0.8,1.491,0.437,0.189,0.078,0.111,20.4,0.466,0.233,0.08,80.0,normal(<1),6.3,28.0,27.0,0.0,263.0,29.0,9.0,365.0,1.67
S03862,Loamy sand,85.6,5.5,8.9,1.92,1.12,1.529,0.423,0.15,0.052,0.097,19.3,0.457,0.23,0.197,197.0,normal(<1),6.14,32.5,0.0,56.0,29.0,14.0,24.0,96.0,2.12
S03863,Loamy sand,82.0,16.2,1.8,2.05,1.19,1.63,0.385,0.112,0.052,0.06,24.1,0.626,0.144,1.376,1376.0,germination-critical(1-2),6.57,23.2,103.0,30.0,103.0,43.0,14.0,128.0,1.75
S03864,Sandy clay,54.7,0.7,44.6,1.55,0.9,1.565,0.409,0.189,0.11,0.079,20.4,0.498,0.205,0.934,934.0,normal(<1),5.91,23.7,114.0,19.0,119.0,50.0,0.0,121.0,1.64
S03865,Sand,85.6,8.9,5.6,0.59,0.34,1.614,0.391,0.109,0.063,0.046,14.8,0.378,0.243,2.454,2454.0,salt-sensitive-critical(2-3),6.73,29.9,153.0,78.0,281.0,32.0,12.0,155.0,0.43
S03866,Sand,95.7,3.7,0.6,0.6,0.35,1.632,0.384,0.1,0.04,0.059,19.0,0.495,0.194,1.153,1153.0,germination-critical(1-2),6.68,20.7,84.0,32.0,94.0,25.0,4.0,63.0,0.71
S03867,Sandy loam,76.4,10.4,13.3,3.24,1.88,1.586,0.401,0.156,0.06,0.096,16.4,0.41,0.237,0.773,773.0,normal(<1),6.77,24.0,61.0,32.0,163.0,57.0,20.0,154.0,2.87
S03868,Sandy clay loam,48.2,25.1,26.7,2.47,1.44,1.392,0.475,0.199,0.085,0.115,23.5,0.495,0.239,5.926,5926.0,detrimental(>3),6.74,28.8,347.0,197.0,396.0,54.0,12.0,318.0,2.27
S03869,Sand,88.7,7.5,3.8,1.73,1.01,1.594,0.398,0.092,0.045,0.047,23.7,0.594,0.162,0.433,433.0,normal(<1),6.19,27.9,87.0,33.0,71.0,45.0,23.0,95.0,1.59
S03870,Loam,44.2,40.7,15.1,4.02,2.33,1.54,0.419,0.194,0.075,0.119,19.4,0.463,0.225,0.714,714.0,normal(<1),6.85,32.5,83.0,44.0,303.0,81.0,19.0,410.0,3.85
S03871,Sandy clay loam,52.7,20.1,27.2,3.01,1.75,1.524,0.425,0.215,0.103,0.112,26.3,0.62,0.162,2.574,2574.0,salt-sensitive-critical(2-3),6.16,24.2,184.0,50.0,258.0,62.0,20.0,304.0,2.97
S03872,Clay loam,36.1,28.3,35.6,1.02,0.59,1.559,0.412,0.213,0.093,0.121,29.1,0.706,0.121,0.504,504.0,normal(<1),6.66,24.4,59.0,4.0,243.0,38.0,25.0,272.0,1.29
S03873,Sandy loam,62.3,30.5,7.2,1.7,0.99,1.571,0.407,0.186,0.064,0.122,19.0,0.466,0.217,0.378,378.0,normal(<1),6.85,24.2,0.0,0.0,261.0,23.0,18.0,302.0,1.78
S03874,Sandy clay loam,51.7,22.4,25.9,1.75,1.02,1.551,0.415,0.201,0.078,0.122,24.9,0.601,0.166,1.711,1711.0,germination-critical(1-2),6.28,29.3,100.0,50.0,226.0,38.0,5.0,291.0,1.97
S03875,Silty clay,5.4,40.1,54.5,3.13,1.81,1.406,0.469,0.29,0.161,0.128,34.6,0.737,0.123,0.178,178.0,normal(<1),6.59,26.1,40.0,29.0,472.0,64.0,31.0,546.0,2.95
S03876,Sandy clay,45.1,10.4,44.5,2.05,1.19,1.519,0.427,0.23,0.113,0.117,21.2,0.496,0.215,0.228,228.0,normal(<1),6.05,30.8,40.0,9.0,162.0,30.0,16.0,187.0,1.84
S03877,Sandy loam,76.9,16.9,6.2,0.47,0.27,1.596,0.398,0.147,0.065,0.082,16.2,0.406,0.236,4.503,4503.0,detrimental(>3),6.95,28.1,240.0,159.0,268.0,23.0,32.0,175.0,0.54
S03878,Loam,43.6,29.6,26.7,1.9,1.1,1.508,0.431,0.199,0.1,0.099,28.5,0.66,0.146,0.446,446.0,normal(<1),6.37,28.0,88.0,0.0,360.0,58.0,8.0,426.0,1.61
S03879,Loam,44.2,33.0,22.8,2.38,1.38,1.449,0.453,0.223,0.091,0.132,32.5,0.717,0.128,0.532,532.0,normal(<1),6.78,24.9,51.0,27.0,230.0,56.0,13.0,276.0,2.3
S03880,Silt loam,14.3,65.3,20.4,2.95,1.71,1.527,0.424,0.26,0.091,0.169,26.9,0.634,0.155,0.644,644.0,normal(<1),5.87,26.1,115.0,47.0,485.0,110.0,13.0,619.0,3.3
S03881,Sandy clay loam,56.3,13.1,30.6,1.56,0.91,1.548,0.416,0.198,0.09,0.108,26.5,0.636,0.151,0.145,145.0,normal(<1),6.39,26.1,51.0,17.0,234.0,41.0,21.0,271.0,1.26
S03882,Loam,44.2,30.8,25.0,1.66,0.96,1.553,0.414,0.22,0.089,0.13,25.0,0.605,0.164,0.224,224.0,normal(<1),6.59,30.6,41.0,0.0,307.0,39.0,9.0,332.0,2.05
S03883,Sandy loam,74.1,17.3,8.5,2.41,1.4,1.56,0.411,0.131,0.075,0.056,24.4,0.592,0.168,1.57,1570.0,germination-critical(1-2),6.77,21.9,149.0,56.0,198.0,39.0,8.0,213.0,2.55
S03884,Sand,94.6,0.3,5.1,2.48,1.44,1.476,0.443,0.102,0.042,0.059,25.5,0.575,0.188,0.903,903.0,normal(<1),6.32,22.6,109.0,12.0,0.0,65.0,36.0,31.0,2.24
S03885,Sand,93.7,0.8,5.5,0.62,0.36,1.662,0.373,0.116,0.042,0.074,26.2,0.703,0.111,1.427,1427.0,germination-critical(1-2),6.36,18.5,65.0,23.0,15.0,0.0,9.0,0.0,1.1
S03886,Sandy loam,71.3,15.5,13.2,0.85,0.49,1.596,0.398,0.153,0.045,0.108,25.8,0.648,0.14,0.603,603.0,normal(<1),6.62,25.4,13.0,4.0,129.0,38.0,3.0,215.0,0.9
S03887,Silt loam,17.6,61.7,20.7,1.13,0.65,1.482,0.441,0.216,0.104,0.112,26.7,0.605,0.174,0.518,518.0,normal(<1),6.82,24.9,17.0,38.0,541.0,43.0,11.0,579.0,0.86
S03888,Sandy loam,61.4,21.6,17.1,1.23,0.71,1.589,0.4,0.18,0.076,0.103,24.5,0.611,0.156,0.35,350.0,normal(<1),6.79,30.1,28.0,4.0,208.0,32.0,15.0,181.0,1.18
S03889,Sand,85.9,10.7,3.4,1.68,0.97,1.619,0.389,0.115,0.024,0.091,27.1,0.696,0.118,0.684,684.0,normal(<1),7.19,28.0,97.0,48.0,188.0,40.0,18.0,199.0,1.46
S03890,Sandy loam,63.7,20.3,16.0,2.59,1.51,1.61,0.392,0.163,0.08,0.083,22.6,0.575,0.167,1.419,1419.0,germination-critical(1-2),6.28,27.7,86.0,57.0,199.0,64.0,27.0,261.0,2.84
S03891,Clay loam,39.3,29.9,30.8,3.74,2.17,1.426,0.462,0.209,0.112,0.096,24.6,0.532,0.216,1.827,1827.0,germination-critical(1-2),6.68,26.7,129.0,80.0,234.0,79.0,41.0,342.0,3.93
S03892,Loam,46.4,33.0,20.5,1.08,0.63,1.595,0.398,0.222,0.099,0.123,20.2,0.508,0.196,0.08,80.0,normal(<1),7.27,33.0,51.0,0.0,340.0,40.0,12.0,433.0,1.28
S03893,Loam,31.9,49.7,18.4,1.33,0.77,1.638,0.382,0.236,0.096,0.14,23.0,0.602,0.152,0.401,401.0,normal(<1),6.49,24.9,28.0,17.0,371.0,42.0,29.0,509.0,1.3
S03894,Silt loam,23.1,54.8,22.1,1.06,0.61,1.571,0.407,0.209,0.102,0.106,20.8,0.51,0.2,0.987,987.0,normal(<1),6.41,27.0,43.0,15.0,385.0,31.0,7.0,465.0,0.75
S03895,Loam,41.5,42.8,15.7,0.97,0.56,1.495,0.436,0.174,0.069,0.105,17.4,0.399,0.262,0.461,461.0,normal(<1),6.22,26.0,0.0,13.0,365.0,31.0,0.0,431.0,0.73
S03896,Silt loam,3.6,75.8,20.6,3.39,1.97,1.436,0.458,0.251,0.099,0.152,30.8,0.672,0.15,4.679,4679.0,detrimental(>3),6.43,23.9,331.0,170.0,765.0,79.0,24.0,799.0,3.57
S03897,Loamy sand,73.2,19.4,7.4,0.82,0.48,1.642,0.381,0.125,0.043,0.082,11.2,0.293,0.269,0.662,662.0,normal(<1),6.81,26.4,86.0,33.0,123.0,31.0,9.0,145.0,0.63
S03898,Clay loam,44.4,21.4,34.3,1.2,0.7,1.484,0.44,0.182,0.09,0.092,29.4,0.668,0.146,0.487,487.0,normal(<1),7.28,28.4,30.0,0.0,291.0,18.0,0.0,321.0,1.27
S03899,Sand,85.5,5.6,8.9,2.4,1.39,1.524,0.425,0.115,0.045,0.07,14.1,0.331,0.284,0.781,781.0,normal(<1),6.31,19.5,93.0,58.0,88.0,64.0,19.0,129.0,2.1
S03900,Sandy clay,49.5,15.2,35.3,1.66,0.96,1.53,0.423,0.209,0.105,0.105,29.6,0.7,0.127,0.35,350.0,normal(<1),6.34,27.5,44.0,11.0,143.0,18.0,13.0,195.0,1.18
S03901,Sandy loam,78.3,12.1,9.6,0.89,0.51,1.608,0.393,0.092,0.036,0.056,13.7,0.349,0.256,0.364,364.0,normal(<1),6.28,27.6,25.0,0.0,113.0,55.0,12.0,162.0,1.04
S03902,Silty clay,6.9,49.5,43.6,3.14,1.82,1.472,0.445,0.248,0.144,0.104,28.9,0.65,0.155,0.092,92.0,normal(<1),6.73,21.3,58.0,4.0,484.0,61.0,20.0,607.0,3.08
S03903,Clay,19.4,25.1,55.5,3.01,1.75,1.417,0.465,0.263,0.152,0.111,30.2,0.649,0.163,0.36,360.0,normal(<1),6.18,36.1,15.0,24.0,323.0,45.0,26.0,411.0,2.86
S03904,Sand,85.3,13.3,1.4,2.95,1.71,1.611,0.392,0.134,0.036,0.098,19.3,0.491,0.199,1.153,1153.0,germination-critical(1-2),6.29,28.4,80.0,68.0,92.0,80.0,25.0,110.0,2.94
S03905,Clay,19.1,26.3,54.6,2.02,1.17,1.399,0.472,0.247,0.138,0.109,33.5,0.709,0.137,0.218,218.0,normal(<1),6.4,28.0,10.0,37.0,330.0,34.0,27.0,390.0,2.21
S03906,Silt loam,9.6,66.4,24.0,1.0,0.58,1.489,0.438,0.252,0.098,0.155,29.9,0.682,0.139,0.617,617.0,normal(<1),6.61,26.9,114.0,73.0,493.0,20.0,35.0,630.0,0.88
S03907,Clay,38.8,14.1,47.1,2.94,1.71,1.441,0.456,0.222,0.103,0.118,19.1,0.419,0.265,1.483,1483.0,germination-critical(1-2),5.96,30.8,104.0,53.0,167.0,87.0,30.0,219.0,2.86
S03908,Sand,91.1,1.8,7.1,3.32,1.92,1.537,0.42,0.104,0.044,0.06,25.5,0.607,0.165,0.814,814.0,normal(<1),6.24,23.1,99.0,48.0,0.0,80.0,25.0,0.0,2.72
S03909,Sandy loam,79.2,12.3,8.6,3.44,2.0,1.492,0.437,0.157,0.074,0.083,25.4,0.581,0.183,0.14,140.0,normal(<1),6.45,24.4,7.0,25.0,19.0,64.0,26.0,71.0,3.45
S03910,Loam,39.0,44.9,16.1,2.23,1.29,1.51,0.43,0.218,0.084,0.134,17.9,0.417,0.251,1.837,1837.0,germination-critical(1-2),6.26,30.4,124.0,68.0,424.0,64.0,8.0,421.0,2.16
S03911,Sandy clay,52.9,7.6,39.4,0.93,0.54,1.466,0.447,0.202,0.098,0.104,27.3,0.61,0.174,0.238,238.0,normal(<1),6.71,24.7,24.0,49.0,175.0,31.0,17.0,157.0,1.02
S03912,Loam,45.3,40.3,14.3,0.98,0.57,1.522,0.426,0.183,0.075,0.109,21.9,0.515,0.206,0.093,93.0,normal(<1),6.46,21.8,0.0,0.0,328.0,16.0,3.0,415.0,1.15
S03913,Sandy clay,49.9,1.2,49.0,3.24,1.88,1.391,0.475,0.272,0.111,0.161,36.4,0.766,0.111,0.531,531.0,normal(<1),6.18,25.8,41.0,42.0,96.0,70.0,16.0,166.0,3.16
S03914,Silt loam,8.5,85.9,5.6,2.36,1.37,1.568,0.408,0.234,0.119,0.115,15.6,0.382,0.252,1.177,1177.0,germination-critical(1-2),6.63,27.5,88.0,72.0,493.0,22.0,41.0,642.0,2.94
S03915,Sandy loam,55.1,25.1,19.8,1.86,1.08,1.551,0.415,0.193,0.086,0.108,24.9,0.6,0.166,0.988,988.0,normal(<1),6.45,23.9,30.0,36.0,263.0,43.0,5.0,269.0,1.87
S03916,Loam,40.3,46.0,13.7,2.86,1.66,1.456,0.45,0.189,0.076,0.114,22.4,0.496,0.227,0.12,120.0,normal(<1),7.24,36.1,19.0,31.0,286.0,49.0,38.0,393.0,3.01
S03917,Sandy clay,46.9,10.2,42.9,1.49,0.86,1.5,0.434,0.214,0.1,0.114,13.6,0.312,0.298,0.403,403.0,normal(<1),5.9,37.4,38.0,25.0,162.0,17.0,26.0,209.0,1.59
S03918,Loam,44.3,48.6,7.1,0.89,0.52,1.698,0.359,0.152,0.063,0.089,21.8,0.605,0.142,1.292,1292.0,germination-critical(1-2),6.4,24.7,26.0,42.0,323.0,10.0,0.0,456.0,0.95
S03919,Loam,35.6,42.6,21.8,3.24,1.88,1.532,0.422,0.191,0.097,0.095,24.8,0.589,0.174,0.325,325.0,normal(<1),5.93,23.1,44.0,16.0,353.0,62.0,32.0,460.0,3.53
S03920,Clay loam,26.4,40.7,32.9,3.8,2.21,1.48,0.442,0.238,0.098,0.14,24.8,0.561,0.194,1.002,1002.0,germination-critical(1-2),6.24,29.0,81.0,44.0,315.0,62.0,44.0,412.0,4.19
S03921,Sandy clay loam,53.7,20.8,25.5,2.98,1.73,1.522,0.426,0.178,0.087,0.091,17.2,0.403,0.254,2.376,2376.0,salt-sensitive-critical(2-3),6.64,33.5,150.0,88.0,301.0,48.0,15.0,273.0,3.88
S03922,Clay,19.6,13.1,67.3,5.07,2.94,1.4,0.472,0.284,0.161,0.122,28.3,0.601,0.188,0.27,270.0,normal(<1),5.77,32.1,112.0,60.0,204.0,86.0,28.0,322.0,4.76
S03923,Silt loam,11.5,81.7,6.8,1.49,0.86,1.595,0.398,0.22,0.103,0.116,25.2,0.633,0.146,0.157,157.0,normal(<1),6.26,28.4,37.0,15.0,606.0,47.0,14.0,732.0,1.19
S03924,Loam,45.6,28.6,25.8,3.9,2.26,1.544,0.417,0.189,0.081,0.108,20.2,0.483,0.216,0.548,548.0,normal(<1),6.4,25.3,81.0,0.0,254.0,66.0,13.0,311.0,3.61
S03925,Loamy sand,84.2,13.0,2.8,1.2,0.69,1.709,0.355,0.117,0.047,0.07,22.3,0.628,0.132,0.239,239.0,normal(<1),6.62,30.6,35.0,13.0,95.0,31.0,0.0,101.0,1.4
S03926,Sandy loam,72.0,18.4,9.6,2.36,1.37,1.569,0.408,0.148,0.053,0.095,13.0,0.319,0.278,0.404,404.0,normal(<1),7.07,31.7,66.0,48.0,95.0,81.0,12.0,202.0,2.5
S03927,Sandy loam,60.3,26.1,13.5,0.45,0.26,1.579,0.404,0.18,0.076,0.104,19.1,0.472,0.213,1.699,1699.0,germination-critical(1-2),6.81,26.7,109.0,53.0,271.0,16.0,0.0,286.0,0.31
S03928,Clay loam,29.5,43.2,27.4,1.58,0.92,1.504,0.432,0.193,0.106,0.087,24.5,0.567,0.187,2.685,2685.0,salt-sensitive-critical(2-3),6.92,32.7,165.0,75.0,467.0,37.0,6.0,486.0,1.73
S03929,Clay,11.1,37.9,51.0,3.05,1.77,1.45,0.453,0.256,0.131,0.125,30.9,0.682,0.144,1.133,1133.0,germination-critical(1-2),6.58,28.7,96.0,56.0,391.0,61.0,19.0,494.0,3.21
S03930,Clay,23.8,31.9,44.3,1.63,0.94,1.501,0.434,0.239,0.118,0.121,28.2,0.65,0.152,0.57,570.0,normal(<1),6.77,19.0,49.0,18.0,322.0,32.0,17.0,423.0,1.74
S03931,Sand,92.6,1.3,6.1,1.81,1.05,1.584,0.402,0.106,0.053,0.053,17.2,0.428,0.23,2.364,2364.0,salt-sensitive-critical(2-3),6.55,29.6,149.0,40.0,94.0,58.0,1.0,0.0,2.03
S03932,Clay,22.6,12.7,64.7,2.41,1.4,1.521,0.426,0.239,0.145,0.094,26.1,0.612,0.165,0.415,415.0,normal(<1),6.2,28.9,55.0,14.0,242.0,49.0,20.0,313.0,2.13
S03933,Silt loam,9.6,76.3,14.1,3.19,1.85,1.544,0.417,0.237,0.122,0.115,23.4,0.56,0.184,0.648,648.0,normal(<1),6.67,30.9,82.0,20.0,548.0,42.0,36.0,653.0,3.03
S03934,Loam,41.0,34.5,24.6,2.24,1.3,1.502,0.433,0.194,0.099,0.095,29.2,0.673,0.142,0.429,429.0,normal(<1),6.38,29.7,55.0,32.0,242.0,57.0,6.0,310.0,2.79
S03935,Sandy loam,58.9,21.7,19.4,2.81,1.63,1.472,0.444,0.173,0.073,0.099,13.8,0.311,0.306,0.107,107.0,normal(<1),6.59,36.3,30.0,23.0,247.0,87.0,21.0,275.0,2.94
S03936,Silty clay loam,6.5,55.4,38.1,3.07,1.78,1.444,0.455,0.244,0.138,0.106,25.7,0.564,0.198,0.668,668.0,normal(<1),6.47,31.5,51.0,46.0,425.0,90.0,27.0,559.0,3.31
S03937,Sandy loam,78.1,14.9,7.0,2.03,1.18,1.59,0.4,0.142,0.066,0.076,20.9,0.524,0.19,0.399,399.0,normal(<1),6.47,35.4,18.0,32.0,163.0,41.0,11.0,142.0,1.88
S03938,Silty clay,13.5,43.5,43.0,2.43,1.41,1.502,0.433,0.249,0.132,0.117,30.8,0.711,0.125,1.733,1733.0,germination-critical(1-2),6.82,36.9,143.0,54.0,476.0,95.0,19.0,532.0,2.5
S03939,Silt loam,8.8,70.8,20.5,2.41,1.4,1.488,0.438,0.243,0.11,0.133,21.2,0.484,0.226,0.918,918.0,normal(<1),6.0,23.3,59.0,14.0,555.0,70.0,8.0,717.0,2.08
S03940,Loamy sand,81.6,13.2,5.2,1.35,0.78,1.573,0.406,0.14,0.04,0.101,14.1,0.348,0.265,2.885,2885.0,salt-sensitive-critical(2-3),6.67,17.2,185.0,92.0,214.0,34.0,17.0,151.0,1.35
S03941,Clay loam,24.0,36.7,39.3,2.19,1.27,1.446,0.454,0.21,0.116,0.094,26.8,0.591,0.186,0.293,293.0,normal(<1),6.41,29.7,58.0,9.0,354.0,68.0,23.0,462.0,1.63
S03942,Sand,91.2,1.0,7.9,1.53,0.89,1.605,0.394,0.112,0.043,0.069,14.1,0.359,0.253,0.405,405.0,normal(<1),6.77,26.9,48.0,29.0,43.0,44.0,0.0,42.0,1.87
S03943,Sandy loam,61.7,20.4,18.0,0.62,0.36,1.589,0.4,0.168,0.094,0.074,19.4,0.485,0.206,0.068,68.0,normal(<1),6.08,27.1,25.0,17.0,227.0,34.0,22.0,346.0,0.36
S03944,Silt loam,7.2,76.6,16.2,2.44,1.41,1.618,0.389,0.229,0.099,0.13,20.9,0.536,0.181,0.338,338.0,normal(<1),6.51,25.3,58.0,22.0,613.0,56.0,13.0,723.0,2.58
S03945,Silty clay,9.1,42.1,48.8,2.8,1.62,1.468,0.446,0.274,0.128,0.146,23.7,0.53,0.21,0.152,152.0,normal(<1),6.64,26.2,40.0,11.0,461.0,54.0,27.0,555.0,2.81
S03946,Silty clay loam,4.7,63.0,32.3,4.0,2.32,1.48,0.442,0.26,0.125,0.135,30.7,0.695,0.135,0.121,121.0,normal(<1),5.61,20.7,61.0,60.0,478.0,100.0,48.0,642.0,4.07
S03947,Silty clay loam,16.2,52.1,31.6,3.98,2.31,1.495,0.436,0.254,0.123,0.13,27.4,0.627,0.162,0.372,372.0,normal(<1),5.96,26.5,48.0,32.0,409.0,59.0,23.0,509.0,3.83
S03948,Sandy clay loam,55.9,21.6,22.5,2.36,1.37,1.489,0.438,0.179,0.085,0.095,19.4,0.443,0.244,0.405,405.0,normal(<1),5.74,19.0,62.0,29.0,227.0,58.0,18.0,276.0,2.68
S03949,Loam,38.4,48.5,13.2,1.81,1.05,1.631,0.384,0.193,0.098,0.095,18.6,0.484,0.198,0.181,181.0,normal(<1),6.27,34.0,96.0,73.0,376.0,47.0,31.0,432.0,1.85
S03950,Sand,93.7,1.1,5.2,1.98,1.15,1.494,0.436,0.118,0.058,0.061,25.4,0.583,0.182,0.275,275.0,normal(<1),5.82,39.5,34.0,23.0,44.0,43.0,8.0,55.0,1.45
S03951,Sand,86.7,5.2,8.1,1.12,0.65,1.619,0.389,0.097,0.03,0.067,11.2,0.289,0.276,0.138,138.0,normal(<1),6.44,27.0,22.0,3.0,116.0,36.0,9.0,132.0,0.63
S03952,Clay,9.7,27.9,62.4,5.12,2.97,1.397,0.473,0.289,0.158,0.131,27.6,0.583,0.197,0.183,183.0,normal(<1),6.27,26.0,58.0,60.0,349.0,106.0,49.0,443.0,5.08
S03953,Silt loam,14.4,79.9,5.8,0.94,0.54,1.551,0.415,0.215,0.079,0.136,19.4,0.467,0.221,0.38,380.0,normal(<1),6.41,28.9,75.0,14.0,623.0,49.0,32.0,760.0,0.84
S03954,Sandy loam,52.1,34.3,13.5,2.08,1.2,1.585,0.402,0.182,0.096,0.087,24.7,0.616,0.154,1.541,1541.0,germination-critical(1-2),6.27,25.3,111.0,40.0,270.0,41.0,18.0,346.0,1.86
S03955,Clay loam,44.6,20.7,34.7,2.48,1.44,1.538,0.42,0.203,0.116,0.087,24.5,0.584,0.174,0.391,391.0,normal(<1),7.17,28.9,82.0,35.0,264.0,55.0,0.0,325.0,2.32
S03956,Loamy sand,85.1,3.6,11.3,1.36,0.79,1.623,0.388,0.134,0.058,0.076,10.2,0.264,0.285,0.389,389.0,normal(<1),6.83,32.5,40.0,30.0,0.0,67.0,18.0,51.0,1.46
S03957,Sandy loam,79.0,12.5,8.5,0.47,0.28,1.662,0.373,0.141,0.067,0.074,23.6,0.633,0.137,0.613,613.0,normal(<1),6.72,25.9,79.0,36.0,164.0,27.0,0.0,129.0,1.04
S03958,Clay loam,30.1,35.8,34.1,1.88,1.09,1.466,0.447,0.217,0.113,0.105,14.4,0.322,0.303,0.44,440.0,normal(<1),6.71,25.2,21.0,75.0,325.0,19.0,21.0,431.0,2.23
S03959,Clay loam,24.2,37.8,38.0,3.99,2.31,1.472,0.444,0.234,0.098,0.136,18.0,0.406,0.264,1.307,1307.0,germination-critical(1-2),7.16,30.5,135.0,11.0,351.0,83.0,47.0,422.0,3.43
S03960,Loam,39.9,49.9,10.2,1.49,0.87,1.588,0.401,0.175,0.078,0.097,22.3,0.556,0.178,0.94,940.0,normal(<1),5.97,27.1,69.0,41.0,429.0,76.0,27.0,548.0,1.51
S03961,Loam,34.8,49.8,15.4,1.41,0.82,1.598,0.397,0.219,0.091,0.128,23.5,0.591,0.163,3.445,3445.0,detrimental(>3),6.33,32.4,180.0,108.0,425.0,31.0,9.0,462.0,1.54
S03962,Loam,43.7,35.2,21.2,2.8,1.63,1.535,0.421,0.176,0.073,0.103,23.7,0.563,0.184,0.339,339.0,normal(<1),6.35,32.4,54.0,54.0,267.0,48.0,23.0,287.0,2.76
S03963,Silty clay,4.3,40.6,55.1,2.73,1.58,1.46,0.449,0.243,0.139,0.104,20.4,0.454,0.245,0.128,128.0,normal(<1),6.83,25.1,52.0,8.0,439.0,61.0,16.0,544.0,2.61
S03964,Sand,87.7,4.8,7.5,1.9,1.1,1.621,0.388,0.127,0.044,0.083,22.6,0.583,0.162,1.172,1172.0,germination-critical(1-2),7.51,26.4,89.0,52.0,55.0,38.0,16.0,100.0,1.88
S03965,Sandy loam,65.1,21.2,13.6,0.91,0.53,1.544,0.417,0.131,0.082,0.049,21.8,0.522,0.2,2.508,2508.0,salt-sensitive-critical(2-3),6.43,21.7,135.0,64.0,241.0,29.0,5.0,248.0,0.53
S03966,Sandy clay loam,52.9,22.8,24.3,0.82,0.48,1.573,0.406,0.199,0.082,0.116,15.6,0.383,0.251,1.756,1756.0,germination-critical(1-2),6.17,21.8,77.0,40.0,270.0,14.0,14.0,256.0,0.91
S03967,Sandy clay loam,53.5,17.0,29.5,2.22,1.29,1.588,0.401,0.208,0.074,0.134,30.6,0.763,0.095,0.487,487.0,normal(<1),6.61,25.7,46.0,42.0,170.0,45.0,25.0,248.0,2.27
S03968,Sandy loam,57.6,26.7,15.7,1.0,0.58,1.53,0.422,0.18,0.082,0.098,26.2,0.619,0.161,0.161,161.0,normal(<1),6.23,28.9,9.0,39.0,252.0,40.0,10.0,347.0,1.11
S03969,Silt loam,19.5,79.7,0.7,1.53,0.89,1.513,0.429,0.195,0.086,0.109,20.2,0.47,0.228,0.276,276.0,normal(<1),7.45,24.6,54.0,0.0,489.0,69.0,12.0,644.0,1.94
S03970,Sandy loam,52.3,31.0,16.8,2.86,1.66,1.466,0.447,0.187,0.085,0.101,27.2,0.609,0.175,1.413,1413.0,germination-critical(1-2),6.59,27.2,119.0,66.0,365.0,63.0,27.0,381.0,2.5
S03971,Clay loam,35.8,35.8,28.3,3.6,2.09,1.489,0.438,0.23,0.103,0.127,32.4,0.741,0.114,1.662,1662.0,germination-critical(1-2),7.01,26.4,111.0,35.0,324.0,66.0,34.0,369.0,3.97
S03972,Loam,50.5,37.4,12.2,1.77,1.03,1.565,0.409,0.168,0.064,0.104,25.9,0.632,0.151,1.248,1248.0,germination-critical(1-2),6.29,23.6,121.0,24.0,330.0,47.0,17.0,426.0,1.07
S03973,Silty clay loam,16.9,52.9,30.1,2.19,1.27,1.572,0.407,0.207,0.124,0.083,18.6,0.457,0.221,0.706,706.0,normal(<1),6.31,30.4,73.0,22.0,502.0,59.0,15.0,570.0,2.56
S03974,Clay loam,37.9,30.2,31.9,3.56,2.06,1.497,0.435,0.264,0.104,0.16,22.8,0.525,0.207,1.319,1319.0,germination-critical(1-2),6.06,27.1,87.0,67.0,212.0,80.0,33.0,301.0,3.73
S03975,Sandy clay loam,61.9,7.3,30.7,2.64,1.53,1.482,0.441,0.17,0.075,0.096,21.4,0.485,0.227,0.415,415.0,normal(<1),5.69,32.1,44.0,36.0,135.0,52.0,17.0,244.0,2.48
S03976,Sandy clay loam,54.6,21.1,24.2,1.32,0.77,1.597,0.398,0.187,0.094,0.093,29.8,0.75,0.099,1.767,1767.0,germination-critical(1-2),6.7,35.2,102.0,29.0,262.0,45.0,17.0,256.0,1.11
S03977,Sandy clay loam,45.3,24.2,30.5,2.24,1.3,1.428,0.461,0.195,0.111,0.084,20.1,0.435,0.261,0.208,208.0,normal(<1),6.92,23.2,0.0,71.0,228.0,49.0,30.0,274.0,2.08
S03978,Sandy loam,52.6,40.9,6.5,0.75,0.44,1.604,0.395,0.189,0.049,0.141,19.1,0.485,0.203,0.284,284.0,normal(<1),6.0,31.6,19.0,22.0,324.0,21.0,21.0,408.0,0.76
S03979,Silty clay,1.8,45.6,52.7,3.02,1.75,1.464,0.448,0.279,0.135,0.144,17.2,0.385,0.275,0.265,265.0,normal(<1),5.99,25.8,52.0,33.0,408.0,81.0,26.0,530.0,3.24
S03980,Silty clay loam,13.4,50.7,35.9,1.57,0.91,1.373,0.482,0.237,0.095,0.142,25.1,0.52,0.231,0.685,685.0,normal(<1),6.52,25.6,100.0,68.0,438.0,51.0,26.0,556.0,1.58
S03981,Sandy loam,61.8,32.5,5.6,1.21,0.7,1.517,0.427,0.12,0.043,0.077,15.5,0.363,0.272,0.65,650.0,normal(<1),6.17,23.6,30.0,19.0,260.0,50.0,7.0,376.0,0.71
S03982,Loam,46.8,45.3,7.9,3.86,2.24,1.548,0.416,0.17,0.078,0.092,23.9,0.574,0.177,0.568,568.0,normal(<1),6.12,24.2,43.0,35.0,375.0,56.0,21.0,431.0,3.54
S03983,Clay,13.8,33.4,52.8,1.55,0.9,1.44,0.457,0.255,0.15,0.104,34.9,0.764,0.108,0.738,738.0,normal(<1),6.12,27.7,108.0,51.0,344.0,46.0,28.0,439.0,1.29
S03984,Clay loam,44.2,22.3,33.5,2.08,1.2,1.494,0.436,0.214,0.096,0.117,26.9,0.617,0.167,0.402,402.0,normal(<1),6.54,26.1,89.0,2.0,272.0,46.0,24.0,278.0,2.17
S03985,Silty clay,1.7,45.8,52.5,2.78,1.61,1.439,0.457,0.276,0.135,0.141,35.1,0.767,0.106,0.994,994.0,normal(<1),6.46,23.2,87.0,23.0,402.0,75.0,1.0,491.0,2.56
S03986,Silt loam,23.2,71.3,5.5,2.68,1.55,1.623,0.387,0.174,0.068,0.106,24.2,0.625,0.145,1.221,1221.0,germination-critical(1-2),6.14,27.9,146.0,75.0,626.0,67.0,24.0,726.0,2.85
S03987,Loamy sand,74.3,22.9,2.8,1.81,1.05,1.571,0.407,0.134,0.052,0.082,27.3,0.67,0.134,0.074,74.0,normal(<1),5.86,29.2,18.0,31.0,131.0,52.0,27.0,200.0,1.59
S03988,Sandy clay,47.7,0.2,52.1,1.82,1.06,1.49,0.438,0.231,0.129,0.103,28.3,0.647,0.155,1.652,1652.0,germination-critical(1-2),6.96,37.2,139.0,62.0,148.0,39.0,18.0,185.0,1.4
S03989,Sandy loam,78.3,14.7,7.0,3.99,2.32,1.576,0.405,0.16,0.078,0.081,25.2,0.621,0.154,0.635,635.0,normal(<1),6.85,27.5,91.0,44.0,145.0,69.0,36.0,166.0,4.52
S03990,Loam,27.8,48.6,23.5,2.96,1.72,1.507,0.431,0.216,0.097,0.12,31.9,0.74,0.112,1.76,1760.0,germination-critical(1-2),6.14,25.1,127.0,41.0,374.0,53.0,3.0,413.0,2.56
S03991,Sandy loam,46.8,41.0,12.2,1.6,0.93,1.626,0.387,0.164,0.075,0.09,24.1,0.624,0.145,0.263,263.0,normal(<1),6.64,32.0,47.0,0.0,332.0,39.0,9.0,458.0,1.69
S03992,Sand,92.4,7.6,0.1,1.1,0.64,1.622,0.388,0.09,0.037,0.053,20.0,0.517,0.188,2.339,2339.0,salt-sensitive-critical(2-3),6.66,30.4,155.0,71.0,151.0,35.0,21.0,82.0,0.84
S03993,Sandy clay loam,61.4,12.6,26.0,2.91,1.69,1.579,0.404,0.188,0.077,0.111,19.4,0.48,0.21,0.333,333.0,normal(<1),6.42,27.9,69.0,54.0,171.0,84.0,19.0,235.0,2.65
S03994,Clay loam,30.5,34.0,35.5,1.7,0.99,1.499,0.434,0.2,0.11,0.09,22.0,0.506,0.215,2.904,2904.0,salt-sensitive-critical(2-3),6.62,21.5,161.0,101.0,409.0,29.0,21.0,433.0,1.85
S03995,Sand,97.9,1.0,1.1,0.92,0.53,1.623,0.388,0.116,0.05,0.066,26.0,0.671,0.128,1.335,1335.0,germination-critical(1-2),6.1,31.6,77.0,37.0,101.0,17.0,0.0,119.0,0.83
S03996,Sandy loam,58.9,24.3,16.9,1.42,0.82,1.603,0.395,0.187,0.07,0.117,25.5,0.645,0.14,0.093,93.0,normal(<1),6.42,28.3,26.0,0.0,266.0,24.0,22.0,342.0,1.18
S03997,Clay loam,33.7,35.8,30.5,3.76,2.18,1.538,0.42,0.21,0.095,0.115,26.5,0.632,0.154,0.764,764.0,normal(<1),6.5,20.4,55.0,61.0,362.0,72.0,24.0,432.0,4.02
S03998,Sandy loam,56.2,36.7,7.1,1.56,0.91,1.664,0.372,0.156,0.06,0.096,15.6,0.42,0.216,0.198,198.0,normal(<1),7.01,31.7,48.0,44.0,288.0,30.0,30.0,372.0,2.01
S03999,Sandy clay loam,46.7,27.8,25.4,2.15,1.25,1.528,0.423,0.218,0.103,0.115,26.1,0.617,0.162,3.041,3041.0,detrimental(>3),6.79,35.9,221.0,74.0,269.0,63.0,24.0,269.0,1.81
S04000,Clay loam,39.5,21.4,39.1,1.01,0.59,1.494,0.436,0.236,0.11,0.126,27.6,0.634,0.16,0.279,279.0,normal(<1),6.47,24.6,97.0,19.0,279.0,50.0,18.0,319.0,0.79
S04001,Sandy clay,50.8,6.1,43.0,1.56,0.9,1.411,0.468,0.241,0.108,0.133,27.2,0.581,0.196,0.162,162.0,normal(<1),6.12,31.9,73.0,29.0,117.0,37.0,10.0,202.0,1.93
S04002,Clay loam,23.3,45.4,31.3,1.91,1.11,1.454,0.451,0.229,0.089,0.14,17.0,0.377,0.281,0.376,376.0,normal(<1),6.11,27.1,48.0,23.0,362.0,62.0,25.0,467.0,1.96
S04003,Sandy loam,62.3,28.9,8.8,2.1,1.22,1.605,0.394,0.17,0.071,0.098,20.5,0.519,0.19,0.454,454.0,normal(<1),6.93,27.3,54.0,17.0,153.0,40.0,23.0,233.0,2.13
S04004,Silt loam,12.1,74.2,13.6,1.44,0.84,1.58,0.404,0.233,0.094,0.138,21.4,0.53,0.19,0.126,126.0,normal(<1),6.63,25.5,30.0,0.0,498.0,29.0,4.0,652.0,1.46
S04005,Sand,89.5,3.1,7.4,0.3,0.17,1.609,0.393,0.1,0.039,0.06,16.6,0.422,0.227,0.359,359.0,normal(<1),6.78,31.7,12.0,25.0,175.0,25.0,7.0,178.0,0.0
S04006,Sandy clay,46.9,17.8,35.3,1.34,0.77,1.611,0.392,0.201,0.08,0.122,23.0,0.586,0.162,0.182,182.0,normal(<1),7.0,27.1,32.0,22.0,214.0,37.0,2.0,327.0,1.66
S04007,Sandy clay loam,46.6,23.6,29.8,1.57,0.91,1.43,0.46,0.209,0.078,0.131,31.5,0.685,0.145,0.282,282.0,normal(<1),6.2,27.8,7.0,56.0,288.0,0.0,27.0,376.0,1.43
S04008,Silty clay,13.3,45.4,41.3,4.54,2.64,1.422,0.464,0.254,0.124,0.13,25.2,0.543,0.212,0.28,280.0,normal(<1),6.7,30.5,74.0,8.0,484.0,65.0,30.0,619.0,4.75
S04009,Silt loam,28.1,56.1,15.8,2.14,1.24,1.499,0.434,0.21,0.088,0.122,30.2,0.696,0.132,1.162,1162.0,germination-critical(1-2),6.43,29.2,90.0,16.0,448.0,43.0,19.0,550.0,2.65
S04010,Silty clay loam,15.7,49.9,34.4,4.82,2.8,1.457,0.45,0.259,0.137,0.122,32.0,0.711,0.13,0.311,311.0,normal(<1),6.45,17.9,60.0,9.0,392.0,102.0,42.0,459.0,4.7
S04011,Silt loam,5.6,70.6,23.8,1.97,1.14,1.511,0.43,0.231,0.119,0.112,24.8,0.577,0.182,1.279,1279.0,germination-critical(1-2),6.65,29.2,81.0,79.0,625.0,46.0,12.0,687.0,2.02
S04012,Sandy clay loam,63.6,4.9,31.5,0.86,0.5,1.556,0.413,0.173,0.081,0.092,9.8,0.238,0.315,0.227,227.0,normal(<1),5.89,26.3,51.0,0.0,183.0,0.0,0.0,202.0,0.74
S04013,Clay loam,30.3,35.0,34.7,1.2,0.69,1.495,0.436,0.219,0.09,0.13,26.5,0.607,0.171,0.282,282.0,normal(<1),6.19,31.4,8.0,11.0,372.0,7.0,6.0,409.0,1.13
S04014,Clay,37.6,14.4,47.9,3.32,1.93,1.546,0.417,0.225,0.115,0.11,23.7,0.568,0.18,0.943,943.0,normal(<1),6.57,26.0,62.0,70.0,152.0,82.0,22.0,214.0,3.35
S04015,Clay loam,29.8,40.2,29.9,2.91,1.69,1.574,0.406,0.209,0.09,0.119,25.1,0.617,0.155,1.091,1091.0,germination-critical(1-2),7.28,24.4,89.0,0.0,378.0,66.0,9.0,503.0,3.28
S04016,Loam,49.5,36.3,14.2,2.07,1.2,1.432,0.46,0.187,0.094,0.093,33.5,0.728,0.125,0.305,305.0,normal(<1),6.26,35.8,44.0,26.0,312.0,35.0,10.0,427.0,1.81
S04017,Sandy loam,49.9,45.1,5.0,1.57,0.91,1.55,0.415,0.165,0.072,0.093,26.1,0.628,0.154,0.859,859.0,normal(<1),6.75,27.9,47.0,28.0,326.0,57.0,8.0,409.0,1.71
S04018,Silt loam,9.4,84.9,5.6,2.54,1.47,1.536,0.42,0.242,0.084,0.159,18.7,0.445,0.233,1.519,1519.0,germination-critical(1-2),6.08,24.2,111.0,96.0,552.0,64.0,22.0,697.0,2.53
S04019,Sand,89.6,1.3,9.1,0.47,0.27,1.527,0.424,0.118,0.043,0.075,9.7,0.229,0.327,0.867,867.0,normal(<1),6.73,24.3,47.0,6.0,0.0,25.0,3.0,0.0,0.59
S04020,Loam,45.9,34.2,20.0,0.86,0.5,1.565,0.409,0.193,0.105,0.088,23.7,0.578,0.173,0.694,694.0,normal(<1),5.96,30.2,15.0,24.0,294.0,6.0,4.0,355.0,0.88
S04021,Clay loam,34.4,33.1,32.5,1.41,0.82,1.501,0.434,0.23,0.107,0.124,25.3,0.583,0.181,1.8,1800.0,germination-critical(1-2),6.36,42.6,115.0,36.0,334.0,24.0,22.0,334.0,1.42
S04022,Loam,48.2,39.7,12.2,2.01,1.16,1.529,0.423,0.19,0.065,0.125,24.2,0.571,0.181,0.217,217.0,normal(<1),7.28,24.2,44.0,29.0,323.0,59.0,22.0,426.0,2.15
S04023,Clay,20.7,28.7,50.5,4.18,2.43,1.41,0.468,0.246,0.121,0.125,31.5,0.673,0.153,0.206,206.0,normal(<1),6.22,29.9,69.0,30.0,349.0,82.0,25.0,449.0,3.85
S04024,Clay loam,34.1,31.3,34.7,2.61,1.52,1.494,0.436,0.205,0.119,0.086,18.1,0.414,0.255,0.14,140.0,normal(<1),5.97,26.6,73.0,7.0,293.0,20.0,7.0,409.0,2.87
S04025,Loamy sand,88.3,6.2,5.5,2.95,1.71,1.513,0.429,0.12,0.053,0.066,18.9,0.44,0.24,0.461,461.0,normal(<1),6.94,33.3,63.0,47.0,128.0,71.0,37.0,143.0,3.44
S04026,Sandy loam,69.2,18.4,12.4,3.09,1.79,1.558,0.412,0.176,0.065,0.111,29.2,0.708,0.12,0.103,103.0,normal(<1),6.1,29.6,67.0,0.0,174.0,92.0,23.0,230.0,2.9
S04027,Loamy sand,70.7,25.5,3.8,0.88,0.51,1.598,0.397,0.15,0.047,0.103,21.5,0.541,0.182,1.096,1096.0,germination-critical(1-2),6.48,32.0,57.0,49.0,181.0,19.0,15.0,247.0,0.74
S04028,Silty clay loam,5.4,59.1,35.4,2.11,1.22,1.485,0.44,0.257,0.128,0.129,16.0,0.364,0.28,0.136,136.0,normal(<1),6.73,22.3,26.0,28.0,509.0,64.0,40.0,589.0,1.88
S04029,Sandy clay loam,48.0,18.8,33.3,1.39,0.81,1.531,0.422,0.165,0.093,0.072,24.0,0.569,0.182,0.734,734.0,normal(<1),6.33,30.1,31.0,33.0,223.0,13.0,28.0,293.0,1.3
S04030,Sand,96.7,0.3,3.0,5.07,2.94,1.535,0.421,0.138,0.035,0.103,25.4,0.604,0.167,0.133,133.0,normal(<1),6.23,30.9,21.0,28.0,24.0,87.0,47.0,12.0,5.26
S04031,Sand,86.4,4.1,9.5,0.99,0.57,1.64,0.381,0.138,0.051,0.087,20.6,0.54,0.175,0.388,388.0,normal(<1),6.9,34.8,31.0,6.0,82.0,60.0,22.0,49.0,1.63
S04032,Sand,85.6,8.7,5.7,0.49,0.28,1.544,0.418,0.097,0.031,0.065,24.6,0.589,0.172,0.284,284.0,normal(<1),6.62,31.8,0.0,34.0,104.0,9.0,7.0,114.0,0.29
S04033,Silt loam,18.2,59.8,22.0,1.03,0.6,1.495,0.436,0.226,0.105,0.121,30.4,0.697,0.132,1.046,1046.0,germination-critical(1-2),6.59,30.5,27.0,71.0,518.0,12.0,9.0,617.0,1.19
S04034,Silt loam,16.2,61.4,22.4,1.91,1.11,1.549,0.416,0.236,0.108,0.128,24.7,0.594,0.169,3.149,3149.0,detrimental(>3),6.66,22.0,146.0,116.0,515.0,40.0,23.0,574.0,1.75
S04035,Sand,89.4,6.8,3.8,0.3,0.17,1.595,0.398,0.109,0.029,0.08,20.2,0.507,0.196,0.86,860.0,normal(<1),6.48,38.7,33.0,23.0,49.0,2.0,25.0,98.0,0.14
S04036,Clay loam,30.0,40.6,29.4,3.58,2.08,1.443,0.455,0.242,0.098,0.144,28.1,0.616,0.175,0.764,764.0,normal(<1),6.52,36.2,77.0,44.0,367.0,71.0,23.0,439.0,3.04
S04037,Silt loam,2.3,82.9,14.7,1.38,0.8,1.52,0.426,0.228,0.11,0.118,25.4,0.595,0.173,0.343,343.0,normal(<1),6.59,25.4,32.0,6.0,618.0,43.0,19.0,764.0,1.26
S04038,Sandy clay loam,51.1,23.9,25.0,1.12,0.65,1.589,0.4,0.175,0.088,0.087,23.7,0.591,0.164,1.486,1486.0,germination-critical(1-2),6.33,24.8,75.0,36.0,279.0,26.0,17.0,252.0,0.88
S04039,Loam,36.5,41.2,22.3,2.61,1.52,1.633,0.384,0.227,0.078,0.149,26.2,0.682,0.122,0.57,570.0,normal(<1),6.58,27.3,29.0,8.0,370.0,52.0,14.0,430.0,2.52
S04040,Clay loam,28.0,36.9,35.2,2.29,1.33,1.566,0.409,0.213,0.128,0.085,27.3,0.666,0.137,1.105,1105.0,germination-critical(1-2),6.85,22.3,105.0,52.0,374.0,63.0,16.0,500.0,2.45
S04041,Silt loam,4.7,71.4,23.9,1.88,1.09,1.593,0.399,0.243,0.122,0.12,26.7,0.668,0.132,1.235,1235.0,germination-critical(1-2),6.33,21.2,121.0,61.0,628.0,44.0,17.0,712.0,1.83
S04042,Loamy sand,85.3,9.5,5.3,1.07,0.62,1.555,0.413,0.139,0.05,0.089,14.5,0.351,0.268,0.231,231.0,normal(<1),6.72,25.8,5.0,6.0,75.0,38.0,2.0,88.0,0.77
S04043,Silt loam,16.3,76.4,7.2,1.4,0.81,1.586,0.402,0.2,0.095,0.105,24.8,0.618,0.153,0.436,436.0,normal(<1),6.17,26.1,0.0,28.0,478.0,14.0,6.0,618.0,1.35
S04044,Sandy loam,58.8,24.7,16.5,1.05,0.61,1.458,0.45,0.176,0.061,0.115,23.6,0.524,0.214,0.813,813.0,normal(<1),6.35,35.0,36.0,34.0,229.0,18.0,3.0,280.0,1.12
S04045,Loam,40.9,33.2,26.0,2.5,1.45,1.505,0.432,0.169,0.082,0.087,16.4,0.38,0.268,0.571,571.0,normal(<1),5.32,26.5,82.0,66.0,343.0,85.0,30.0,390.0,2.44
S04046,Loamy sand,83.6,9.4,7.0,0.3,0.17,1.61,0.392,0.152,0.049,0.103,19.9,0.506,0.194,0.246,246.0,normal(<1),6.79,27.7,36.0,14.0,122.0,8.0,4.0,175.0,0.48
S04047,Silt loam,13.1,68.9,18.0,1.96,1.13,1.438,0.457,0.243,0.108,0.135,14.4,0.316,0.313,0.431,431.0,normal(<1),6.6,19.5,85.0,24.0,497.0,45.0,17.0,617.0,1.86
S04048,Silt loam,22.8,59.8,17.5,1.87,1.08,1.489,0.438,0.22,0.098,0.122,28.8,0.656,0.151,1.434,1434.0,germination-critical(1-2),6.41,18.1,109.0,60.0,404.0,47.0,21.0,534.0,2.13
S04049,Sandy loam,50.8,37.8,11.4,1.77,1.03,1.609,0.393,0.166,0.074,0.092,21.9,0.557,0.174,1.002,1002.0,germination-critical(1-2),6.63,27.0,82.0,42.0,275.0,67.0,13.0,332.0,1.56
S04050,Loam,31.1,42.4,26.5,1.31,0.76,1.543,0.418,0.212,0.104,0.108,17.0,0.406,0.248,0.425,425.0,normal(<1),6.18,33.1,36.0,30.0,341.0,24.0,0.0,461.0,1.32
S04051,Silty clay,7.9,50.4,41.7,2.67,1.55,1.538,0.42,0.261,0.133,0.128,28.5,0.678,0.135,4.366,4366.0,detrimental(>3),7.16,32.6,198.0,127.0,594.0,45.0,17.0,581.0,2.93
S04052,Sand,95.2,1.1,3.7,0.67,0.39,1.699,0.359,0.101,0.038,0.062,18.6,0.519,0.173,0.091,91.0,normal(<1),6.91,27.9,23.0,0.0,12.0,16.0,17.0,41.0,0.73
S04053,Sandy loam,57.7,24.2,18.1,0.73,0.43,1.58,0.404,0.17,0.079,0.091,21.7,0.537,0.187,1.772,1772.0,germination-critical(1-2),6.73,33.0,145.0,67.0,241.0,13.0,29.0,303.0,0.7
S04054,Sandy clay,56.5,7.3,36.2,2.74,1.59,1.55,0.415,0.183,0.089,0.094,13.4,0.323,0.281,0.743,743.0,normal(<1),6.61,20.2,59.0,36.0,195.0,64.0,3.0,193.0,3.08
S04055,Silty clay loam,15.5,45.4,39.1,2.09,1.21,1.495,0.436,0.269,0.129,0.14,28.3,0.649,0.153,0.293,293.0,normal(<1),6.44,28.5,44.0,0.0,440.0,17.0,7.0,535.0,2.95
S04056,Loam,32.1,45.6,22.2,1.85,1.07,1.508,0.431,0.221,0.089,0.132,27.0,0.626,0.161,0.29,290.0,normal(<1),6.21,24.1,7.0,0.0,315.0,22.0,3.0,389.0,2.18
S04057,Sandy clay loam,45.9,22.2,31.9,2.9,1.68,1.483,0.44,0.203,0.102,0.101,19.9,0.453,0.241,0.237,237.0,normal(<1),6.2,32.0,92.0,18.0,219.0,62.0,29.0,324.0,2.49
S04058,Loam,35.9,48.5,15.6,2.34,1.36,1.512,0.43,0.228,0.083,0.145,28.4,0.661,0.145,2.104,2104.0,salt-sensitive-critical(2-3),7.09,19.1,120.0,112.0,409.0,48.0,13.0,495.0,1.97
S04059,Loam,31.5,42.3,26.1,3.64,2.11,1.462,0.448,0.252,0.09,0.163,26.3,0.586,0.186,0.172,172.0,normal(<1),6.34,25.8,65.0,1.0,371.0,96.0,14.0,464.0,3.74
S04060,Sandy loam,76.3,13.0,10.7,1.41,0.82,1.577,0.405,0.166,0.059,0.107,23.5,0.582,0.169,0.85,850.0,normal(<1),6.72,20.3,7.0,15.0,151.0,30.0,6.0,164.0,1.3
S04061,Loam,49.3,31.1,19.6,0.62,0.36,1.567,0.409,0.175,0.088,0.087,13.8,0.338,0.27,0.457,457.0,normal(<1),5.9,27.7,59.0,32.0,251.0,34.0,3.0,377.0,0.54
S04062,Sandy loam,77.7,12.3,10.0,1.64,0.95,1.574,0.406,0.136,0.045,0.091,20.6,0.508,0.2,0.706,706.0,normal(<1),6.01,28.3,66.0,0.0,170.0,46.0,28.0,146.0,1.78
S04063,Silty clay loam,0.1,71.9,27.9,2.42,1.41,1.566,0.409,0.25,0.123,0.128,25.0,0.611,0.159,1.11,1110.0,germination-critical(1-2),6.48,35.7,115.0,43.0,605.0,73.0,28.0,718.0,3.01
S04064,Sandy loam,52.1,32.0,15.9,1.2,0.7,1.495,0.436,0.181,0.061,0.12,23.1,0.529,0.205,0.088,88.0,normal(<1),5.68,30.0,12.0,22.0,309.0,42.0,17.0,345.0,1.08
S04065,Clay loam,34.7,30.9,34.4,1.54,0.89,1.457,0.45,0.223,0.1,0.122,26.2,0.583,0.188,1.23,1230.0,germination-critical(1-2),6.45,18.0,109.0,42.0,380.0,63.0,11.0,393.0,1.5
S04066,Silty clay loam,15.0,55.5,29.5,1.23,0.71,1.621,0.388,0.239,0.101,0.137,19.6,0.504,0.192,0.327,327.0,normal(<1),6.61,29.2,0.0,0.0,483.0,8.0,0.0,581.0,0.92
S04067,Sandy clay,49.0,12.9,38.1,1.16,0.68,1.571,0.407,0.197,0.09,0.107,25.5,0.626,0.152,0.208,208.0,normal(<1),6.42,25.8,0.0,53.0,156.0,38.0,12.0,219.0,0.93
S04068,Clay,23.0,23.6,53.4,2.57,1.49,1.402,0.471,0.249,0.112,0.137,34.0,0.722,0.131,1.361,1361.0,germination-critical(1-2),5.76,26.3,137.0,94.0,360.0,47.0,28.0,386.0,2.64
S04069,Clay loam,25.0,43.1,31.9,3.81,2.21,1.416,0.466,0.241,0.106,0.135,22.7,0.488,0.238,0.96,960.0,normal(<1),6.71,29.0,100.0,48.0,440.0,101.0,18.0,478.0,3.49
S04070,Sandy clay,50.7,12.6,36.7,3.36,1.95,1.495,0.436,0.209,0.106,0.103,22.5,0.516,0.211,0.475,475.0,normal(<1),6.36,26.8,69.0,45.0,266.0,82.0,20.0,295.0,3.11
S04071,Clay loam,30.1,40.0,29.9,2.56,1.49,1.57,0.408,0.232,0.092,0.14,24.8,0.61,0.159,1.352,1352.0,germination-critical(1-2),6.16,26.1,73.0,54.0,350.0,40.0,28.0,399.0,2.46
S04072,Sand,90.1,6.7,3.2,3.23,1.87,1.54,0.419,0.118,0.044,0.075,21.7,0.517,0.202,1.882,1882.0,germination-critical(1-2),6.56,19.7,129.0,24.0,128.0,55.0,3.0,74.0,3.28
S04073,Loamy sand,72.8,21.7,5.4,0.54,0.32,1.536,0.421,0.141,0.047,0.095,21.5,0.511,0.206,0.769,769.0,normal(<1),6.62,17.3,15.0,48.0,157.0,15.0,4.0,172.0,0.41
S04074,Sandy loam,69.1,14.2,16.7,2.51,1.46,1.611,0.392,0.189,0.071,0.118,17.0,0.434,0.222,0.545,545.0,normal(<1),6.66,25.1,60.0,3.0,143.0,60.0,22.0,105.0,2.36
S04075,Sandy loam,76.5,14.9,8.6,0.46,0.27,1.573,0.407,0.118,0.047,0.072,23.7,0.582,0.17,0.506,506.0,normal(<1),6.38,27.7,86.0,50.0,155.0,42.0,0.0,166.0,0.01
S04076,Loam,42.6,49.6,7.8,2.0,1.16,1.59,0.4,0.169,0.091,0.078,31.5,0.788,0.085,0.368,368.0,normal(<1),6.33,26.5,17.0,25.0,394.0,42.0,28.0,471.0,1.85
S04077,Sandy clay loam,53.9,24.9,21.2,1.21,0.7,1.491,0.438,0.178,0.064,0.113,16.8,0.385,0.269,0.582,582.0,normal(<1),6.6,28.4,54.0,2.0,221.0,9.0,4.0,286.0,1.15
S04078,Sandy loam,68.3,23.2,8.5,1.48,0.86,1.558,0.412,0.162,0.043,0.119,20.3,0.492,0.209,1.557,1557.0,germination-critical(1-2),5.83,25.5,81.0,1.0,244.0,46.0,16.0,250.0,1.73
S04079,Sandy loam,64.0,24.8,11.2,1.94,1.12,1.622,0.388,0.127,0.063,0.064,27.3,0.704,0.115,0.572,572.0,normal(<1),6.66,22.4,38.0,11.0,259.0,34.0,20.0,249.0,1.96
S04080,Silt loam,14.4,69.0,16.6,1.22,0.71,1.64,0.381,0.223,0.104,0.119,20.0,0.524,0.181,0.773,773.0,normal(<1),6.63,23.2,89.0,48.0,569.0,30.0,7.0,714.0,1.68
S04081,Sandy loam,73.5,14.1,12.5,2.32,1.34,1.55,0.415,0.152,0.079,0.074,17.8,0.428,0.237,1.641,1641.0,germination-critical(1-2),6.05,30.2,76.0,65.0,133.0,49.0,24.0,92.0,1.99
S04082,Clay loam,36.2,28.6,35.2,4.04,2.34,1.441,0.456,0.247,0.119,0.128,28.6,0.627,0.17,0.332,332.0,normal(<1),5.6,28.0,55.0,72.0,373.0,57.0,24.0,411.0,4.3
S04083,Silt loam,27.2,58.3,14.5,1.23,0.71,1.487,0.439,0.217,0.086,0.131,21.2,0.484,0.227,0.272,272.0,normal(<1),6.3,27.6,33.0,27.0,479.0,28.0,2.0,578.0,1.87
S04084,Sand,88.1,5.8,6.1,0.53,0.31,1.606,0.394,0.126,0.06,0.066,14.8,0.376,0.246,0.369,369.0,normal(<1),6.58,27.7,43.0,17.0,41.0,11.0,8.0,26.0,0.55
S04085,Loam,39.9,45.7,14.4,2.01,1.16,1.621,0.388,0.207,0.098,0.108,26.6,0.685,0.122,0.869,869.0,normal(<1),6.93,24.0,55.0,31.0,412.0,68.0,24.0,451.0,2.01
S04086,Sandy loam,56.0,28.4,15.5,1.34,0.77,1.568,0.408,0.181,0.072,0.109,20.5,0.501,0.204,1.902,1902.0,germination-critical(1-2),6.4,28.9,121.0,58.0,216.0,36.0,17.0,283.0,1.31
S04087,Sandy clay loam,61.9,9.5,28.5,2.05,1.19,1.647,0.379,0.16,0.083,0.077,16.4,0.432,0.215,0.616,616.0,normal(<1),6.3,16.4,44.0,23.0,138.0,35.0,0.0,165.0,1.93
S04088,Silt loam,22.8,65.7,11.5,2.78,1.62,1.503,0.433,0.225,0.102,0.123,32.4,0.748,0.109,0.259,259.0,normal(<1),6.61,28.6,78.0,27.0,477.0,49.0,7.0,573.0,2.89
S04089,Silt loam,20.2,69.5,10.3,2.44,1.42,1.516,0.428,0.212,0.09,0.122,27.6,0.645,0.152,2.415,2415.0,salt-sensitive-critical(2-3),6.46,22.4,173.0,93.0,508.0,28.0,21.0,605.0,2.67
S04090,Clay,17.0,31.5,51.4,3.34,1.94,1.464,0.447,0.276,0.128,0.148,29.7,0.663,0.151,0.321,321.0,normal(<1),6.47,14.3,57.0,24.0,391.0,60.0,21.0,428.0,3.78
S04091,Sandy clay,48.5,11.4,40.1,3.25,1.88,1.369,0.484,0.208,0.116,0.092,28.8,0.596,0.195,0.114,114.0,normal(<1),6.28,25.9,24.0,21.0,236.0,59.0,16.0,297.0,3.46
S04092,Loam,50.6,41.5,7.9,2.28,1.32,1.565,0.409,0.157,0.091,0.066,17.1,0.418,0.238,2.732,2732.0,salt-sensitive-critical(2-3),6.98,28.8,166.0,115.0,355.0,69.0,16.0,391.0,1.95
S04093,Sandy loam,52.8,30.0,17.3,1.46,0.85,1.546,0.417,0.178,0.073,0.105,27.9,0.669,0.138,2.412,2412.0,salt-sensitive-critical(2-3),6.22,22.2,118.0,49.0,349.0,15.0,7.0,314.0,0.99
S04094,Clay,12.2,22.6,65.3,3.83,2.22,1.343,0.493,0.293,0.156,0.137,31.6,0.64,0.177,0.15,150.0,normal(<1),6.49,31.7,83.0,10.0,373.0,89.0,28.0,454.0,4.08
S04095,Sandy clay,53.7,2.9,43.4,1.46,0.85,1.54,0.419,0.196,0.092,0.104,24.7,0.589,0.172,0.693,693.0,normal(<1),6.11,20.7,15.0,0.0,121.0,41.0,18.0,213.0,1.23
S04096,Sandy clay loam,52.6,16.6,30.8,0.85,0.49,1.626,0.387,0.197,0.106,0.091,25.9,0.669,0.128,0.191,191.0,normal(<1),6.69,26.0,48.0,13.0,129.0,32.0,0.0,241.0,0.81
S04097,Sand,90.3,2.5,7.2,1.6,0.93,1.601,0.396,0.126,0.055,0.071,20.9,0.528,0.187,0.187,187.0,normal(<1),6.39,26.9,29.0,19.0,58.0,50.0,14.0,42.0,1.43
S04098,Loam,46.4,35.8,17.8,1.2,0.69,1.477,0.443,0.191,0.066,0.125,26.9,0.608,0.174,0.696,696.0,normal(<1),6.63,35.6,20.0,24.0,380.0,62.0,12.0,430.0,0.84
S04099,Sandy clay loam,61.0,14.4,24.6,3.81,2.21,1.467,0.446,0.189,0.076,0.114,25.6,0.573,0.191,0.116,116.0,normal(<1),5.74,24.1,101.0,31.0,121.0,78.0,24.0,163.0,3.58
S04100,Silty clay loam,16.8,44.5,38.7,1.47,0.85,1.533,0.421,0.243,0.118,0.125,24.2,0.573,0.18,0.666,666.0,normal(<1),5.99,27.2,87.0,14.0,421.0,31.0,4.0,528.0,1.23
S04101,Loamy sand,73.2,25.1,1.6,1.12,0.65,1.554,0.414,0.177,0.054,0.123,22.4,0.541,0.19,2.797,2797.0,salt-sensitive-critical(2-3),6.95,27.5,199.0,89.0,227.0,22.0,9.0,252.0,0.79
S04102,Sandy clay loam,59.7,13.0,27.4,4.54,2.63,1.475,0.443,0.181,0.092,0.09,15.4,0.347,0.29,0.561,561.0,normal(<1),6.72,29.4,96.0,35.0,207.0,78.0,32.0,198.0,4.67
S04103,Sandy loam,51.2,39.1,9.7,2.92,1.7,1.548,0.416,0.176,0.064,0.112,22.1,0.53,0.195,0.068,68.0,normal(<1),6.23,24.5,40.0,2.0,351.0,42.0,27.0,389.0,2.76
S04104,Loam,45.0,46.9,8.1,1.17,0.68,1.587,0.401,0.193,0.075,0.118,25.2,0.628,0.149,0.086,86.0,normal(<1),6.57,27.5,38.0,8.0,385.0,37.0,12.0,461.0,1.5
S04105,Sandy clay loam,59.8,11.7,28.5,2.43,1.41,1.547,0.416,0.199,0.092,0.107,28.4,0.682,0.132,0.932,932.0,normal(<1),6.33,28.6,99.0,58.0,177.0,85.0,17.0,181.0,2.7
S04106,Sandy clay loam,51.6,25.3,23.1,1.47,0.85,1.62,0.389,0.164,0.107,0.057,27.0,0.694,0.119,0.207,207.0,normal(<1),6.75,27.7,23.0,0.0,179.0,51.0,28.0,282.0,1.35
S04107,Loamy sand,73.9,18.3,7.8,2.35,1.36,1.595,0.398,0.146,0.051,0.096,27.7,0.694,0.122,0.204,204.0,normal(<1),6.45,19.7,23.0,31.0,195.0,53.0,9.0,242.0,2.22
S04108,Sandy clay loam,56.6,14.2,29.2,1.74,1.01,1.499,0.434,0.182,0.097,0.084,26.8,0.617,0.167,0.189,189.0,normal(<1),6.33,33.0,46.0,64.0,167.0,34.0,34.0,195.0,1.84
S04109,Sandy loam,70.3,12.2,17.5,1.82,1.06,1.609,0.393,0.166,0.058,0.108,24.4,0.621,0.149,0.387,387.0,normal(<1),6.69,24.1,33.0,17.0,182.0,36.0,4.0,173.0,1.99
S04110,Sandy loam,61.6,30.6,7.8,1.19,0.69,1.572,0.407,0.159,0.063,0.096,19.0,0.467,0.217,0.056,56.0,normal(<1),5.92,23.8,22.0,0.0,166.0,14.0,4.0,257.0,0.7
S04111,Silt loam,22.3,56.9,20.8,1.92,1.11,1.519,0.427,0.236,0.095,0.142,15.8,0.371,0.269,0.266,266.0,normal(<1),6.87,24.6,93.0,9.0,410.0,58.0,34.0,590.0,1.72
S04112,Sandy clay,46.4,7.5,46.1,1.97,1.15,1.462,0.448,0.233,0.14,0.093,32.0,0.713,0.129,0.778,778.0,normal(<1),7.07,24.1,17.0,64.0,125.0,37.0,24.0,199.0,1.95
S04113,Sandy loam,75.1,12.0,12.9,0.5,0.29,1.559,0.412,0.146,0.067,0.08,25.4,0.617,0.158,0.454,454.0,normal(<1),6.98,26.7,30.0,11.0,143.0,47.0,0.0,142.0,1.14
S04114,Sand,89.4,10.0,0.6,1.51,0.88,1.617,0.39,0.117,0.041,0.076,14.9,0.382,0.241,0.517,517.0,normal(<1),6.09,29.5,31.0,39.0,69.0,11.0,15.0,131.0,2.08
S04115,Silty clay loam,12.2,51.7,36.1,6.38,3.7,1.47,0.445,0.245,0.141,0.105,19.9,0.448,0.246,0.237,237.0,normal(<1),6.49,31.7,50.0,52.0,461.0,132.0,43.0,579.0,6.66
S04116,Silt loam,23.9,52.7,23.4,2.92,1.69,1.538,0.42,0.247,0.1,0.147,28.7,0.684,0.132,0.513,513.0,normal(<1),6.51,31.6,53.0,67.0,467.0,71.0,49.0,573.0,3.08
S04117,Sandy clay loam,64.3,3.8,31.9,2.67,1.55,1.56,0.411,0.171,0.087,0.083,29.9,0.727,0.112,0.179,179.0,normal(<1),6.62,28.0,24.0,0.0,179.0,55.0,0.0,198.0,2.68
S04118,Loam,38.3,38.7,23.0,1.82,1.06,1.539,0.419,0.214,0.085,0.128,22.8,0.545,0.191,1.915,1915.0,germination-critical(1-2),6.55,19.9,83.0,94.0,391.0,34.0,16.0,403.0,1.49
S04119,Silty clay,1.8,41.2,57.0,2.61,1.52,1.362,0.486,0.295,0.147,0.148,19.3,0.397,0.293,1.526,1526.0,germination-critical(1-2),6.57,30.1,76.0,53.0,407.0,63.0,30.0,506.0,2.61
S04120,Loamy sand,81.0,8.8,10.3,1.59,0.92,1.56,0.411,0.124,0.068,0.056,12.7,0.31,0.284,0.247,247.0,normal(<1),7.26,32.9,81.0,27.0,201.0,54.0,22.0,142.0,1.92
S04121,Sandy loam,51.1,34.5,14.4,3.04,1.76,1.497,0.435,0.192,0.051,0.141,28.2,0.648,0.153,1.27,1270.0,germination-critical(1-2),7.03,34.0,108.0,76.0,273.0,83.0,27.0,269.0,3.0
S04122,Sandy clay loam,57.4,13.7,28.9,2.89,1.68,1.431,0.46,0.207,0.097,0.11,16.7,0.363,0.293,0.48,480.0,normal(<1),6.7,23.5,47.0,13.0,209.0,82.0,26.0,278.0,3.26
S04123,Sandy clay,46.0,16.2,37.9,1.81,1.05,1.596,0.398,0.213,0.109,0.104,15.7,0.395,0.241,0.615,615.0,normal(<1),6.92,29.5,43.0,2.0,293.0,39.0,16.0,258.0,1.86
S04124,Sandy loam,48.7,40.9,10.5,0.71,0.41,1.543,0.418,0.168,0.07,0.098,13.6,0.325,0.282,0.207,207.0,normal(<1),6.26,21.5,19.0,52.0,312.0,3.0,6.0,375.0,0.59
S04125,Loamy sand,74.9,12.4,12.7,1.85,1.07,1.592,0.399,0.147,0.072,0.075,19.8,0.495,0.201,0.504,504.0,normal(<1),6.81,23.7,90.0,43.0,167.0,67.0,20.0,168.0,1.96
S04126,Sand,87.4,3.2,9.4,0.96,0.56,1.544,0.417,0.123,0.032,0.091,20.9,0.501,0.208,0.05,50.0,normal(<1),6.49,31.1,33.0,25.0,103.0,41.0,6.0,142.0,1.32
S04127,Sandy loam,59.7,25.9,14.4,0.76,0.44,1.544,0.417,0.178,0.086,0.092,22.3,0.533,0.195,0.194,194.0,normal(<1),6.71,30.5,0.0,21.0,273.0,17.0,13.0,315.0,0.71
S04128,Sandy clay,50.4,5.1,44.4,3.32,1.93,1.458,0.45,0.249,0.098,0.151,34.2,0.759,0.108,0.898,898.0,normal(<1),7.15,22.9,57.0,61.0,249.0,93.0,33.0,239.0,3.84
S04129,Loam,41.8,31.4,26.9,0.78,0.45,1.534,0.421,0.239,0.102,0.137,19.6,0.465,0.225,0.428,428.0,normal(<1),6.66,27.4,74.0,20.0,285.0,52.0,18.0,352.0,0.79
S04130,Silt loam,13.3,60.6,26.1,1.47,0.85,1.537,0.42,0.246,0.103,0.142,28.0,0.667,0.14,0.553,553.0,normal(<1),6.2,26.5,96.0,5.0,473.0,27.0,0.0,580.0,1.49
S04131,Loam,33.2,41.4,25.5,1.74,1.01,1.598,0.397,0.207,0.09,0.117,13.5,0.341,0.262,0.535,535.0,normal(<1),6.41,18.3,72.0,1.0,382.0,42.0,24.0,502.0,1.97
S04132,Loam,31.2,43.5,25.3,1.93,1.12,1.615,0.391,0.209,0.123,0.086,25.9,0.664,0.131,0.499,499.0,normal(<1),6.38,35.1,48.0,9.0,425.0,56.0,27.0,501.0,1.94
S04133,Silty clay loam,14.0,49.8,36.2,1.63,0.95,1.542,0.418,0.229,0.112,0.117,23.0,0.55,0.188,0.671,671.0,normal(<1),5.36,34.0,79.0,17.0,401.0,47.0,13.0,504.0,1.55
S04134,Loam,27.3,46.0,26.8,2.06,1.2,1.498,0.435,0.224,0.112,0.112,22.5,0.518,0.21,0.347,347.0,normal(<1),5.99,29.0,83.0,62.0,397.0,56.0,37.0,512.0,2.2
S04135,Sand,92.7,4.7,2.6,0.84,0.49,1.607,0.394,0.133,0.041,0.092,22.3,0.567,0.17,0.132,132.0,normal(<1),5.96,28.6,0.0,24.0,97.0,15.0,14.0,114.0,0.33
S04136,Silt loam,24.6,59.9,15.6,1.54,0.89,1.58,0.404,0.189,0.083,0.106,12.9,0.319,0.275,0.479,479.0,normal(<1),6.82,29.3,35.0,37.0,519.0,17.0,12.0,596.0,1.19
S04137,Silt loam,1.6,88.0,10.4,2.41,1.4,1.603,0.395,0.252,0.12,0.131,28.2,0.715,0.113,0.257,257.0,normal(<1),6.71,27.4,0.0,0.0,686.0,34.0,8.0,800.0,2.6
S04138,Loam,39.9,38.6,21.5,1.76,1.02,1.528,0.423,0.185,0.092,0.092,28.1,0.664,0.142,0.391,391.0,normal(<1),6.8,28.3,44.0,35.0,327.0,38.0,41.0,416.0,1.78
S04139,Loam,42.6,31.4,26.1,0.88,0.51,1.539,0.419,0.181,0.1,0.082,24.6,0.588,0.173,0.818,818.0,normal(<1),6.29,22.2,5.0,0.0,231.0,16.0,20.0,381.0,1.0
S04140,Sandy clay loam,58.2,21.8,20.1,1.01,0.59,1.616,0.39,0.198,0.088,0.11,28.1,0.72,0.109,0.284,284.0,normal(<1),6.63,35.4,21.0,5.0,204.0,27.0,8.0,253.0,1.1
S04141,Clay loam,25.2,36.3,38.5,1.48,0.86,1.531,0.422,0.245,0.134,0.111,26.0,0.615,0.163,0.153,153.0,normal(<1),6.42,33.7,55.0,15.0,316.0,56.0,21.0,404.0,1.78
S04142,Sandy loam,54.3,30.6,15.1,0.56,0.33,1.542,0.418,0.158,0.068,0.09,29.1,0.695,0.127,3.204,3204.0,detrimental(>3),6.55,29.1,237.0,115.0,335.0,13.0,7.0,396.0,0.8
S04143,Silty clay loam,15.8,50.5,33.7,2.17,1.26,1.5,0.434,0.248,0.103,0.145,23.6,0.544,0.198,0.472,472.0,normal(<1),6.33,25.6,84.0,34.0,365.0,32.0,19.0,499.0,2.26
S04144,Loamy sand,87.2,8.7,4.0,0.3,0.17,1.575,0.406,0.126,0.03,0.096,15.3,0.376,0.253,0.284,284.0,normal(<1),6.2,28.1,33.0,20.0,199.0,43.0,17.0,211.0,0.29
S04145,Loamy sand,84.4,3.6,12.0,2.92,1.69,1.563,0.41,0.127,0.054,0.073,17.1,0.417,0.239,0.361,361.0,normal(<1),6.12,24.8,52.0,55.0,80.0,70.0,15.0,84.0,2.99
S04146,Loamy sand,88.3,7.9,3.7,2.11,1.23,1.632,0.384,0.133,0.032,0.101,20.5,0.534,0.179,1.232,1232.0,germination-critical(1-2),6.94,23.6,126.0,69.0,161.0,95.0,21.0,102.0,1.9
S04147,Silty clay,6.1,44.2,49.6,3.53,2.05,1.401,0.471,0.291,0.136,0.155,19.3,0.409,0.279,0.584,584.0,normal(<1),6.31,27.2,76.0,13.0,512.0,48.0,16.0,544.0,3.47
S04148,Sandy loam,71.9,22.9,5.2,1.14,0.66,1.554,0.414,0.131,0.055,0.076,23.3,0.563,0.181,0.827,827.0,normal(<1),6.55,29.3,80.0,28.0,223.0,41.0,4.0,176.0,0.78
S04149,Sandy loam,71.2,13.8,15.0,2.1,1.22,1.565,0.409,0.14,0.056,0.083,22.5,0.549,0.185,0.655,655.0,normal(<1),6.56,28.2,36.0,9.0,187.0,32.0,1.0,188.0,2.06
S04150,Loam,45.2,33.2,21.7,1.48,0.86,1.512,0.429,0.182,0.089,0.094,28.8,0.671,0.141,0.074,74.0,normal(<1),6.45,36.4,23.0,0.0,216.0,9.0,30.0,260.0,1.75
S04151,Silt loam,3.0,78.3,18.7,2.1,1.22,1.503,0.433,0.267,0.113,0.154,27.7,0.64,0.156,0.913,913.0,normal(<1),6.38,35.1,80.0,27.0,548.0,38.0,1.0,661.0,2.26
S04152,Clay loam,34.8,32.5,32.8,2.6,1.51,1.422,0.464,0.214,0.11,0.104,20.4,0.441,0.259,0.087,87.0,normal(<1),6.74,24.5,52.0,8.0,387.0,70.0,27.0,453.0,2.06
S04153,Clay loam,41.8,26.7,31.5,2.06,1.2,1.476,0.443,0.2,0.129,0.071,27.8,0.628,0.165,2.135,2135.0,salt-sensitive-critical(2-3),7.1,28.4,132.0,97.0,264.0,30.0,20.0,302.0,2.11
S04154,Sandy clay loam,55.9,9.8,34.2,1.88,1.09,1.544,0.417,0.199,0.096,0.103,28.7,0.688,0.13,0.796,796.0,normal(<1),6.74,26.6,74.0,31.0,175.0,45.0,15.0,161.0,1.5
S04155,Silt loam,5.7,79.3,15.0,2.1,1.22,1.487,0.439,0.255,0.125,0.13,30.1,0.685,0.138,1.321,1321.0,germination-critical(1-2),6.44,31.8,127.0,39.0,603.0,58.0,4.0,706.0,2.14
S04156,Silt loam,13.8,80.6,5.6,1.31,0.76,1.591,0.4,0.23,0.068,0.161,24.6,0.616,0.153,0.595,595.0,normal(<1),6.22,29.0,38.0,16.0,605.0,42.0,16.0,734.0,1.6
S04157,Loam,43.9,40.4,15.6,0.92,0.53,1.638,0.382,0.189,0.077,0.112,20.7,0.543,0.175,4.305,4305.0,detrimental(>3),6.73,25.4,178.0,108.0,465.0,1.0,3.0,431.0,0.83
S04158,Sandy loam,67.1,22.7,10.2,0.7,0.41,1.631,0.385,0.12,0.064,0.056,13.0,0.339,0.254,0.425,425.0,normal(<1),6.48,26.2,76.0,39.0,269.0,38.0,23.0,291.0,0.88
S04159,Loam,45.9,42.1,12.0,1.8,1.04,1.594,0.399,0.178,0.054,0.123,21.5,0.539,0.184,0.231,231.0,normal(<1),5.86,26.5,0.0,19.0,282.0,16.0,9.0,407.0,1.56
S04160,Sandy loam,68.4,15.1,16.5,1.18,0.69,1.513,0.429,0.168,0.058,0.11,20.4,0.475,0.225,1.423,1423.0,germination-critical(1-2),6.03,36.8,27.0,36.0,207.0,0.0,6.0,182.0,1.21
S04161,Silt loam,23.5,50.1,26.3,1.46,0.85,1.562,0.411,0.218,0.088,0.131,24.8,0.604,0.163,1.499,1499.0,germination-critical(1-2),6.65,32.8,84.0,67.0,334.0,25.0,17.0,466.0,1.42
S04162,Clay,1.7,33.2,65.2,3.0,1.74,1.402,0.471,0.294,0.166,0.128,28.0,0.594,0.191,0.517,517.0,normal(<1),6.47,24.8,65.0,25.0,403.0,56.0,14.0,520.0,3.14
S04163,Clay loam,34.1,35.0,30.9,2.05,1.19,1.512,0.43,0.234,0.107,0.126,22.9,0.533,0.2,0.218,218.0,normal(<1),6.54,33.9,35.0,25.0,331.0,28.0,34.0,431.0,2.31
S04164,Clay,10.1,37.2,52.7,3.8,2.21,1.351,0.49,0.26,0.126,0.133,30.6,0.625,0.184,0.127,127.0,normal(<1),6.87,28.5,78.0,22.0,359.0,71.0,30.0,502.0,3.46
S04165,Sandy loam,61.3,30.5,8.2,0.37,0.21,1.599,0.397,0.151,0.059,0.093,27.9,0.703,0.118,0.156,156.0,normal(<1),6.64,15.8,0.0,0.0,247.0,9.0,0.0,344.0,0.23
S04166,Silty clay loam,11.0,58.4,30.6,1.77,1.03,1.501,0.434,0.251,0.107,0.144,29.0,0.669,0.143,0.175,175.0,normal(<1),6.09,31.2,9.0,0.0,455.0,26.0,6.0,577.0,1.71
S04167,Sand,85.1,10.4,4.5,1.06,0.61,1.708,0.355,0.165,0.054,0.111,16.0,0.45,0.195,0.404,404.0,normal(<1),6.19,29.5,43.0,29.0,187.0,30.0,0.0,183.0,0.88
S04168,Sandy clay loam,64.1,8.8,27.0,2.18,1.26,1.655,0.375,0.172,0.101,0.07,20.2,0.539,0.173,1.295,1295.0,germination-critical(1-2),6.36,27.3,46.0,70.0,145.0,29.0,26.0,158.0,2.6
S04169,Silt loam,25.9,70.6,3.5,3.86,2.24,1.527,0.424,0.183,0.076,0.107,23.1,0.546,0.192,0.249,249.0,normal(<1),6.6,31.4,73.0,43.0,528.0,112.0,46.0,636.0,3.72
S04170,Silty clay,1.1,58.9,40.0,3.16,1.83,1.43,0.46,0.28,0.149,0.131,29.5,0.641,0.165,0.219,219.0,normal(<1),6.28,24.3,69.0,62.0,505.0,98.0,28.0,587.0,3.12
S04171,Loam,49.3,30.9,19.8,2.87,1.67,1.469,0.446,0.216,0.09,0.126,16.8,0.378,0.277,0.56,560.0,normal(<1),6.07,28.6,109.0,55.0,223.0,74.0,21.0,309.0,2.78
S04172,Silt loam,13.2,70.1,16.7,1.79,1.04,1.568,0.408,0.237,0.12,0.117,29.7,0.727,0.112,0.742,742.0,normal(<1),6.22,28.9,46.0,8.0,600.0,40.0,13.0,648.0,1.75
S04173,Silty clay loam,2.1,58.0,39.9,2.29,1.33,1.516,0.428,0.256,0.111,0.145,21.3,0.497,0.215,0.398,398.0,normal(<1),6.23,30.7,1.0,43.0,479.0,33.0,30.0,598.0,1.99
S04174,Sandy clay loam,58.0,7.7,34.4,1.51,0.88,1.429,0.461,0.185,0.085,0.1,28.0,0.608,0.18,1.236,1236.0,germination-critical(1-2),6.9,23.8,59.0,72.0,126.0,43.0,30.0,160.0,2.01
S04175,Silt loam,11.1,87.5,1.4,3.52,2.04,1.404,0.47,0.215,0.088,0.127,17.5,0.372,0.295,0.22,220.0,normal(<1),6.77,38.4,66.0,2.0,580.0,87.0,31.0,695.0,3.43
S04176,Loamy sand,87.9,1.9,10.1,1.29,0.75,1.547,0.416,0.116,0.036,0.08,20.5,0.492,0.211,0.622,622.0,normal(<1),5.96,30.0,8.0,26.0,62.0,31.0,24.0,70.0,1.15
S04177,Clay loam,44.8,25.8,29.4,1.29,0.75,1.61,0.393,0.202,0.086,0.116,15.5,0.395,0.237,0.901,901.0,normal(<1),6.56,21.0,26.0,39.0,279.0,13.0,5.0,285.0,0.97
S04178,Sandy loam,62.4,32.0,5.6,0.73,0.42,1.681,0.366,0.15,0.057,0.093,15.3,0.418,0.213,0.343,343.0,normal(<1),6.95,28.7,0.0,26.0,278.0,0.0,16.0,353.0,0.85
S04179,Clay loam,39.2,32.1,28.7,4.01,2.33,1.522,0.426,0.222,0.096,0.127,22.8,0.536,0.198,0.411,411.0,normal(<1),6.28,29.8,106.0,66.0,425.0,110.0,35.0,393.0,4.1
S04180,Sand,91.0,5.0,4.0,0.77,0.45,1.784,0.327,0.124,0.05,0.074,16.3,0.498,0.164,0.446,446.0,normal(<1),5.59,20.4,0.0,19.0,117.0,5.0,0.0,139.0,0.74
S04181,Sand,90.0,1.8,8.2,0.3,0.17,1.656,0.375,0.141,0.037,0.104,16.4,0.436,0.211,0.4,400.0,normal(<1),6.67,27.6,25.0,18.0,61.0,27.0,6.0,108.0,0.14
S04182,Sandy loam,71.3,13.8,14.9,2.08,1.21,1.611,0.392,0.148,0.093,0.055,18.9,0.483,0.203,0.368,368.0,normal(<1),6.14,23.9,65.0,22.0,138.0,62.0,5.0,197.0,1.77
S04183,Clay loam,31.3,31.4,37.3,2.67,1.55,1.476,0.443,0.256,0.107,0.149,28.7,0.649,0.156,1.323,1323.0,germination-critical(1-2),6.76,21.8,95.0,39.0,319.0,70.0,22.0,350.0,3.16
S04184,Loam,45.9,44.4,9.7,1.75,1.01,1.573,0.406,0.177,0.064,0.113,24.6,0.606,0.16,0.143,143.0,normal(<1),6.53,27.7,31.0,35.0,380.0,75.0,23.0,447.0,1.14
S04185,Clay,23.4,31.5,45.1,4.43,2.57,1.373,0.482,0.264,0.127,0.137,34.6,0.718,0.136,0.708,708.0,normal(<1),6.72,24.0,81.0,77.0,320.0,97.0,38.0,392.0,4.61
S04186,Clay loam,38.0,34.7,27.4,1.26,0.73,1.542,0.418,0.226,0.098,0.128,18.8,0.45,0.23,1.161,1161.0,germination-critical(1-2),6.58,27.8,59.0,34.0,301.0,34.0,21.0,394.0,1.28
S04187,Loam,44.1,30.6,25.3,3.1,1.8,1.535,0.421,0.188,0.075,0.113,28.5,0.677,0.136,1.312,1312.0,germination-critical(1-2),6.66,30.1,90.0,59.0,317.0,62.0,39.0,368.0,3.03
S04188,Loamy sand,83.3,5.0,11.7,0.62,0.36,1.5,0.434,0.13,0.055,0.075,17.8,0.41,0.256,2.751,2751.0,salt-sensitive-critical(2-3),6.85,30.1,119.0,94.0,89.0,10.0,8.0,56.0,0.47
S04189,Loam,42.2,37.8,20.0,0.86,0.5,1.556,0.413,0.193,0.079,0.114,28.0,0.677,0.133,1.434,1434.0,germination-critical(1-2),6.72,30.6,111.0,58.0,348.0,32.0,12.0,408.0,1.45
S04190,Silty clay loam,13.6,50.2,36.2,1.43,0.83,1.598,0.397,0.237,0.114,0.123,16.6,0.417,0.231,0.634,634.0,normal(<1),5.82,19.4,71.0,16.0,363.0,24.0,2.0,474.0,1.11
S04191,Sandy loam,49.5,35.0,15.5,1.08,0.63,1.591,0.4,0.174,0.075,0.099,15.9,0.398,0.241,1.194,1194.0,germination-critical(1-2),5.82,30.2,114.0,47.0,295.0,35.0,4.0,354.0,1.54
S04192,Sandy loam,51.9,38.5,9.6,2.14,1.24,1.526,0.424,0.186,0.077,0.109,26.1,0.615,0.163,0.385,385.0,normal(<1),6.26,25.1,21.0,5.0,316.0,45.0,14.0,348.0,1.97
S04193,Sandy loam,49.6,42.0,8.4,2.32,1.35,1.657,0.375,0.192,0.059,0.133,17.7,0.471,0.198,0.314,314.0,normal(<1),6.51,26.2,18.0,36.0,315.0,63.0,5.0,398.0,2.28
S04194,Sandy clay loam,47.7,22.9,29.4,1.89,1.1,1.532,0.422,0.205,0.08,0.125,20.7,0.491,0.215,1.039,1039.0,germination-critical(1-2),6.71,28.2,64.0,51.0,307.0,36.0,14.0,317.0,1.81
S04195,Sandy loam,59.3,29.7,11.0,2.24,1.3,1.535,0.421,0.185,0.079,0.106,24.5,0.582,0.176,0.467,467.0,normal(<1),5.97,27.7,42.0,31.0,180.0,44.0,16.0,252.0,2.33
S04196,Loamy sand,79.3,14.0,6.7,2.69,1.56,1.542,0.418,0.124,0.06,0.064,25.4,0.607,0.164,1.029,1029.0,germination-critical(1-2),5.87,22.2,108.0,35.0,89.0,77.0,20.0,116.0,3.11
S04197,Silt loam,20.9,61.0,18.1,1.29,0.75,1.566,0.409,0.215,0.093,0.123,19.6,0.479,0.213,2.077,2077.0,salt-sensitive-critical(2-3),6.4,21.8,98.0,59.0,574.0,24.0,16.0,671.0,1.32
S04198,Clay loam,28.1,43.6,28.3,3.93,2.28,1.363,0.486,0.234,0.104,0.13,24.0,0.494,0.246,0.325,325.0,normal(<1),6.64,27.6,51.0,86.0,306.0,85.0,35.0,434.0,3.39
S04199,Loam,38.7,40.2,21.1,1.56,0.9,1.6,0.396,0.191,0.099,0.093,17.2,0.434,0.224,0.584,584.0,normal(<1),5.42,28.7,49.0,52.0,381.0,13.0,8.0,446.0,1.35
S04200,Sandy loam,70.2,10.7,19.1,0.54,0.32,1.568,0.408,0.145,0.071,0.074,16.9,0.413,0.239,1.136,1136.0,germination-critical(1-2),7.0,23.7,78.0,56.0,183.0,15.0,0.0,147.0,0.55
S04201,Sandy clay,56.1,2.9,41.0,2.87,1.67,1.49,0.438,0.183,0.109,0.073,24.3,0.554,0.195,0.526,526.0,normal(<1),6.55,33.3,7.0,60.0,181.0,78.0,26.0,141.0,2.72
S04202,Sandy clay loam,64.5,6.9,28.7,1.49,0.87,1.591,0.4,0.205,0.081,0.124,24.2,0.605,0.158,0.579,579.0,normal(<1),6.52,33.2,39.0,24.0,170.0,41.0,4.0,192.0,1.67
S04203,Silt loam,1.7,81.0,17.3,4.97,2.88,1.445,0.455,0.267,0.102,0.165,30.3,0.667,0.151,0.519,519.0,normal(<1),6.79,24.2,106.0,45.0,644.0,99.0,27.0,758.0,4.81
S04204,Clay loam,35.2,33.9,31.0,2.42,1.41,1.464,0.448,0.201,0.117,0.083,28.1,0.628,0.166,0.79,790.0,normal(<1),5.91,25.7,42.0,38.0,391.0,48.0,24.0,444.0,2.4
S04205,Sandy loam,75.2,4.8,20.0,3.23,1.87,1.53,0.422,0.15,0.078,0.072,22.6,0.536,0.196,1.078,1078.0,germination-critical(1-2),6.93,28.3,96.0,55.0,204.0,56.0,33.0,187.0,3.01
S04206,Silty clay,2.0,48.9,49.0,3.88,2.25,1.42,0.464,0.282,0.14,0.142,30.7,0.662,0.157,2.014,2014.0,salt-sensitive-critical(2-3),6.71,27.3,147.0,58.0,476.0,60.0,20.0,496.0,3.29
S04207,Silt loam,9.0,68.9,22.0,1.56,0.9,1.414,0.466,0.255,0.116,0.138,30.3,0.65,0.163,0.267,267.0,normal(<1),6.59,20.8,22.0,2.0,530.0,36.0,1.0,660.0,1.09
S04208,Silt loam,10.8,85.6,3.6,2.77,1.61,1.574,0.406,0.236,0.077,0.158,22.1,0.543,0.185,0.54,540.0,normal(<1),6.54,21.9,119.0,29.0,632.0,74.0,23.0,728.0,3.04
S04209,Sand,86.3,3.9,9.7,3.27,1.9,1.504,0.432,0.125,0.043,0.082,29.3,0.678,0.139,0.265,265.0,normal(<1),6.12,35.4,103.0,52.0,37.0,50.0,31.0,108.0,2.96
S04210,Sandy clay,55.1,2.9,41.9,2.78,1.61,1.517,0.427,0.225,0.129,0.096,23.3,0.545,0.194,0.357,357.0,normal(<1),6.06,30.3,86.0,44.0,176.0,86.0,11.0,98.0,2.75
S04211,Sand,95.7,0.9,3.4,0.95,0.55,1.548,0.416,0.101,0.034,0.068,15.4,0.371,0.261,0.171,171.0,normal(<1),6.33,36.7,4.0,0.0,0.0,31.0,28.0,0.0,1.07
S04212,Silty clay,2.4,53.4,44.2,3.0,1.74,1.492,0.437,0.268,0.138,0.13,29.5,0.674,0.143,0.376,376.0,normal(<1),6.66,23.6,64.0,46.0,533.0,48.0,11.0,629.0,3.04
S04213,Sandy loam,55.7,36.9,7.5,0.84,0.48,1.636,0.383,0.174,0.058,0.116,16.9,0.443,0.213,0.487,487.0,normal(<1),6.58,28.1,68.0,41.0,240.0,7.0,3.0,337.0,1.17
S04214,Sandy clay,59.7,3.6,36.7,2.73,1.59,1.522,0.426,0.191,0.078,0.113,22.2,0.521,0.204,0.513,513.0,normal(<1),6.67,28.8,28.0,31.0,107.0,56.0,22.0,156.0,2.6
S04215,Loam,50.4,36.3,13.3,1.99,1.15,1.545,0.417,0.169,0.084,0.086,20.8,0.5,0.209,2.6,2600.0,salt-sensitive-critical(2-3),5.72,29.9,148.0,70.0,363.0,40.0,17.0,337.0,1.66
S04216,Sand,94.0,5.3,0.7,0.3,0.17,1.679,0.366,0.129,0.027,0.102,16.1,0.44,0.205,0.208,208.0,normal(<1),7.15,24.3,28.0,11.0,55.0,19.0,5.0,33.0,0.29
S04217,Silty clay,14.1,44.7,41.1,1.9,1.1,1.472,0.445,0.25,0.138,0.112,32.0,0.721,0.124,0.135,135.0,normal(<1),6.43,32.1,14.0,23.0,501.0,32.0,10.0,548.0,1.96
S04218,Sand,87.1,11.4,1.4,0.3,0.17,1.666,0.371,0.135,0.048,0.086,19.3,0.521,0.178,2.52,2520.0,salt-sensitive-critical(2-3),6.79,32.8,82.0,94.0,177.0,2.0,8.0,102.0,0.9
S04219,Sandy loam,68.0,15.8,16.2,1.01,0.59,1.537,0.42,0.182,0.058,0.123,25.3,0.603,0.167,0.234,234.0,normal(<1),6.78,28.6,9.0,26.0,112.0,3.0,20.0,208.0,0.81
S04220,Sandy loam,60.2,33.7,6.0,0.34,0.2,1.612,0.392,0.141,0.045,0.096,21.1,0.54,0.18,0.167,167.0,normal(<1),6.55,34.7,0.0,0.0,413.0,21.0,0.0,436.0,0.13
S04221,Silt loam,28.5,59.0,12.5,1.22,0.71,1.579,0.404,0.197,0.075,0.122,22.7,0.563,0.177,0.663,663.0,normal(<1),6.69,38.5,50.0,54.0,474.0,8.0,6.0,532.0,1.15
S04222,Silt loam,4.0,85.5,10.5,3.29,1.91,1.471,0.445,0.23,0.084,0.145,26.9,0.604,0.176,0.276,276.0,normal(<1),6.87,25.9,79.0,56.0,596.0,61.0,26.0,800.0,3.02
S04223,Loamy sand,85.0,13.8,1.3,0.3,0.17,1.748,0.341,0.118,0.037,0.081,14.9,0.437,0.192,0.358,358.0,normal(<1),6.43,23.4,26.0,18.0,115.0,0.0,15.0,160.0,0.32
S04224,Loamy sand,75.5,21.9,2.6,2.15,1.25,1.566,0.409,0.144,0.037,0.107,19.3,0.473,0.216,2.263,2263.0,salt-sensitive-critical(2-3),6.58,30.6,128.0,68.0,237.0,63.0,36.0,219.0,2.07
S04225,Sandy clay,46.6,17.2,36.2,1.13,0.66,1.512,0.43,0.199,0.082,0.117,22.6,0.527,0.203,0.343,343.0,normal(<1),6.54,34.5,79.0,50.0,198.0,25.0,4.0,240.0,1.16
S04226,Sandy loam,78.6,14.4,6.9,0.32,0.19,1.622,0.388,0.119,0.061,0.058,14.6,0.377,0.242,0.573,573.0,normal(<1),6.28,24.3,42.0,1.0,126.0,11.0,0.0,157.0,0.33
S04227,Silt loam,26.1,59.3,14.6,1.99,1.15,1.495,0.436,0.229,0.081,0.148,30.2,0.693,0.134,0.811,811.0,normal(<1),6.19,23.2,83.0,51.0,596.0,64.0,16.0,678.0,2.11
S04228,Sandy loam,71.2,9.2,19.5,3.32,1.93,1.611,0.392,0.157,0.089,0.068,24.0,0.611,0.152,0.778,778.0,normal(<1),6.4,36.4,59.0,28.0,108.0,52.0,25.0,133.0,3.29
S04229,Loam,45.0,45.1,9.9,1.88,1.09,1.546,0.416,0.177,0.074,0.102,27.2,0.654,0.144,0.095,95.0,normal(<1),6.75,34.9,21.0,8.0,401.0,32.0,16.0,460.0,2.19
S04230,Sand,88.0,9.1,2.9,0.45,0.26,1.536,0.421,0.143,0.041,0.101,24.2,0.575,0.179,0.328,328.0,normal(<1),6.47,28.0,59.0,28.0,32.0,11.0,12.0,90.0,0.55
S04231,Loamy sand,84.1,7.2,8.7,0.4,0.23,1.656,0.375,0.142,0.051,0.092,11.2,0.298,0.263,1.387,1387.0,germination-critical(1-2),6.42,32.0,59.0,60.0,83.0,9.0,13.0,103.0,0.0
S04232,Loamy sand,85.8,6.0,8.2,1.09,0.63,1.636,0.383,0.143,0.043,0.1,23.7,0.62,0.146,1.344,1344.0,germination-critical(1-2),6.93,31.7,95.0,59.0,62.0,30.0,7.0,93.0,1.27
S04233,Silty clay,3.3,47.4,49.3,2.89,1.68,1.5,0.434,0.299,0.15,0.149,30.0,0.691,0.134,0.518,518.0,normal(<1),6.39,35.4,66.0,19.0,496.0,83.0,12.0,562.0,3.06
S04234,Sandy clay,56.8,6.3,36.8,2.59,1.5,1.453,0.452,0.226,0.085,0.141,29.2,0.646,0.16,0.169,169.0,normal(<1),6.14,28.6,39.0,36.0,119.0,47.0,25.0,182.0,2.59
S04235,Sand,86.0,13.2,0.8,0.3,0.17,1.721,0.351,0.097,0.055,0.042,18.7,0.534,0.163,0.325,325.0,normal(<1),5.77,24.8,11.0,16.0,96.0,12.0,4.0,81.0,0.93
S04236,Sandy clay loam,59.3,18.3,22.4,1.47,0.85,1.605,0.394,0.158,0.076,0.082,26.9,0.681,0.126,0.75,750.0,normal(<1),5.85,20.6,35.0,34.0,254.0,38.0,18.0,254.0,1.43
S04237,Silt loam,15.1,80.3,4.6,1.62,0.94,1.55,0.415,0.228,0.084,0.144,26.5,0.638,0.15,0.474,474.0,normal(<1),5.69,28.2,38.0,4.0,529.0,33.0,18.0,709.0,1.34
S04238,Sand,93.8,2.2,4.0,0.8,0.47,1.663,0.373,0.113,0.049,0.064,18.5,0.495,0.188,0.818,818.0,normal(<1),6.7,24.1,31.0,5.0,82.0,0.0,12.0,50.0,0.76
S04239,Clay loam,41.1,26.2,32.7,1.74,1.01,1.527,0.424,0.187,0.096,0.091,32.7,0.773,0.096,1.251,1251.0,germination-critical(1-2),7.38,28.3,73.0,59.0,319.0,30.0,11.0,344.0,1.38
S04240,Silty clay,0.5,54.8,44.7,3.87,2.24,1.499,0.434,0.291,0.157,0.134,23.0,0.53,0.204,0.371,371.0,normal(<1),6.12,33.7,92.0,31.0,528.0,85.0,23.0,651.0,3.63
S04241,Silt loam,8.0,83.8,8.2,1.91,1.11,1.53,0.423,0.228,0.103,0.125,23.6,0.558,0.187,0.563,563.0,normal(<1),6.18,27.4,20.0,22.0,632.0,25.0,20.0,722.0,1.94
S04242,Sandy loam,51.2,33.5,15.4,2.2,1.28,1.536,0.421,0.172,0.082,0.091,23.1,0.549,0.189,0.998,998.0,normal(<1),6.0,33.5,51.0,13.0,261.0,51.0,20.0,335.0,3.08
S04243,Loam,45.1,42.4,12.4,4.78,2.77,1.506,0.432,0.201,0.082,0.119,21.6,0.501,0.216,4.068,4068.0,detrimental(>3),7.13,32.6,297.0,150.0,438.0,120.0,35.0,448.0,4.78
S04244,Sand,96.9,0.9,2.2,0.71,0.41,1.609,0.393,0.124,0.025,0.1,18.4,0.468,0.209,0.604,604.0,normal(<1),6.12,28.5,64.0,33.0,44.0,14.0,18.0,18.0,0.88
S04245,Silt loam,17.4,73.8,8.8,2.18,1.26,1.627,0.386,0.221,0.077,0.144,25.0,0.648,0.136,0.387,387.0,normal(<1),7.01,28.8,15.0,12.0,602.0,47.0,29.0,662.0,2.21
S04246,Loamy sand,73.8,16.7,9.5,1.25,0.73,1.603,0.395,0.154,0.056,0.098,10.9,0.276,0.286,0.461,461.0,normal(<1),6.06,26.8,45.0,35.0,201.0,29.0,0.0,267.0,1.25
S04247,Silty clay,9.2,48.5,42.3,4.33,2.51,1.327,0.499,0.275,0.149,0.126,27.7,0.555,0.222,0.3,300.0,normal(<1),6.38,28.9,36.0,21.0,400.0,71.0,20.0,526.0,4.37
S04248,Clay loam,40.7,28.8,30.5,0.89,0.52,1.601,0.396,0.225,0.099,0.126,23.9,0.603,0.157,0.091,91.0,normal(<1),6.31,16.4,31.0,0.0,227.0,25.0,2.0,288.0,1.0
S04249,Clay,19.3,36.7,44.0,2.63,1.52,1.478,0.442,0.245,0.112,0.133,26.4,0.596,0.179,0.817,817.0,normal(<1),6.76,32.3,89.0,25.0,332.0,72.0,10.0,473.0,2.52
S04250,Sandy clay,48.3,3.8,47.8,1.42,0.82,1.441,0.456,0.201,0.099,0.102,24.5,0.537,0.211,0.175,175.0,normal(<1),6.45,25.8,0.0,38.0,162.0,28.0,15.0,138.0,1.81
S04251,Sandy clay loam,47.8,27.6,24.7,0.82,0.47,1.613,0.391,0.192,0.075,0.117,17.5,0.447,0.216,0.975,975.0,normal(<1),6.85,38.5,68.0,43.0,334.0,21.0,10.0,325.0,1.2
S04252,Sandy clay,57.4,6.2,36.4,2.63,1.53,1.595,0.398,0.214,0.1,0.114,28.8,0.723,0.11,0.701,701.0,normal(<1),6.38,26.9,74.0,0.0,213.0,52.0,13.0,180.0,2.55
S04253,Sandy loam,73.9,12.1,14.0,4.31,2.5,1.573,0.406,0.176,0.052,0.124,16.9,0.416,0.238,0.445,445.0,normal(<1),6.68,29.4,99.0,18.0,85.0,94.0,13.0,137.0,3.97
S04254,Sandy loam,50.7,29.5,19.8,0.73,0.42,1.586,0.402,0.16,0.082,0.078,25.1,0.624,0.151,1.089,1089.0,germination-critical(1-2),6.99,27.1,52.0,67.0,276.0,3.0,20.0,324.0,1.03
S04255,Loam,43.5,46.0,10.5,2.29,1.33,1.562,0.411,0.181,0.084,0.096,23.0,0.56,0.181,0.411,411.0,normal(<1),6.8,29.6,44.0,17.0,440.0,56.0,19.0,442.0,2.29
S04256,Silt loam,23.1,75.4,1.5,3.36,1.95,1.583,0.403,0.175,0.074,0.101,21.3,0.529,0.19,0.49,490.0,normal(<1),6.2,29.3,100.0,50.0,510.0,71.0,13.0,619.0,2.68
S04257,Silty clay loam,19.1,40.9,40.0,1.22,0.71,1.537,0.42,0.216,0.123,0.094,27.0,0.642,0.151,0.74,740.0,normal(<1),6.22,27.7,76.0,27.0,408.0,16.0,0.0,458.0,0.94
S04258,Sandy loam,64.5,29.6,5.8,1.76,1.02,1.473,0.444,0.157,0.052,0.105,30.3,0.681,0.142,0.528,528.0,normal(<1),6.43,33.5,29.0,14.0,200.0,58.0,4.0,228.0,2.21
S04259,Clay,22.5,21.7,55.8,3.77,2.18,1.51,0.43,0.263,0.155,0.108,29.1,0.677,0.139,1.054,1054.0,germination-critical(1-2),7.07,40.6,134.0,31.0,260.0,55.0,16.0,313.0,3.9
S04260,Silty clay loam,10.6,49.5,39.9,4.14,2.4,1.476,0.443,0.269,0.127,0.143,29.2,0.658,0.151,0.75,750.0,normal(<1),6.75,21.9,114.0,18.0,353.0,95.0,23.0,453.0,3.77
S04261,Loamy sand,84.6,10.0,5.4,0.45,0.26,1.654,0.376,0.147,0.033,0.114,25.9,0.69,0.117,0.144,144.0,normal(<1),6.77,22.0,31.0,12.0,116.0,26.0,4.0,151.0,1.01
S04262,Sandy clay,45.5,4.9,49.7,3.56,2.06,1.487,0.439,0.208,0.129,0.079,13.8,0.314,0.301,1.062,1062.0,germination-critical(1-2),6.34,20.6,99.0,49.0,148.0,64.0,12.0,217.0,3.67
S04263,Loam,40.5,49.1,10.4,0.87,0.51,1.573,0.407,0.177,0.083,0.093,15.5,0.382,0.251,0.199,199.0,normal(<1),6.2,26.9,0.0,6.0,479.0,30.0,10.0,566.0,0.17
S04264,Silty clay,1.2,55.3,43.4,2.83,1.64,1.503,0.433,0.271,0.162,0.109,25.6,0.592,0.177,0.171,171.0,normal(<1),6.53,32.4,15.0,0.0,548.0,54.0,14.0,642.0,2.88
S04265,Sand,91.6,5.1,3.3,0.7,0.41,1.592,0.399,0.109,0.02,0.089,19.1,0.478,0.209,0.662,662.0,normal(<1),6.84,26.5,26.0,51.0,108.0,33.0,11.0,111.0,0.71
S04266,Loam,28.4,44.9,26.6,1.4,0.81,1.503,0.433,0.204,0.105,0.099,31.1,0.718,0.122,0.386,386.0,normal(<1),6.66,23.2,56.0,29.0,376.0,30.0,2.0,495.0,1.42
S04267,Loam,45.8,31.5,22.7,1.39,0.81,1.598,0.397,0.183,0.087,0.095,15.8,0.397,0.24,0.372,372.0,normal(<1),5.97,33.3,7.0,10.0,239.0,28.0,5.0,313.0,1.44
S04268,Clay loam,26.4,33.6,40.0,3.5,2.03,1.42,0.464,0.254,0.095,0.159,25.3,0.544,0.211,0.963,963.0,normal(<1),5.94,30.2,94.0,66.0,349.0,89.0,36.0,419.0,3.81
S04269,Loamy sand,86.8,11.0,2.3,0.88,0.51,1.663,0.373,0.135,0.043,0.092,22.9,0.616,0.143,0.425,425.0,normal(<1),6.64,24.4,60.0,36.0,134.0,49.0,20.0,130.0,0.81
S04270,Sandy loam,77.8,12.2,9.9,0.98,0.57,1.622,0.388,0.114,0.045,0.069,23.5,0.607,0.153,1.09,1090.0,germination-critical(1-2),5.82,24.2,49.0,38.0,100.0,24.0,6.0,121.0,0.9
S04271,Silty clay,4.5,43.2,52.2,2.74,1.59,1.424,0.463,0.301,0.133,0.167,29.7,0.642,0.165,0.694,694.0,normal(<1),6.06,33.5,59.0,37.0,426.0,67.0,18.0,564.0,2.93
S04272,Sandy clay loam,62.5,3.9,33.6,1.02,0.59,1.541,0.418,0.163,0.11,0.053,20.2,0.483,0.216,0.578,578.0,normal(<1),6.5,28.2,41.0,12.0,99.0,4.0,8.0,102.0,1.02
S04273,Silt loam,5.3,81.2,13.5,2.18,1.27,1.569,0.408,0.236,0.11,0.126,23.5,0.575,0.173,0.199,199.0,normal(<1),6.14,24.4,32.0,24.0,521.0,54.0,26.0,638.0,1.97
S04274,Loamy sand,72.6,15.9,11.4,1.58,0.92,1.579,0.404,0.143,0.061,0.082,22.2,0.55,0.182,0.084,84.0,normal(<1),6.88,26.7,27.0,0.0,214.0,47.0,0.0,198.0,1.92
S04275,Sandy clay loam,62.1,11.7,26.1,1.93,1.12,1.643,0.38,0.166,0.078,0.087,24.2,0.637,0.138,0.315,315.0,normal(<1),7.29,26.2,10.0,32.0,112.0,46.0,25.0,187.0,1.34
S04276,Sandy clay loam,58.9,8.2,32.9,1.71,0.99,1.583,0.403,0.179,0.101,0.078,20.2,0.502,0.201,0.094,94.0,normal(<1),6.92,25.8,24.0,22.0,195.0,46.0,22.0,110.0,1.94
S04277,Silt loam,14.9,65.9,19.2,1.78,1.03,1.532,0.422,0.212,0.086,0.126,19.8,0.47,0.223,0.222,222.0,normal(<1),6.62,24.5,2.0,31.0,528.0,32.0,14.0,606.0,1.66
S04278,Sandy clay,48.4,9.1,42.5,1.14,0.66,1.519,0.427,0.196,0.091,0.105,30.1,0.706,0.126,1.232,1232.0,germination-critical(1-2),6.04,27.8,46.0,47.0,232.0,34.0,13.0,225.0,0.78
S04279,Sand,91.6,5.3,3.1,2.11,1.22,1.65,0.377,0.117,0.022,0.095,14.4,0.382,0.233,0.225,225.0,normal(<1),6.84,21.1,4.0,17.0,56.0,44.0,12.0,88.0,2.15
S04280,Loamy sand,74.7,17.7,7.5,1.13,0.65,1.602,0.395,0.138,0.062,0.076,25.0,0.633,0.145,1.591,1591.0,germination-critical(1-2),6.09,29.5,98.0,30.0,141.0,5.0,6.0,191.0,0.94
S04281,Sandy loam,62.0,23.7,14.3,1.5,0.87,1.545,0.417,0.174,0.073,0.101,25.2,0.604,0.165,0.738,738.0,normal(<1),6.39,31.3,42.0,47.0,278.0,39.0,13.0,315.0,1.9
S04282,Sandy loam,61.9,26.9,11.2,1.56,0.91,1.71,0.355,0.166,0.065,0.1,16.1,0.455,0.193,0.05,50.0,normal(<1),6.06,28.3,10.0,11.0,214.0,59.0,14.0,285.0,1.97
S04283,Loamy sand,80.8,8.1,11.1,2.17,1.26,1.549,0.415,0.126,0.04,0.086,29.3,0.705,0.123,0.508,508.0,normal(<1),6.1,32.2,20.0,36.0,59.0,36.0,9.0,85.0,2.77
S04284,Silt loam,15.3,61.1,23.6,3.75,2.18,1.442,0.456,0.233,0.119,0.114,29.5,0.647,0.161,2.049,2049.0,salt-sensitive-critical(2-3),6.47,31.2,136.0,102.0,474.0,87.0,32.0,564.0,3.58
S04285,Loam,49.4,43.1,7.5,0.69,0.4,1.579,0.404,0.163,0.077,0.086,22.7,0.563,0.177,0.154,154.0,normal(<1),6.83,29.3,23.0,52.0,260.0,28.0,26.0,416.0,1.01
S04286,Sand,87.1,5.2,7.7,2.11,1.22,1.621,0.388,0.13,0.053,0.076,20.3,0.522,0.185,0.073,73.0,normal(<1),6.17,26.8,76.0,55.0,131.0,60.0,13.0,134.0,1.94
S04287,Sand,93.2,5.8,1.0,2.08,1.21,1.656,0.375,0.09,0.038,0.052,18.1,0.482,0.194,0.859,859.0,normal(<1),6.73,29.7,64.0,40.0,103.0,56.0,2.0,56.0,2.15
S04288,Silt loam,3.8,87.8,8.4,2.57,1.49,1.476,0.443,0.237,0.094,0.143,30.8,0.695,0.135,0.533,533.0,normal(<1),6.79,34.7,62.0,55.0,632.0,63.0,22.0,779.0,2.52
S04289,Clay loam,28.4,35.3,36.3,1.21,0.7,1.617,0.39,0.219,0.11,0.109,22.4,0.575,0.166,1.369,1369.0,germination-critical(1-2),6.98,24.1,54.0,43.0,370.0,46.0,24.0,460.0,1.17
S04290,Silty clay loam,2.4,58.0,39.6,2.71,1.57,1.496,0.436,0.264,0.13,0.135,26.0,0.598,0.175,0.909,909.0,normal(<1),7.06,31.8,108.0,19.0,488.0,55.0,20.0,535.0,2.75
S04291,Clay,10.2,29.1,60.7,3.06,1.77,1.352,0.49,0.301,0.147,0.154,29.5,0.603,0.195,0.211,211.0,normal(<1),6.33,28.7,27.0,21.0,395.0,81.0,36.0,443.0,2.78
S04292,Sandy loam,75.0,5.4,19.6,1.72,1.0,1.575,0.406,0.141,0.054,0.086,23.4,0.577,0.172,0.261,261.0,normal(<1),6.46,25.0,9.0,42.0,82.0,31.0,13.0,66.0,1.73
S04293,Loam,48.9,35.1,16.0,1.89,1.1,1.599,0.397,0.185,0.074,0.111,24.2,0.61,0.155,0.761,761.0,normal(<1),6.89,29.9,110.0,44.0,284.0,60.0,0.0,380.0,1.73
S04294,Silt loam,29.5,52.1,18.4,4.57,2.65,1.511,0.43,0.203,0.104,0.099,15.2,0.355,0.277,0.276,276.0,normal(<1),5.83,25.2,39.0,14.0,477.0,82.0,36.0,510.0,4.79
S04295,Silty clay loam,17.6,51.2,31.3,1.83,1.06,1.58,0.404,0.233,0.113,0.12,24.1,0.596,0.163,1.186,1186.0,germination-critical(1-2),6.8,22.4,91.0,69.0,401.0,36.0,18.0,494.0,2.06
S04296,Silty clay loam,3.0,59.6,37.5,3.31,1.92,1.469,0.446,0.252,0.136,0.116,24.9,0.559,0.197,0.525,525.0,normal(<1),6.7,22.1,93.0,31.0,560.0,28.0,12.0,622.0,3.51
S04297,Sandy clay,57.7,5.4,36.9,1.29,0.75,1.487,0.439,0.184,0.093,0.091,24.2,0.55,0.197,0.685,685.0,normal(<1),6.41,24.7,33.0,23.0,142.0,25.0,20.0,140.0,1.22
S04298,Sandy loam,72.5,9.1,18.4,3.74,2.17,1.565,0.41,0.194,0.059,0.135,25.3,0.618,0.156,0.692,692.0,normal(<1),6.33,30.1,31.0,61.0,103.0,68.0,40.0,178.0,3.6
S04299,Sandy clay,46.1,2.5,51.4,4.97,2.88,1.413,0.467,0.207,0.134,0.074,22.3,0.477,0.244,0.538,538.0,normal(<1),5.9,32.8,124.0,68.0,189.0,117.0,39.0,197.0,5.29
S04300,Sandy loam,61.2,19.4,19.4,2.73,1.58,1.629,0.385,0.187,0.08,0.107,23.6,0.611,0.15,0.663,663.0,normal(<1),6.14,32.2,86.0,0.0,215.0,17.0,0.0,274.0,3.18
S04301,Clay loam,44.5,25.7,29.7,2.83,1.64,1.457,0.45,0.2,0.081,0.12,21.0,0.466,0.24,0.291,291.0,normal(<1),7.01,30.4,80.0,22.0,297.0,77.0,17.0,354.0,2.9
S04302,Sandy clay loam,48.4,17.6,34.0,1.44,0.84,1.532,0.422,0.193,0.078,0.115,16.1,0.382,0.261,0.381,381.0,normal(<1),6.09,31.7,40.0,40.0,160.0,41.0,40.0,226.0,1.73
S04303,Silty clay loam,14.2,51.5,34.3,1.93,1.12,1.499,0.434,0.254,0.119,0.135,30.8,0.71,0.126,0.529,529.0,normal(<1),6.65,22.5,35.0,22.0,449.0,44.0,23.0,561.0,1.85
S04304,Loam,36.4,42.8,20.8,0.94,0.54,1.546,0.416,0.199,0.079,0.12,13.0,0.311,0.287,0.358,358.0,normal(<1),6.3,26.4,52.0,0.0,367.0,37.0,2.0,418.0,1.25
S04305,Clay,43.4,9.5,47.1,1.35,0.78,1.47,0.445,0.206,0.113,0.093,26.5,0.595,0.18,0.533,533.0,normal(<1),6.37,25.5,23.0,17.0,280.0,26.0,0.0,229.0,1.47
S04306,Silt loam,24.0,54.4,21.7,1.96,1.14,1.511,0.43,0.218,0.098,0.121,31.9,0.741,0.111,1.814,1814.0,germination-critical(1-2),6.45,22.0,100.0,44.0,509.0,49.0,14.0,611.0,1.72
S04307,Loamy sand,72.8,12.6,14.6,5.1,2.96,1.467,0.446,0.178,0.074,0.104,28.1,0.63,0.165,2.602,2602.0,salt-sensitive-critical(2-3),6.91,29.0,190.0,110.0,118.0,89.0,46.0,175.0,5.32
S04308,Silty clay loam,12.8,54.5,32.7,1.63,0.95,1.49,0.438,0.243,0.123,0.12,22.6,0.516,0.212,0.795,795.0,normal(<1),6.24,29.2,52.0,63.0,415.0,24.0,16.0,532.0,1.41
S04309,Silt loam,6.0,67.0,27.0,2.31,1.34,1.518,0.427,0.253,0.101,0.152,31.8,0.745,0.109,1.521,1521.0,germination-critical(1-2),5.87,30.7,111.0,29.0,537.0,66.0,8.0,680.0,2.28
S04310,Loamy sand,70.6,23.5,5.9,1.99,1.16,1.534,0.421,0.151,0.062,0.088,22.6,0.537,0.195,1.188,1188.0,germination-critical(1-2),6.76,31.5,51.0,80.0,255.0,49.0,22.0,244.0,2.05
S04311,Clay loam,33.8,36.7,29.6,1.83,1.06,1.424,0.463,0.197,0.094,0.103,25.9,0.56,0.203,0.596,596.0,normal(<1),6.49,31.0,13.0,58.0,416.0,1.0,36.0,449.0,2.64
S04312,Silt loam,16.3,68.8,14.9,1.11,0.64,1.574,0.406,0.182,0.087,0.095,20.2,0.497,0.204,0.335,335.0,normal(<1),6.13,23.3,0.0,0.0,526.0,24.0,7.0,636.0,0.79
S04313,Clay loam,36.0,33.6,30.4,2.29,1.33,1.475,0.443,0.231,0.11,0.121,15.6,0.352,0.287,1.627,1627.0,germination-critical(1-2),6.45,35.2,107.0,27.0,337.0,69.0,0.0,371.0,2.69
S04314,Sandy loam,64.5,16.9,18.7,2.84,1.65,1.459,0.45,0.156,0.082,0.074,28.0,0.622,0.17,0.291,291.0,normal(<1),6.09,23.8,47.0,24.0,197.0,56.0,23.0,251.0,2.61
S04315,Sand,91.4,4.3,4.3,0.35,0.2,1.594,0.398,0.096,0.02,0.076,22.3,0.56,0.175,0.659,659.0,normal(<1),6.68,23.7,11.0,21.0,139.0,21.0,0.0,135.0,0.4
S04316,Silty clay,12.1,46.8,41.1,2.39,1.39,1.47,0.445,0.253,0.131,0.122,27.6,0.62,0.169,1.229,1229.0,germination-critical(1-2),6.63,25.8,56.0,46.0,419.0,47.0,35.0,466.0,2.17
S04317,Clay loam,22.5,46.0,31.5,2.64,1.53,1.531,0.422,0.274,0.112,0.162,30.2,0.715,0.12,1.176,1176.0,germination-critical(1-2),6.06,28.5,67.0,62.0,487.0,68.0,20.0,488.0,2.74
S04318,Sandy clay loam,61.9,11.0,27.1,1.19,0.69,1.536,0.42,0.178,0.085,0.093,26.5,0.631,0.155,1.32,1320.0,germination-critical(1-2),7.02,23.6,125.0,50.0,164.0,60.0,11.0,193.0,1.1
S04319,Loamy sand,79.3,8.7,12.0,1.1,0.64,1.579,0.404,0.148,0.073,0.075,25.8,0.638,0.146,0.161,161.0,normal(<1),6.15,21.2,1.0,26.0,66.0,28.0,14.0,90.0,0.87
S04320,Silt loam,24.9,59.3,15.8,2.51,1.46,1.486,0.439,0.225,0.087,0.139,22.1,0.502,0.219,0.289,289.0,normal(<1),6.01,32.2,57.0,34.0,391.0,55.0,6.0,509.0,2.68
S04321,Sandy clay,54.9,9.0,36.2,4.6,2.67,1.425,0.462,0.212,0.106,0.106,23.8,0.515,0.224,0.966,966.0,normal(<1),6.73,31.2,157.0,54.0,153.0,125.0,35.0,218.0,4.48
S04322,Silt loam,14.2,74.7,11.1,0.87,0.5,1.673,0.369,0.203,0.076,0.128,17.1,0.463,0.198,0.151,151.0,normal(<1),6.7,25.6,20.0,0.0,549.0,42.0,17.0,646.0,0.91
S04323,Loam,47.4,36.1,16.4,3.2,1.86,1.478,0.442,0.175,0.08,0.095,19.2,0.433,0.251,0.192,192.0,normal(<1),5.94,23.4,103.0,27.0,310.0,70.0,34.0,407.0,3.18
S04324,Loam,51.5,41.2,7.3,4.13,2.4,1.583,0.403,0.172,0.079,0.093,16.4,0.408,0.238,0.657,657.0,normal(<1),5.72,23.1,122.0,16.0,320.0,123.0,25.0,356.0,4.29
S04325,Sandy loam,53.3,40.3,6.4,0.93,0.54,1.561,0.411,0.17,0.046,0.124,25.4,0.618,0.157,0.129,129.0,normal(<1),6.44,21.6,38.0,38.0,327.0,17.0,5.0,432.0,0.86
S04326,Clay loam,38.9,31.0,30.1,2.96,1.72,1.476,0.443,0.251,0.098,0.153,17.0,0.384,0.273,1.301,1301.0,germination-critical(1-2),5.94,25.7,124.0,77.0,328.0,52.0,19.0,399.0,2.6
S04327,Sandy loam,49.9,37.9,12.1,2.51,1.46,1.518,0.427,0.173,0.077,0.096,14.9,0.35,0.278,0.598,598.0,normal(<1),6.65,28.4,68.0,24.0,241.0,68.0,9.0,342.0,2.11
S04328,Clay loam,25.0,39.6,35.4,1.19,0.69,1.45,0.453,0.228,0.103,0.125,24.8,0.548,0.205,2.176,2176.0,salt-sensitive-critical(2-3),6.47,23.2,140.0,65.0,448.0,45.0,16.0,448.0,1.43
S04329,Sandy loam,73.4,18.5,8.1,1.62,0.94,1.58,0.404,0.143,0.038,0.105,24.1,0.596,0.163,0.89,890.0,normal(<1),6.54,25.1,75.0,38.0,191.0,52.0,15.0,212.0,1.95
S04330,Clay,15.0,16.1,68.9,3.47,2.02,1.346,0.492,0.288,0.15,0.139,34.0,0.69,0.152,2.355,2355.0,salt-sensitive-critical(2-3),6.66,30.3,173.0,106.0,305.0,87.0,24.0,326.0,3.21
S04331,Silty clay,1.6,43.3,55.2,2.17,1.26,1.459,0.449,0.285,0.163,0.122,30.8,0.685,0.142,0.415,415.0,normal(<1),6.37,31.2,68.0,50.0,427.0,46.0,18.0,551.0,2.31
S04332,Loam,41.8,42.3,15.9,1.37,0.8,1.594,0.398,0.227,0.089,0.139,21.3,0.536,0.185,0.309,309.0,normal(<1),5.95,28.1,19.0,20.0,355.0,25.0,36.0,466.0,1.17
S04333,Sandy clay loam,57.6,19.8,22.6,1.13,0.66,1.643,0.38,0.206,0.089,0.117,17.4,0.459,0.206,0.34,340.0,normal(<1),6.09,24.4,31.0,11.0,251.0,51.0,26.0,228.0,1.52
S04334,Sand,91.7,0.4,7.9,1.68,0.98,1.679,0.366,0.125,0.049,0.075,22.0,0.599,0.147,0.646,646.0,normal(<1),6.27,26.8,90.0,18.0,22.0,14.0,20.0,26.0,1.68
S04335,Sand,90.3,3.4,6.3,1.76,1.02,1.558,0.412,0.116,0.06,0.056,25.2,0.61,0.161,0.366,366.0,normal(<1),7.37,24.0,52.0,3.0,0.0,25.0,8.0,59.0,1.63
S04336,Clay loam,39.2,27.3,33.4,1.91,1.11,1.468,0.446,0.212,0.104,0.108,28.1,0.63,0.165,0.998,998.0,normal(<1),6.91,31.9,56.0,25.0,337.0,25.0,10.0,358.0,1.64
S04337,Clay,16.4,14.6,68.9,4.78,2.77,1.376,0.481,0.291,0.139,0.152,15.5,0.322,0.326,0.78,780.0,normal(<1),6.78,24.6,98.0,19.0,326.0,98.0,36.0,389.0,4.87
S04338,Loam,36.7,43.0,20.3,1.73,1.01,1.455,0.451,0.217,0.07,0.146,24.6,0.546,0.205,0.21,210.0,normal(<1),6.44,27.7,59.0,2.0,383.0,40.0,22.0,460.0,1.46
S04339,Silt loam,7.6,79.5,12.9,4.47,2.59,1.46,0.449,0.26,0.113,0.148,24.8,0.551,0.201,0.133,133.0,normal(<1),6.88,22.8,29.0,11.0,610.0,68.0,37.0,745.0,4.94
S04340,Loam,50.0,35.0,15.0,1.64,0.95,1.531,0.422,0.179,0.076,0.102,15.5,0.366,0.268,1.625,1625.0,germination-critical(1-2),6.74,20.8,72.0,29.0,292.0,47.0,12.0,333.0,1.71
S04341,Silty clay loam,13.9,50.2,36.0,2.9,1.68,1.387,0.477,0.257,0.116,0.14,29.4,0.617,0.182,0.176,176.0,normal(<1),6.24,29.7,101.0,7.0,441.0,56.0,37.0,516.0,2.87
S04342,Silty clay loam,2.9,69.4,27.7,2.6,1.51,1.501,0.434,0.247,0.134,0.113,12.4,0.285,0.31,0.261,261.0,normal(<1),6.39,22.8,68.0,0.0,549.0,46.0,6.0,695.0,2.36
S04343,Sandy clay loam,52.1,16.0,32.0,2.69,1.56,1.564,0.41,0.176,0.082,0.094,23.1,0.565,0.178,0.515,515.0,normal(<1),5.97,34.0,94.0,28.0,185.0,56.0,11.0,228.0,2.55
S04344,Silt loam,18.1,71.3,10.6,1.66,0.96,1.525,0.425,0.183,0.086,0.097,20.1,0.474,0.223,1.493,1493.0,germination-critical(1-2),6.42,28.0,66.0,93.0,509.0,25.0,13.0,686.0,1.7
S04345,Silt loam,25.3,73.3,1.5,2.16,1.25,1.544,0.417,0.214,0.075,0.14,22.2,0.532,0.195,0.67,670.0,normal(<1),6.78,28.4,25.0,50.0,560.0,50.0,31.0,624.0,2.18
S04346,Clay loam,33.5,32.6,33.9,2.05,1.19,1.504,0.432,0.234,0.091,0.143,29.2,0.674,0.141,0.512,512.0,normal(<1),5.9,28.5,30.0,56.0,253.0,56.0,15.0,383.0,2.48
S04347,Sandy loam,48.3,35.3,16.4,1.89,1.1,1.586,0.401,0.187,0.077,0.11,28.9,0.721,0.112,0.535,535.0,normal(<1),6.15,30.3,113.0,54.0,359.0,54.0,10.0,384.0,1.93
S04348,Sandy clay,48.4,1.2,50.4,4.14,2.4,1.455,0.451,0.226,0.108,0.118,29.5,0.653,0.156,0.747,747.0,normal(<1),6.77,23.0,106.0,51.0,226.0,98.0,39.0,238.0,4.42
S04349,Sandy loam,77.6,2.5,19.9,0.38,0.22,1.569,0.408,0.123,0.076,0.047,19.3,0.473,0.215,0.279,279.0,normal(<1),6.69,26.1,9.0,10.0,87.0,28.0,3.0,100.0,0.69
S04350,Sand,85.7,12.0,2.3,2.41,1.4,1.603,0.395,0.123,0.045,0.078,22.5,0.569,0.17,0.508,508.0,normal(<1),5.87,25.2,73.0,83.0,112.0,49.0,17.0,175.0,2.64
S04351,Loam,50.3,31.9,17.7,2.38,1.38,1.546,0.417,0.222,0.072,0.15,24.5,0.589,0.171,0.146,146.0,normal(<1),6.12,31.9,22.0,20.0,352.0,44.0,8.0,354.0,2.35
S04352,Silt loam,28.8,52.8,18.4,1.38,0.8,1.578,0.405,0.216,0.098,0.118,17.5,0.432,0.23,1.552,1552.0,germination-critical(1-2),6.37,32.5,91.0,39.0,497.0,42.0,4.0,523.0,1.08
S04353,Loam,46.7,36.1,17.2,1.26,0.73,1.461,0.449,0.201,0.088,0.114,31.1,0.694,0.137,2.823,2823.0,salt-sensitive-critical(2-3),6.89,24.0,180.0,103.0,353.0,18.0,15.0,398.0,1.16
S04354,Clay loam,40.6,29.1,30.4,1.99,1.16,1.555,0.413,0.216,0.102,0.114,29.5,0.714,0.118,0.4,400.0,normal(<1),6.65,26.4,64.0,26.0,298.0,43.0,25.0,303.0,1.79
S04355,Clay,14.3,28.0,57.7,5.16,2.99,1.347,0.492,0.286,0.154,0.132,23.8,0.484,0.254,0.152,152.0,normal(<1),6.33,29.1,57.0,56.0,330.0,115.0,61.0,402.0,5.42
S04356,Clay loam,34.3,26.3,39.4,2.42,1.4,1.408,0.469,0.216,0.121,0.096,26.2,0.558,0.207,0.676,676.0,normal(<1),6.29,28.2,81.0,12.0,284.0,57.0,11.0,376.0,2.41
S04357,Sandy clay,56.0,2.4,41.6,2.17,1.26,1.459,0.449,0.212,0.107,0.105,28.0,0.623,0.17,1.964,1964.0,germination-critical(1-2),6.66,29.4,103.0,101.0,143.0,29.0,11.0,147.0,2.23
S04358,Loam,46.8,45.1,8.2,0.56,0.32,1.652,0.376,0.162,0.074,0.089,21.1,0.56,0.166,0.408,408.0,normal(<1),6.73,30.9,0.0,0.0,393.0,2.0,0.0,433.0,0.52
S04359,Sandy clay,54.4,9.2,36.3,2.63,1.52,1.456,0.45,0.209,0.089,0.12,22.2,0.493,0.228,0.767,767.0,normal(<1),6.27,22.2,98.0,80.0,106.0,77.0,21.0,204.0,3.1
S04360,Sandy clay,51.3,2.6,46.2,1.68,0.97,1.535,0.421,0.215,0.108,0.107,20.5,0.486,0.216,1.092,1092.0,germination-critical(1-2),6.94,25.4,127.0,51.0,196.0,64.0,25.0,271.0,1.79
S04361,Clay,25.5,11.4,63.1,2.16,1.25,1.443,0.456,0.256,0.143,0.113,32.0,0.702,0.136,0.534,534.0,normal(<1),5.78,26.7,75.0,7.0,200.0,40.0,7.0,298.0,2.56
S04362,Silt loam,6.4,71.5,22.1,2.91,1.69,1.555,0.413,0.245,0.111,0.134,16.7,0.405,0.246,0.468,468.0,normal(<1),6.19,28.0,70.0,5.0,533.0,63.0,26.0,685.0,2.66
S04363,Sand,94.1,0.9,5.0,0.3,0.17,1.708,0.356,0.118,0.048,0.07,23.2,0.654,0.123,0.645,645.0,normal(<1),6.6,22.1,27.0,25.0,89.0,5.0,14.0,53.0,0.43
S04364,Loam,38.6,37.4,24.0,3.1,1.8,1.559,0.412,0.215,0.104,0.111,24.5,0.595,0.167,0.139,139.0,normal(<1),7.1,24.2,104.0,14.0,322.0,39.0,19.0,358.0,3.14
S04365,Loam,35.9,45.1,19.0,2.3,1.34,1.523,0.425,0.205,0.085,0.12,9.9,0.233,0.326,0.338,338.0,normal(<1),6.52,23.4,83.0,19.0,335.0,60.0,28.0,419.0,2.3
S04366,Clay,40.4,2.4,57.2,2.45,1.42,1.437,0.458,0.204,0.131,0.073,29.9,0.653,0.159,0.421,421.0,normal(<1),6.25,28.8,43.0,25.0,215.0,78.0,14.0,213.0,2.05
S04367,Loam,32.5,44.9,22.6,1.36,0.79,1.6,0.396,0.203,0.096,0.107,28.8,0.727,0.108,0.05,50.0,normal(<1),6.25,27.9,32.0,33.0,433.0,42.0,27.0,548.0,1.56
S04368,Loam,33.8,47.3,18.9,2.05,1.19,1.549,0.415,0.189,0.106,0.083,32.2,0.775,0.093,0.728,728.0,normal(<1),7.07,27.9,59.0,76.0,453.0,42.0,27.0,473.0,2.41
S04369,Clay,41.6,4.9,53.5,2.64,1.53,1.401,0.471,0.219,0.119,0.101,28.1,0.596,0.19,0.812,812.0,normal(<1),6.8,38.9,37.0,10.0,165.0,46.0,25.0,262.0,2.13
S04370,Silty clay,5.9,45.6,48.5,2.35,1.36,1.477,0.443,0.294,0.136,0.158,33.3,0.753,0.109,0.414,414.0,normal(<1),6.54,28.9,47.0,17.0,424.0,50.0,0.0,509.0,2.09
S04371,Silty clay loam,9.9,53.0,37.1,4.27,2.47,1.497,0.435,0.28,0.125,0.156,33.3,0.765,0.102,0.405,405.0,normal(<1),6.99,26.6,69.0,54.0,376.0,61.0,30.0,511.0,4.46
S04372,Silty clay loam,12.2,54.1,33.8,2.79,1.62,1.422,0.464,0.236,0.115,0.121,27.1,0.584,0.193,0.662,662.0,normal(<1),6.31,28.1,62.0,36.0,467.0,59.0,34.0,546.0,2.71
S04373,Silty clay,11.3,46.0,42.7,1.74,1.01,1.437,0.458,0.253,0.148,0.105,15.7,0.342,0.301,0.612,612.0,normal(<1),6.39,29.1,0.0,30.0,430.0,32.0,10.0,549.0,1.76
S04374,Clay loam,34.9,34.7,30.4,3.6,2.09,1.485,0.44,0.228,0.104,0.124,24.8,0.563,0.192,1.128,1128.0,germination-critical(1-2),6.14,22.4,85.0,58.0,440.0,75.0,32.0,539.0,3.62
S04375,Silt loam,1.7,73.9,24.4,1.57,0.91,1.538,0.42,0.247,0.126,0.12,28.9,0.689,0.13,0.193,193.0,normal(<1),6.21,27.8,43.0,18.0,593.0,35.0,12.0,712.0,2.29
S04376,Silty clay,8.8,46.3,44.9,2.99,1.73,1.441,0.456,0.27,0.132,0.139,31.1,0.682,0.145,1.277,1277.0,germination-critical(1-2),6.52,38.7,134.0,70.0,485.0,72.0,30.0,507.0,2.65
S04377,Loam,43.4,44.5,12.1,3.96,2.3,1.469,0.446,0.196,0.076,0.12,27.2,0.611,0.174,1.711,1711.0,germination-critical(1-2),6.22,28.2,92.0,62.0,417.0,93.0,33.0,482.0,4.1
S04378,Silty clay loam,7.9,55.2,36.9,2.19,1.27,1.503,0.433,0.237,0.12,0.117,18.9,0.436,0.244,0.618,618.0,normal(<1),6.39,25.7,53.0,31.0,390.0,46.0,17.0,527.0,2.07
S04379,Sandy loam,55.8,26.2,18.0,1.51,0.87,1.495,0.436,0.176,0.094,0.081,21.8,0.501,0.218,0.46,460.0,normal(<1),6.71,20.3,51.0,7.0,217.0,38.0,3.0,281.0,1.86
S04380,Loamy sand,73.4,20.7,5.9,0.69,0.4,1.58,0.404,0.145,0.033,0.112,28.3,0.701,0.121,0.597,597.0,normal(<1),6.21,22.6,53.0,59.0,233.0,10.0,37.0,198.0,0.81
S04381,Sandy loam,45.7,39.1,15.1,1.82,1.06,1.667,0.371,0.203,0.066,0.137,13.7,0.369,0.234,0.631,631.0,normal(<1),6.28,22.1,5.0,35.0,309.0,48.0,28.0,380.0,1.82
S04382,Sand,90.6,6.0,3.5,0.33,0.19,1.614,0.391,0.108,0.036,0.072,24.5,0.626,0.146,0.387,387.0,normal(<1),6.65,20.1,45.0,13.0,97.0,22.0,9.0,105.0,0.67
S04383,Loamy sand,81.5,16.9,1.6,2.0,1.16,1.637,0.382,0.137,0.036,0.102,22.0,0.576,0.162,0.707,707.0,normal(<1),6.3,27.1,63.0,0.0,201.0,55.0,18.0,177.0,1.79
S04384,Silt loam,15.1,61.9,23.0,2.5,1.45,1.55,0.415,0.242,0.115,0.127,24.0,0.578,0.175,0.283,283.0,normal(<1),5.71,26.0,118.0,35.0,502.0,48.0,34.0,625.0,2.47
S04385,Silty clay loam,17.7,43.3,39.0,2.35,1.37,1.545,0.417,0.294,0.124,0.17,30.0,0.719,0.117,0.492,492.0,normal(<1),6.25,29.6,106.0,49.0,429.0,46.0,41.0,510.0,2.44
S04386,Loam,34.4,45.6,19.9,0.98,0.57,1.632,0.384,0.195,0.076,0.118,14.3,0.372,0.241,3.044,3044.0,detrimental(>3),6.53,22.8,160.0,124.0,379.0,22.0,0.0,440.0,1.49
S04387,Silty clay loam,4.5,57.3,38.2,2.25,1.3,1.562,0.41,0.257,0.11,0.146,25.3,0.615,0.158,1.989,1989.0,germination-critical(1-2),6.77,18.5,128.0,49.0,567.0,34.0,15.0,631.0,2.4
S04388,Silt loam,11.9,61.9,26.2,2.24,1.3,1.541,0.419,0.208,0.111,0.097,22.3,0.532,0.196,0.707,707.0,normal(<1),6.48,25.6,60.0,51.0,496.0,58.0,18.0,587.0,1.9
S04389,Sandy loam,66.5,22.1,11.4,1.81,1.05,1.605,0.394,0.151,0.08,0.071,25.5,0.647,0.139,0.674,674.0,normal(<1),6.06,37.1,73.0,0.0,184.0,58.0,13.0,245.0,1.82
S04390,Clay,22.5,15.1,62.4,2.19,1.27,1.513,0.429,0.275,0.145,0.13,29.3,0.683,0.136,0.359,359.0,normal(<1),6.52,28.1,56.0,23.0,291.0,41.0,17.0,336.0,2.28
S04391,Clay loam,24.9,41.1,34.0,0.97,0.56,1.494,0.436,0.236,0.097,0.138,28.7,0.658,0.149,0.747,747.0,normal(<1),5.96,26.2,55.0,27.0,335.0,27.0,6.0,406.0,1.4
S04392,Silty clay loam,17.8,54.7,27.5,1.79,1.04,1.573,0.407,0.233,0.106,0.126,21.6,0.53,0.191,0.491,491.0,normal(<1),6.63,25.6,39.0,28.0,422.0,41.0,11.0,531.0,1.71
S04393,Sandy clay,50.3,2.7,47.0,1.25,0.73,1.543,0.418,0.236,0.1,0.136,26.5,0.635,0.152,0.183,183.0,normal(<1),5.99,31.2,27.0,37.0,95.0,44.0,26.0,134.0,1.59
S04394,Sand,90.3,6.8,2.9,0.72,0.42,1.637,0.382,0.118,0.043,0.075,17.8,0.467,0.204,0.508,508.0,normal(<1),6.05,32.1,31.0,65.0,77.0,16.0,10.0,63.0,0.66
S04395,Loam,42.2,34.9,22.9,2.0,1.16,1.464,0.448,0.216,0.087,0.129,20.7,0.461,0.241,0.216,216.0,normal(<1),6.84,20.8,24.0,0.0,322.0,38.0,28.0,356.0,1.99
S04396,Sandy loam,50.1,43.1,6.8,0.3,0.17,1.69,0.362,0.147,0.073,0.074,25.2,0.695,0.11,1.463,1463.0,germination-critical(1-2),6.33,32.7,117.0,83.0,393.0,13.0,16.0,424.0,0.22
S04397,Sandy loam,54.2,38.4,7.4,2.99,1.73,1.642,0.38,0.164,0.072,0.092,21.5,0.564,0.166,0.467,467.0,normal(<1),6.92,33.6,55.0,66.0,331.0,69.0,8.0,377.0,3.36
S04398,Silt loam,14.7,83.0,2.3,2.32,1.34,1.636,0.383,0.223,0.082,0.141,15.9,0.415,0.224,0.118,118.0,normal(<1),6.4,25.6,0.0,28.0,646.0,52.0,8.0,755.0,1.99
S04399,Sandy loam,53.9,28.2,17.9,1.63,0.95,1.568,0.408,0.174,0.081,0.093,21.8,0.533,0.191,0.162,162.0,normal(<1),6.81,30.5,30.0,23.0,155.0,42.0,27.0,209.0,1.63
S04400,Sand,88.3,11.0,0.7,0.6,0.35,1.72,0.351,0.091,0.05,0.041,15.3,0.437,0.198,8.0,8000.0,detrimental(>3),6.65,26.6,432.0,247.0,314.0,30.0,4.0,116.0,0.95
S04401,Sandy loam,50.3,32.7,17.0,0.53,0.31,1.675,0.368,0.192,0.082,0.109,23.3,0.634,0.134,0.727,727.0,normal(<1),6.62,26.3,66.0,35.0,217.0,9.0,26.0,293.0,0.46
S04402,Silty clay,11.9,41.4,46.7,3.43,1.99,1.46,0.449,0.261,0.12,0.141,15.8,0.353,0.291,4.913,4913.0,detrimental(>3),7.12,22.2,285.0,177.0,552.0,81.0,24.0,509.0,3.46
S04403,Loam,44.8,34.5,20.6,3.83,2.22,1.496,0.436,0.208,0.109,0.099,24.6,0.565,0.19,0.065,65.0,normal(<1),6.44,21.0,57.0,35.0,346.0,104.0,38.0,434.0,3.75
S04404,Clay,23.0,24.5,52.5,2.67,1.55,1.44,0.457,0.261,0.132,0.129,26.0,0.569,0.197,0.86,860.0,normal(<1),6.62,20.5,84.0,29.0,336.0,86.0,5.0,426.0,2.91
S04405,Clay loam,28.4,33.7,37.9,4.68,2.71,1.424,0.463,0.257,0.134,0.123,33.9,0.733,0.123,0.145,145.0,normal(<1),6.29,31.3,62.0,0.0,404.0,89.0,34.0,450.0,4.79
S04406,Loam,33.0,43.1,23.9,2.62,1.52,1.466,0.447,0.216,0.114,0.102,28.0,0.627,0.167,1.251,1251.0,germination-critical(1-2),7.09,25.7,93.0,77.0,417.0,49.0,33.0,460.0,2.64
S04407,Loamy sand,71.7,19.0,9.4,0.35,0.2,1.545,0.417,0.123,0.056,0.067,25.6,0.613,0.161,0.812,812.0,normal(<1),6.07,30.1,72.0,0.0,234.0,10.0,0.0,159.0,0.0
S04408,Clay,13.2,25.9,60.9,3.69,2.14,1.428,0.461,0.288,0.15,0.138,28.6,0.62,0.175,3.774,3774.0,detrimental(>3),7.13,20.5,261.0,107.0,424.0,70.0,20.0,446.0,3.72
S04409,Clay loam,36.1,30.7,33.2,2.07,1.2,1.403,0.471,0.211,0.108,0.103,21.3,0.453,0.257,0.124,124.0,normal(<1),6.93,22.6,42.0,9.0,316.0,28.0,19.0,353.0,2.22
S04410,Loamy sand,87.7,9.7,2.7,0.66,0.38,1.594,0.399,0.131,0.036,0.095,20.4,0.511,0.195,0.48,480.0,normal(<1),6.29,31.2,65.0,9.0,33.0,13.0,3.0,47.0,0.51
S04411,Sandy loam,46.1,36.5,17.4,1.94,1.12,1.446,0.454,0.199,0.083,0.116,28.5,0.627,0.169,2.215,2215.0,salt-sensitive-critical(2-3),6.18,23.3,143.0,99.0,331.0,48.0,20.0,371.0,1.67
S04412,Loamy sand,82.3,11.3,6.4,0.3,0.17,1.696,0.36,0.126,0.039,0.087,9.0,0.25,0.27,0.243,243.0,normal(<1),6.59,19.8,0.0,7.0,126.0,0.0,0.0,91.0,0.24
S04413,Silty clay,13.1,40.3,46.6,1.99,1.16,1.463,0.448,0.261,0.128,0.133,33.1,0.738,0.117,0.325,325.0,normal(<1),6.71,29.7,5.0,0.0,433.0,38.0,28.0,535.0,1.94
S04414,Sandy loam,61.4,23.0,15.6,2.75,1.6,1.414,0.467,0.154,0.074,0.08,25.8,0.553,0.209,0.183,183.0,normal(<1),6.46,34.7,45.0,6.0,324.0,57.0,8.0,331.0,2.55
S04415,Silty clay loam,9.7,60.6,29.8,1.33,0.77,1.546,0.417,0.243,0.106,0.138,23.2,0.558,0.184,0.512,512.0,normal(<1),6.81,26.0,0.0,41.0,443.0,24.0,16.0,535.0,1.44
S04416,Sandy loam,56.5,35.8,7.7,1.41,0.82,1.544,0.417,0.188,0.067,0.121,25.0,0.598,0.168,0.323,323.0,normal(<1),6.92,36.1,11.0,32.0,228.0,38.0,21.0,325.0,1.24
S04417,Sandy clay,45.4,14.5,40.1,2.83,1.64,1.422,0.463,0.212,0.101,0.111,25.1,0.543,0.212,0.464,464.0,normal(<1),6.37,31.1,68.0,18.0,161.0,68.0,15.0,209.0,2.69
S04418,Clay loam,20.1,47.2,32.7,1.71,0.99,1.517,0.427,0.214,0.105,0.109,25.9,0.606,0.168,0.299,299.0,normal(<1),5.76,32.5,74.0,29.0,441.0,42.0,24.0,502.0,1.94
S04419,Loam,38.8,37.1,24.1,4.69,2.72,1.424,0.462,0.206,0.101,0.104,25.1,0.542,0.212,0.131,131.0,normal(<1),6.83,26.9,86.0,0.0,297.0,85.0,31.0,363.0,5.1
S04420,Silty clay,10.3,42.0,47.7,2.04,1.19,1.479,0.442,0.253,0.155,0.097,25.0,0.565,0.192,0.91,910.0,normal(<1),6.38,31.0,39.0,13.0,478.0,44.0,25.0,587.0,2.03
S04421,Clay,29.0,15.1,55.9,1.94,1.12,1.559,0.412,0.244,0.122,0.121,19.6,0.477,0.215,0.062,62.0,normal(<1),6.28,27.8,71.0,33.0,285.0,46.0,23.0,361.0,1.93
S04422,Silt loam,5.6,87.2,7.2,3.01,1.75,1.578,0.405,0.24,0.117,0.123,30.9,0.763,0.096,1.539,1539.0,germination-critical(1-2),6.53,34.2,104.0,46.0,705.0,69.0,11.0,786.0,3.34
S04423,Sandy loam,66.5,26.9,6.7,2.05,1.19,1.586,0.401,0.147,0.049,0.098,22.3,0.556,0.178,0.307,307.0,normal(<1),6.66,26.5,60.0,0.0,247.0,52.0,9.0,245.0,2.19
S04424,Silty clay loam,10.9,59.2,29.9,2.36,1.37,1.539,0.419,0.232,0.117,0.114,20.4,0.486,0.216,0.262,262.0,normal(<1),6.8,26.3,62.0,13.0,409.0,43.0,37.0,551.0,2.57
S04425,Sandy loam,51.8,35.7,12.5,0.99,0.57,1.569,0.408,0.173,0.072,0.1,21.5,0.526,0.193,0.655,655.0,normal(<1),6.31,33.0,82.0,31.0,300.0,32.0,14.0,321.0,0.89
S04426,Silt loam,29.9,66.4,3.7,0.77,0.45,1.548,0.416,0.15,0.065,0.085,27.6,0.664,0.14,0.2,200.0,normal(<1),6.55,28.4,20.0,7.0,464.0,4.0,6.0,529.0,0.46
S04427,Sand,93.2,6.2,0.6,0.3,0.17,1.719,0.351,0.103,0.049,0.053,14.3,0.406,0.209,1.053,1053.0,germination-critical(1-2),6.42,23.0,64.0,28.0,61.0,21.0,10.0,85.0,0.56
S04428,Loam,43.2,48.0,8.8,1.5,0.87,1.622,0.388,0.183,0.076,0.107,21.3,0.548,0.175,1.969,1969.0,germination-critical(1-2),6.51,28.1,133.0,97.0,393.0,71.0,7.0,418.0,1.72
S04429,Sandy clay,45.5,2.7,51.8,3.52,2.04,1.417,0.465,0.235,0.137,0.098,34.1,0.732,0.125,0.601,601.0,normal(<1),6.24,31.3,80.0,52.0,249.0,70.0,13.0,260.0,3.72
S04430,Clay,21.8,22.6,55.6,1.66,0.96,1.507,0.431,0.246,0.126,0.12,26.6,0.618,0.165,0.375,375.0,normal(<1),6.06,36.2,74.0,11.0,248.0,48.0,6.0,347.0,1.37
S04431,Clay,36.9,15.9,47.1,1.88,1.09,1.538,0.42,0.257,0.108,0.149,16.6,0.395,0.254,1.447,1447.0,germination-critical(1-2),6.9,29.6,108.0,47.0,306.0,52.0,12.0,313.0,1.73
S04432,Sandy loam,48.9,39.8,11.3,2.0,1.16,1.518,0.427,0.166,0.066,0.1,16.1,0.378,0.266,0.259,259.0,normal(<1),6.4,26.7,15.0,47.0,316.0,49.0,27.0,393.0,2.06
S04433,Silt loam,22.9,74.4,2.7,1.62,0.94,1.558,0.412,0.179,0.087,0.092,24.7,0.599,0.165,0.742,742.0,normal(<1),6.35,28.8,68.0,12.0,584.0,65.0,0.0,654.0,1.64
S04434,Loam,27.2,47.1,25.8,3.89,2.25,1.487,0.439,0.242,0.096,0.146,25.3,0.577,0.186,0.12,120.0,normal(<1),6.67,25.0,52.0,15.0,426.0,109.0,47.0,540.0,4.1
S04435,Sandy clay loam,60.3,17.8,21.9,1.78,1.03,1.5,0.434,0.203,0.079,0.124,27.7,0.638,0.157,0.448,448.0,normal(<1),6.21,27.6,59.0,17.0,319.0,40.0,8.0,275.0,1.5
S04436,Loam,33.4,41.2,25.4,2.51,1.45,1.509,0.431,0.226,0.086,0.14,27.9,0.647,0.152,0.756,756.0,normal(<1),6.03,30.3,62.0,59.0,330.0,30.0,17.0,431.0,2.74
S04437,Silt loam,27.8,64.1,8.2,2.98,1.73,1.588,0.401,0.218,0.1,0.118,25.1,0.627,0.149,0.139,139.0,normal(<1),6.2,29.6,84.0,30.0,328.0,77.0,32.0,473.0,2.81
S04438,Silt loam,28.5,63.5,7.9,1.22,0.71,1.563,0.41,0.199,0.082,0.117,26.6,0.649,0.144,0.56,560.0,normal(<1),5.86,39.2,71.0,0.0,465.0,38.0,13.0,488.0,0.66
S04439,Silt loam,7.2,78.9,13.9,3.34,1.94,1.524,0.425,0.252,0.113,0.138,16.8,0.394,0.257,1.158,1158.0,germination-critical(1-2),6.48,33.1,107.0,60.0,590.0,100.0,38.0,683.0,3.65
S04440,Silt loam,19.3,74.0,6.7,2.17,1.26,1.467,0.447,0.22,0.106,0.114,30.0,0.673,0.146,0.399,399.0,normal(<1),6.23,30.7,47.0,58.0,467.0,68.0,15.0,622.0,2.21
S04441,Sandy clay loam,56.6,9.3,34.1,2.64,1.53,1.494,0.436,0.194,0.109,0.085,31.3,0.718,0.123,3.824,3824.0,detrimental(>3),6.63,20.2,230.0,122.0,220.0,68.0,33.0,220.0,2.75
S04442,Silt loam,25.8,73.4,0.8,1.2,0.7,1.592,0.399,0.195,0.066,0.129,21.8,0.546,0.181,0.586,586.0,normal(<1),5.82,24.1,53.0,0.0,440.0,14.0,2.0,593.0,1.38
S04443,Sandy clay,49.0,3.4,47.7,6.51,3.77,1.383,0.478,0.24,0.115,0.125,33.8,0.708,0.14,1.272,1272.0,germination-critical(1-2),5.9,29.9,115.0,66.0,218.0,111.0,39.0,204.0,6.58
S04444,Loam,42.8,38.4,18.8,1.2,0.69,1.574,0.406,0.185,0.075,0.11,19.8,0.487,0.208,0.628,628.0,normal(<1),6.49,21.7,7.0,0.0,382.0,12.0,17.0,444.0,1.34
S04445,Clay loam,24.1,39.9,36.0,3.64,2.11,1.472,0.444,0.239,0.111,0.127,15.6,0.352,0.288,0.204,204.0,normal(<1),6.33,32.9,52.0,58.0,394.0,66.0,46.0,449.0,3.87
S04446,Silty clay loam,1.9,59.4,38.7,3.44,1.99,1.435,0.458,0.281,0.127,0.154,17.3,0.378,0.285,0.394,394.0,normal(<1),6.33,28.6,53.0,7.0,548.0,59.0,31.0,664.0,3.13
S04447,Loam,45.6,36.1,18.3,4.29,2.49,1.525,0.424,0.186,0.11,0.076,16.5,0.389,0.259,0.11,110.0,normal(<1),6.27,21.0,46.0,4.0,378.0,86.0,34.0,353.0,4.43
S04448,Clay loam,26.2,41.6,32.2,1.04,0.6,1.542,0.418,0.225,0.124,0.101,14.9,0.356,0.269,0.549,549.0,normal(<1),7.47,25.7,83.0,34.0,406.0,43.0,0.0,471.0,1.24
S04449,Sandy clay loam,50.7,22.0,27.3,1.4,0.81,1.42,0.464,0.174,0.089,0.085,32.6,0.703,0.138,1.258,1258.0,germination-critical(1-2),6.46,28.1,58.0,65.0,213.0,3.0,3.0,248.0,1.12
S04450,Silty clay,1.7,50.6,47.7,2.73,1.58,1.471,0.445,0.261,0.131,0.13,23.1,0.52,0.214,0.816,816.0,normal(<1),6.52,23.3,95.0,33.0,430.0,48.0,11.0,598.0,2.68
S04451,Loam,48.3,37.8,14.0,2.1,1.22,1.544,0.417,0.191,0.056,0.135,25.8,0.618,0.159,0.362,362.0,normal(<1),6.61,26.5,19.0,55.0,270.0,4.0,12.0,369.0,1.74
S04452,Silt loam,24.3,72.9,2.9,1.67,0.97,1.666,0.371,0.194,0.085,0.109,12.9,0.349,0.242,1.686,1686.0,germination-critical(1-2),6.26,31.8,168.0,75.0,572.0,35.0,0.0,658.0,1.53
S04453,Sandy loam,69.4,19.2,11.5,0.3,0.17,1.582,0.403,0.148,0.05,0.098,23.4,0.58,0.169,1.774,1774.0,germination-critical(1-2),6.44,27.4,99.0,95.0,223.0,38.0,0.0,256.0,0.01
S04454,Sandy loam,61.8,28.5,9.8,1.13,0.66,1.623,0.388,0.155,0.06,0.095,21.1,0.543,0.177,0.567,567.0,normal(<1),6.12,30.1,3.0,13.0,260.0,17.0,20.0,319.0,0.98
S04455,Silty clay loam,9.3,55.2,35.6,2.46,1.43,1.518,0.427,0.22,0.11,0.11,24.3,0.569,0.184,0.208,208.0,normal(<1),6.41,33.9,27.0,48.0,455.0,58.0,18.0,575.0,2.87
S04456,Sandy clay loam,52.7,21.6,25.7,2.15,1.25,1.528,0.423,0.185,0.07,0.115,20.5,0.483,0.219,0.343,343.0,normal(<1),6.55,33.6,14.0,17.0,282.0,2.0,31.0,304.0,2.19
S04457,Silt loam,20.5,71.8,7.8,2.38,1.38,1.526,0.424,0.234,0.08,0.154,13.9,0.327,0.285,1.107,1107.0,germination-critical(1-2),6.14,26.4,47.0,33.0,516.0,56.0,22.0,628.0,2.09
S04458,Clay loam,20.8,44.2,35.1,1.28,0.74,1.43,0.46,0.228,0.123,0.105,29.9,0.649,0.162,0.341,341.0,normal(<1),6.4,21.5,33.0,12.0,425.0,46.0,17.0,498.0,1.12
S04459,Silty clay,13.9,42.1,44.0,2.79,1.62,1.478,0.442,0.269,0.133,0.136,31.8,0.72,0.124,0.22,220.0,normal(<1),6.38,22.8,7.0,21.0,391.0,55.0,6.0,477.0,2.49
S04460,Loam,42.8,38.8,18.4,2.13,1.24,1.516,0.428,0.176,0.082,0.094,13.9,0.325,0.289,0.609,609.0,normal(<1),6.54,35.9,28.0,58.0,338.0,48.0,9.0,387.0,2.38
S04461,Silt loam,12.5,86.3,1.1,0.62,0.36,1.637,0.382,0.218,0.1,0.119,24.8,0.647,0.135,1.107,1107.0,germination-critical(1-2),5.84,23.5,94.0,52.0,686.0,43.0,18.0,728.0,0.68
S04462,Loam,35.0,42.9,22.1,0.96,0.56,1.617,0.39,0.225,0.107,0.118,16.3,0.418,0.227,0.544,544.0,normal(<1),6.24,34.1,49.0,38.0,267.0,29.0,28.0,394.0,1.14
S04463,Silt loam,13.5,62.4,24.0,2.27,1.32,1.552,0.414,0.244,0.116,0.129,27.1,0.655,0.143,0.724,724.0,normal(<1),6.34,27.5,57.0,53.0,398.0,35.0,33.0,561.0,2.2
S04464,Loamy sand,76.3,21.6,2.1,1.64,0.95,1.572,0.407,0.127,0.036,0.091,18.8,0.462,0.219,0.07,70.0,normal(<1),7.1,30.6,0.0,14.0,64.0,48.0,21.0,203.0,2.07
S04465,Loam,38.0,42.5,19.5,2.51,1.45,1.445,0.455,0.2,0.086,0.114,20.7,0.456,0.247,0.563,563.0,normal(<1),6.29,33.1,60.0,30.0,359.0,60.0,5.0,438.0,2.56
S04466,Sand,89.8,8.9,1.3,1.01,0.59,1.636,0.383,0.123,0.028,0.095,14.0,0.365,0.243,0.647,647.0,normal(<1),6.38,28.1,40.0,22.0,161.0,24.0,15.0,171.0,1.04
S04467,Clay,41.8,16.1,42.1,1.97,1.14,1.555,0.413,0.23,0.109,0.121,24.4,0.59,0.169,0.247,247.0,normal(<1),6.55,33.7,18.0,59.0,204.0,38.0,32.0,280.0,1.5
S04468,Loamy sand,81.0,8.2,10.8,0.72,0.42,1.636,0.383,0.144,0.05,0.094,16.3,0.425,0.22,0.412,412.0,normal(<1),6.68,35.4,11.0,0.0,135.0,54.0,8.0,154.0,0.91
S04469,Silt loam,9.5,71.0,19.6,2.82,1.64,1.536,0.42,0.239,0.112,0.128,23.4,0.556,0.187,0.202,202.0,normal(<1),6.3,27.4,37.0,15.0,515.0,27.0,22.0,650.0,2.81
S04470,Silty clay loam,16.1,56.8,27.1,1.44,0.83,1.552,0.414,0.214,0.104,0.11,29.0,0.7,0.124,0.379,379.0,normal(<1),6.51,24.1,10.0,0.0,392.0,26.0,18.0,529.0,1.28
S04471,Sandy clay,47.2,17.7,35.1,2.44,1.42,1.518,0.427,0.191,0.099,0.092,23.2,0.543,0.195,0.913,913.0,normal(<1),7.16,24.1,132.0,25.0,209.0,79.0,21.0,204.0,2.18
S04472,Sandy loam,58.8,27.2,14.0,1.12,0.65,1.517,0.428,0.198,0.066,0.132,19.4,0.454,0.233,0.226,226.0,normal(<1),6.05,24.2,16.0,36.0,190.0,38.0,7.0,255.0,1.25
S04473,Silty clay loam,7.6,61.5,30.8,3.87,2.24,1.423,0.463,0.275,0.13,0.145,31.2,0.673,0.151,1.137,1137.0,germination-critical(1-2),6.95,16.9,52.0,66.0,510.0,54.0,34.0,622.0,3.64
S04474,Loam,36.3,45.7,18.1,0.69,0.4,1.56,0.411,0.184,0.069,0.115,18.5,0.45,0.226,0.209,209.0,normal(<1),7.1,18.1,23.0,0.0,399.0,22.0,1.0,484.0,1.0
S04475,Sandy loam,66.9,23.8,9.3,2.27,1.32,1.567,0.409,0.157,0.082,0.075,29.0,0.71,0.119,0.278,278.0,normal(<1),6.68,34.3,44.0,61.0,186.0,34.0,43.0,210.0,2.44
S04476,Clay loam,24.0,38.9,37.0,2.81,1.63,1.447,0.454,0.259,0.115,0.144,23.8,0.524,0.216,0.246,246.0,normal(<1),6.48,29.4,84.0,10.0,356.0,76.0,34.0,427.0,3.11
S04477,Sandy clay loam,55.6,13.7,30.7,1.86,1.08,1.557,0.412,0.185,0.09,0.095,28.3,0.686,0.13,1.159,1159.0,germination-critical(1-2),6.35,27.5,87.0,48.0,330.0,39.0,7.0,304.0,1.82
S04478,Silty clay,7.6,41.1,51.2,3.18,1.85,1.448,0.454,0.28,0.145,0.135,34.3,0.755,0.111,0.907,907.0,normal(<1),6.6,34.0,69.0,60.0,451.0,68.0,50.0,562.0,3.35
S04479,Sand,95.4,3.8,0.8,0.35,0.2,1.608,0.393,0.089,0.036,0.053,21.0,0.534,0.183,0.774,774.0,normal(<1),5.92,32.4,39.0,33.0,34.0,9.0,11.0,93.0,0.06
S04480,Loam,47.9,33.0,19.2,2.49,1.44,1.519,0.427,0.161,0.087,0.074,24.7,0.579,0.18,0.506,506.0,normal(<1),6.48,30.4,42.0,35.0,195.0,42.0,20.0,329.0,2.74
S04481,Silty clay loam,6.1,64.1,29.8,2.86,1.66,1.576,0.405,0.26,0.1,0.16,23.1,0.571,0.174,4.895,4895.0,detrimental(>3),6.82,32.9,290.0,161.0,546.0,66.0,14.0,577.0,2.86
S04482,Loam,43.5,42.4,14.1,1.07,0.62,1.612,0.392,0.203,0.1,0.103,21.0,0.537,0.181,0.52,520.0,normal(<1),6.13,22.6,26.0,18.0,295.0,15.0,0.0,425.0,1.12
S04483,Loam,45.6,41.9,12.5,1.54,0.89,1.59,0.4,0.186,0.08,0.106,24.8,0.62,0.152,1.179,1179.0,germination-critical(1-2),6.89,31.7,125.0,21.0,320.0,56.0,5.0,361.0,1.84
S04484,Loam,38.7,35.8,25.5,1.53,0.89,1.618,0.389,0.212,0.11,0.102,27.2,0.698,0.118,0.388,388.0,normal(<1),6.25,29.4,4.0,39.0,454.0,27.0,0.0,510.0,1.69
S04485,Sandy loam,57.1,35.5,7.5,2.7,1.56,1.602,0.396,0.168,0.075,0.093,11.3,0.286,0.283,1.219,1219.0,germination-critical(1-2),6.98,32.1,121.0,87.0,321.0,80.0,28.0,312.0,2.44
S04486,Silty clay loam,8.2,61.4,30.4,3.34,1.94,1.514,0.429,0.257,0.122,0.135,29.4,0.685,0.135,0.687,687.0,normal(<1),6.35,20.3,50.0,60.0,519.0,57.0,17.0,657.0,3.5
S04487,Loam,41.9,32.4,25.7,2.59,1.5,1.538,0.42,0.208,0.111,0.096,26.0,0.62,0.16,0.626,626.0,normal(<1),6.17,28.5,45.0,45.0,346.0,43.0,29.0,402.0,2.64
S04488,Sandy loam,57.1,31.2,11.7,1.96,1.14,1.576,0.405,0.172,0.065,0.107,19.0,0.47,0.215,1.977,1977.0,germination-critical(1-2),6.43,30.8,164.0,96.0,339.0,51.0,29.0,376.0,2.01
S04489,Loam,51.5,34.2,14.3,1.34,0.78,1.609,0.393,0.176,0.086,0.09,18.9,0.48,0.204,0.501,501.0,normal(<1),6.7,35.9,72.0,18.0,385.0,22.0,24.0,415.0,1.41
S04490,Loam,50.3,31.5,18.2,1.85,1.07,1.498,0.435,0.19,0.088,0.103,25.3,0.583,0.181,0.833,833.0,normal(<1),6.39,27.1,43.0,0.0,266.0,60.0,17.0,307.0,1.84
S04491,Silt loam,12.4,85.9,1.7,1.19,0.69,1.535,0.421,0.232,0.083,0.149,25.5,0.606,0.166,3.033,3033.0,detrimental(>3),6.73,35.6,205.0,105.0,617.0,30.0,3.0,681.0,1.01
S04492,Loamy sand,78.0,18.7,3.3,0.3,0.17,1.707,0.356,0.156,0.05,0.106,17.3,0.487,0.183,0.05,50.0,normal(<1),7.1,22.8,69.0,25.0,206.0,46.0,7.0,242.0,0.34
S04493,Sandy loam,66.1,26.3,7.7,0.37,0.22,1.501,0.434,0.146,0.061,0.085,17.4,0.401,0.26,0.183,183.0,normal(<1),6.44,20.9,11.0,0.0,176.0,18.0,0.0,241.0,0.23
S04494,Sand,85.8,4.4,9.8,1.69,0.98,1.574,0.406,0.16,0.051,0.109,12.0,0.297,0.286,1.433,1433.0,germination-critical(1-2),6.18,29.9,98.0,49.0,115.0,36.0,8.0,63.0,1.44
S04495,Clay,34.5,13.5,52.0,2.52,1.46,1.512,0.43,0.248,0.122,0.127,26.1,0.608,0.169,0.657,657.0,normal(<1),6.26,24.0,52.0,29.0,319.0,69.0,12.0,355.0,2.81
S04496,Sand,92.3,4.2,3.5,0.3,0.17,1.605,0.394,0.106,0.034,0.072,11.9,0.301,0.276,1.186,1186.0,germination-critical(1-2),6.85,25.8,50.0,22.0,59.0,33.0,4.0,99.0,0.29
S04497,Silt loam,24.6,61.6,13.8,2.75,1.6,1.481,0.441,0.208,0.107,0.101,27.6,0.625,0.165,1.714,1714.0,germination-critical(1-2),6.33,27.3,99.0,47.0,509.0,27.0,28.0,542.0,2.57
S04498,Silt loam,9.0,64.0,27.0,2.85,1.66,1.438,0.457,0.222,0.102,0.12,21.9,0.479,0.238,0.322,322.0,normal(<1),6.28,31.0,45.0,25.0,548.0,50.0,24.0,628.0,2.99
S04499,Clay loam,22.4,38.0,39.6,3.88,2.25,1.443,0.455,0.258,0.126,0.133,18.1,0.397,0.274,2.113,2113.0,salt-sensitive-critical(2-3),6.53,33.9,131.0,76.0,437.0,64.0,30.0,470.0,3.93
S04500,Sandy clay loam,49.9,20.6,29.5,1.09,0.63,1.556,0.413,0.216,0.108,0.108,20.0,0.484,0.213,0.226,226.0,normal(<1),6.35,24.5,13.0,8.0,266.0,35.0,19.0,285.0,0.96
S04501,Sandy clay,51.8,1.2,47.0,1.68,0.98,1.59,0.4,0.173,0.112,0.061,23.7,0.592,0.163,0.671,671.0,normal(<1),6.69,26.2,57.0,31.0,252.0,31.0,6.0,191.0,2.07
S04502,Sandy loam,70.8,20.7,8.6,1.78,1.03,1.624,0.387,0.143,0.058,0.085,28.8,0.744,0.099,0.24,240.0,normal(<1),6.31,29.1,51.0,0.0,153.0,37.0,3.0,187.0,1.9
S04503,Clay loam,38.4,25.5,36.1,1.65,0.96,1.503,0.433,0.221,0.099,0.122,27.7,0.64,0.156,0.476,476.0,normal(<1),6.19,32.3,18.0,7.0,349.0,43.0,1.0,410.0,1.68
S04504,Sandy loam,56.5,32.7,10.8,0.72,0.42,1.586,0.401,0.158,0.057,0.101,21.8,0.543,0.184,0.576,576.0,normal(<1),6.13,29.7,56.0,0.0,284.0,24.0,2.0,336.0,0.55
S04505,Sandy loam,69.9,20.3,9.9,0.31,0.18,1.62,0.389,0.132,0.072,0.06,20.5,0.527,0.184,2.73,2730.0,salt-sensitive-critical(2-3),6.72,34.0,155.0,112.0,284.0,0.0,8.0,204.0,0.01
S04506,Loamy sand,83.4,11.0,5.6,1.57,0.91,1.538,0.42,0.113,0.036,0.077,18.0,0.429,0.24,0.684,684.0,normal(<1),6.4,30.7,88.0,13.0,30.0,24.0,20.0,70.0,1.94
S04507,Sand,95.6,4.3,0.0,0.37,0.21,1.684,0.364,0.115,0.026,0.09,16.6,0.456,0.198,0.249,249.0,normal(<1),6.13,34.9,0.0,7.0,45.0,5.0,19.0,58.0,0.21
S04508,Loam,38.5,48.7,12.8,1.01,0.59,1.598,0.397,0.2,0.071,0.129,20.2,0.51,0.195,0.705,705.0,normal(<1),6.19,30.4,26.0,24.0,379.0,19.0,16.0,483.0,0.96
S04509,Clay loam,43.1,25.0,31.9,4.21,2.44,1.429,0.461,0.206,0.091,0.116,18.1,0.394,0.279,0.857,857.0,normal(<1),6.61,29.8,68.0,36.0,341.0,88.0,31.0,341.0,4.22
S04510,Sandy loam,53.5,27.8,18.7,4.17,2.42,1.528,0.423,0.205,0.088,0.118,26.5,0.626,0.158,0.153,153.0,normal(<1),6.8,24.0,32.0,16.0,225.0,83.0,31.0,237.0,4.23
S04511,Silt loam,3.7,84.7,11.6,2.7,1.57,1.436,0.458,0.222,0.118,0.104,28.9,0.631,0.169,0.659,659.0,normal(<1),5.62,20.4,15.0,34.0,649.0,49.0,22.0,755.0,2.38
S04512,Sandy clay,53.2,1.7,45.1,1.53,0.89,1.452,0.452,0.211,0.092,0.119,17.9,0.395,0.274,1.096,1096.0,germination-critical(1-2),6.62,23.5,65.0,6.0,178.0,44.0,8.0,165.0,1.17
S04513,Clay loam,41.2,21.3,37.6,2.38,1.38,1.525,0.425,0.23,0.118,0.112,28.7,0.677,0.137,0.158,158.0,normal(<1),6.5,25.6,35.0,25.0,237.0,61.0,17.0,317.0,2.04
S04514,Silt loam,1.6,73.6,24.8,3.63,2.11,1.399,0.472,0.261,0.126,0.135,25.7,0.543,0.216,2.07,2070.0,salt-sensitive-critical(2-3),6.36,27.2,156.0,75.0,546.0,79.0,38.0,632.0,3.59
S04515,Sandy clay,45.8,6.2,47.9,2.62,1.52,1.392,0.475,0.258,0.129,0.129,30.0,0.632,0.175,0.429,429.0,normal(<1),6.27,31.7,54.0,28.0,141.0,53.0,21.0,216.0,2.06
S04516,Sand,94.9,4.5,0.6,2.07,1.2,1.668,0.371,0.116,0.053,0.063,26.5,0.714,0.106,1.054,1054.0,germination-critical(1-2),6.43,25.3,115.0,29.0,150.0,48.0,14.0,98.0,2.37
S04517,Silty clay,0.4,40.5,59.1,2.57,1.49,1.481,0.441,0.303,0.154,0.149,30.0,0.68,0.141,0.256,256.0,normal(<1),6.19,30.7,36.0,22.0,406.0,46.0,17.0,512.0,2.72
S04518,Clay,43.9,1.6,54.5,2.41,1.4,1.481,0.441,0.228,0.144,0.084,16.4,0.371,0.278,1.214,1214.0,germination-critical(1-2),6.44,22.9,140.0,32.0,130.0,80.0,20.0,192.0,2.37
S04519,Sandy clay loam,59.0,12.1,28.9,2.43,1.41,1.515,0.428,0.194,0.085,0.109,14.2,0.331,0.287,3.038,3038.0,detrimental(>3),6.91,31.5,194.0,116.0,148.0,46.0,21.0,194.0,2.75
S04520,Loam,50.3,41.7,8.0,1.64,0.95,1.609,0.393,0.155,0.063,0.092,18.0,0.459,0.212,0.29,290.0,normal(<1),6.92,25.3,84.0,30.0,310.0,50.0,5.0,358.0,1.92
S04521,Clay loam,25.5,43.8,30.7,2.88,1.67,1.527,0.424,0.218,0.125,0.093,22.0,0.519,0.204,0.181,181.0,normal(<1),6.63,24.9,28.0,24.0,403.0,66.0,10.0,503.0,3.09
S04522,Loamy sand,70.6,20.3,9.1,1.22,0.71,1.601,0.396,0.164,0.051,0.113,21.2,0.535,0.184,0.407,407.0,normal(<1),6.3,35.1,58.0,33.0,236.0,35.0,10.0,272.0,1.62
S04523,Loam,45.2,38.4,16.4,1.05,0.61,1.656,0.375,0.177,0.076,0.101,26.8,0.715,0.107,0.954,954.0,normal(<1),6.83,29.2,84.0,62.0,327.0,36.0,21.0,370.0,1.04
S04524,Clay loam,40.6,29.3,30.2,1.39,0.81,1.542,0.418,0.18,0.086,0.093,29.1,0.697,0.127,0.333,333.0,normal(<1),6.6,27.2,13.0,51.0,216.0,12.0,27.0,325.0,1.27
S04525,Silty clay loam,0.8,65.2,34.0,1.95,1.13,1.415,0.466,0.257,0.106,0.151,24.0,0.516,0.226,0.425,425.0,normal(<1),6.79,23.3,77.0,16.0,555.0,45.0,28.0,717.0,2.12
S04526,Clay loam,34.6,32.1,33.3,1.1,0.64,1.506,0.432,0.203,0.103,0.1,24.2,0.56,0.19,0.093,93.0,normal(<1),6.64,35.7,22.0,8.0,289.0,37.0,5.0,362.0,1.18
S04527,Sandy clay loam,63.3,3.7,33.0,1.11,0.64,1.52,0.426,0.16,0.09,0.07,22.3,0.523,0.203,1.641,1641.0,germination-critical(1-2),6.33,22.8,61.0,69.0,37.0,11.0,5.0,140.0,1.25
S04528,Sandy clay loam,54.8,13.8,31.4,2.36,1.37,1.561,0.411,0.197,0.103,0.094,17.0,0.412,0.242,0.486,486.0,normal(<1),6.61,32.2,79.0,27.0,262.0,52.0,25.0,295.0,2.82
S04529,Silty clay,0.6,52.1,47.3,4.49,2.6,1.478,0.442,0.273,0.128,0.145,32.6,0.738,0.116,0.479,479.0,normal(<1),6.63,26.6,73.0,38.0,491.0,106.0,47.0,580.0,4.21
S04530,Silty clay,7.0,48.2,44.7,3.3,1.91,1.494,0.436,0.259,0.128,0.131,24.5,0.562,0.191,0.891,891.0,normal(<1),6.35,22.6,66.0,51.0,418.0,71.0,49.0,534.0,3.56
S04531,Clay loam,21.9,45.7,32.3,1.99,1.15,1.433,0.459,0.256,0.119,0.137,32.1,0.7,0.138,1.994,1994.0,germination-critical(1-2),6.27,20.3,122.0,84.0,360.0,30.0,11.0,458.0,2.3
S04532,Sandy loam,62.0,19.5,18.5,2.75,1.59,1.571,0.407,0.183,0.084,0.1,24.6,0.603,0.162,0.249,249.0,normal(<1),6.27,31.3,0.0,38.0,168.0,58.0,18.0,296.0,2.74
S04533,Sandy clay loam,46.0,27.6,26.4,1.24,0.72,1.68,0.366,0.202,0.086,0.116,21.2,0.579,0.154,0.436,436.0,normal(<1),6.15,33.3,60.0,36.0,174.0,51.0,11.0,251.0,0.89
S04534,Loam,32.1,44.4,23.5,2.11,1.22,1.541,0.418,0.203,0.084,0.12,19.3,0.462,0.225,0.314,314.0,normal(<1),6.07,31.6,68.0,0.0,377.0,52.0,17.0,421.0,1.89
S04535,Sandy loam,56.8,37.2,6.0,1.92,1.11,1.604,0.395,0.175,0.055,0.121,26.7,0.677,0.127,0.787,787.0,normal(<1),6.44,26.2,90.0,28.0,327.0,38.0,18.0,344.0,1.8
S04536,Sandy clay loam,47.5,25.3,27.2,3.91,2.27,1.499,0.434,0.215,0.094,0.121,26.2,0.604,0.172,0.676,676.0,normal(<1),6.27,26.1,54.0,11.0,178.0,90.0,22.0,257.0,4.02
S04537,Sandy loam,77.0,8.4,14.7,1.14,0.66,1.612,0.392,0.152,0.07,0.082,10.8,0.276,0.283,0.256,256.0,normal(<1),6.34,31.3,0.0,6.0,78.0,23.0,28.0,100.0,1.2
S04538,Sandy clay loam,62.5,8.1,29.4,1.38,0.8,1.566,0.409,0.183,0.098,0.085,18.3,0.448,0.226,0.691,691.0,normal(<1),6.51,28.9,82.0,3.0,195.0,8.0,3.0,198.0,1.64
S04539,Clay loam,34.8,31.6,33.7,0.94,0.55,1.525,0.425,0.221,0.12,0.1,22.5,0.531,0.199,0.719,719.0,normal(<1),6.27,24.6,22.0,45.0,367.0,0.0,7.0,366.0,0.63
S04540,Loam,35.5,48.0,16.5,1.16,0.67,1.59,0.4,0.206,0.079,0.127,29.2,0.729,0.108,0.448,448.0,normal(<1),6.56,26.8,0.0,50.0,373.0,15.0,0.0,467.0,1.36
S04541,Sandy loam,69.8,17.0,13.2,4.65,2.7,1.525,0.424,0.16,0.08,0.081,23.0,0.543,0.194,0.168,168.0,normal(<1),6.62,31.2,48.0,28.0,153.0,94.0,23.0,217.0,4.5
S04542,Sandy loam,50.1,34.7,15.2,2.86,1.66,1.56,0.411,0.207,0.07,0.137,15.2,0.37,0.259,0.431,431.0,normal(<1),6.87,29.8,79.0,40.0,240.0,72.0,20.0,317.0,2.8
S04543,Silt loam,5.7,81.0,13.3,1.91,1.11,1.44,0.457,0.234,0.088,0.146,32.7,0.715,0.13,0.488,488.0,normal(<1),6.66,26.7,56.0,4.0,695.0,16.0,30.0,738.0,2.11
S04544,Sandy loam,58.2,34.4,7.4,1.7,0.98,1.585,0.402,0.162,0.064,0.097,26.4,0.658,0.137,0.69,690.0,normal(<1),6.45,23.0,55.0,34.0,309.0,22.0,18.0,304.0,1.6
S04545,Silt loam,10.8,75.1,14.1,3.13,1.81,1.589,0.4,0.227,0.105,0.122,26.0,0.65,0.14,0.274,274.0,normal(<1),6.07,36.6,0.0,0.0,462.0,74.0,13.0,625.0,3.12
S04546,Silty clay loam,13.2,58.2,28.5,2.76,1.6,1.541,0.419,0.233,0.107,0.125,23.0,0.548,0.189,0.549,549.0,normal(<1),6.59,23.0,82.0,48.0,451.0,59.0,24.0,537.0,2.83
S04547,Sandy loam,76.9,12.2,10.9,3.82,2.22,1.492,0.437,0.137,0.062,0.075,20.8,0.475,0.229,0.341,341.0,normal(<1),5.92,28.9,129.0,55.0,189.0,89.0,33.0,226.0,3.66
S04548,Sand,86.5,11.8,1.7,0.6,0.35,1.701,0.358,0.101,0.055,0.046,13.8,0.386,0.22,0.61,610.0,normal(<1),6.66,27.8,49.0,36.0,105.0,9.0,0.0,145.0,0.87
S04549,Loamy sand,77.8,13.3,8.9,1.08,0.62,1.62,0.389,0.145,0.04,0.105,8.8,0.227,0.3,0.226,226.0,normal(<1),6.27,30.3,53.0,39.0,184.0,21.0,8.0,161.0,0.76
S04550,Silty clay,3.9,54.9,41.2,2.73,1.58,1.587,0.401,0.274,0.143,0.131,19.7,0.491,0.204,1.29,1290.0,germination-critical(1-2),5.98,29.3,107.0,45.0,519.0,53.0,5.0,573.0,2.86
S04551,Clay loam,27.9,37.4,34.7,3.19,1.85,1.481,0.441,0.275,0.114,0.16,31.5,0.715,0.126,0.519,519.0,normal(<1),6.12,28.6,47.0,53.0,401.0,45.0,38.0,466.0,3.37
S04552,Loam,40.1,36.4,23.5,1.24,0.72,1.497,0.435,0.187,0.093,0.094,15.5,0.358,0.279,0.059,59.0,normal(<1),6.35,22.6,19.0,0.0,349.0,23.0,11.0,424.0,1.23
S04553,Sandy clay loam,62.0,7.6,30.4,3.13,1.82,1.46,0.449,0.201,0.089,0.113,33.0,0.734,0.119,0.741,741.0,normal(<1),6.24,27.7,100.0,26.0,169.0,74.0,33.0,172.0,3.2
S04554,Loam,34.0,47.3,18.6,0.98,0.57,1.574,0.406,0.195,0.098,0.097,23.4,0.575,0.172,0.453,453.0,normal(<1),6.08,38.6,15.0,16.0,352.0,11.0,14.0,461.0,1.08
S04555,Loam,29.9,46.9,23.2,1.47,0.85,1.471,0.445,0.188,0.11,0.079,24.4,0.548,0.201,0.159,159.0,normal(<1),5.87,33.8,132.0,0.0,401.0,79.0,3.0,492.0,1.73
S04556,Sandy loam,61.4,29.2,9.4,0.83,0.48,1.664,0.372,0.16,0.083,0.077,12.9,0.348,0.243,0.398,398.0,normal(<1),5.93,26.9,39.0,31.0,311.0,60.0,3.0,334.0,0.7
S04557,Sandy loam,51.8,31.0,17.2,3.34,1.94,1.47,0.445,0.197,0.07,0.127,15.2,0.341,0.293,0.315,315.0,normal(<1),6.56,23.9,6.0,42.0,306.0,52.0,17.0,343.0,3.51
S04558,Sandy loam,71.5,8.8,19.7,1.87,1.08,1.497,0.435,0.154,0.066,0.088,30.0,0.689,0.135,3.348,3348.0,detrimental(>3),6.72,20.4,182.0,124.0,172.0,17.0,26.0,162.0,1.86
S04559,Sandy clay loam,64.7,0.4,34.9,2.57,1.49,1.605,0.394,0.207,0.085,0.122,22.9,0.58,0.165,0.299,299.0,normal(<1),6.06,26.6,90.0,0.0,67.0,65.0,12.0,66.0,2.66
S04560,Silt loam,28.2,65.7,6.1,0.62,0.36,1.609,0.393,0.188,0.082,0.107,27.6,0.701,0.117,0.169,169.0,normal(<1),6.19,21.3,52.0,30.0,463.0,48.0,9.0,566.0,0.97
S04561,Silty clay loam,14.6,55.8,29.6,4.26,2.47,1.43,0.46,0.249,0.12,0.129,23.9,0.518,0.222,2.045,2045.0,salt-sensitive-critical(2-3),6.99,21.8,153.0,113.0,512.0,89.0,28.0,558.0,4.27
S04562,Silt loam,25.5,62.7,11.9,2.3,1.33,1.518,0.427,0.224,0.093,0.13,22.3,0.523,0.204,1.005,1005.0,germination-critical(1-2),6.16,26.5,71.0,26.0,495.0,36.0,24.0,554.0,2.24
S04563,Sandy loam,64.4,23.5,12.1,0.75,0.44,1.668,0.371,0.181,0.071,0.11,23.6,0.637,0.134,0.214,214.0,normal(<1),6.5,26.1,46.0,18.0,113.0,7.0,15.0,186.0,0.67
S04564,Silty clay loam,8.6,53.6,37.8,1.91,1.11,1.506,0.432,0.231,0.111,0.12,24.5,0.568,0.186,1.598,1598.0,germination-critical(1-2),6.81,21.4,76.0,75.0,514.0,36.0,17.0,598.0,1.7
S04565,Clay loam,37.2,25.6,37.2,2.81,1.63,1.476,0.443,0.224,0.116,0.108,21.6,0.488,0.227,0.192,192.0,normal(<1),6.73,23.7,33.0,0.0,254.0,45.0,22.0,373.0,3.14
S04566,Silty clay,11.7,42.9,45.4,5.07,2.94,1.348,0.491,0.265,0.144,0.121,33.1,0.673,0.161,1.077,1077.0,germination-critical(1-2),6.48,27.5,113.0,59.0,456.0,80.0,39.0,499.0,4.51
S04567,Silty clay loam,8.9,62.3,28.8,3.01,1.74,1.487,0.439,0.262,0.121,0.141,31.8,0.725,0.121,0.871,871.0,normal(<1),6.28,25.9,95.0,31.0,479.0,63.0,33.0,550.0,2.91
S04568,Sandy loam,47.5,36.4,16.0,1.28,0.74,1.571,0.407,0.163,0.092,0.071,14.6,0.358,0.262,0.457,457.0,normal(<1),6.63,24.6,15.0,22.0,332.0,5.0,12.0,364.0,1.27
S04569,Sandy clay loam,50.5,17.8,31.8,1.41,0.82,1.462,0.448,0.206,0.087,0.12,29.0,0.648,0.158,0.713,713.0,normal(<1),6.76,27.0,75.0,37.0,198.0,32.0,10.0,253.0,1.76
S04570,Sandy loam,53.9,38.2,7.9,1.01,0.59,1.665,0.372,0.171,0.039,0.132,10.5,0.283,0.266,2.455,2455.0,salt-sensitive-critical(2-3),6.48,28.6,109.0,115.0,246.0,33.0,18.0,293.0,0.97
S04571,Clay loam,35.1,33.9,30.9,2.09,1.21,1.547,0.416,0.198,0.133,0.066,19.6,0.471,0.22,0.284,284.0,normal(<1),6.76,34.8,33.0,35.0,331.0,45.0,19.0,364.0,2.05
S04572,Sandy clay loam,47.5,26.0,26.5,2.51,1.45,1.57,0.408,0.189,0.088,0.101,19.3,0.475,0.214,1.774,1774.0,germination-critical(1-2),6.84,30.7,133.0,26.0,323.0,73.0,16.0,327.0,2.42
S04573,Silty clay loam,9.8,56.6,33.7,4.4,2.55,1.354,0.489,0.25,0.13,0.12,23.4,0.479,0.255,1.023,1023.0,germination-critical(1-2),6.82,30.3,101.0,48.0,422.0,102.0,31.0,513.0,4.22
S04574,Sandy loam,50.7,40.3,9.0,0.86,0.5,1.596,0.398,0.18,0.061,0.119,26.5,0.666,0.133,0.773,773.0,normal(<1),6.24,30.5,24.0,38.0,326.0,23.0,21.0,390.0,0.39
S04575,Clay loam,31.7,31.0,37.3,3.93,2.28,1.478,0.442,0.234,0.105,0.129,15.5,0.351,0.287,0.454,454.0,normal(<1),6.32,30.0,66.0,59.0,367.0,79.0,23.0,369.0,4.05
S04576,Silt loam,1.2,87.3,11.5,2.28,1.32,1.526,0.424,0.254,0.111,0.143,28.3,0.668,0.141,0.244,244.0,normal(<1),6.2,27.2,56.0,0.0,541.0,58.0,19.0,759.0,1.93
S04577,Silty clay loam,2.0,69.1,28.9,3.97,2.3,1.538,0.42,0.263,0.108,0.155,23.2,0.553,0.188,0.208,208.0,normal(<1),6.05,35.4,21.0,52.0,512.0,60.0,41.0,633.0,3.7
S04578,Sandy clay loam,49.7,27.0,23.2,1.62,0.94,1.488,0.439,0.187,0.08,0.107,22.5,0.512,0.214,3.19,3190.0,detrimental(>3),6.45,27.2,222.0,60.0,345.0,75.0,0.0,376.0,2.1
S04579,Loam,35.4,38.5,26.2,0.86,0.5,1.544,0.417,0.212,0.093,0.119,28.4,0.682,0.133,2.049,2049.0,salt-sensitive-critical(2-3),6.47,27.6,104.0,52.0,332.0,39.0,3.0,354.0,0.62
S04580,Loam,37.9,46.6,15.5,1.74,1.01,1.555,0.413,0.182,0.088,0.094,14.6,0.354,0.267,0.13,130.0,normal(<1),6.98,26.9,0.0,19.0,306.0,37.0,6.0,422.0,1.74
S04581,Sandy loam,52.5,27.8,19.7,3.17,1.84,1.471,0.445,0.19,0.082,0.108,22.3,0.502,0.222,0.395,395.0,normal(<1),6.54,28.2,84.0,64.0,256.0,82.0,34.0,312.0,3.41
S04582,Sandy clay loam,51.2,27.2,21.5,1.04,0.61,1.626,0.386,0.194,0.081,0.113,20.2,0.522,0.185,0.247,247.0,normal(<1),6.6,26.8,6.0,0.0,189.0,20.0,7.0,325.0,1.31
S04583,Sandy loam,55.8,28.1,16.1,1.85,1.07,1.514,0.429,0.182,0.073,0.109,24.4,0.57,0.184,0.571,571.0,normal(<1),6.61,21.2,64.0,50.0,236.0,72.0,38.0,261.0,1.71
S04584,Sand,92.9,1.3,5.8,0.5,0.29,1.659,0.374,0.113,0.038,0.075,21.7,0.581,0.157,2.95,2950.0,salt-sensitive-critical(2-3),7.38,22.8,165.0,69.0,86.0,40.0,10.0,35.0,0.7
S04585,Clay loam,34.0,28.9,37.1,2.61,1.51,1.451,0.452,0.219,0.095,0.124,25.5,0.564,0.197,0.116,116.0,normal(<1),6.8,22.8,41.0,0.0,190.0,63.0,10.0,337.0,2.63
S04586,Sandy loam,64.8,19.6,15.6,1.04,0.6,1.641,0.381,0.152,0.069,0.083,19.2,0.504,0.189,0.306,306.0,normal(<1),6.37,25.2,0.0,0.0,204.0,5.0,0.0,197.0,0.92
S04587,Sandy loam,55.4,36.6,8.1,0.96,0.56,1.571,0.407,0.149,0.066,0.083,23.9,0.588,0.168,0.223,223.0,normal(<1),6.4,33.2,23.0,23.0,291.0,12.0,11.0,370.0,1.03
S04588,Loam,40.2,38.3,21.5,1.54,0.89,1.471,0.445,0.184,0.085,0.099,22.8,0.512,0.217,0.133,133.0,normal(<1),6.48,28.8,32.0,0.0,335.0,41.0,14.0,466.0,1.4
S04589,Silty clay,15.6,41.3,43.1,2.13,1.24,1.458,0.45,0.269,0.118,0.151,20.4,0.453,0.246,1.825,1825.0,germination-critical(1-2),6.97,23.5,86.0,51.0,407.0,52.0,7.0,476.0,1.89
S04590,Silty clay,8.0,45.9,46.1,2.61,1.51,1.453,0.452,0.246,0.127,0.119,30.4,0.673,0.148,5.303,5303.0,detrimental(>3),5.8,27.7,284.0,176.0,579.0,52.0,33.0,529.0,2.16
S04591,Loam,35.8,37.8,26.4,1.09,0.63,1.461,0.449,0.221,0.097,0.125,20.6,0.46,0.242,7.168,7168.0,detrimental(>3),6.59,35.6,375.0,226.0,464.0,48.0,6.0,398.0,1.0
S04592,Loam,31.8,43.0,25.2,3.31,1.92,1.591,0.4,0.205,0.113,0.092,21.7,0.542,0.183,0.232,232.0,normal(<1),6.17,29.3,96.0,12.0,258.0,70.0,7.0,407.0,3.46
S04593,Silty clay loam,5.9,55.3,38.9,1.71,0.99,1.552,0.415,0.233,0.134,0.098,28.0,0.675,0.135,0.244,244.0,normal(<1),6.6,25.3,31.0,28.0,477.0,66.0,10.0,599.0,1.85
S04594,Silt loam,12.8,73.6,13.7,0.85,0.49,1.587,0.401,0.245,0.106,0.139,28.0,0.699,0.121,0.05,50.0,normal(<1),6.53,25.3,16.0,2.0,523.0,11.0,22.0,640.0,1.01
S04595,Loamy sand,73.0,21.1,5.9,3.57,2.07,1.465,0.447,0.128,0.04,0.088,11.9,0.266,0.328,0.957,957.0,normal(<1),6.65,30.0,109.0,89.0,156.0,90.0,32.0,181.0,3.75
S04596,Clay,18.2,36.1,45.7,2.61,1.51,1.408,0.469,0.252,0.124,0.128,35.5,0.757,0.114,0.409,409.0,normal(<1),6.78,26.1,86.0,38.0,390.0,37.0,13.0,444.0,2.5
S04597,Silt loam,6.1,82.1,11.7,4.05,2.35,1.602,0.396,0.252,0.115,0.136,25.1,0.634,0.145,0.453,453.0,normal(<1),6.4,18.1,75.0,16.0,589.0,65.0,41.0,747.0,4.33
S04598,Silt loam,28.6,65.6,5.8,1.78,1.03,1.587,0.401,0.206,0.096,0.11,24.8,0.618,0.153,0.127,127.0,normal(<1),6.62,26.2,16.0,22.0,433.0,40.0,16.0,591.0,2.08
S04599,Sandy loam,66.1,16.5,17.4,3.05,1.77,1.606,0.394,0.17,0.078,0.092,26.7,0.678,0.127,0.073,73.0,normal(<1),7.16,21.8,31.0,28.0,201.0,56.0,20.0,300.0,2.91
S04600,Sandy clay,49.4,14.7,35.9,1.7,0.99,1.475,0.444,0.223,0.106,0.117,25.6,0.577,0.188,0.455,455.0,normal(<1),6.54,31.8,66.0,52.0,207.0,44.0,2.0,249.0,1.69
S04601,Silty clay loam,7.7,59.4,32.9,2.43,1.41,1.53,0.423,0.247,0.125,0.122,28.2,0.668,0.14,0.105,105.0,normal(<1),6.71,27.7,57.0,23.0,447.0,61.0,15.0,600.0,2.64
S04602,Loam,40.6,37.8,21.6,2.35,1.36,1.495,0.436,0.209,0.08,0.129,29.1,0.667,0.145,0.206,206.0,normal(<1),6.2,33.2,52.0,52.0,289.0,48.0,22.0,344.0,2.66
S04603,Sandy clay loam,62.4,3.3,34.3,3.91,2.27,1.473,0.444,0.211,0.085,0.126,31.0,0.697,0.134,0.544,544.0,normal(<1),6.35,25.0,73.0,36.0,145.0,98.0,26.0,153.0,4.22
S04604,Loam,49.1,34.2,16.6,2.02,1.17,1.593,0.399,0.181,0.087,0.094,25.1,0.629,0.148,1.477,1477.0,germination-critical(1-2),6.38,32.3,105.0,41.0,347.0,60.0,19.0,365.0,2.1
S04605,Sandy loam,65.0,17.4,17.7,1.24,0.72,1.581,0.403,0.141,0.072,0.069,24.0,0.596,0.163,0.206,206.0,normal(<1),7.06,26.8,15.0,0.0,255.0,55.0,13.0,255.0,1.62
S04606,Silt loam,14.1,79.4,6.5,1.96,1.14,1.47,0.445,0.221,0.075,0.146,20.2,0.453,0.244,1.457,1457.0,germination-critical(1-2),6.26,32.3,95.0,100.0,658.0,43.0,26.0,757.0,2.03
S04607,Loam,38.7,40.3,21.0,1.71,0.99,1.501,0.434,0.213,0.085,0.128,16.9,0.389,0.265,0.667,667.0,normal(<1),6.55,23.9,56.0,46.0,392.0,23.0,27.0,442.0,1.57
S04608,Loamy sand,82.9,3.7,13.4,3.47,2.01,1.528,0.423,0.148,0.062,0.086,14.9,0.352,0.274,0.123,123.0,normal(<1),6.44,33.3,50.0,25.0,126.0,77.0,51.0,94.0,3.29
S04609,Loam,51.8,29.3,18.9,2.66,1.54,1.638,0.382,0.18,0.085,0.095,12.5,0.328,0.257,1.604,1604.0,germination-critical(1-2),6.61,21.4,142.0,106.0,258.0,74.0,17.0,277.0,2.61
S04610,Silt loam,3.0,80.4,16.6,1.77,1.03,1.53,0.423,0.224,0.106,0.117,22.9,0.541,0.194,0.05,50.0,normal(<1),6.62,35.0,56.0,21.0,559.0,19.0,13.0,705.0,2.05
S04611,Clay loam,22.0,46.4,31.6,1.32,0.76,1.441,0.456,0.214,0.119,0.096,23.6,0.517,0.22,0.846,846.0,normal(<1),6.2,22.5,63.0,38.0,430.0,29.0,7.0,518.0,1.17
S04612,Clay loam,27.5,37.8,34.7,2.56,1.48,1.501,0.434,0.264,0.098,0.166,31.9,0.736,0.114,0.501,501.0,normal(<1),6.43,39.5,41.0,23.0,317.0,67.0,32.0,403.0,2.3
S04613,Sand,91.9,0.5,7.6,0.3,0.17,1.62,0.389,0.158,0.06,0.098,18.2,0.469,0.206,0.591,591.0,normal(<1),6.28,29.6,18.0,14.0,117.0,4.0,14.0,57.0,0.03
S04614,Sandy loam,66.2,16.1,17.7,1.49,0.87,1.585,0.402,0.168,0.06,0.109,19.6,0.489,0.205,1.014,1014.0,germination-critical(1-2),6.63,19.3,74.0,19.0,186.0,30.0,20.0,280.0,1.51
S04615,Silt loam,4.7,68.8,26.6,3.14,1.82,1.529,0.423,0.252,0.105,0.147,23.0,0.543,0.193,0.483,483.0,normal(<1),6.77,20.9,24.0,97.0,421.0,72.0,41.0,616.0,3.13
S04616,Silt loam,26.1,52.6,21.3,3.94,2.28,1.461,0.449,0.232,0.106,0.126,27.9,0.622,0.17,0.805,805.0,normal(<1),7.11,25.7,125.0,30.0,467.0,97.0,49.0,607.0,3.72
S04617,Silt loam,18.2,57.9,23.9,1.75,1.01,1.508,0.431,0.243,0.108,0.134,24.2,0.562,0.189,1.159,1159.0,germination-critical(1-2),6.72,27.8,87.0,23.0,430.0,41.0,23.0,541.0,1.81
S04618,Sandy clay,55.5,3.5,41.0,2.12,1.23,1.48,0.441,0.188,0.097,0.091,16.5,0.374,0.276,1.109,1109.0,germination-critical(1-2),5.93,27.7,79.0,23.0,132.0,84.0,2.0,181.0,1.45
S04619,Silt loam,7.7,86.8,5.5,3.21,1.86,1.556,0.413,0.229,0.1,0.128,26.7,0.647,0.146,0.429,429.0,normal(<1),6.6,32.1,90.0,57.0,515.0,71.0,35.0,695.0,2.91
S04620,Loamy sand,87.3,9.2,3.5,0.46,0.26,1.654,0.376,0.102,0.041,0.061,17.9,0.477,0.196,0.194,194.0,normal(<1),5.65,28.9,8.0,0.0,57.0,41.0,9.0,93.0,0.2
S04621,Silty clay loam,15.7,53.9,30.4,1.48,0.86,1.475,0.443,0.233,0.109,0.124,33.7,0.76,0.106,1.539,1539.0,germination-critical(1-2),6.31,25.2,72.0,38.0,516.0,18.0,14.0,613.0,1.62
S04622,Silt loam,12.0,71.7,16.3,2.74,1.59,1.488,0.438,0.217,0.101,0.117,20.0,0.456,0.239,0.184,184.0,normal(<1),6.38,21.6,19.0,46.0,569.0,45.0,29.0,622.0,2.63
S04623,Loam,49.0,28.6,22.4,1.56,0.9,1.554,0.414,0.192,0.103,0.089,29.4,0.711,0.119,0.389,389.0,normal(<1),6.14,24.1,51.0,0.0,309.0,52.0,0.0,376.0,1.79
S04624,Sandy loam,77.2,11.7,11.1,2.0,1.16,1.572,0.407,0.146,0.054,0.092,23.3,0.574,0.173,0.473,473.0,normal(<1),6.4,20.0,9.0,34.0,214.0,15.0,21.0,209.0,1.92
S04625,Silty clay loam,0.3,63.9,35.8,4.51,2.62,1.492,0.437,0.282,0.139,0.143,30.1,0.69,0.136,0.859,859.0,normal(<1),6.18,24.4,85.0,69.0,599.0,93.0,22.0,668.0,4.93
S04626,Loam,32.9,40.3,26.8,2.61,1.52,1.49,0.438,0.233,0.111,0.122,22.8,0.52,0.21,6.581,6581.0,detrimental(>3),6.82,37.2,288.0,200.0,580.0,42.0,20.0,462.0,2.99
S04627,Silt loam,2.9,77.3,19.8,1.44,0.84,1.626,0.387,0.263,0.087,0.176,14.6,0.378,0.24,1.01,1010.0,germination-critical(1-2),6.44,33.1,131.0,62.0,519.0,27.0,23.0,608.0,1.32
S04628,Clay loam,29.4,41.8,28.8,2.52,1.46,1.501,0.434,0.227,0.107,0.121,20.3,0.469,0.23,0.463,463.0,normal(<1),6.76,30.3,116.0,2.0,402.0,68.0,16.0,469.0,2.43
S04629,Sandy clay loam,62.5,9.6,27.9,0.92,0.54,1.635,0.383,0.175,0.078,0.096,23.1,0.603,0.152,1.449,1449.0,germination-critical(1-2),6.33,22.2,99.0,42.0,226.0,30.0,2.0,248.0,1.03
S04630,Loamy sand,77.3,19.5,3.2,1.96,1.14,1.576,0.405,0.137,0.05,0.088,25.8,0.637,0.147,0.625,625.0,normal(<1),6.81,27.1,13.0,37.0,183.0,48.0,20.0,255.0,2.28
S04631,Sandy clay,49.9,12.9,37.2,4.7,2.73,1.481,0.441,0.214,0.091,0.123,24.0,0.545,0.201,0.054,54.0,normal(<1),5.6,23.9,23.0,58.0,243.0,91.0,38.0,251.0,4.67
S04632,Sandy clay loam,56.3,13.5,30.2,0.75,0.44,1.594,0.398,0.168,0.078,0.09,17.2,0.431,0.227,0.55,550.0,normal(<1),6.64,24.1,79.0,17.0,287.0,15.0,1.0,275.0,0.94
S04633,Silt loam,29.5,67.8,2.7,2.6,1.51,1.541,0.418,0.176,0.093,0.083,29.3,0.701,0.125,0.1,100.0,normal(<1),6.74,31.3,37.0,0.0,448.0,76.0,15.0,509.0,1.98
S04634,Sandy clay,56.3,6.6,37.1,1.84,1.07,1.503,0.433,0.216,0.103,0.113,20.2,0.467,0.231,0.256,256.0,normal(<1),6.59,37.9,61.0,25.0,222.0,63.0,8.0,197.0,1.77
S04635,Sandy clay loam,52.7,18.9,28.4,1.75,1.02,1.479,0.442,0.177,0.079,0.098,31.1,0.703,0.131,0.222,222.0,normal(<1),6.22,25.2,34.0,36.0,241.0,63.0,17.0,301.0,2.18
S04636,Sand,87.6,10.1,2.2,2.81,1.63,1.602,0.395,0.131,0.049,0.082,22.6,0.571,0.17,0.128,128.0,normal(<1),6.1,31.9,38.0,30.0,46.0,47.0,27.0,118.0,2.88
S04637,Sandy loam,69.5,19.1,11.4,0.97,0.56,1.763,0.335,0.153,0.073,0.08,19.7,0.589,0.138,2.434,2434.0,salt-sensitive-critical(2-3),6.87,27.9,164.0,120.0,270.0,29.0,14.0,288.0,0.94
S04638,Silt loam,2.7,82.4,14.9,1.26,0.73,1.575,0.406,0.25,0.113,0.137,17.4,0.428,0.232,0.145,145.0,normal(<1),6.64,34.0,28.0,18.0,559.0,16.0,24.0,712.0,1.22
S04639,Loamy sand,79.0,18.1,2.8,0.74,0.43,1.501,0.434,0.113,0.041,0.072,28.7,0.663,0.146,0.3,300.0,normal(<1),6.89,32.0,30.0,36.0,153.0,43.0,3.0,184.0,0.74
S04640,Silt loam,25.7,64.2,10.1,1.54,0.89,1.701,0.358,0.202,0.094,0.107,18.7,0.523,0.171,0.464,464.0,normal(<1),6.72,36.5,75.0,16.0,489.0,49.0,11.0,567.0,1.05
S04641,Sandy loam,45.7,41.8,12.5,3.54,2.05,1.551,0.415,0.192,0.095,0.097,24.5,0.591,0.17,0.438,438.0,normal(<1),6.21,17.1,92.0,44.0,258.0,70.0,26.0,429.0,3.36
S04642,Loam,41.0,42.2,16.8,1.33,0.77,1.511,0.43,0.199,0.075,0.124,26.4,0.616,0.165,0.476,476.0,normal(<1),6.04,33.5,68.0,39.0,398.0,65.0,0.0,398.0,1.33
S04643,Sandy clay,46.0,11.2,42.8,2.25,1.31,1.471,0.445,0.257,0.111,0.146,27.0,0.607,0.175,2.763,2763.0,salt-sensitive-critical(2-3),6.87,29.5,181.0,106.0,294.0,47.0,15.0,261.0,2.48
S04644,Sandy clay,53.1,8.3,38.6,2.55,1.48,1.487,0.439,0.222,0.086,0.136,33.2,0.757,0.107,0.609,609.0,normal(<1),6.6,31.3,75.0,47.0,181.0,59.0,30.0,163.0,2.73
S04645,Sandy loam,51.1,41.6,7.4,1.12,0.65,1.621,0.388,0.184,0.058,0.127,13.8,0.356,0.25,2.382,2382.0,salt-sensitive-critical(2-3),6.9,27.7,184.0,100.0,327.0,28.0,24.0,362.0,1.17
S04646,Sandy loam,53.0,33.8,13.2,1.73,1.0,1.534,0.421,0.17,0.083,0.087,23.6,0.56,0.185,0.619,619.0,normal(<1),6.48,27.0,49.0,0.0,278.0,55.0,2.0,325.0,1.51
S04647,Sand,85.8,4.2,10.0,1.65,0.96,1.722,0.35,0.137,0.055,0.082,22.8,0.651,0.122,0.168,168.0,normal(<1),6.0,21.8,64.0,18.0,72.0,32.0,4.0,117.0,2.19
S04648,Sand,97.1,1.2,1.8,3.22,1.87,1.703,0.357,0.142,0.045,0.097,13.4,0.374,0.224,0.349,349.0,normal(<1),6.8,31.7,51.0,23.0,65.0,74.0,17.0,63.0,3.37
S04649,Clay loam,31.8,40.4,27.9,3.77,2.19,1.458,0.45,0.215,0.124,0.091,27.4,0.609,0.176,0.055,55.0,normal(<1),5.98,28.0,34.0,30.0,395.0,89.0,34.0,463.0,3.95
S04650,Loam,28.1,46.8,25.1,1.94,1.12,1.475,0.443,0.214,0.097,0.117,32.2,0.726,0.122,0.147,147.0,normal(<1),6.46,29.1,50.0,6.0,294.0,41.0,0.0,395.0,2.2
S04651,Sandy clay,51.7,2.6,45.7,2.63,1.53,1.509,0.43,0.213,0.111,0.102,14.9,0.347,0.281,0.951,951.0,normal(<1),5.79,25.3,75.0,44.0,137.0,50.0,21.0,211.0,1.97
S04652,Loam,49.3,41.4,9.3,3.11,1.81,1.514,0.429,0.173,0.055,0.119,12.5,0.291,0.304,0.074,74.0,normal(<1),6.56,30.3,0.0,48.0,207.0,47.0,29.0,336.0,2.65
S04653,Clay loam,43.2,19.9,37.0,3.3,1.91,1.525,0.425,0.235,0.094,0.141,27.0,0.637,0.154,1.326,1326.0,germination-critical(1-2),6.05,28.2,48.0,21.0,334.0,47.0,21.0,341.0,3.17
S04654,Silty clay,12.0,40.4,47.6,3.19,1.85,1.418,0.465,0.268,0.135,0.133,29.1,0.626,0.174,0.281,281.0,normal(<1),6.53,25.8,0.0,45.0,409.0,57.0,26.0,487.0,3.4
S04655,Sandy clay loam,62.2,5.2,32.6,1.21,0.7,1.426,0.462,0.167,0.098,0.069,23.8,0.515,0.224,0.247,247.0,normal(<1),6.6,25.6,2.0,13.0,214.0,14.0,11.0,229.0,1.21
S04656,Clay loam,37.5,34.3,28.2,2.25,1.3,1.507,0.431,0.186,0.097,0.089,24.4,0.566,0.187,1.465,1465.0,germination-critical(1-2),6.14,27.0,152.0,59.0,321.0,93.0,10.0,385.0,2.49
S04657,Sandy clay,46.4,13.7,39.8,2.09,1.21,1.432,0.459,0.218,0.108,0.11,34.6,0.753,0.114,0.627,627.0,normal(<1),6.39,27.6,106.0,39.0,226.0,48.0,29.0,268.0,2.31
S04658,Sandy clay,49.7,9.0,41.3,1.63,0.95,1.528,0.423,0.23,0.09,0.141,20.5,0.485,0.218,0.383,383.0,normal(<1),6.82,22.1,56.0,0.0,168.0,34.0,13.0,150.0,1.38
S04659,Loamy sand,82.2,10.5,7.3,0.54,0.31,1.647,0.378,0.137,0.048,0.088,23.4,0.618,0.144,2.404,2404.0,salt-sensitive-critical(2-3),7.39,32.3,98.0,113.0,206.0,0.0,15.0,134.0,0.39
S04660,Loamy sand,78.0,21.8,0.3,0.52,0.3,1.543,0.418,0.17,0.039,0.131,28.4,0.681,0.133,0.622,622.0,normal(<1),6.51,26.8,52.0,42.0,193.0,8.0,21.0,265.0,0.64
S04661,Loam,50.3,41.5,8.3,1.84,1.07,1.522,0.426,0.178,0.082,0.095,24.4,0.572,0.182,0.164,164.0,normal(<1),6.47,25.4,50.0,0.0,257.0,73.0,13.0,299.0,2.07
S04662,Silt loam,12.2,80.5,7.3,0.93,0.54,1.557,0.413,0.219,0.088,0.131,24.1,0.584,0.172,0.522,522.0,normal(<1),6.6,23.1,46.0,28.0,588.0,18.0,10.0,738.0,0.62
S04663,Clay loam,30.6,36.6,32.9,3.75,2.17,1.466,0.447,0.244,0.097,0.147,33.9,0.76,0.107,0.241,241.0,normal(<1),6.55,30.6,64.0,0.0,369.0,60.0,17.0,460.0,3.93
S04664,Loam,28.8,47.6,23.6,2.66,1.54,1.56,0.412,0.19,0.095,0.095,18.2,0.442,0.229,1.06,1060.0,germination-critical(1-2),6.88,27.1,74.0,39.0,433.0,41.0,41.0,485.0,1.98
S04665,Sandy clay,49.1,14.1,36.8,1.18,0.68,1.575,0.406,0.236,0.102,0.135,25.3,0.624,0.152,0.228,228.0,normal(<1),6.61,29.7,35.0,0.0,142.0,25.0,19.0,240.0,1.55
S04666,Loam,34.6,41.9,23.5,1.35,0.78,1.52,0.426,0.23,0.073,0.158,26.0,0.611,0.166,0.168,168.0,normal(<1),6.91,25.2,29.0,16.0,410.0,6.0,16.0,475.0,1.1
S04667,Sandy loam,59.5,29.8,10.6,1.45,0.84,1.543,0.418,0.159,0.074,0.086,26.3,0.629,0.155,0.855,855.0,normal(<1),7.27,21.9,64.0,59.0,267.0,34.0,8.0,287.0,1.86
S04668,Silty clay loam,8.9,51.7,39.3,1.98,1.15,1.483,0.44,0.268,0.12,0.147,25.8,0.586,0.182,0.599,599.0,normal(<1),5.95,29.9,92.0,0.0,500.0,53.0,16.0,572.0,1.36
S04669,Silt loam,14.6,66.1,19.3,2.01,1.17,1.522,0.426,0.243,0.106,0.137,17.1,0.402,0.255,1.247,1247.0,germination-critical(1-2),7.28,28.2,105.0,41.0,623.0,66.0,17.0,688.0,2.04
S04670,Loamy sand,79.1,11.4,9.5,0.3,0.17,1.667,0.371,0.129,0.048,0.081,17.4,0.469,0.197,0.176,176.0,normal(<1),6.66,23.6,34.0,24.0,70.0,33.0,4.0,98.0,0.46
S04671,Silt loam,12.1,85.7,2.2,3.0,1.74,1.632,0.384,0.214,0.088,0.127,18.6,0.484,0.198,1.5,1500.0,germination-critical(1-2),6.2,20.6,178.0,54.0,551.0,95.0,26.0,696.0,3.22
S04672,Loam,38.0,35.1,26.9,1.47,0.86,1.428,0.461,0.204,0.091,0.113,22.1,0.48,0.24,0.31,310.0,normal(<1),6.6,30.4,6.0,0.0,295.0,3.0,0.0,341.0,1.22
S04673,Clay,9.5,24.6,65.9,2.63,1.52,1.336,0.496,0.26,0.164,0.096,16.1,0.325,0.335,0.598,598.0,normal(<1),6.91,35.4,54.0,45.0,357.0,45.0,26.0,418.0,2.36
S04674,Clay,32.6,18.2,49.2,3.24,1.88,1.419,0.464,0.259,0.125,0.133,25.5,0.549,0.209,0.828,828.0,normal(<1),6.68,36.0,82.0,59.0,320.0,75.0,16.0,327.0,3.83
S04675,Sandy clay loam,59.9,13.5,26.6,2.83,1.64,1.55,0.415,0.167,0.074,0.093,22.2,0.534,0.194,0.309,309.0,normal(<1),6.48,27.8,52.0,26.0,126.0,42.0,4.0,224.0,2.89
S04676,Silt loam,20.0,68.8,11.2,1.21,0.7,1.523,0.425,0.178,0.097,0.081,12.7,0.299,0.298,0.123,123.0,normal(<1),5.91,24.4,33.0,12.0,528.0,29.0,8.0,645.0,1.34
S04677,Sandy clay,48.8,6.7,44.5,2.0,1.16,1.481,0.441,0.205,0.099,0.106,27.1,0.615,0.17,0.619,619.0,normal(<1),5.97,23.3,90.0,52.0,261.0,46.0,23.0,268.0,1.91
S04678,Silty clay,4.0,55.3,40.7,3.02,1.75,1.54,0.419,0.249,0.146,0.103,28.6,0.683,0.133,0.31,310.0,normal(<1),6.3,29.1,34.0,22.0,498.0,70.0,16.0,562.0,3.07
S04679,Sandy loam,50.5,30.9,18.6,1.82,1.06,1.565,0.409,0.189,0.085,0.104,24.1,0.588,0.169,0.53,530.0,normal(<1),6.99,23.9,51.0,69.0,308.0,28.0,12.0,375.0,1.91
S04680,Sand,86.8,9.1,4.0,0.9,0.52,1.64,0.381,0.12,0.037,0.084,20.3,0.533,0.178,0.398,398.0,normal(<1),6.23,27.3,66.0,23.0,106.0,35.0,16.0,154.0,0.84
S04681,Silty clay loam,13.3,55.1,31.6,1.79,1.04,1.405,0.47,0.257,0.113,0.144,33.8,0.719,0.132,0.435,435.0,normal(<1),6.02,26.8,83.0,9.0,423.0,60.0,18.0,588.0,1.54
S04682,Clay loam,36.0,33.4,30.5,3.33,1.93,1.521,0.426,0.237,0.118,0.119,21.5,0.505,0.211,0.929,929.0,normal(<1),6.19,25.2,96.0,29.0,322.0,76.0,15.0,364.0,3.15
S04683,Sandy loam,50.0,33.3,16.7,2.97,1.72,1.497,0.435,0.181,0.071,0.11,27.3,0.628,0.162,0.486,486.0,normal(<1),6.72,33.8,53.0,27.0,319.0,28.0,31.0,356.0,3.23
S04684,Loam,46.6,34.6,18.8,2.81,1.63,1.544,0.417,0.204,0.07,0.134,26.2,0.627,0.156,1.129,1129.0,germination-critical(1-2),6.43,33.1,84.0,54.0,239.0,66.0,23.0,361.0,2.73
S04685,Silty clay loam,2.6,63.0,34.4,1.91,1.11,1.522,0.426,0.252,0.128,0.124,15.8,0.372,0.267,0.442,442.0,normal(<1),6.16,33.8,63.0,42.0,447.0,29.0,26.0,633.0,1.66
S04686,Sandy loam,49.3,44.7,6.0,2.91,1.69,1.634,0.384,0.186,0.069,0.117,17.0,0.444,0.213,0.904,904.0,normal(<1),6.45,25.1,101.0,30.0,395.0,66.0,30.0,406.0,2.7
S04687,Silt loam,13.4,86.5,0.2,0.78,0.45,1.543,0.418,0.194,0.093,0.101,24.8,0.592,0.17,0.19,190.0,normal(<1),5.99,29.0,47.0,18.0,608.0,15.0,14.0,729.0,0.64
S04688,Loamy sand,80.8,17.9,1.3,0.46,0.27,1.571,0.407,0.129,0.053,0.076,23.3,0.572,0.174,0.638,638.0,normal(<1),6.66,31.4,40.0,47.0,166.0,16.0,20.0,207.0,0.74
S04689,Sandy loam,64.1,28.5,7.5,1.25,0.72,1.576,0.405,0.164,0.037,0.126,28.6,0.707,0.119,0.764,764.0,normal(<1),6.36,31.6,71.0,38.0,258.0,34.0,19.0,286.0,1.26
S04690,Loam,43.5,41.1,15.4,3.88,2.25,1.492,0.437,0.195,0.092,0.103,27.7,0.633,0.16,0.466,466.0,normal(<1),5.71,26.5,72.0,26.0,340.0,106.0,31.0,407.0,4.08
S04691,Clay loam,43.6,22.2,34.3,2.44,1.42,1.502,0.433,0.199,0.1,0.098,29.5,0.68,0.138,0.166,166.0,normal(<1),6.75,30.2,32.0,69.0,250.0,40.0,29.0,221.0,2.36
S04692,Loamy sand,88.7,3.6,7.7,1.07,0.62,1.622,0.388,0.122,0.03,0.092,18.5,0.478,0.202,0.365,365.0,normal(<1),6.33,29.0,25.0,27.0,13.0,25.0,7.0,50.0,1.2
S04693,Clay loam,43.0,18.2,38.8,2.02,1.17,1.427,0.461,0.212,0.094,0.117,27.7,0.6,0.185,0.39,390.0,normal(<1),6.65,35.6,43.0,0.0,233.0,53.0,5.0,332.0,1.96
S04694,Loam,31.2,43.8,25.0,2.0,1.16,1.524,0.425,0.222,0.074,0.148,24.8,0.584,0.177,1.118,1118.0,germination-critical(1-2),6.32,27.5,29.0,15.0,403.0,41.0,0.0,407.0,2.31
S04695,Sandy clay,52.0,9.6,38.4,1.63,0.94,1.62,0.389,0.184,0.11,0.074,19.2,0.493,0.197,0.147,147.0,normal(<1),6.47,21.4,42.0,5.0,252.0,42.0,25.0,239.0,1.95
S04696,Clay loam,27.4,32.8,39.7,1.6,0.93,1.38,0.479,0.249,0.127,0.122,33.9,0.707,0.14,0.418,418.0,normal(<1),6.45,24.3,8.0,42.0,343.0,37.0,18.0,398.0,1.52
S04697,Loam,49.6,40.6,9.8,1.75,1.01,1.602,0.396,0.175,0.086,0.088,19.3,0.487,0.203,0.505,505.0,normal(<1),6.4,32.8,76.0,53.0,400.0,37.0,10.0,414.0,1.79
S04698,Silty clay loam,7.1,55.0,37.9,4.82,2.8,1.352,0.49,0.265,0.125,0.14,31.2,0.637,0.178,0.29,290.0,normal(<1),6.27,33.6,69.0,51.0,412.0,85.0,42.0,533.0,5.08
S04699,Silt loam,16.1,80.5,3.3,3.76,2.18,1.501,0.434,0.184,0.106,0.078,27.9,0.644,0.155,0.354,354.0,normal(<1),6.11,27.0,57.0,38.0,630.0,57.0,26.0,735.0,3.69
S04700,Clay loam,33.0,31.7,35.3,4.67,2.71,1.51,0.43,0.217,0.123,0.094,13.1,0.305,0.299,1.983,1983.0,germination-critical(1-2),7.02,27.6,121.0,102.0,303.0,72.0,16.0,352.0,4.77
S04701,Clay loam,33.0,39.9,27.1,1.87,1.09,1.511,0.43,0.183,0.106,0.077,28.0,0.652,0.15,3.753,3753.0,detrimental(>3),6.47,29.9,208.0,115.0,408.0,17.0,14.0,424.0,2.16
S04702,Sandy loam,72.4,18.4,9.2,1.44,0.84,1.687,0.363,0.14,0.049,0.091,21.3,0.587,0.15,0.254,254.0,normal(<1),6.05,29.5,47.0,0.0,125.0,22.0,4.0,218.0,1.35
S04703,Loamy sand,75.5,19.9,4.6,2.27,1.32,1.642,0.38,0.129,0.058,0.071,11.0,0.29,0.27,1.316,1316.0,germination-critical(1-2),6.63,30.3,135.0,41.0,138.0,68.0,25.0,153.0,2.18
S04704,Clay loam,31.6,38.9,29.6,1.26,0.73,1.559,0.412,0.242,0.091,0.151,22.9,0.557,0.182,0.169,169.0,normal(<1),6.06,38.0,21.0,56.0,320.0,20.0,15.0,383.0,1.12
S04705,Loam,48.7,44.1,7.1,2.32,1.34,1.48,0.442,0.181,0.064,0.117,17.9,0.406,0.262,0.594,594.0,normal(<1),5.84,29.2,69.0,26.0,346.0,82.0,28.0,389.0,2.34
S04706,Sandy clay,50.0,14.5,35.5,1.96,1.14,1.516,0.428,0.198,0.099,0.099,26.1,0.611,0.167,0.796,796.0,normal(<1),6.04,26.9,99.0,0.0,218.0,45.0,10.0,234.0,1.51
S04707,Silt loam,3.7,77.8,18.5,3.41,1.98,1.52,0.427,0.232,0.123,0.11,28.7,0.673,0.139,0.438,438.0,normal(<1),6.61,27.0,89.0,64.0,572.0,75.0,13.0,750.0,3.12
S04708,Silty clay loam,4.1,59.8,36.0,2.21,1.28,1.509,0.431,0.258,0.115,0.143,27.4,0.637,0.156,1.05,1050.0,germination-critical(1-2),6.21,21.9,70.0,15.0,508.0,61.0,0.0,577.0,2.49
S04709,Loam,26.5,47.0,26.5,1.22,0.71,1.561,0.411,0.245,0.094,0.151,24.6,0.598,0.165,0.876,876.0,normal(<1),6.78,23.7,85.0,81.0,443.0,15.0,25.0,525.0,0.84
S04710,Clay loam,30.8,37.6,31.6,1.92,1.11,1.437,0.458,0.223,0.105,0.118,27.1,0.592,0.187,0.23,230.0,normal(<1),6.4,31.2,71.0,27.0,263.0,31.0,17.0,382.0,2.38
S04711,Sandy clay loam,54.8,14.1,31.1,1.47,0.85,1.604,0.395,0.193,0.083,0.11,20.1,0.509,0.194,0.422,422.0,normal(<1),6.36,13.5,46.0,9.0,171.0,20.0,12.0,209.0,1.57
S04712,Clay loam,29.5,40.9,29.7,4.37,2.53,1.421,0.464,0.224,0.116,0.108,25.3,0.546,0.21,0.508,508.0,normal(<1),6.27,27.3,76.0,63.0,326.0,84.0,32.0,393.0,4.35
S04713,Sandy clay,48.4,14.5,37.1,1.46,0.85,1.603,0.395,0.181,0.102,0.078,23.5,0.594,0.16,0.724,724.0,normal(<1),6.93,18.9,68.0,26.0,226.0,30.0,31.0,297.0,1.49
S04714,Sandy loam,53.1,28.2,18.7,5.4,3.13,1.451,0.452,0.224,0.094,0.13,22.5,0.497,0.228,0.131,131.0,normal(<1),6.19,19.3,56.0,47.0,252.0,102.0,49.0,372.0,5.64
S04715,Silty clay,3.1,50.6,46.3,2.58,1.5,1.457,0.45,0.29,0.131,0.159,29.6,0.658,0.154,0.783,783.0,normal(<1),6.02,32.1,127.0,18.0,478.0,86.0,11.0,535.0,2.64
S04716,Silty clay,7.6,41.0,51.4,3.5,2.03,1.52,0.427,0.287,0.166,0.121,24.2,0.567,0.185,1.398,1398.0,germination-critical(1-2),6.46,24.9,107.0,79.0,400.0,99.0,25.0,520.0,3.19
S04717,Clay,32.5,0.4,67.1,1.76,1.02,1.453,0.452,0.239,0.147,0.093,23.6,0.522,0.216,1.071,1071.0,germination-critical(1-2),6.09,32.6,68.0,37.0,238.0,15.0,14.0,291.0,1.49
S04718,Clay loam,37.8,34.2,28.0,1.01,0.59,1.574,0.406,0.215,0.098,0.117,25.1,0.617,0.155,0.781,781.0,normal(<1),5.75,26.0,36.0,20.0,329.0,25.0,26.0,390.0,1.26
S04719,Loamy sand,81.8,6.4,11.8,1.05,0.61,1.524,0.425,0.144,0.051,0.093,20.4,0.48,0.221,0.225,225.0,normal(<1),6.92,28.6,25.0,41.0,77.0,38.0,12.0,124.0,1.06
S04720,Clay,40.9,7.2,51.9,3.22,1.87,1.555,0.413,0.228,0.119,0.108,21.9,0.53,0.194,0.256,256.0,normal(<1),7.02,26.3,85.0,26.0,145.0,75.0,18.0,214.0,3.28
S04721,Loamy sand,86.4,4.3,9.3,1.4,0.81,1.689,0.363,0.125,0.037,0.088,18.7,0.514,0.176,1.828,1828.0,germination-critical(1-2),6.68,23.3,143.0,73.0,210.0,44.0,7.0,140.0,1.35
S04722,Clay loam,33.6,27.6,38.8,1.1,0.64,1.471,0.445,0.241,0.117,0.124,26.1,0.587,0.184,0.292,292.0,normal(<1),6.48,31.2,1.0,0.0,335.0,7.0,14.0,387.0,1.14
S04723,Loamy sand,83.3,4.1,12.6,2.1,1.22,1.609,0.393,0.158,0.053,0.104,24.4,0.622,0.149,0.706,706.0,normal(<1),6.64,38.6,18.0,47.0,86.0,5.0,24.0,79.0,2.3
S04724,Sandy loam,56.9,30.7,12.4,0.88,0.51,1.574,0.406,0.163,0.073,0.09,18.8,0.464,0.218,0.172,172.0,normal(<1),6.42,25.3,20.0,25.0,286.0,8.0,3.0,326.0,0.53
S04725,Sandy loam,68.6,15.8,15.6,2.19,1.27,1.551,0.415,0.147,0.062,0.085,15.3,0.369,0.262,0.319,319.0,normal(<1),6.7,23.8,75.0,6.0,178.0,72.0,3.0,161.0,2.5
S04726,Clay loam,34.0,30.4,35.6,5.12,2.97,1.471,0.445,0.264,0.096,0.168,18.8,0.423,0.257,0.973,973.0,normal(<1),6.43,34.5,123.0,86.0,276.0,94.0,36.0,292.0,4.93
S04727,Loam,36.9,49.6,13.5,1.39,0.81,1.57,0.408,0.215,0.074,0.141,25.8,0.633,0.149,0.395,395.0,normal(<1),6.29,33.8,47.0,6.0,329.0,3.0,14.0,404.0,1.72
S04728,Sandy loam,49.1,37.9,13.0,0.87,0.5,1.613,0.391,0.18,0.096,0.084,12.1,0.309,0.27,0.676,676.0,normal(<1),6.76,30.6,28.0,7.0,321.0,42.0,10.0,388.0,0.78
S04729,Sandy loam,71.2,15.6,13.2,1.47,0.85,1.635,0.383,0.15,0.06,0.09,19.5,0.51,0.188,0.675,675.0,normal(<1),6.5,30.7,27.0,19.0,201.0,31.0,4.0,242.0,1.49
S04730,Loam,35.7,47.0,17.4,1.16,0.67,1.624,0.387,0.23,0.094,0.137,24.8,0.641,0.139,1.153,1153.0,germination-critical(1-2),6.37,34.0,124.0,17.0,334.0,41.0,21.0,465.0,0.78
S04731,Clay loam,44.4,16.9,38.7,3.36,1.95,1.532,0.422,0.224,0.111,0.114,32.0,0.759,0.102,0.304,304.0,normal(<1),6.4,23.4,31.0,45.0,245.0,68.0,22.0,254.0,3.71
S04732,Sandy clay loam,50.7,24.3,25.0,1.66,0.96,1.497,0.435,0.201,0.095,0.106,25.0,0.574,0.185,0.277,277.0,normal(<1),6.21,27.5,32.0,1.0,215.0,40.0,8.0,260.0,1.08
S04733,Sandy clay loam,52.8,13.3,33.8,0.75,0.43,1.553,0.414,0.185,0.097,0.088,21.7,0.524,0.197,0.328,328.0,normal(<1),6.45,26.5,28.0,53.0,201.0,25.0,0.0,302.0,0.64
S04734,Sandy loam,70.4,15.5,14.1,1.16,0.67,1.556,0.413,0.148,0.06,0.088,18.3,0.444,0.23,0.417,417.0,normal(<1),6.42,31.6,54.0,64.0,201.0,36.0,17.0,190.0,0.93
S04735,Loam,27.9,47.5,24.6,2.82,1.64,1.471,0.445,0.235,0.106,0.129,27.5,0.618,0.17,0.561,561.0,normal(<1),5.78,31.4,64.0,39.0,386.0,65.0,28.0,527.0,2.69
S04736,Loam,37.6,44.7,17.8,2.45,1.42,1.449,0.453,0.195,0.09,0.105,25.1,0.554,0.202,0.891,891.0,normal(<1),6.39,33.0,54.0,13.0,333.0,55.0,24.0,418.0,2.45
S04737,Clay loam,23.8,42.5,33.7,1.88,1.09,1.451,0.452,0.235,0.108,0.127,26.3,0.582,0.189,1.379,1379.0,germination-critical(1-2),6.28,28.1,119.0,72.0,283.0,60.0,0.0,426.0,1.59
S04738,Sand,91.8,4.1,4.2,0.3,0.17,1.611,0.392,0.113,0.033,0.08,24.3,0.621,0.149,0.679,679.0,normal(<1),7.19,28.1,33.0,36.0,87.0,10.0,0.0,82.0,0.28
S04739,Silt loam,20.5,70.5,9.0,2.17,1.26,1.57,0.408,0.204,0.078,0.125,27.2,0.668,0.135,0.064,64.0,normal(<1),6.73,25.6,91.0,8.0,493.0,81.0,27.0,589.0,2.28
S04740,Sandy clay loam,56.1,18.4,25.5,1.25,0.72,1.535,0.421,0.197,0.055,0.142,22.4,0.534,0.196,0.586,586.0,normal(<1),6.64,25.6,65.0,56.0,254.0,49.0,37.0,241.0,1.5
S04741,Loam,41.0,48.5,10.5,4.12,2.39,1.547,0.416,0.212,0.076,0.136,20.3,0.487,0.214,0.64,640.0,normal(<1),6.9,16.1,60.0,16.0,301.0,91.0,26.0,379.0,3.91
S04742,Silty clay loam,19.4,43.6,37.0,1.76,1.02,1.46,0.449,0.266,0.12,0.147,34.5,0.769,0.104,1.805,1805.0,germination-critical(1-2),6.79,23.0,75.0,47.0,396.0,40.0,1.0,466.0,1.59
S04743,Sandy loam,54.2,38.1,7.6,2.46,1.43,1.579,0.404,0.178,0.078,0.1,18.7,0.463,0.217,0.577,577.0,normal(<1),6.3,23.1,74.0,45.0,244.0,62.0,16.0,338.0,2.51
S04744,Clay,23.3,36.1,40.6,3.37,1.95,1.562,0.41,0.27,0.141,0.129,30.1,0.733,0.109,0.266,266.0,normal(<1),6.21,26.6,64.0,44.0,318.0,84.0,25.0,417.0,3.12
S04745,Silt loam,17.2,63.8,19.0,1.47,0.85,1.566,0.409,0.223,0.093,0.129,23.0,0.562,0.179,0.233,233.0,normal(<1),6.38,20.5,21.0,14.0,501.0,2.0,1.0,600.0,1.51
S04746,Clay loam,42.6,28.8,28.6,1.26,0.73,1.492,0.437,0.233,0.085,0.149,31.3,0.717,0.124,0.349,349.0,normal(<1),6.35,30.1,0.0,0.0,283.0,22.0,0.0,373.0,1.85
S04747,Silty clay loam,7.0,57.6,35.4,2.95,1.71,1.501,0.434,0.262,0.119,0.143,26.3,0.607,0.17,1.411,1411.0,germination-critical(1-2),6.64,15.2,122.0,60.0,470.0,75.0,23.0,602.0,2.81
S04748,Clay loam,29.5,33.6,37.0,2.51,1.45,1.435,0.458,0.227,0.109,0.118,19.2,0.418,0.267,0.543,543.0,normal(<1),6.79,21.1,41.0,28.0,435.0,60.0,8.0,445.0,2.79
S04749,Sandy clay loam,61.7,16.4,21.9,1.73,1.0,1.52,0.426,0.176,0.078,0.098,18.6,0.437,0.24,0.47,470.0,normal(<1),6.79,22.5,67.0,61.0,157.0,34.0,33.0,143.0,1.6
S04750,Silty clay,5.7,50.5,43.8,3.51,2.03,1.465,0.447,0.271,0.137,0.134,25.1,0.562,0.196,1.673,1673.0,germination-critical(1-2),5.68,18.5,121.0,102.0,467.0,64.0,35.0,578.0,3.36
S04751,Clay,27.8,29.5,42.8,2.18,1.26,1.457,0.45,0.208,0.118,0.09,18.1,0.403,0.269,0.394,394.0,normal(<1),6.09,30.1,17.0,21.0,458.0,61.0,26.0,447.0,2.43
S04752,Sandy loam,45.4,48.1,6.4,1.24,0.72,1.551,0.415,0.168,0.081,0.087,26.8,0.646,0.147,0.17,170.0,normal(<1),6.54,27.5,76.0,11.0,274.0,50.0,21.0,362.0,1.19
S04753,Clay loam,31.7,31.0,37.4,1.66,0.96,1.526,0.424,0.219,0.123,0.096,32.0,0.754,0.104,0.666,666.0,normal(<1),6.92,20.4,33.0,78.0,342.0,44.0,6.0,380.0,1.6
S04754,Sandy loam,46.4,42.6,11.0,2.3,1.33,1.523,0.425,0.168,0.079,0.089,18.2,0.427,0.244,4.219,4219.0,detrimental(>3),6.28,22.9,236.0,141.0,333.0,72.0,35.0,336.0,2.4
S04755,Sandy clay,59.1,3.6,37.3,1.78,1.03,1.466,0.447,0.225,0.088,0.137,23.6,0.529,0.211,0.909,909.0,normal(<1),6.56,35.5,95.0,93.0,161.0,7.0,27.0,181.0,1.89
S04756,Sand,93.6,5.7,0.7,0.75,0.43,1.646,0.379,0.12,0.042,0.078,23.7,0.624,0.142,0.141,141.0,normal(<1),5.97,30.7,0.0,23.0,113.0,43.0,1.0,73.0,0.47
S04757,Loamy sand,70.5,29.2,0.2,0.3,0.17,1.553,0.414,0.134,0.067,0.067,18.5,0.446,0.229,0.7,700.0,normal(<1),6.74,30.8,44.0,56.0,235.0,19.0,25.0,267.0,0.78
S04758,Loam,34.1,39.9,26.0,3.85,2.23,1.481,0.441,0.19,0.098,0.093,26.8,0.607,0.173,1.063,1063.0,germination-critical(1-2),6.86,26.1,138.0,64.0,377.0,97.0,38.0,413.0,3.99
S04759,Sandy loam,64.7,19.2,16.0,1.48,0.86,1.644,0.38,0.181,0.066,0.116,16.9,0.446,0.21,0.547,547.0,normal(<1),6.38,24.5,78.0,20.0,148.0,43.0,8.0,157.0,1.21
S04760,Sandy loam,57.3,26.1,16.5,1.77,1.03,1.509,0.43,0.186,0.098,0.088,23.4,0.544,0.196,0.548,548.0,normal(<1),6.25,23.8,69.0,18.0,292.0,59.0,24.0,336.0,1.84
S04761,Sandy loam,65.5,23.8,10.6,1.44,0.84,1.646,0.379,0.18,0.044,0.135,18.2,0.481,0.197,1.938,1938.0,germination-critical(1-2),6.04,28.6,133.0,79.0,242.0,34.0,10.0,240.0,1.6
S04762,Clay loam,34.1,32.5,33.3,1.52,0.88,1.472,0.444,0.191,0.112,0.079,23.5,0.528,0.21,0.534,534.0,normal(<1),6.22,24.1,51.0,0.0,361.0,32.0,12.0,401.0,1.17
S04763,Silt loam,4.0,79.4,16.6,1.81,1.05,1.592,0.399,0.243,0.13,0.113,20.8,0.52,0.192,0.843,843.0,normal(<1),6.42,27.9,63.0,34.0,635.0,42.0,21.0,762.0,1.54
S04764,Loam,46.2,35.8,18.1,2.82,1.63,1.498,0.435,0.194,0.078,0.116,23.0,0.529,0.205,0.631,631.0,normal(<1),6.6,29.9,59.0,38.0,295.0,63.0,16.0,365.0,2.76
S04765,Sandy clay loam,62.6,4.4,33.0,3.86,2.24,1.471,0.445,0.212,0.086,0.126,31.3,0.703,0.132,0.653,653.0,normal(<1),6.61,25.3,28.0,29.0,91.0,56.0,35.0,125.0,3.59
S04766,Sandy clay,55.0,7.3,37.7,1.39,0.8,1.504,0.433,0.201,0.1,0.101,18.6,0.431,0.246,0.549,549.0,normal(<1),6.57,27.0,100.0,66.0,207.0,60.0,18.0,207.0,1.27
S04767,Sand,89.8,7.8,2.4,0.3,0.17,1.668,0.371,0.103,0.037,0.066,13.7,0.37,0.234,0.298,298.0,normal(<1),6.89,25.5,27.0,0.0,23.0,48.0,0.0,59.0,0.36
S04768,Sandy loam,55.7,29.8,14.5,1.04,0.6,1.581,0.403,0.17,0.074,0.095,28.0,0.695,0.123,1.451,1451.0,germination-critical(1-2),5.95,26.5,65.0,60.0,312.0,0.0,15.0,322.0,0.9
S04769,Clay,25.4,11.4,63.2,3.64,2.11,1.477,0.443,0.296,0.146,0.15,26.5,0.598,0.178,0.255,255.0,normal(<1),6.9,29.4,69.0,11.0,266.0,55.0,27.0,331.0,3.24
S04770,Clay loam,32.1,32.6,35.4,1.51,0.88,1.5,0.434,0.193,0.099,0.095,18.2,0.42,0.252,2.809,2809.0,salt-sensitive-critical(2-3),6.43,24.6,175.0,102.0,460.0,51.0,12.0,396.0,1.42
S04771,Clay loam,28.1,42.4,29.5,2.96,1.72,1.533,0.421,0.22,0.113,0.107,24.7,0.586,0.174,1.616,1616.0,germination-critical(1-2),6.34,26.1,111.0,65.0,385.0,56.0,14.0,481.0,2.82
S04772,Sandy clay,60.8,2.7,36.5,1.33,0.77,1.6,0.396,0.174,0.096,0.078,24.9,0.629,0.147,0.37,370.0,normal(<1),6.25,24.9,46.0,60.0,148.0,43.0,9.0,184.0,1.49
S04773,Silty clay,3.3,41.5,55.2,2.26,1.31,1.447,0.454,0.301,0.145,0.156,18.1,0.399,0.273,0.198,198.0,normal(<1),6.4,22.1,0.0,38.0,481.0,70.0,7.0,562.0,1.84
S04774,Sand,91.6,7.9,0.5,0.3,0.17,1.721,0.351,0.08,0.043,0.037,15.1,0.43,0.2,0.202,202.0,normal(<1),5.84,30.8,11.0,26.0,146.0,20.0,19.0,118.0,0.35
S04775,Silt loam,10.1,80.8,9.1,1.46,0.85,1.59,0.4,0.236,0.079,0.157,13.4,0.335,0.266,0.163,163.0,normal(<1),6.02,31.3,14.0,2.0,535.0,19.0,17.0,639.0,1.04
S04776,Sandy clay loam,47.7,17.8,34.5,1.68,0.97,1.439,0.457,0.18,0.098,0.082,24.0,0.525,0.217,0.453,453.0,normal(<1),6.73,28.3,58.0,46.0,243.0,55.0,51.0,236.0,1.85
S04777,Silty clay loam,12.9,47.3,39.8,1.68,0.97,1.545,0.417,0.238,0.132,0.106,18.6,0.446,0.231,0.123,123.0,normal(<1),6.29,22.1,49.0,33.0,408.0,34.0,15.0,529.0,1.79
S04778,Sandy clay loam,49.1,19.6,31.3,4.36,2.53,1.45,0.453,0.203,0.094,0.109,22.4,0.494,0.229,0.269,269.0,normal(<1),6.76,30.4,57.0,30.0,255.0,82.0,39.0,262.0,4.42
S04779,Loamy sand,71.7,14.9,13.4,1.14,0.66,1.564,0.41,0.135,0.055,0.08,25.3,0.618,0.157,0.116,116.0,normal(<1),6.5,22.7,45.0,8.0,80.0,37.0,6.0,170.0,1.15
S04780,Sandy loam,72.9,10.1,17.0,1.0,0.58,1.668,0.371,0.153,0.073,0.08,18.2,0.492,0.188,2.995,2995.0,salt-sensitive-critical(2-3),6.67,30.3,213.0,96.0,145.0,39.0,2.0,106.0,1.11
S04781,Silt loam,21.9,71.5,6.6,2.93,1.7,1.483,0.44,0.221,0.069,0.152,28.3,0.642,0.158,0.275,275.0,normal(<1),6.15,26.3,45.0,26.0,492.0,56.0,19.0,589.0,3.23
S04782,Silt loam,9.0,74.9,16.0,1.75,1.01,1.541,0.419,0.189,0.1,0.089,17.8,0.426,0.24,0.978,978.0,normal(<1),6.8,38.5,61.0,28.0,660.0,32.0,4.0,763.0,1.74
S04783,Silty clay,1.4,41.0,57.5,1.77,1.02,1.424,0.463,0.295,0.159,0.136,33.4,0.722,0.128,0.144,144.0,normal(<1),6.64,28.0,30.0,21.0,456.0,32.0,21.0,584.0,1.35
S04784,Sandy clay loam,52.7,20.2,27.1,1.38,0.8,1.578,0.405,0.211,0.075,0.136,22.5,0.556,0.18,0.429,429.0,normal(<1),6.31,23.6,0.0,20.0,185.0,32.0,17.0,272.0,1.15
S04785,Sandy clay loam,49.1,22.6,28.3,1.81,1.05,1.562,0.411,0.202,0.091,0.111,21.3,0.518,0.198,0.466,466.0,normal(<1),6.73,28.5,42.0,38.0,304.0,30.0,36.0,278.0,1.78
S04786,Sandy loam,57.1,36.1,6.8,3.11,1.8,1.661,0.373,0.171,0.069,0.101,20.1,0.539,0.172,0.896,896.0,normal(<1),6.52,32.9,97.0,67.0,232.0,78.0,22.0,312.0,3.07
S04787,Loam,33.4,43.3,23.3,3.06,1.77,1.586,0.402,0.233,0.092,0.141,27.3,0.68,0.128,1.116,1116.0,germination-critical(1-2),6.75,24.0,131.0,99.0,309.0,60.0,42.0,397.0,3.3
S04788,Loam,30.5,48.2,21.3,1.98,1.15,1.56,0.411,0.238,0.087,0.151,27.4,0.666,0.138,1.598,1598.0,germination-critical(1-2),6.4,26.0,117.0,81.0,509.0,35.0,24.0,548.0,2.03
S04789,Silt loam,29.4,59.6,11.1,0.56,0.33,1.507,0.431,0.197,0.078,0.119,18.8,0.435,0.244,0.392,392.0,normal(<1),6.16,19.9,24.0,37.0,369.0,8.0,0.0,553.0,0.89
S04790,Silty clay loam,17.8,54.7,27.5,1.31,0.76,1.534,0.421,0.226,0.101,0.125,23.9,0.567,0.182,1.205,1205.0,germination-critical(1-2),6.53,31.3,77.0,62.0,490.0,29.0,5.0,601.0,0.4
S04791,Silty clay loam,1.4,60.6,38.0,2.95,1.71,1.479,0.442,0.275,0.121,0.154,25.4,0.574,0.188,0.928,928.0,normal(<1),5.88,30.1,86.0,16.0,584.0,79.0,27.0,683.0,2.95
S04792,Loamy sand,72.9,20.5,6.7,0.7,0.41,1.751,0.339,0.156,0.055,0.102,13.5,0.398,0.204,1.061,1061.0,germination-critical(1-2),6.93,26.2,69.0,27.0,225.0,44.0,18.0,227.0,0.8
S04793,Loamy sand,81.3,14.7,4.0,0.3,0.17,1.623,0.388,0.112,0.053,0.06,26.7,0.69,0.12,1.897,1897.0,germination-critical(1-2),6.61,28.0,115.0,98.0,206.0,16.0,0.0,97.0,0.24
S04794,Silt loam,17.5,66.0,16.5,1.06,0.62,1.63,0.385,0.199,0.09,0.109,16.3,0.423,0.222,0.715,715.0,normal(<1),6.82,25.4,94.0,30.0,542.0,28.0,13.0,633.0,0.57
S04795,Sandy loam,68.5,19.6,11.9,0.4,0.23,1.525,0.424,0.16,0.065,0.095,22.0,0.517,0.205,0.437,437.0,normal(<1),6.81,29.1,11.0,0.0,215.0,0.0,0.0,281.0,0.61
S04796,Loam,39.7,43.6,16.7,2.19,1.27,1.632,0.384,0.207,0.068,0.139,17.9,0.465,0.205,0.952,952.0,normal(<1),6.61,24.0,96.0,22.0,316.0,67.0,11.0,365.0,1.83
S04797,Sandy clay,52.7,7.0,40.3,1.51,0.87,1.439,0.457,0.196,0.094,0.102,27.5,0.601,0.182,0.339,339.0,normal(<1),6.9,27.3,0.0,19.0,330.0,30.0,12.0,356.0,1.62
S04798,Sand,88.9,5.7,5.4,0.55,0.32,1.567,0.409,0.134,0.036,0.099,21.4,0.525,0.194,0.736,736.0,normal(<1),6.21,25.7,54.0,48.0,43.0,27.0,0.0,105.0,0.42
S04799,Sandy loam,65.4,20.4,14.2,0.81,0.47,1.648,0.378,0.143,0.085,0.057,18.9,0.499,0.189,2.33,2330.0,salt-sensitive-critical(2-3),6.21,19.9,117.0,77.0,262.0,9.0,0.0,256.0,0.61
S04800,Sandy loam,55.0,26.2,18.8,0.94,0.55,1.526,0.424,0.173,0.066,0.108,16.4,0.386,0.261,0.105,105.0,normal(<1),6.16,22.7,3.0,33.0,192.0,18.0,26.0,280.0,0.95
S04801,Clay,19.8,35.6,44.6,3.67,2.13,1.443,0.456,0.265,0.144,0.121,29.5,0.647,0.161,0.33,330.0,normal(<1),6.52,26.6,79.0,32.0,316.0,79.0,24.0,418.0,3.76
S04802,Clay loam,31.7,30.7,37.6,1.79,1.04,1.462,0.448,0.228,0.118,0.11,15.8,0.354,0.29,0.151,151.0,normal(<1),5.89,32.9,48.0,0.0,350.0,14.0,8.0,422.0,2.07
S04803,Silty clay,2.6,48.4,49.0,3.7,2.15,1.507,0.431,0.279,0.151,0.127,30.3,0.703,0.128,0.643,643.0,normal(<1),6.7,27.6,102.0,21.0,458.0,93.0,31.0,549.0,3.65
S04804,Loamy sand,73.4,23.8,2.9,0.3,0.17,1.606,0.394,0.127,0.039,0.088,19.8,0.501,0.197,0.556,556.0,normal(<1),6.89,29.6,71.0,23.0,138.0,27.0,0.0,166.0,0.29
S04805,Sandy clay loam,45.7,22.8,31.5,2.17,1.26,1.531,0.422,0.205,0.096,0.108,29.0,0.686,0.133,2.126,2126.0,salt-sensitive-critical(2-3),6.2,22.1,86.0,52.0,319.0,39.0,21.0,297.0,2.66
S04806,Loam,36.0,47.9,16.1,3.16,1.83,1.551,0.415,0.201,0.082,0.119,24.7,0.596,0.168,0.599,599.0,normal(<1),6.44,32.0,94.0,71.0,290.0,79.0,32.0,420.0,2.85
S04807,Clay,41.5,5.8,52.8,2.25,1.31,1.515,0.428,0.253,0.103,0.15,24.1,0.563,0.187,0.186,186.0,normal(<1),6.05,36.1,38.0,56.0,120.0,75.0,20.0,154.0,1.96
S04808,Sandy clay,52.8,8.0,39.2,1.19,0.69,1.499,0.434,0.195,0.106,0.089,14.9,0.342,0.286,0.193,193.0,normal(<1),6.42,30.4,49.0,0.0,208.0,32.0,11.0,269.0,1.29
S04809,Clay loam,26.3,38.2,35.5,1.42,0.82,1.538,0.42,0.252,0.112,0.14,22.9,0.545,0.191,0.172,172.0,normal(<1),6.53,23.5,0.0,33.0,319.0,16.0,21.0,446.0,1.42
S04810,Clay loam,27.3,34.4,38.2,2.72,1.58,1.497,0.435,0.25,0.13,0.12,22.9,0.527,0.206,0.801,801.0,normal(<1),6.37,32.0,98.0,8.0,313.0,59.0,5.0,369.0,2.6
S04811,Silt loam,23.3,61.0,15.7,1.14,0.66,1.486,0.439,0.216,0.097,0.119,17.5,0.398,0.264,0.52,520.0,normal(<1),6.83,22.0,73.0,7.0,414.0,41.0,11.0,505.0,1.22
S04812,Sandy clay,59.0,1.4,39.6,1.26,0.73,1.506,0.432,0.189,0.077,0.111,26.6,0.616,0.166,0.149,149.0,normal(<1),5.84,23.3,7.0,0.0,156.0,7.0,10.0,159.0,1.18
S04813,Loam,48.0,32.0,20.0,1.57,0.91,1.553,0.414,0.193,0.101,0.092,17.8,0.431,0.236,0.443,443.0,normal(<1),6.55,26.8,19.0,17.0,253.0,32.0,13.0,309.0,1.7
S04814,Sandy clay loam,54.5,15.1,30.4,1.03,0.6,1.616,0.39,0.199,0.093,0.106,24.8,0.636,0.142,0.3,300.0,normal(<1),6.67,33.1,18.0,21.0,222.0,12.0,1.0,292.0,1.48
S04815,Clay loam,21.8,43.9,34.3,1.34,0.77,1.511,0.43,0.247,0.103,0.145,15.4,0.359,0.275,0.895,895.0,normal(<1),6.29,21.4,59.0,56.0,469.0,32.0,11.0,512.0,1.18
S04816,Sandy loam,79.2,8.1,12.7,3.58,2.08,1.56,0.411,0.158,0.064,0.094,20.8,0.505,0.203,0.384,384.0,normal(<1),6.83,23.1,110.0,47.0,32.0,97.0,28.0,46.0,3.63
S04817,Silt loam,29.9,56.1,14.0,2.58,1.5,1.612,0.392,0.182,0.082,0.1,21.2,0.541,0.18,0.382,382.0,normal(<1),5.89,33.1,52.0,28.0,418.0,55.0,9.0,518.0,2.39
S04818,Silty clay loam,2.4,66.7,30.9,1.74,1.01,1.531,0.422,0.254,0.107,0.147,24.1,0.571,0.181,0.101,101.0,normal(<1),6.47,35.0,8.0,33.0,529.0,27.0,9.0,671.0,1.99
S04819,Sandy loam,49.5,37.8,12.7,1.54,0.89,1.649,0.378,0.16,0.086,0.075,17.4,0.46,0.204,0.518,518.0,normal(<1),6.48,35.3,42.0,14.0,283.0,17.0,14.0,333.0,1.45
S04820,Silty clay loam,14.2,57.3,28.5,2.23,1.29,1.414,0.467,0.231,0.111,0.12,22.2,0.476,0.245,0.078,78.0,normal(<1),6.64,25.1,47.0,6.0,445.0,78.0,31.0,562.0,2.11
S04821,Loam,38.9,44.4,16.7,1.43,0.83,1.485,0.44,0.2,0.104,0.096,32.8,0.747,0.111,0.444,444.0,normal(<1),6.2,22.6,33.0,10.0,340.0,66.0,0.0,418.0,1.64
S04822,Loam,44.8,31.5,23.6,0.76,0.44,1.585,0.402,0.192,0.091,0.101,24.1,0.6,0.161,2.209,2209.0,salt-sensitive-critical(2-3),6.41,19.2,131.0,73.0,319.0,34.0,17.0,356.0,0.71
S04823,Sandy clay,57.1,0.3,42.6,1.24,0.72,1.464,0.448,0.207,0.092,0.115,20.2,0.452,0.245,0.173,173.0,normal(<1),6.98,38.0,33.0,46.0,129.0,57.0,21.0,164.0,0.49
S04824,Loamy sand,76.2,11.1,12.7,2.11,1.22,1.518,0.427,0.145,0.04,0.105,20.6,0.483,0.221,0.156,156.0,normal(<1),6.89,30.9,44.0,8.0,123.0,52.0,27.0,118.0,1.8
S04825,Sand,95.9,2.2,1.9,3.19,1.85,1.574,0.406,0.137,0.031,0.106,19.9,0.489,0.207,0.522,522.0,normal(<1),6.84,30.2,35.0,60.0,24.0,46.0,16.0,48.0,2.89
S04826,Silt loam,24.0,58.5,17.5,1.62,0.94,1.461,0.449,0.201,0.095,0.106,33.4,0.744,0.115,1.382,1382.0,germination-critical(1-2),5.91,27.3,120.0,65.0,480.0,46.0,14.0,504.0,1.67
S04827,Sand,95.0,1.8,3.2,2.61,1.51,1.669,0.37,0.132,0.04,0.092,15.1,0.408,0.219,0.093,93.0,normal(<1),6.45,29.3,47.0,53.0,41.0,50.0,33.0,22.0,2.27
S04828,Loam,37.6,45.7,16.6,1.71,0.99,1.535,0.421,0.207,0.083,0.124,25.7,0.612,0.163,1.528,1528.0,germination-critical(1-2),6.44,24.2,115.0,23.0,421.0,25.0,6.0,454.0,1.93
S04829,Sandy clay loam,58.6,8.4,33.0,2.61,1.51,1.459,0.449,0.189,0.085,0.104,15.2,0.339,0.297,0.742,742.0,normal(<1),6.0,29.5,153.0,26.0,96.0,61.0,18.0,125.0,2.67
S04830,Silt loam,27.7,59.6,12.7,0.96,0.56,1.638,0.382,0.186,0.087,0.099,13.0,0.34,0.252,0.149,149.0,normal(<1),6.65,31.2,50.0,22.0,471.0,17.0,5.0,516.0,1.28
S04831,Silt loam,27.3,72.4,0.2,1.43,0.83,1.545,0.417,0.199,0.071,0.128,23.6,0.566,0.181,0.572,572.0,normal(<1),6.22,25.8,77.0,21.0,543.0,40.0,11.0,623.0,1.18
S04832,Silt loam,8.3,74.7,17.1,1.42,0.82,1.566,0.409,0.23,0.121,0.109,23.3,0.57,0.176,0.254,254.0,normal(<1),6.51,27.8,71.0,15.0,632.0,47.0,15.0,709.0,1.41
S04833,Clay,39.6,10.5,49.9,2.96,1.72,1.372,0.482,0.238,0.133,0.105,15.1,0.313,0.331,0.381,381.0,normal(<1),5.98,29.1,62.0,34.0,293.0,83.0,25.0,314.0,3.01
S04834,Silty clay,6.8,48.1,45.1,3.08,1.79,1.509,0.431,0.263,0.133,0.13,28.5,0.661,0.146,0.21,210.0,normal(<1),6.25,26.0,45.0,14.0,455.0,75.0,20.0,551.0,2.4
S04835,Sandy clay loam,62.7,9.0,28.3,0.88,0.51,1.607,0.394,0.196,0.074,0.122,25.1,0.638,0.142,0.38,380.0,normal(<1),7.12,30.8,38.0,0.0,76.0,38.0,10.0,151.0,0.89
S04836,Loam,46.6,41.8,11.6,1.39,0.8,1.597,0.397,0.163,0.076,0.087,21.1,0.531,0.186,0.375,375.0,normal(<1),5.8,18.5,75.0,18.0,394.0,52.0,3.0,386.0,1.61
S04837,Sandy loam,74.6,7.3,18.1,0.83,0.48,1.674,0.368,0.134,0.054,0.079,16.7,0.454,0.201,0.586,586.0,normal(<1),6.41,32.2,51.0,0.0,89.0,71.0,8.0,123.0,0.86
S04838,Sandy loam,68.0,13.9,18.1,2.28,1.32,1.592,0.399,0.179,0.06,0.118,11.4,0.285,0.285,0.95,950.0,normal(<1),6.4,20.3,82.0,47.0,231.0,42.0,47.0,245.0,2.55
S04839,Sandy clay loam,55.0,13.3,31.6,3.27,1.9,1.47,0.445,0.202,0.076,0.126,18.9,0.424,0.257,0.706,706.0,normal(<1),7.29,26.9,68.0,0.0,206.0,80.0,5.0,231.0,3.7
S04840,Silt loam,10.2,87.1,2.7,2.82,1.63,1.608,0.393,0.198,0.101,0.097,15.9,0.403,0.235,0.206,206.0,normal(<1),6.53,30.0,48.0,20.0,671.0,39.0,14.0,791.0,2.61
S04841,Sandy loam,57.8,24.6,17.6,0.96,0.56,1.579,0.404,0.181,0.083,0.098,29.1,0.721,0.113,1.137,1137.0,germination-critical(1-2),6.4,28.1,87.0,49.0,217.0,31.0,0.0,249.0,0.85
S04842,Sandy loam,52.3,29.9,17.8,4.05,2.35,1.54,0.419,0.205,0.067,0.138,26.5,0.632,0.154,0.26,260.0,normal(<1),6.6,41.0,77.0,44.0,213.0,76.0,22.0,316.0,4.49
S04843,Sandy clay loam,64.3,2.0,33.7,2.49,1.44,1.542,0.418,0.18,0.085,0.094,29.7,0.709,0.122,0.197,197.0,normal(<1),7.0,22.4,89.0,9.0,103.0,79.0,8.0,159.0,2.52
S04844,Silt loam,9.2,64.1,26.7,2.27,1.32,1.568,0.408,0.255,0.115,0.14,31.1,0.762,0.097,0.524,524.0,normal(<1),5.99,24.6,21.0,24.0,518.0,58.0,14.0,706.0,1.86
S04845,Sandy loam,79.0,9.6,11.4,0.73,0.42,1.59,0.4,0.133,0.059,0.074,17.8,0.446,0.222,0.543,543.0,normal(<1),6.79,21.2,37.0,18.0,47.0,6.0,3.0,89.0,0.86
S04846,Silt loam,25.7,58.3,16.0,3.03,1.76,1.472,0.445,0.24,0.09,0.15,17.7,0.398,0.268,0.138,138.0,normal(<1),7.02,27.4,29.0,21.0,500.0,65.0,19.0,606.0,2.97
S04847,Clay loam,43.6,20.0,36.4,2.08,1.2,1.455,0.451,0.215,0.118,0.097,26.3,0.583,0.188,0.583,583.0,normal(<1),7.71,36.4,51.0,55.0,278.0,48.0,25.0,291.0,2.25
S04848,Silt loam,29.9,50.8,19.3,2.08,1.2,1.605,0.394,0.212,0.109,0.103,20.1,0.51,0.193,0.631,631.0,normal(<1),7.28,31.1,57.0,46.0,323.0,21.0,11.0,451.0,2.38
S04849,Clay loam,25.1,40.5,34.4,1.61,0.94,1.452,0.452,0.245,0.109,0.136,25.9,0.572,0.194,0.635,635.0,normal(<1),6.1,32.7,44.0,13.0,401.0,37.0,13.0,435.0,1.66
S04850,Clay,18.9,35.4,45.7,2.38,1.38,1.477,0.443,0.244,0.127,0.117,31.0,0.7,0.133,0.278,278.0,normal(<1),6.55,18.7,28.0,42.0,354.0,41.0,14.0,438.0,2.69
S04851,Clay loam,37.7,31.2,31.1,1.52,0.88,1.458,0.45,0.2,0.096,0.103,28.8,0.641,0.162,0.572,572.0,normal(<1),6.31,27.9,54.0,0.0,288.0,41.0,0.0,370.0,1.33
S04852,Loamy sand,87.1,10.5,2.4,1.93,1.12,1.624,0.387,0.105,0.056,0.049,19.3,0.499,0.194,1.032,1032.0,germination-critical(1-2),6.37,24.4,75.0,20.0,137.0,34.0,7.0,181.0,2.19
S04853,Sandy clay loam,57.5,13.5,29.0,2.47,1.43,1.61,0.392,0.17,0.079,0.092,21.4,0.545,0.179,1.04,1040.0,germination-critical(1-2),6.37,27.2,75.0,16.0,163.0,49.0,32.0,164.0,2.6
S04854,Silt loam,4.6,75.4,20.0,1.88,1.09,1.49,0.438,0.205,0.102,0.102,22.3,0.509,0.215,0.078,78.0,normal(<1),6.25,33.2,36.0,21.0,497.0,62.0,0.0,659.0,2.03
S04855,Sandy clay,51.9,2.8,45.2,1.82,1.06,1.527,0.424,0.213,0.118,0.095,26.4,0.623,0.16,0.371,371.0,normal(<1),6.83,35.7,25.0,0.0,154.0,38.0,20.0,158.0,1.71
S04856,Loamy sand,84.3,13.8,1.9,2.39,1.39,1.599,0.397,0.126,0.052,0.074,21.7,0.547,0.18,0.828,828.0,normal(<1),6.55,27.7,83.0,57.0,177.0,42.0,28.0,104.0,2.61
S04857,Loamy sand,74.9,15.6,9.4,1.56,0.9,1.54,0.419,0.178,0.068,0.11,24.3,0.581,0.176,0.349,349.0,normal(<1),6.19,26.9,18.0,0.0,191.0,42.0,14.0,223.0,1.96
S04858,Loam,25.3,48.4,26.2,3.3,1.91,1.541,0.419,0.249,0.102,0.147,26.0,0.621,0.159,1.255,1255.0,germination-critical(1-2),6.52,28.6,139.0,67.0,480.0,77.0,20.0,535.0,4.1
S04859,Sandy loam,55.9,37.1,7.0,0.86,0.5,1.601,0.396,0.18,0.073,0.107,28.7,0.725,0.109,0.344,344.0,normal(<1),6.58,22.9,24.0,0.0,231.0,15.0,0.0,301.0,0.75
S04860,Sandy loam,78.5,6.3,15.1,0.96,0.56,1.6,0.396,0.171,0.045,0.126,28.7,0.725,0.109,0.14,140.0,normal(<1),6.54,22.9,13.0,18.0,105.0,33.0,21.0,87.0,1.23
S04861,Silty clay,0.6,59.3,40.1,3.24,1.88,1.393,0.474,0.256,0.14,0.116,28.4,0.599,0.19,0.155,155.0,normal(<1),6.61,26.4,87.0,29.0,547.0,57.0,21.0,631.0,3.42
S04862,Silty clay loam,10.0,54.8,35.2,2.25,1.31,1.606,0.394,0.247,0.125,0.123,31.3,0.796,0.081,0.855,855.0,normal(<1),6.31,31.0,39.0,40.0,434.0,34.0,22.0,534.0,2.66
S04863,Loamy sand,83.4,10.1,6.6,0.5,0.29,1.62,0.389,0.127,0.051,0.076,21.4,0.55,0.175,0.598,598.0,normal(<1),6.56,34.9,39.0,72.0,66.0,31.0,3.0,218.0,0.38
S04864,Sandy clay loam,62.7,2.8,34.5,2.44,1.42,1.675,0.368,0.213,0.097,0.116,27.2,0.74,0.096,0.825,825.0,normal(<1),6.79,27.1,60.0,28.0,80.0,42.0,34.0,82.0,2.36
S04865,Sandy loam,54.6,27.3,18.0,3.17,1.84,1.451,0.452,0.153,0.082,0.072,24.2,0.534,0.211,0.488,488.0,normal(<1),6.03,27.7,85.0,24.0,175.0,50.0,17.0,251.0,2.87
S04866,Sandy loam,55.6,26.7,17.7,1.91,1.11,1.554,0.413,0.184,0.093,0.091,27.1,0.657,0.142,0.199,199.0,normal(<1),6.53,29.1,12.0,17.0,257.0,27.0,22.0,333.0,1.61
S04867,Sandy loam,75.8,17.1,7.2,0.3,0.17,1.573,0.407,0.148,0.04,0.108,12.9,0.317,0.278,0.888,888.0,normal(<1),6.59,31.7,54.0,23.0,162.0,62.0,3.0,180.0,0.2
S04868,Silty clay loam,18.8,47.8,33.3,2.38,1.38,1.414,0.466,0.25,0.112,0.138,32.5,0.698,0.141,0.206,206.0,normal(<1),6.31,22.4,0.0,18.0,427.0,49.0,10.0,535.0,2.19
S04869,Sandy loam,76.4,9.5,14.2,2.93,1.7,1.596,0.398,0.143,0.064,0.079,12.7,0.32,0.271,0.704,704.0,normal(<1),5.96,35.1,58.0,18.0,151.0,59.0,20.0,157.0,2.84
S04870,Silty clay loam,19.7,46.9,33.4,1.56,0.9,1.569,0.408,0.25,0.129,0.121,22.8,0.56,0.18,1.12,1120.0,germination-critical(1-2),6.55,32.5,110.0,7.0,407.0,52.0,13.0,571.0,1.3
S04871,Silty clay loam,17.3,47.2,35.6,1.78,1.03,1.49,0.438,0.225,0.105,0.12,18.0,0.411,0.258,0.578,578.0,normal(<1),6.14,25.0,37.0,54.0,372.0,44.0,12.0,441.0,1.81
S04872,Loam,43.1,47.3,9.6,1.67,0.97,1.586,0.401,0.185,0.075,0.11,24.2,0.603,0.159,0.435,435.0,normal(<1),6.37,27.3,0.0,65.0,391.0,40.0,27.0,454.0,2.29
S04873,Clay loam,44.2,19.7,36.1,2.47,1.43,1.446,0.454,0.21,0.094,0.115,24.2,0.533,0.212,4.517,4517.0,detrimental(>3),6.61,39.0,248.0,105.0,368.0,34.0,0.0,345.0,2.37
S04874,Silty clay,6.0,48.8,45.2,2.65,1.54,1.39,0.475,0.271,0.13,0.141,28.8,0.605,0.188,1.025,1025.0,germination-critical(1-2),6.33,32.6,67.0,22.0,427.0,57.0,28.0,561.0,2.41
S04875,Sandy clay loam,54.9,14.8,30.3,3.35,1.94,1.479,0.442,0.172,0.103,0.069,31.6,0.716,0.126,0.535,535.0,normal(<1),6.04,31.3,46.0,41.0,148.0,79.0,20.0,224.0,3.02
S04876,Loamy sand,78.1,11.2,10.8,0.3,0.17,1.559,0.412,0.103,0.047,0.056,19.3,0.469,0.219,0.861,861.0,normal(<1),6.11,29.5,46.0,56.0,103.0,21.0,28.0,68.0,0.25
S04877,Loam,43.8,31.4,24.8,1.8,1.05,1.506,0.432,0.188,0.1,0.089,21.1,0.488,0.221,1.059,1059.0,germination-critical(1-2),7.0,24.8,82.0,22.0,340.0,19.0,15.0,312.0,1.52
S04878,Sandy clay,47.3,16.8,35.9,1.97,1.14,1.396,0.473,0.226,0.092,0.134,16.4,0.347,0.309,0.341,341.0,normal(<1),7.11,22.5,62.0,21.0,171.0,73.0,11.0,272.0,2.59
S04879,Silt loam,25.0,64.5,10.5,1.98,1.15,1.52,0.427,0.223,0.103,0.121,22.4,0.525,0.202,0.372,372.0,normal(<1),6.18,32.3,86.0,27.0,520.0,45.0,14.0,575.0,1.74
S04880,Loam,48.4,32.9,18.6,1.55,0.9,1.624,0.387,0.19,0.087,0.102,27.5,0.71,0.112,0.183,183.0,normal(<1),6.52,23.9,11.0,0.0,286.0,41.0,15.0,344.0,1.87
S04881,Sandy clay loam,54.8,17.2,28.1,1.96,1.14,1.612,0.392,0.193,0.103,0.09,27.7,0.707,0.115,0.453,453.0,normal(<1),6.82,27.8,35.0,0.0,242.0,53.0,8.0,329.0,1.66
S04882,Sandy loam,72.0,15.5,12.4,0.56,0.33,1.496,0.436,0.146,0.058,0.087,28.0,0.643,0.155,0.794,794.0,normal(<1),6.4,28.9,54.0,30.0,219.0,1.0,1.0,220.0,0.71
S04883,Sandy loam,46.6,38.8,14.6,1.2,0.7,1.547,0.416,0.173,0.073,0.1,25.5,0.612,0.161,0.756,756.0,normal(<1),5.98,29.8,75.0,39.0,249.0,20.0,8.0,322.0,1.3
S04884,Loam,33.5,43.6,22.9,1.17,0.68,1.547,0.416,0.214,0.104,0.11,15.5,0.372,0.261,0.226,226.0,normal(<1),6.35,24.7,65.0,35.0,405.0,16.0,2.0,504.0,1.4
S04885,Silt loam,23.0,66.3,10.8,2.37,1.37,1.563,0.41,0.24,0.087,0.153,31.3,0.764,0.097,0.21,210.0,normal(<1),5.77,26.4,39.0,28.0,465.0,72.0,23.0,526.0,2.3
S04886,Silty clay loam,0.9,70.0,29.1,2.49,1.44,1.42,0.464,0.222,0.109,0.113,23.6,0.509,0.228,0.668,668.0,normal(<1),6.29,18.4,19.0,37.0,578.0,36.0,14.0,688.0,2.12
S04887,Sandy loam,59.2,22.9,17.9,1.28,0.74,1.615,0.39,0.196,0.088,0.108,24.0,0.615,0.15,0.99,990.0,normal(<1),6.74,29.5,34.0,45.0,301.0,9.0,20.0,283.0,1.44
S04888,Clay loam,22.5,45.3,32.2,3.23,1.87,1.502,0.433,0.227,0.111,0.116,18.9,0.436,0.244,2.264,2264.0,salt-sensitive-critical(2-3),6.2,23.6,97.0,78.0,406.0,49.0,33.0,409.0,3.43
S04889,Loamy sand,79.7,15.4,4.9,0.55,0.32,1.597,0.397,0.144,0.046,0.098,17.9,0.45,0.219,0.197,197.0,normal(<1),6.53,19.9,48.0,29.0,163.0,6.0,24.0,172.0,0.58
S04890,Loam,31.2,47.6,21.2,2.39,1.39,1.504,0.433,0.208,0.096,0.112,18.8,0.434,0.245,1.878,1878.0,germination-critical(1-2),6.57,30.7,98.0,63.0,393.0,46.0,23.0,489.0,2.43
S04891,Silty clay loam,9.4,54.2,36.4,2.57,1.49,1.533,0.422,0.285,0.134,0.152,24.3,0.576,0.179,2.266,2266.0,salt-sensitive-critical(2-3),6.24,35.2,174.0,100.0,567.0,84.0,41.0,635.0,2.34
S04892,Sandy loam,52.2,41.1,6.7,0.88,0.51,1.562,0.411,0.188,0.068,0.119,21.6,0.527,0.194,0.572,572.0,normal(<1),6.34,31.7,51.0,0.0,286.0,53.0,18.0,377.0,0.8
S04893,Sandy loam,60.1,34.2,5.7,2.53,1.47,1.571,0.407,0.164,0.06,0.104,22.9,0.561,0.179,1.457,1457.0,germination-critical(1-2),6.08,22.8,144.0,66.0,307.0,76.0,17.0,346.0,2.72
S04894,Silt loam,27.3,59.2,13.5,2.14,1.24,1.542,0.418,0.195,0.084,0.111,13.5,0.323,0.283,0.219,219.0,normal(<1),6.11,30.2,13.0,11.0,436.0,51.0,22.0,506.0,2.71
S04895,Loam,42.7,37.4,19.9,2.26,1.31,1.509,0.431,0.197,0.091,0.106,15.7,0.363,0.274,2.367,2367.0,salt-sensitive-critical(2-3),6.64,33.4,139.0,81.0,408.0,36.0,23.0,379.0,2.14
S04896,Loam,45.3,31.0,23.7,2.49,1.45,1.557,0.412,0.202,0.075,0.127,22.7,0.551,0.185,0.833,833.0,normal(<1),5.63,30.4,65.0,58.0,289.0,75.0,22.0,325.0,2.35
S04897,Sandy loam,55.4,35.2,9.5,1.97,1.14,1.655,0.375,0.157,0.071,0.086,22.7,0.605,0.148,1.815,1815.0,germination-critical(1-2),6.41,28.0,128.0,51.0,346.0,32.0,21.0,317.0,1.82
S04898,Sandy clay loam,63.2,15.7,21.1,0.75,0.44,1.565,0.41,0.194,0.095,0.099,24.5,0.599,0.164,1.736,1736.0,germination-critical(1-2),6.98,27.8,127.0,94.0,221.0,15.0,13.0,244.0,0.62
S04899,Sandy loam,73.8,12.0,14.2,1.28,0.74,1.615,0.391,0.136,0.058,0.078,26.4,0.677,0.126,2.295,2295.0,salt-sensitive-critical(2-3),5.85,21.7,128.0,100.0,163.0,46.0,6.0,207.0,1.21
S04900,Clay loam,39.8,21.9,38.4,3.11,1.8,1.441,0.456,0.23,0.103,0.128,28.2,0.618,0.174,0.545,545.0,normal(<1),5.9,30.1,117.0,31.0,278.0,68.0,29.0,367.0,3.0
S04901,Clay loam,28.0,38.8,33.2,1.89,1.09,1.53,0.423,0.246,0.1,0.146,24.0,0.567,0.183,1.237,1237.0,germination-critical(1-2),6.84,20.9,55.0,61.0,333.0,38.0,5.0,456.0,1.86
S04902,Loamy sand,71.2,18.8,10.0,1.65,0.96,1.586,0.402,0.175,0.059,0.116,19.1,0.475,0.211,0.899,899.0,normal(<1),6.97,31.4,51.0,32.0,279.0,54.0,23.0,247.0,1.5
S04903,Clay,29.8,10.8,59.3,5.27,3.06,1.346,0.492,0.256,0.136,0.119,22.7,0.462,0.265,0.948,948.0,normal(<1),6.32,27.3,116.0,50.0,272.0,114.0,46.0,298.0,5.62
S04904,Loamy sand,82.1,16.0,1.9,0.69,0.4,1.656,0.375,0.133,0.037,0.097,17.3,0.462,0.202,0.214,214.0,normal(<1),7.05,29.0,49.0,46.0,56.0,34.0,15.0,107.0,0.46
S04905,Silty clay,9.6,44.2,46.2,1.64,0.95,1.483,0.44,0.277,0.125,0.152,23.4,0.53,0.207,0.322,322.0,normal(<1),6.81,34.5,53.0,0.0,393.0,39.0,6.0,505.0,1.46
S04906,Sandy loam,49.8,36.5,13.7,2.75,1.6,1.607,0.394,0.174,0.071,0.103,16.9,0.428,0.225,0.212,212.0,normal(<1),6.0,29.6,39.0,26.0,248.0,67.0,15.0,306.0,2.81
S04907,Sandy clay loam,49.8,15.5,34.7,3.94,2.28,1.566,0.409,0.202,0.101,0.101,21.4,0.523,0.195,0.915,915.0,normal(<1),5.88,21.8,74.0,33.0,290.0,104.0,19.0,332.0,3.85
S04908,Silty clay,9.5,44.4,46.1,1.9,1.1,1.56,0.411,0.25,0.141,0.11,26.8,0.652,0.143,0.445,445.0,normal(<1),6.24,29.9,53.0,47.0,450.0,72.0,8.0,535.0,1.8
S04909,Silty clay,1.5,42.3,56.2,3.94,2.28,1.396,0.473,0.267,0.133,0.133,27.0,0.571,0.203,0.181,181.0,normal(<1),6.61,21.6,69.0,36.0,436.0,87.0,51.0,523.0,3.92
S04910,Silt loam,17.7,56.3,25.9,1.85,1.07,1.569,0.408,0.227,0.102,0.125,20.8,0.51,0.2,0.687,687.0,normal(<1),6.62,23.6,67.0,0.0,468.0,14.0,10.0,571.0,1.43
S04911,Clay,21.4,30.6,48.0,2.21,1.28,1.434,0.459,0.242,0.126,0.116,30.8,0.672,0.151,0.479,479.0,normal(<1),6.14,19.2,75.0,1.0,319.0,53.0,16.0,383.0,2.33
S04912,Loamy sand,80.1,17.8,2.1,3.66,2.12,1.585,0.402,0.167,0.056,0.111,26.1,0.649,0.141,0.26,260.0,normal(<1),6.33,29.6,58.0,19.0,147.0,91.0,29.0,189.0,3.71
S04913,Clay,24.2,10.4,65.4,2.86,1.66,1.434,0.459,0.267,0.162,0.105,20.4,0.444,0.255,0.309,309.0,normal(<1),6.75,40.1,39.0,4.0,268.0,70.0,15.0,335.0,3.06
S04914,Sandy loam,79.2,9.6,11.2,0.3,0.17,1.612,0.392,0.141,0.057,0.084,18.5,0.472,0.207,0.405,405.0,normal(<1),7.17,31.3,16.0,0.0,200.0,0.0,13.0,186.0,0.38
S04915,Loamy sand,88.9,5.8,5.3,2.49,1.44,1.538,0.42,0.118,0.061,0.056,17.8,0.424,0.242,3.027,3027.0,detrimental(>3),6.33,31.4,175.0,130.0,171.0,33.0,18.0,146.0,2.66
S04916,Silty clay,1.9,50.8,47.3,2.24,1.3,1.464,0.448,0.305,0.147,0.158,25.0,0.559,0.197,3.19,3190.0,detrimental(>3),7.0,25.1,147.0,101.0,471.0,54.0,31.0,561.0,2.23
S04917,Loam,46.1,29.0,24.9,3.34,1.94,1.549,0.416,0.192,0.099,0.093,18.1,0.435,0.235,1.668,1668.0,germination-critical(1-2),6.84,29.9,97.0,50.0,233.0,50.0,23.0,295.0,3.34
S04918,Sandy clay loam,63.7,1.5,34.8,2.99,1.73,1.501,0.434,0.194,0.106,0.088,29.5,0.681,0.138,0.334,334.0,normal(<1),6.35,28.7,56.0,80.0,136.0,78.0,13.0,168.0,3.26
S04919,Loam,31.5,46.0,22.5,2.95,1.71,1.62,0.389,0.225,0.106,0.119,17.8,0.457,0.211,0.285,285.0,normal(<1),6.02,31.8,36.0,3.0,383.0,71.0,16.0,462.0,3.46
S04920,Sandy loam,63.5,25.5,11.0,1.22,0.71,1.526,0.424,0.158,0.065,0.093,28.2,0.664,0.142,0.296,296.0,normal(<1),6.12,24.9,26.0,41.0,312.0,22.0,12.0,309.0,1.48
S04921,Loam,33.6,46.1,20.3,1.77,1.02,1.471,0.445,0.204,0.093,0.111,19.3,0.434,0.252,0.254,254.0,normal(<1),6.89,24.0,31.0,34.0,401.0,20.0,14.0,453.0,1.94
S04922,Loamy sand,72.6,23.6,3.8,3.21,1.86,1.633,0.384,0.15,0.053,0.097,22.7,0.592,0.156,0.59,590.0,normal(<1),6.96,27.4,124.0,30.0,137.0,95.0,32.0,206.0,3.22
S04923,Sandy loam,67.5,19.5,13.0,0.66,0.38,1.625,0.387,0.159,0.055,0.104,25.6,0.662,0.131,0.25,250.0,normal(<1),6.69,22.0,51.0,13.0,176.0,11.0,21.0,260.0,0.77
S04924,Loam,49.5,29.5,21.1,3.27,1.9,1.57,0.407,0.206,0.082,0.123,27.3,0.67,0.134,0.147,147.0,normal(<1),6.53,25.7,87.0,21.0,235.0,50.0,27.0,345.0,3.16
S04925,Clay loam,26.0,44.3,29.7,2.95,1.71,1.506,0.432,0.207,0.096,0.111,26.4,0.611,0.168,0.709,709.0,normal(<1),6.76,23.1,74.0,22.0,413.0,65.0,25.0,502.0,2.95
S04926,Sandy loam,52.8,34.0,13.2,2.36,1.37,1.535,0.421,0.195,0.085,0.109,12.1,0.287,0.3,0.327,327.0,normal(<1),5.4,28.1,48.0,4.0,325.0,27.0,17.0,392.0,2.69
S04927,Sand,89.3,1.5,9.2,1.29,0.75,1.624,0.387,0.157,0.051,0.106,22.9,0.592,0.158,1.643,1643.0,germination-critical(1-2),6.51,25.8,137.0,93.0,121.0,49.0,6.0,131.0,1.06
S04928,Sandy loam,72.3,8.9,18.8,1.57,0.91,1.505,0.432,0.149,0.059,0.09,22.6,0.522,0.206,1.89,1890.0,germination-critical(1-2),6.85,23.3,115.0,94.0,124.0,46.0,15.0,147.0,1.62
S04929,Silty clay loam,12.3,52.9,34.8,3.26,1.89,1.509,0.431,0.253,0.115,0.138,22.5,0.522,0.206,1.487,1487.0,germination-critical(1-2),6.47,22.3,91.0,80.0,438.0,84.0,30.0,526.0,2.53
S04930,Loam,46.8,31.2,21.9,1.23,0.71,1.465,0.447,0.186,0.083,0.104,18.0,0.403,0.267,1.042,1042.0,germination-critical(1-2),6.14,25.9,63.0,19.0,312.0,48.0,8.0,318.0,1.27
S04931,Sandy loam,63.7,18.7,17.6,1.57,0.91,1.586,0.401,0.148,0.066,0.082,12.6,0.314,0.276,0.254,254.0,normal(<1),6.5,24.8,24.0,13.0,222.0,27.0,9.0,235.0,1.25
S04932,Sand,92.0,5.0,3.1,0.75,0.44,1.605,0.394,0.107,0.037,0.07,14.5,0.368,0.249,0.247,247.0,normal(<1),6.75,21.0,3.0,43.0,31.0,20.0,19.0,65.0,0.68
S04933,Sandy loam,52.8,30.0,17.2,0.71,0.41,1.521,0.426,0.186,0.081,0.105,20.1,0.471,0.226,0.989,989.0,normal(<1),6.34,29.1,103.0,7.0,282.0,27.0,0.0,314.0,0.71
S04934,Loam,42.9,36.8,20.3,3.08,1.78,1.525,0.424,0.169,0.086,0.083,22.4,0.528,0.2,0.544,544.0,normal(<1),6.37,28.0,64.0,9.0,332.0,83.0,25.0,393.0,2.93
S04935,Sandy loam,79.3,7.8,12.9,1.25,0.72,1.617,0.39,0.14,0.067,0.073,17.0,0.437,0.22,1.876,1876.0,germination-critical(1-2),6.52,29.3,127.0,87.0,146.0,48.0,7.0,161.0,1.09
S04936,Loam,50.9,40.0,9.1,1.79,1.04,1.559,0.412,0.166,0.076,0.091,26.1,0.633,0.151,0.272,272.0,normal(<1),6.47,30.8,68.0,33.0,330.0,45.0,14.0,355.0,1.52
S04937,Clay loam,36.2,29.2,34.6,4.26,2.47,1.395,0.473,0.197,0.097,0.099,19.8,0.418,0.276,0.153,153.0,normal(<1),6.29,34.4,67.0,0.0,319.0,66.0,31.0,368.0,3.96
S04938,Loam,26.4,48.9,24.7,0.93,0.54,1.569,0.408,0.207,0.106,0.1,31.6,0.775,0.092,0.781,781.0,normal(<1),6.22,29.0,60.0,21.0,469.0,24.0,12.0,544.0,0.95
S04939,Loam,33.1,43.4,23.5,2.99,1.73,1.48,0.442,0.207,0.095,0.113,22.2,0.503,0.219,1.002,1002.0,germination-critical(1-2),6.07,26.8,88.0,78.0,455.0,60.0,21.0,490.0,2.96
S04940,Clay,16.0,14.8,69.3,3.2,1.86,1.447,0.454,0.249,0.136,0.113,29.7,0.654,0.157,0.702,702.0,normal(<1),6.53,26.2,103.0,27.0,255.0,71.0,26.0,332.0,3.09
S04941,Clay loam,35.9,30.0,34.1,3.86,2.24,1.406,0.47,0.24,0.118,0.122,27.0,0.574,0.2,0.363,363.0,normal(<1),6.64,24.2,92.0,36.0,294.0,81.0,22.0,347.0,3.63
S04942,Clay loam,21.0,41.5,37.5,4.25,2.47,1.528,0.423,0.252,0.137,0.116,26.1,0.616,0.162,1.215,1215.0,germination-critical(1-2),6.38,25.9,89.0,69.0,377.0,112.0,50.0,482.0,3.98
S04943,Silt loam,5.8,77.6,16.5,2.27,1.32,1.466,0.447,0.237,0.106,0.131,26.7,0.597,0.18,0.616,616.0,normal(<1),6.3,33.3,30.0,21.0,609.0,70.0,2.0,704.0,2.35
S04944,Silty clay loam,19.8,42.3,37.9,2.54,1.48,1.398,0.473,0.238,0.126,0.112,28.4,0.602,0.188,0.262,262.0,normal(<1),6.44,22.6,28.0,0.0,522.0,53.0,26.0,595.0,2.56
S04945,Loamy sand,76.9,21.4,1.7,0.67,0.39,1.604,0.395,0.107,0.053,0.054,20.0,0.506,0.195,2.324,2324.0,salt-sensitive-critical(2-3),6.71,26.9,117.0,102.0,189.0,20.0,25.0,169.0,0.39
S04946,Sandy clay loam,54.4,21.6,24.0,1.56,0.91,1.592,0.399,0.154,0.097,0.057,16.3,0.407,0.237,0.515,515.0,normal(<1),6.34,28.1,84.0,59.0,292.0,66.0,0.0,268.0,1.65
S04947,Sand,91.8,5.3,2.9,2.82,1.64,1.586,0.402,0.139,0.046,0.093,14.2,0.353,0.26,0.288,288.0,normal(<1),6.27,28.3,48.0,0.0,65.0,93.0,9.0,86.0,2.96
S04948,Loam,42.0,32.3,25.7,1.54,0.9,1.536,0.42,0.22,0.102,0.118,24.6,0.584,0.175,2.867,2867.0,salt-sensitive-critical(2-3),6.81,32.1,136.0,94.0,305.0,24.0,16.0,359.0,1.76
S04949,Silty clay loam,11.8,61.0,27.3,3.48,2.02,1.535,0.421,0.232,0.116,0.115,21.5,0.511,0.206,0.192,192.0,normal(<1),5.54,25.5,56.0,3.0,585.0,79.0,21.0,604.0,3.46
S04950,Sandy clay,54.7,3.7,41.6,3.0,1.74,1.487,0.439,0.189,0.124,0.066,19.2,0.438,0.247,1.353,1353.0,germination-critical(1-2),6.57,33.0,144.0,79.0,177.0,58.0,40.0,167.0,2.69
S04951,Loamy sand,78.7,15.8,5.4,1.91,1.11,1.51,0.43,0.152,0.056,0.097,20.3,0.471,0.228,1.006,1006.0,germination-critical(1-2),6.71,26.7,115.0,55.0,151.0,25.0,18.0,155.0,2.3
S04952,Sandy loam,52.7,38.7,8.6,2.06,1.2,1.519,0.427,0.187,0.066,0.121,23.6,0.553,0.191,0.395,395.0,normal(<1),6.99,30.6,32.0,38.0,275.0,50.0,26.0,384.0,1.76
S04953,Sandy clay loam,63.2,16.6,20.3,0.71,0.41,1.524,0.425,0.176,0.059,0.117,17.1,0.402,0.254,0.372,372.0,normal(<1),6.41,33.6,0.0,0.0,224.0,36.0,11.0,247.0,0.45
S04954,Sandy clay,47.6,5.4,47.0,1.47,0.85,1.492,0.437,0.229,0.133,0.096,21.3,0.489,0.223,0.68,680.0,normal(<1),6.62,32.3,32.0,54.0,221.0,5.0,19.0,223.0,1.33
S04955,Silty clay loam,11.1,61.8,27.1,1.41,0.82,1.551,0.415,0.276,0.091,0.185,29.4,0.709,0.121,0.868,868.0,normal(<1),6.08,31.7,61.0,48.0,429.0,52.0,0.0,546.0,1.45
S04956,Silt loam,17.1,69.6,13.3,1.34,0.78,1.494,0.436,0.239,0.092,0.147,25.6,0.588,0.18,0.82,820.0,normal(<1),5.62,29.3,22.0,6.0,521.0,42.0,5.0,632.0,1.02
S04957,Loamy sand,73.9,12.3,13.9,0.6,0.35,1.623,0.388,0.154,0.054,0.099,20.2,0.52,0.186,2.689,2689.0,salt-sensitive-critical(2-3),6.53,23.3,120.0,95.0,195.0,24.0,0.0,187.0,1.04
S04958,Loam,36.5,42.0,21.5,1.2,0.7,1.542,0.418,0.211,0.106,0.105,32.5,0.776,0.094,1.292,1292.0,germination-critical(1-2),6.9,32.4,111.0,63.0,374.0,48.0,12.0,447.0,0.94
S04959,Sand,85.8,6.9,7.3,1.07,0.62,1.583,0.403,0.137,0.038,0.099,22.0,0.545,0.183,0.513,513.0,normal(<1),6.34,24.7,70.0,0.0,90.0,21.0,17.0,93.0,0.81
S04960,Sandy loam,76.8,8.9,14.3,2.19,1.27,1.584,0.402,0.151,0.074,0.077,19.7,0.489,0.206,0.375,375.0,normal(<1),6.57,29.9,61.0,25.0,97.0,56.0,1.0,166.0,2.17
S04961,Silt loam,0.5,75.1,24.4,4.17,2.42,1.422,0.463,0.277,0.132,0.145,37.4,0.808,0.089,0.203,203.0,normal(<1),6.57,27.9,18.0,30.0,523.0,80.0,28.0,741.0,4.1
S04962,Loam,42.8,44.3,12.9,1.09,0.63,1.459,0.45,0.191,0.09,0.101,18.6,0.413,0.264,0.495,495.0,normal(<1),6.81,28.1,13.0,20.0,342.0,20.0,18.0,450.0,1.14
S04963,Loamy sand,74.3,16.3,9.5,0.33,0.19,1.661,0.373,0.156,0.056,0.1,18.8,0.505,0.185,0.593,593.0,normal(<1),7.14,29.9,90.0,35.0,174.0,12.0,1.0,146.0,0.37
S04964,Loam,39.8,47.5,12.7,1.35,0.78,1.503,0.433,0.198,0.076,0.123,30.9,0.713,0.124,0.51,510.0,normal(<1),6.25,26.8,36.0,40.0,336.0,48.0,2.0,423.0,1.21
S04965,Sandy clay loam,53.7,19.2,27.0,1.15,0.67,1.48,0.442,0.181,0.105,0.076,25.6,0.579,0.186,0.145,145.0,normal(<1),5.66,33.7,2.0,8.0,244.0,0.0,7.0,242.0,1.24
S04966,Silty clay,13.2,41.5,45.4,1.74,1.01,1.497,0.435,0.237,0.123,0.114,31.1,0.714,0.124,0.113,113.0,normal(<1),6.31,26.2,106.0,8.0,394.0,41.0,17.0,472.0,1.25
S04967,Silty clay loam,5.0,55.7,39.3,2.92,1.7,1.466,0.447,0.275,0.137,0.138,22.8,0.511,0.218,0.601,601.0,normal(<1),6.36,28.4,66.0,45.0,527.0,46.0,16.0,581.0,3.34
S04968,Sandy loam,49.9,34.3,15.8,1.51,0.88,1.494,0.436,0.17,0.083,0.087,25.2,0.577,0.184,0.355,355.0,normal(<1),5.91,30.8,41.0,0.0,316.0,41.0,16.0,403.0,1.71
S04969,Clay loam,23.4,39.2,37.4,1.56,0.9,1.57,0.408,0.233,0.111,0.122,19.3,0.473,0.215,0.069,69.0,normal(<1),6.32,27.9,23.0,0.0,291.0,59.0,15.0,499.0,1.48
S04970,Loamy sand,84.5,9.7,5.8,1.58,0.92,1.681,0.366,0.113,0.057,0.056,9.5,0.259,0.271,0.327,327.0,normal(<1),6.72,27.6,54.0,0.0,98.0,28.0,29.0,126.0,1.38
S04971,Sandy loam,66.5,17.8,15.7,2.23,1.29,1.59,0.4,0.161,0.064,0.097,8.1,0.203,0.319,0.58,580.0,normal(<1),6.23,36.3,85.0,41.0,184.0,64.0,21.0,192.0,2.37
S04972,Loam,51.7,40.1,8.2,1.95,1.13,1.697,0.36,0.155,0.053,0.102,18.1,0.502,0.179,0.422,422.0,normal(<1),6.45,29.6,51.0,4.0,312.0,46.0,0.0,351.0,2.06
S04973,Sandy clay,56.6,7.1,36.3,3.66,2.12,1.404,0.47,0.189,0.103,0.087,33.2,0.706,0.138,0.631,631.0,normal(<1),6.87,38.8,66.0,52.0,99.0,73.0,23.0,174.0,3.28
S04974,Sandy loam,62.9,28.5,8.6,0.52,0.3,1.597,0.397,0.142,0.066,0.077,25.4,0.64,0.143,0.493,493.0,normal(<1),6.7,23.6,31.0,9.0,204.0,29.0,15.0,255.0,0.66
S04975,Sandy loam,62.5,18.8,18.7,2.46,1.43,1.504,0.432,0.15,0.086,0.063,21.9,0.507,0.213,0.664,664.0,normal(<1),5.83,35.7,41.0,5.0,202.0,54.0,0.0,272.0,1.83
S04976,Silty clay,6.4,43.5,50.1,2.54,1.47,1.473,0.444,0.285,0.149,0.136,30.7,0.691,0.137,0.12,120.0,normal(<1),6.22,29.9,33.0,14.0,450.0,60.0,14.0,517.0,2.96
S04977,Loam,48.7,40.8,10.5,3.49,2.02,1.583,0.403,0.151,0.07,0.081,27.4,0.68,0.129,0.71,710.0,normal(<1),6.77,32.9,122.0,20.0,402.0,114.0,26.0,406.0,3.42
S04978,Silt loam,8.2,65.1,26.7,2.9,1.68,1.434,0.459,0.251,0.118,0.132,21.1,0.459,0.248,0.823,823.0,normal(<1),7.09,25.4,105.0,68.0,563.0,62.0,37.0,624.0,2.75
S04979,Sandy clay loam,56.9,12.6,30.5,2.12,1.23,1.475,0.443,0.16,0.102,0.058,29.7,0.671,0.146,0.355,355.0,normal(<1),6.67,32.0,63.0,0.0,167.0,57.0,11.0,219.0,2.09
S04980,Sandy loam,72.5,9.8,17.6,0.51,0.29,1.559,0.412,0.127,0.072,0.055,17.8,0.432,0.234,0.079,79.0,normal(<1),6.43,24.7,11.0,14.0,133.0,23.0,25.0,140.0,0.48
S04981,Clay loam,44.5,22.4,33.1,2.35,1.36,1.475,0.443,0.194,0.115,0.079,25.7,0.579,0.187,0.685,685.0,normal(<1),6.49,35.6,69.0,7.0,250.0,58.0,23.0,265.0,2.4
S04982,Sand,90.4,0.6,9.0,1.1,0.64,1.586,0.402,0.135,0.046,0.089,25.2,0.629,0.149,0.888,888.0,normal(<1),6.43,26.7,111.0,17.0,0.0,43.0,5.0,24.0,1.2
S04983,Loamy sand,89.1,2.6,8.3,0.44,0.25,1.634,0.384,0.123,0.065,0.058,25.4,0.661,0.13,0.392,392.0,normal(<1),5.99,29.4,16.0,0.0,98.0,9.0,0.0,117.0,0.38
S04984,Sandy loam,54.2,36.7,9.1,2.41,1.4,1.543,0.418,0.173,0.071,0.102,26.3,0.628,0.155,0.154,154.0,normal(<1),5.81,25.3,51.0,14.0,323.0,58.0,27.0,400.0,2.28
S04985,Sand,87.6,12.2,0.2,1.14,0.66,1.634,0.384,0.108,0.052,0.056,19.2,0.501,0.191,0.127,127.0,normal(<1),6.37,32.1,25.0,16.0,139.0,32.0,0.0,134.0,0.95
S04986,Silty clay loam,6.4,61.6,32.1,2.23,1.29,1.584,0.402,0.248,0.128,0.121,23.2,0.577,0.17,0.826,826.0,normal(<1),6.35,20.2,76.0,59.0,596.0,54.0,27.0,722.0,2.4
S04987,Sandy loam,61.2,33.8,5.0,0.92,0.53,1.582,0.403,0.158,0.053,0.105,20.6,0.51,0.197,0.72,720.0,normal(<1),6.12,28.9,59.0,60.0,245.0,24.0,23.0,291.0,0.76
S04988,Sandy clay loam,50.5,22.1,27.4,1.64,0.95,1.484,0.44,0.197,0.078,0.119,28.7,0.653,0.153,0.897,897.0,normal(<1),6.46,31.9,79.0,57.0,231.0,27.0,33.0,341.0,2.01
S04989,Sandy loam,45.8,45.1,9.1,0.91,0.53,1.579,0.404,0.187,0.076,0.111,25.7,0.636,0.147,0.291,291.0,normal(<1),6.19,30.6,21.0,48.0,332.0,33.0,9.0,436.0,0.92
S04990,Clay,26.9,23.2,50.0,3.14,1.82,1.451,0.453,0.248,0.109,0.139,30.7,0.678,0.146,0.868,868.0,normal(<1),7.1,43.2,49.0,0.0,306.0,58.0,8.0,340.0,2.97
S04991,Loamy sand,70.2,18.1,11.7,0.59,0.34,1.585,0.402,0.139,0.059,0.079,12.7,0.315,0.275,0.103,103.0,normal(<1),6.64,19.5,0.0,0.0,156.0,14.0,0.0,208.0,0.77
S04992,Sandy loam,70.7,18.3,11.1,1.87,1.09,1.612,0.392,0.159,0.061,0.097,13.2,0.337,0.26,0.851,851.0,normal(<1),6.64,27.3,44.0,50.0,189.0,58.0,23.0,183.0,1.52
S04993,Silty clay,4.7,42.1,53.2,2.56,1.48,1.345,0.493,0.263,0.156,0.107,31.9,0.647,0.174,0.279,279.0,normal(<1),5.83,27.9,25.0,3.0,416.0,60.0,17.0,570.0,2.94
S04994,Sandy loam,54.1,28.5,17.4,2.5,1.45,1.556,0.413,0.186,0.087,0.1,22.2,0.538,0.191,0.473,473.0,normal(<1),6.52,31.3,50.0,13.0,252.0,74.0,22.0,264.0,1.97
S04995,Clay loam,29.6,37.4,33.0,1.77,1.02,1.583,0.403,0.22,0.103,0.118,16.2,0.402,0.241,0.444,444.0,normal(<1),6.48,33.9,62.0,45.0,452.0,56.0,26.0,444.0,1.79
S04996,Sand,85.5,14.0,0.5,3.6,2.09,1.584,0.402,0.134,0.023,0.111,19.7,0.489,0.206,0.503,503.0,normal(<1),6.29,24.5,61.0,48.0,147.0,44.0,25.0,154.0,4.09
S04997,Clay loam,22.0,47.6,30.4,5.87,3.41,1.459,0.449,0.237,0.111,0.125,29.9,0.666,0.15,0.16,160.0,normal(<1),6.29,16.1,95.0,43.0,416.0,122.0,30.0,582.0,6.12
S04998,Loam,45.7,33.1,21.2,1.78,1.03,1.578,0.404,0.193,0.085,0.108,19.9,0.492,0.205,0.643,643.0,normal(<1),6.54,32.8,102.0,95.0,226.0,80.0,29.0,310.0,2.14
S04999,Silty clay loam,15.4,49.0,35.6,1.89,1.1,1.488,0.438,0.245,0.116,0.129,22.8,0.52,0.21,1.224,1224.0,germination-critical(1-2),6.7,28.6,98.0,30.0,416.0,39.0,17.0,551.0,2.02
