dataset,dataset_sample_id,garden_id,device_id,crop,soil_type,ts_iso,depth_cm,temp_c,moist_pct,ec_uS_cm,ph,n_mgkg,p_mgkg,k_mgkg,soc_pct_lab,som_pct_lab,om_estimate_pct,om_confidence,ec_delta_24h,moist_delta_6h,qc_flags,notes
synthetic_prototype,SYN_00000,garden-b,dev-002,rice,sandy,2025-12-01T00:00:00+07:00,10,28.82,43.75,843,5.18,85,38,113,0.67,1.156,1.381,0.812,,,,Synthetic data for pipeline/rules testing only (NOT real soil science).
synthetic_prototype,SYN_00001,garden-c,dev-003,chili,sandy,2025-12-01T00:30:00+07:00,10,28.12,19.55,1037,5.53,150,51,148,1.438,2.479,3.278,0.799,,,,Synthetic data for pipeline/rules testing only (NOT real soil science).
synthetic_prototype,SYN_00002,garden-c,dev-004,rice,clay,2025-12-01T01:00:00+07:00,10,20.14,45.01,1078,6.93,90,53,130,1.46,2.518,2.576,0.815,,,,Synthetic data for pipeline/rules testing only (NOT real soil science).
synthetic_prototype,SYN_00003,garden-a,dev-004,default,sandy,2025-12-01T01:30:00+07:00,10,27.25,33.19,701,6.83,98,52,93,0.829,1.428,1.198,0.782,,,,Synthetic data for pipeline/rules testing only (NOT real soil science).
synthetic_prototype,SYN_00004,garden-b,dev-003,rice,sandy,2025-12-01T02:00:00+07:00,10,32.28,37.68,616,6.17,74,29,120,0.417,0.719,0.999,0.855,,,,Synthetic data for pipeline/rules testing only (NOT real soil science).
synthetic_prototype,SYN_00005,garden-c,dev-004,tomato,loam,2025-12-01T02:30:00+07:00,10,22.73,43.52,898,6.52,127,48,167,1.328,2.29,2.69,0.77,,,,Synthetic data for pipeline/rules testing only (NOT real soil science).
synthetic_prototype,SYN_00006,garden-c,dev-004,default,clay,2025-12-01T03:00:00+07:00,10,28.78,38.02,1632,6.94,149,94,206,3.085,5.319,5.971,0.828,,,,Synthetic data for pipeline/rules testing only (NOT real soil science).
synthetic_prototype,SYN_00007,garden-a,dev-001,tomato,clay,2025-12-01T03:30:00+07:00,10,26.45,22.46,1181,7.25,143,40,176,2.082,3.589,3.872,0.769,,,,Synthetic data for pipeline/rules testing only (NOT real soil science).
synthetic_prototype,SYN_00008,garden-a,dev-003,chili,sandy,2025-12-01T04:00:00+07:00,10,29.95,10.63,1070,6.95,93,64,116,1.319,2.275,2.03,0.748,,,,Synthetic data for pipeline/rules testing only (NOT real soil science).
synthetic_prototype,SYN_00009,garden-b,dev-002,chili,clay,2025-12-01T04:30:00+07:00,10,33.75,44.62,1767,6.32,173,81,176,2.529,4.36,3.688,0.809,,,,Synthetic data for pipeline/rules testing only (NOT real soil science).
synthetic_prototype,SYN_00010,garden-b,dev-002,default,clay,2025-12-01T05:00:00+07:00,10,32.54,27.3,801,5.52,126,37,176,1.731,2.984,2.631,0.782,,,,Synthetic data for pipeline/rules testing only (NOT real soil science).
synthetic_prototype,SYN_00011,garden-c,dev-002,default,sandy,2025-12-01T05:30:00+07:00,10,27.69,21.49,714,6.2,92,37,146,1.112,1.918,1.818,0.793,,,,Synthetic data for pipeline/rules testing only (NOT real soil science).
synthetic_prototype,SYN_00012,garden-c,dev-004,chili,loam,2025-12-01T06:00:00+07:00,10,28.15,42.9,942,6.55,126,55,127,1.598,2.754,2.346,0.757,,,,Synthetic data for pipeline/rules testing only (NOT real soil science).
synthetic_prototype,SYN_00013,garden-a,dev-002,default,loam,2025-12-01T06:30:00+07:00,10,29.33,41.57,906,6.69,132,75,167,2.138,3.686,3.825,0.782,,,,Synthetic data for pipeline/rules testing only (NOT real soil science).
synthetic_prototype,SYN_00014,garden-a,dev-001,rice,loam,2025-12-01T07:00:00+07:00,10,33.22,31.46,1427,6.9,148,79,168,2.259,3.895,4.017,0.799,,,,Synthetic data for pipeline/rules testing only (NOT real soil science).
synthetic_prototype,SYN_00015,garden-c,dev-004,chili,clay,2025-12-01T07:30:00+07:00,10,29.42,44.74,1713,6.25,169,78,184,3.252,5.607,5.795,0.791,,,,Synthetic data for pipeline/rules testing only (NOT real soil science).
synthetic_prototype,SYN_00016,garden-a,dev-001,tomato,sandy,2025-12-01T08:00:00+07:00,10,24.28,15.25,707,6.7,82,32,92,1.185,2.042,1.481,0.76,,,,Synthetic data for pipeline/rules testing only (NOT real soil science).
synthetic_prototype,SYN_00017,garden-a,dev-003,chili,clay,2025-12-01T08:30:00+07:00,10,28.21,46.18,1193,5.95,117,27,180,1.88,3.241,3.44,0.792,,,,Synthetic data for pipeline/rules testing only (NOT real soil science).
synthetic_prototype,SYN_00018,garden-b,dev-001,default,sandy,2025-12-01T09:00:00+07:00,10,30.09,16.71,811,7.35,82,66,126,1.702,2.934,3.837,0.748,,,,Synthetic data for pipeline/rules testing only (NOT real soil science).
synthetic_prototype,SYN_00019,garden-a,dev-003,default,loam,2025-12-01T09:30:00+07:00,10,29.07,33.16,651,6.24,75,48,156,1.332,2.296,2.247,0.826,,,,Synthetic data for pipeline/rules testing only (NOT real soil science).
synthetic_prototype,SYN_00020,garden-a,dev-004,tomato,clay,2025-12-01T10:00:00+07:00,10,28.43,32.84,1222,6.67,127,49,172,1.989,3.428,3.197,0.82,,,,Synthetic data for pipeline/rules testing only (NOT real soil science).
synthetic_prototype,SYN_00021,garden-a,dev-001,tomato,loam,2025-12-01T10:30:00+07:00,10,30.01,18.61,901,6.65,161,64,84,2.073,3.574,3.848,0.751,,,,Synthetic data for pipeline/rules testing only (NOT real soil science).
synthetic_prototype,SYN_00022,garden-c,dev-004,default,sandy,2025-12-01T11:00:00+07:00,10,32.92,19.82,1037,6.2,141,58,166,1.503,2.591,3.081,0.835,,,,Synthetic data for pipeline/rules testing only (NOT real soil science).
synthetic_prototype,SYN_00023,garden-c,dev-002,rice,loam,2025-12-01T11:30:00+07:00,10,27.44,64.08,1833,6.98,151,81,253,2.955,5.094,5.11,0.745,,,,Synthetic data for pipeline/rules testing only (NOT real soil science).
synthetic_prototype,SYN_00024,garden-a,dev-003,default,loam,2025-12-01T12:00:00+07:00,10,25.87,39.6,857,5.36,103,53,109,1.282,2.209,0.974,0.744,,,,Synthetic data for pipeline/rules testing only (NOT real soil science).
synthetic_prototype,SYN_00025,garden-b,dev-003,default,loam,2025-12-01T12:30:00+07:00,10,20.04,41.21,1483,7.25,167,69,200,2.971,5.123,5.4,0.78,,,,Synthetic data for pipeline/rules testing only (NOT real soil science).
synthetic_prototype,SYN_00026,garden-a,dev-003,tomato,loam,2025-12-01T13:00:00+07:00,10,21.36,40.2,1323,6.0,141,84,152,2.711,4.673,4.444,0.796,,,,Synthetic data for pipeline/rules testing only (NOT real soil science).
synthetic_prototype,SYN_00027,garden-a,dev-004,rice,loam,2025-12-01T13:30:00+07:00,10,26.51,35.29,1140,5.93,107,64,200,1.851,3.191,2.841,0.805,,,,Synthetic data for pipeline/rules testing only (NOT real soil science).
synthetic_prototype,SYN_00028,garden-c,dev-004,chili,loam,2025-12-01T14:00:00+07:00,10,30.06,3.43,658,5.52,82,70,164,1.766,3.045,3.084,0.721,,,,Synthetic data for pipeline/rules testing only (NOT real soil science).
synthetic_prototype,SYN_00029,garden-a,dev-002,rice,sandy,2025-12-01T14:30:00+07:00,10,32.1,37.75,880,5.73,79,43,135,1.227,2.115,1.716,0.738,,,,Synthetic data for pipeline/rules testing only (NOT real soil science).
synthetic_prototype,SYN_00030,garden-b,dev-002,tomato,clay,2025-12-01T15:00:00+07:00,10,31.39,62.99,1408,6.38,171,49,179,1.945,3.353,2.588,0.682,,,,Synthetic data for pipeline/rules testing only (NOT real soil science).
synthetic_prototype,SYN_00031,garden-b,dev-004,chili,clay,2025-12-01T15:30:00+07:00,10,29.83,22.52,1520,5.8,185,74,154,3.274,5.645,4.913,0.799,,,,Synthetic data for pipeline/rules testing only (NOT real soil science).
synthetic_prototype,SYN_00032,garden-b,dev-002,default,sandy,2025-12-01T16:00:00+07:00,10,27.64,28.96,685,6.32,114,38,99,0.884,1.524,1.018,0.802,,,,Synthetic data for pipeline/rules testing only (NOT real soil science).
synthetic_prototype,SYN_00033,garden-b,dev-004,chili,sandy,2025-12-01T16:30:00+07:00,10,31.28,18.69,563,5.29,79,26,142,0.815,1.405,2.121,0.674,,,,Synthetic data for pipeline/rules testing only (NOT real soil science).
synthetic_prototype,SYN_00034,garden-c,dev-002,chili,loam,2025-12-01T17:00:00+07:00,10,25.61,32.28,852,6.45,65,58,66,1.168,2.014,2.618,0.798,,,,Synthetic data for pipeline/rules testing only (NOT real soil science).
synthetic_prototype,SYN_00035,garden-c,dev-001,tomato,loam,2025-12-01T17:30:00+07:00,10,30.74,35.33,1218,6.12,150,57,166,2.152,3.709,4.009,0.812,,,,Synthetic data for pipeline/rules testing only (NOT real soil science).
synthetic_prototype,SYN_00036,garden-a,dev-004,tomato,loam,2025-12-01T18:00:00+07:00,10,31.71,31.51,1154,6.4,111,59,120,2.502,4.314,4.635,0.812,,,,Synthetic data for pipeline/rules testing only (NOT real soil science).
synthetic_prototype,SYN_00037,garden-a,dev-004,default,sandy,2025-12-01T18:30:00+07:00,10,26.13,12.98,668,7.31,82,31,85,1.322,2.279,2.952,0.763,,,,Synthetic data for pipeline/rules testing only (NOT real soil science).
synthetic_prototype,SYN_00038,garden-a,dev-003,tomato,sandy,2025-12-01T19:00:00+07:00,10,22.18,13.99,300,7.41,82,28,60,0.279,0.481,0.353,0.682,,,,Synthetic data for pipeline/rules testing only (NOT real soil science).
synthetic_prototype,SYN_00039,garden-c,dev-001,rice,clay,2025-12-01T19:30:00+07:00,10,26.18,57.81,1181,7.04,107,71,135,1.542,2.658,3.036,0.716,,,,Synthetic data for pipeline/rules testing only (NOT real soil science).
synthetic_prototype,SYN_00040,garden-c,dev-003,chili,loam,2025-12-01T20:00:00+07:00,10,22.97,18.31,782,5.74,105,55,203,1.976,3.407,3.31,0.782,,,,Synthetic data for pipeline/rules testing only (NOT real soil science).
synthetic_prototype,SYN_00041,garden-c,dev-004,rice,loam,2025-12-01T20:30:00+07:00,10,26.19,51.55,1024,6.85,136,63,111,1.491,2.57,2.245,0.766,,,,Synthetic data for pipeline/rules testing only (NOT real soil science).
synthetic_prototype,SYN_00042,garden-c,dev-002,default,loam,2025-12-01T21:00:00+07:00,10,26.42,16.58,534,6.46,80,30,73,0.623,1.074,0.604,0.72,,,,Synthetic data for pipeline/rules testing only (NOT real soil science).
synthetic_prototype,SYN_00043,garden-c,dev-003,chili,loam,2025-12-01T21:30:00+07:00,10,26.03,41.04,925,6.81,141,68,121,1.681,2.897,3.189,0.84,,,,Synthetic data for pipeline/rules testing only (NOT real soil science).
synthetic_prototype,SYN_00044,garden-c,dev-003,default,loam,2025-12-01T22:00:00+07:00,10,33.63,27.69,919,6.94,140,56,141,1.667,2.875,3.263,0.797,,,,Synthetic data for pipeline/rules testing only (NOT real soil science).
synthetic_prototype,SYN_00045,garden-b,dev-001,tomato,loam,2025-12-01T22:30:00+07:00,10,30.73,20.63,728,6.52,97,54,103,1.12,1.931,2.146,0.733,,,,Synthetic data for pipeline/rules testing only (NOT real soil science).
synthetic_prototype,SYN_00046,garden-a,dev-002,default,loam,2025-12-01T23:00:00+07:00,10,30.28,40.37,1101,8.21,125,37,101,1.118,1.928,2.021,0.829,,,,Synthetic data for pipeline/rules testing only (NOT real soil science).
synthetic_prototype,SYN_00047,garden-c,dev-004,chili,loam,2025-12-01T23:30:00+07:00,10,26.57,47.57,874,5.77,105,41,106,0.974,1.679,1.769,0.778,,,,Synthetic data for pipeline/rules testing only (NOT real soil science).
synthetic_prototype,SYN_00048,garden-c,dev-004,default,loam,2025-12-02T00:00:00+07:00,10,27.44,37.01,718,5.5,111,64,99,1.566,2.7,2.195,0.756,,,,Synthetic data for pipeline/rules testing only (NOT real soil science).
synthetic_prototype,SYN_00049,garden-c,dev-002,tomato,loam,2025-12-02T00:30:00+07:00,10,24.07,12.5,955,6.2,135,58,103,1.98,3.414,3.352,0.762,,,,Synthetic data for pipeline/rules testing only (NOT real soil science).
synthetic_prototype,SYN_00050,garden-b,dev-004,rice,loam,2025-12-02T01:00:00+07:00,10,24.26,49.18,1529,5.49,186,87,153,2.727,4.701,5.589,0.802,,,,Synthetic data for pipeline/rules testing only (NOT real soil science).
synthetic_prototype,SYN_00051,garden-a,dev-004,rice,loam,2025-12-02T01:30:00+07:00,10,24.78,41.07,1137,8.52,107,48,156,1.439,2.481,2.719,0.801,,,,Synthetic data for pipeline/rules testing only (NOT real soil science).
synthetic_prototype,SYN_00052,garden-c,dev-004,chili,loam,2025-12-02T02:00:00+07:00,10,29.47,16.59,892,6.55,96,19,118,1.275,2.199,1.86,0.726,,,,Synthetic data for pipeline/rules testing only (NOT real soil science).
synthetic_prototype,SYN_00053,garden-b,dev-004,chili,sandy,2025-12-02T02:30:00+07:00,10,24.43,16.7,422,7.13,99,59,160,1.35,2.327,2.057,0.71,,,,Synthetic data for pipeline/rules testing only (NOT real soil science).
synthetic_prototype,SYN_00054,garden-c,dev-004,default,loam,2025-12-02T03:00:00+07:00,10,35.8,47.23,1786,6.05,184,65,193,2.518,4.34,3.91,0.79,,,,Synthetic data for pipeline/rules testing only (NOT real soil science).
synthetic_prototype,SYN_00055,garden-a,dev-004,rice,clay,2025-12-02T03:30:00+07:00,10,25.2,49.06,1576,6.2,201,63,227,3.057,5.271,4.292,0.797,,,,Synthetic data for pipeline/rules testing only (NOT real soil science).
synthetic_prototype,SYN_00056,garden-c,dev-004,default,sandy,2025-12-02T04:00:00+07:00,10,30.16,15.48,503,6.45,54,52,72,0.693,1.195,1.543,0.729,,,,Synthetic data for pipeline/rules testing only (NOT real soil science).
synthetic_prototype,SYN_00057,garden-b,dev-001,chili,clay,2025-12-02T04:30:00+07:00,10,26.59,53.24,1686,6.1,137,98,257,2.885,4.974,5.946,0.836,,,,Synthetic data for pipeline/rules testing only (NOT real soil science).
synthetic_prototype,SYN_00058,garden-b,dev-001,default,sandy,2025-12-02T05:00:00+07:00,10,24.73,20.56,553,5.79,75,13,121,1.068,1.841,1.453,0.782,,,,Synthetic data for pipeline/rules testing only (NOT real soil science).
synthetic_prototype,SYN_00059,garden-c,dev-004,rice,clay,2025-12-02T05:30:00+07:00,10,32.04,44.62,1644,5.96,195,81,213,2.918,5.031,6.273,0.852,,,,Synthetic data for pipeline/rules testing only (NOT real soil science).
synthetic_prototype,SYN_00060,garden-a,dev-004,rice,loam,2025-12-02T06:00:00+07:00,10,29.27,45.86,1301,6.38,149,58,191,2.462,4.245,4.381,0.821,,,,Synthetic data for pipeline/rules testing only (NOT real soil science).
synthetic_prototype,SYN_00061,garden-c,dev-002,rice,loam,2025-12-02T06:30:00+07:00,10,24.03,42.79,1307,7.28,117,62,196,1.967,3.391,4.502,0.84,,,,Synthetic data for pipeline/rules testing only (NOT real soil science).
synthetic_prototype,SYN_00062,garden-b,dev-003,tomato,sandy,2025-12-02T07:00:00+07:00,10,25.55,23.82,1212,6.4,145,60,178,2.183,3.763,3.73,0.792,,,,Synthetic data for pipeline/rules testing only (NOT real soil science).
synthetic_prototype,SYN_00063,garden-a,dev-001,rice,loam,2025-12-02T07:30:00+07:00,10,32.2,36.95,1472,5.09,138,79,200,2.604,4.489,4.52,0.777,,,,Synthetic data for pipeline/rules testing only (NOT real soil science).
synthetic_prototype,SYN_00064,garden-a,dev-001,rice,sandy,2025-12-02T08:00:00+07:00,10,26.83,38.94,554,5.78,55,39,122,0.416,0.718,1.296,0.768,,,,Synthetic data for pipeline/rules testing only (NOT real soil science).
synthetic_prototype,SYN_00065,garden-b,dev-004,tomato,clay,2025-12-02T08:30:00+07:00,10,30.46,33.96,1544,5.61,171,85,171,3.211,5.535,5.183,0.795,,,,Synthetic data for pipeline/rules testing only (NOT real soil science).
synthetic_prototype,SYN_00066,garden-c,dev-003,chili,clay,2025-12-02T09:00:00+07:00,10,30.53,41.15,1283,6.71,119,56,191,2.166,3.735,3.202,0.849,,,,Synthetic data for pipeline/rules testing only (NOT real soil science).
synthetic_prototype,SYN_00067,garden-c,dev-003,chili,loam,2025-12-02T09:30:00+07:00,10,29.83,30.5,1456,6.83,182,96,241,3.052,5.262,5.058,0.863,,,,Synthetic data for pipeline/rules testing only (NOT real soil science).
synthetic_prototype,SYN_00068,garden-a,dev-004,default,clay,2025-12-02T10:00:00+07:00,10,23.72,41.13,925,4.95,139,65,168,2.12,3.654,4.122,0.802,,,,Synthetic data for pipeline/rules testing only (NOT real soil science).
synthetic_prototype,SYN_00069,garden-a,dev-003,chili,clay,2025-12-02T10:30:00+07:00,10,28.66,53.55,1152,6.97,165,63,148,2.271,3.916,3.7,0.847,,,,Synthetic data for pipeline/rules testing only (NOT real soil science).
synthetic_prototype,SYN_00070,garden-a,dev-002,tomato,clay,2025-12-02T11:00:00+07:00,10,25.45,23.42,1618,6.54,192,88,199,3.619,6.239,6.274,0.787,,,,Synthetic data for pipeline/rules testing only (NOT real soil science).
synthetic_prototype,SYN_00071,garden-b,dev-002,default,clay,2025-12-02T11:30:00+07:00,10,28.97,20.32,1164,8.1,120,62,136,1.806,3.113,3.294,0.758,,,,Synthetic data for pipeline/rules testing only (NOT real soil science).
synthetic_prototype,SYN_00072,garden-c,dev-003,chili,clay,2025-12-02T12:00:00+07:00,10,30.34,33.07,1629,6.85,170,73,220,2.798,4.823,4.464,0.839,,,,Synthetic data for pipeline/rules testing only (NOT real soil science).
synthetic_prototype,SYN_00073,garden-c,dev-003,rice,loam,2025-12-02T12:30:00+07:00,10,20.53,48.74,1000,6.7,140,70,160,2.594,4.471,4.328,0.77,,,,Synthetic data for pipeline/rules testing only (NOT real soil science).
synthetic_prototype,SYN_00074,garden-c,dev-003,default,loam,2025-12-02T13:00:00+07:00,10,25.03,39.18,706,7.08,118,60,152,1.626,2.804,3.245,0.758,,,,Synthetic data for pipeline/rules testing only (NOT real soil science).
synthetic_prototype,SYN_00075,garden-a,dev-004,tomato,loam,2025-12-02T13:30:00+07:00,10,26.25,39.32,757,6.54,117,45,137,1.587,2.737,2.898,0.787,,,,Synthetic data for pipeline/rules testing only (NOT real soil science).
synthetic_prototype,SYN_00076,garden-a,dev-003,rice,sandy,2025-12-02T14:00:00+07:00,10,29.45,23.86,354,5.76,89,29,27,0.586,1.011,0.788,0.663,,,,Synthetic data for pipeline/rules testing only (NOT real soil science).
synthetic_prototype,SYN_00077,garden-c,dev-002,rice,loam,2025-12-02T14:30:00+07:00,10,29.94,53.04,1383,5.7,153,58,184,2.227,3.839,3.918,0.739,,,,Synthetic data for pipeline/rules testing only (NOT real soil science).
synthetic_prototype,SYN_00078,garden-c,dev-003,rice,loam,2025-12-02T15:00:00+07:00,10,30.36,42.96,1390,4.84,156,82,184,1.978,3.411,3.635,0.801,,,,Synthetic data for pipeline/rules testing only (NOT real soil science).
synthetic_prototype,SYN_00079,garden-b,dev-003,chili,loam,2025-12-02T15:30:00+07:00,10,29.42,38.18,920,7.68,89,47,116,1.109,1.912,2.38,0.81,,,,Synthetic data for pipeline/rules testing only (NOT real soil science).
synthetic_prototype,SYN_00080,garden-b,dev-003,chili,loam,2025-12-02T16:00:00+07:00,10,28.77,43.49,910,6.64,97,51,154,1.666,2.872,3.038,0.787,,,,Synthetic data for pipeline/rules testing only (NOT real soil science).
synthetic_prototype,SYN_00081,garden-a,dev-003,default,clay,2025-12-02T16:30:00+07:00,10,27.63,41.88,1095,6.41,125,55,176,1.342,2.314,2.082,0.78,,,,Synthetic data for pipeline/rules testing only (NOT real soil science).
synthetic_prototype,SYN_00082,garden-b,dev-001,chili,loam,2025-12-02T17:00:00+07:00,10,26.83,30.05,819,6.99,92,29,172,1.572,2.709,3.272,0.854,,,,Synthetic data for pipeline/rules testing only (NOT real soil science).
synthetic_prototype,SYN_00083,garden-b,dev-001,chili,loam,2025-12-02T17:30:00+07:00,10,26.69,27.62,957,6.64,76,52,180,1.209,2.084,2.709,0.814,,,,Synthetic data for pipeline/rules testing only (NOT real soil science).
synthetic_prototype,SYN_00084,garden-b,dev-003,chili,sandy,2025-12-02T18:00:00+07:00,10,27.21,3.82,663,6.0,120,45,72,1.312,2.263,2.63,0.748,,,,Synthetic data for pipeline/rules testing only (NOT real soil science).
synthetic_prototype,SYN_00085,garden-c,dev-004,chili,clay,2025-12-02T18:30:00+07:00,10,25.4,11.71,562,5.02,72,24,113,0.72,1.241,0.662,0.67,,,,Synthetic data for pipeline/rules testing only (NOT real soil science).
synthetic_prototype,SYN_00086,garden-a,dev-003,chili,loam,2025-12-02T19:00:00+07:00,10,27.19,32.11,974,6.76,106,44,118,1.467,2.53,1.446,0.771,,,,Synthetic data for pipeline/rules testing only (NOT real soil science).
synthetic_prototype,SYN_00087,garden-c,dev-002,rice,sandy,2025-12-02T19:30:00+07:00,10,26.52,39.22,720,6.72,121,39,117,1.269,2.188,2.195,0.82,,,,Synthetic data for pipeline/rules testing only (NOT real soil science).
synthetic_prototype,SYN_00088,garden-a,dev-003,chili,loam,2025-12-02T20:00:00+07:00,10,26.29,36.82,938,6.7,74,54,135,1.325,2.284,2.107,0.787,,,,Synthetic data for pipeline/rules testing only (NOT real soil science).
synthetic_prototype,SYN_00089,garden-c,dev-002,rice,loam,2025-12-02T20:30:00+07:00,10,26.02,59.13,1239,6.88,153,75,151,2.263,3.902,3.254,0.795,,,,Synthetic data for pipeline/rules testing only (NOT real soil science).
synthetic_prototype,SYN_00090,garden-c,dev-001,rice,loam,2025-12-02T21:00:00+07:00,10,26.09,31.47,1060,6.64,101,54,154,1.429,2.464,3.323,0.839,,,,Synthetic data for pipeline/rules testing only (NOT real soil science).
synthetic_prototype,SYN_00091,garden-c,dev-001,default,clay,2025-12-02T21:30:00+07:00,10,24.78,15.12,752,5.85,109,42,82,1.397,2.408,3.046,0.712,,,,Synthetic data for pipeline/rules testing only (NOT real soil science).
synthetic_prototype,SYN_00092,garden-c,dev-002,default,loam,2025-12-02T22:00:00+07:00,10,32.05,27.39,1080,5.35,136,76,135,1.874,3.232,3.504,0.779,,,,Synthetic data for pipeline/rules testing only (NOT real soil science).
synthetic_prototype,SYN_00093,garden-b,dev-004,rice,loam,2025-12-02T22:30:00+07:00,10,28.63,22.4,410,6.19,57,48,111,1.131,1.95,1.193,0.794,,,,Synthetic data for pipeline/rules testing only (NOT real soil science).
synthetic_prototype,SYN_00094,garden-a,dev-003,rice,loam,2025-12-02T23:00:00+07:00,10,29.53,49.28,1207,6.37,84,69,93,1.063,1.832,1.391,0.804,,,,Synthetic data for pipeline/rules testing only (NOT real soil science).
synthetic_prototype,SYN_00095,garden-a,dev-003,chili,loam,2025-12-02T23:30:00+07:00,10,28.42,37.0,1473,6.95,160,87,164,2.752,4.744,5.175,0.794,,,,Synthetic data for pipeline/rules testing only (NOT real soil science).
synthetic_prototype,SYN_00096,garden-a,dev-001,chili,loam,2025-12-03T00:00:00+07:00,10,27.79,49.25,914,6.11,98,42,128,0.787,1.356,0.584,0.794,,,,Synthetic data for pipeline/rules testing only (NOT real soil science).
synthetic_prototype,SYN_00097,garden-b,dev-001,chili,sandy,2025-12-03T00:30:00+07:00,10,25.35,9.3,380,5.91,100,41,139,1.075,1.853,1.415,0.696,,,,Synthetic data for pipeline/rules testing only (NOT real soil science).
synthetic_prototype,SYN_00098,garden-c,dev-001,tomato,loam,2025-12-03T01:00:00+07:00,10,25.39,37.16,578,5.13,76,36,72,0.566,0.976,0.904,0.733,,,,Synthetic data for pipeline/rules testing only (NOT real soil science).
synthetic_prototype,SYN_00099,garden-b,dev-002,rice,loam,2025-12-03T01:30:00+07:00,10,31.62,49.25,1230,5.99,103,65,146,2.024,3.489,3.582,0.753,,,,Synthetic data for pipeline/rules testing only (NOT real soil science).
synthetic_prototype,SYN_00100,garden-a,dev-001,default,sandy,2025-12-03T02:00:00+07:00,10,26.96,28.32,403,7.06,63,23,67,0.39,0.672,0.768,0.751,,,,Synthetic data for pipeline/rules testing only (NOT real soil science).
synthetic_prototype,SYN_00101,garden-b,dev-004,rice,sandy,2025-12-03T02:30:00+07:00,10,31.8,31.29,574,5.98,98,28,109,1.567,2.702,2.674,0.766,,,,Synthetic data for pipeline/rules testing only (NOT real soil science).
synthetic_prototype,SYN_00102,garden-c,dev-003,rice,clay,2025-12-03T03:00:00+07:00,10,27.47,54.45,1179,5.88,106,80,167,1.835,3.164,2.079,0.851,,,,Synthetic data for pipeline/rules testing only (NOT real soil science).
synthetic_prototype,SYN_00103,garden-a,dev-001,default,clay,2025-12-03T03:30:00+07:00,10,26.54,25.22,620,6.32,85,46,69,0.857,1.477,1.246,0.772,,,,Synthetic data for pipeline/rules testing only (NOT real soil science).
synthetic_prototype,SYN_00104,garden-b,dev-004,default,loam,2025-12-03T04:00:00+07:00,10,28.73,29.2,1067,6.94,147,69,160,2.29,3.948,3.655,0.822,,,,Synthetic data for pipeline/rules testing only (NOT real soil science).
synthetic_prototype,SYN_00105,garden-a,dev-002,default,clay,2025-12-03T04:30:00+07:00,10,25.03,36.07,951,6.22,132,62,135,1.618,2.79,3.291,0.794,,,,Synthetic data for pipeline/rules testing only (NOT real soil science).
synthetic_prototype,SYN_00106,garden-b,dev-002,default,clay,2025-12-03T05:00:00+07:00,10,30.62,28.26,1669,6.88,160,86,208,3.251,5.605,4.52,0.799,,,,Synthetic data for pipeline/rules testing only (NOT real soil science).
synthetic_prototype,SYN_00107,garden-c,dev-002,tomato,loam,2025-12-03T05:30:00+07:00,10,28.97,18.52,1276,6.68,162,80,168,2.193,3.781,3.151,0.825,,,,Synthetic data for pipeline/rules testing only (NOT real soil science).
synthetic_prototype,SYN_00108,garden-a,dev-001,chili,loam,2025-12-03T06:00:00+07:00,10,23.68,67.69,1291,5.68,115,75,146,1.691,2.915,2.176,0.745,,,,Synthetic data for pipeline/rules testing only (NOT real soil science).
synthetic_prototype,SYN_00109,garden-c,dev-002,default,clay,2025-12-03T06:30:00+07:00,10,28.18,29.73,653,6.38,53,33,119,0.57,0.982,1.298,0.774,,,,Synthetic data for pipeline/rules testing only (NOT real soil science).
synthetic_prototype,SYN_00110,garden-b,dev-001,tomato,loam,2025-12-03T07:00:00+07:00,10,27.98,44.2,961,6.3,131,46,134,1.514,2.611,2.88,0.782,,,,Synthetic data for pipeline/rules testing only (NOT real soil science).
synthetic_prototype,SYN_00111,garden-c,dev-003,rice,loam,2025-12-03T07:30:00+07:00,10,30.12,27.69,837,6.29,102,56,104,1.932,3.331,2.96,0.759,,,,Synthetic data for pipeline/rules testing only (NOT real soil science).
synthetic_prototype,SYN_00112,garden-b,dev-004,rice,sandy,2025-12-03T08:00:00+07:00,10,28.18,51.4,611,6.55,87,32,116,0.683,1.178,1.45,0.727,,,,Synthetic data for pipeline/rules testing only (NOT real soil science).
synthetic_prototype,SYN_00113,garden-b,dev-002,tomato,loam,2025-12-03T08:30:00+07:00,10,28.24,18.0,1225,6.68,150,69,168,2.263,3.901,4.863,0.761,,,,Synthetic data for pipeline/rules testing only (NOT real soil science).
synthetic_prototype,SYN_00114,garden-a,dev-003,chili,clay,2025-12-03T09:00:00+07:00,10,32.38,33.21,953,6.73,139,58,149,2.381,4.104,3.673,0.83,,,,Synthetic data for pipeline/rules testing only (NOT real soil science).
synthetic_prototype,SYN_00115,garden-a,dev-001,default,loam,2025-12-03T09:30:00+07:00,10,27.21,43.23,1357,5.65,146,76,180,2.429,4.188,4.143,0.837,,,,Synthetic data for pipeline/rules testing only (NOT real soil science).
synthetic_prototype,SYN_00116,garden-a,dev-002,chili,sandy,2025-12-03T10:00:00+07:00,10,26.39,27.52,680,6.83,54,33,96,0.728,1.256,1.64,0.792,,,,Synthetic data for pipeline/rules testing only (NOT real soil science).
synthetic_prototype,SYN_00117,garden-b,dev-002,tomato,loam,2025-12-03T10:30:00+07:00,10,29.13,41.32,1176,6.4,131,47,153,1.644,2.835,2.354,0.788,,,,Synthetic data for pipeline/rules testing only (NOT real soil science).
synthetic_prototype,SYN_00118,garden-a,dev-004,default,loam,2025-12-03T11:00:00+07:00,10,32.91,29.03,1117,6.92,95,55,120,1.664,2.869,3.064,0.779,,,,Synthetic data for pipeline/rules testing only (NOT real soil science).
synthetic_prototype,SYN_00119,garden-c,dev-003,rice,clay,2025-12-03T11:30:00+07:00,10,29.4,30.28,1223,6.45,98,51,135,2.133,3.677,3.406,0.81,,,,Synthetic data for pipeline/rules testing only (NOT real soil science).
synthetic_prototype,SYN_00120,garden-b,dev-002,rice,loam,2025-12-03T12:00:00+07:00,10,28.97,33.2,545,5.91,89,40,136,0.886,1.527,1.115,0.76,,,,Synthetic data for pipeline/rules testing only (NOT real soil science).
synthetic_prototype,SYN_00121,garden-c,dev-002,rice,loam,2025-12-03T12:30:00+07:00,10,24.18,40.27,1168,6.57,150,56,151,2.65,4.569,5.087,0.78,,,,Synthetic data for pipeline/rules testing only (NOT real soil science).
synthetic_prototype,SYN_00122,garden-b,dev-002,rice,sandy,2025-12-03T13:00:00+07:00,10,30.34,38.11,653,7.85,51,26,109,0.787,1.357,0.31,0.75,,,,Synthetic data for pipeline/rules testing only (NOT real soil science).
synthetic_prototype,SYN_00123,garden-c,dev-004,rice,sandy,2025-12-03T13:30:00+07:00,10,30.38,26.58,647,6.98,74,49,83,0.654,1.128,1.122,0.748,,,,Synthetic data for pipeline/rules testing only (NOT real soil science).
synthetic_prototype,SYN_00124,garden-c,dev-003,rice,sandy,2025-12-03T14:00:00+07:00,10,30.7,45.1,775,6.13,80,27,138,0.828,1.427,2.104,0.803,,,,Synthetic data for pipeline/rules testing only (NOT real soil science).
synthetic_prototype,SYN_00125,garden-a,dev-004,default,loam,2025-12-03T14:30:00+07:00,10,24.46,13.1,468,6.53,60,34,108,0.859,1.48,1.561,0.679,,,,Synthetic data for pipeline/rules testing only (NOT real soil science).
synthetic_prototype,SYN_00126,garden-a,dev-002,default,loam,2025-12-03T15:00:00+07:00,10,23.02,39.41,1289,6.33,101,72,205,2.029,3.499,3.794,0.805,,,,Synthetic data for pipeline/rules testing only (NOT real soil science).
synthetic_prototype,SYN_00127,garden-c,dev-001,default,sandy,2025-12-03T15:30:00+07:00,10,30.44,18.86,55,6.64,47,29,97,0.443,0.764,0.646,0.767,,,,Synthetic data for pipeline/rules testing only (NOT real soil science).
synthetic_prototype,SYN_00128,garden-c,dev-003,default,loam,2025-12-03T16:00:00+07:00,10,27.9,28.35,850,6.83,94,40,102,1.553,2.678,2.247,0.806,,,,Synthetic data for pipeline/rules testing only (NOT real soil science).
synthetic_prototype,SYN_00129,garden-a,dev-002,default,loam,2025-12-03T16:30:00+07:00,10,31.4,28.69,947,6.37,133,56,167,1.931,3.329,2.766,0.777,,,,Synthetic data for pipeline/rules testing only (NOT real soil science).
synthetic_prototype,SYN_00130,garden-a,dev-001,default,loam,2025-12-03T17:00:00+07:00,10,26.34,20.27,1477,7.17,128,76,130,2.425,4.182,3.38,0.743,,,,Synthetic data for pipeline/rules testing only (NOT real soil science).
synthetic_prototype,SYN_00131,garden-a,dev-004,chili,sandy,2025-12-03T17:30:00+07:00,10,30.85,33.39,454,6.02,77,29,77,0.734,1.265,1.278,0.828,,,,Synthetic data for pipeline/rules testing only (NOT real soil science).
synthetic_prototype,SYN_00132,garden-b,dev-003,tomato,sandy,2025-12-03T18:00:00+07:00,10,31.41,26.86,780,6.69,108,57,151,1.769,3.049,2.808,0.779,,,,Synthetic data for pipeline/rules testing only (NOT real soil science).
synthetic_prototype,SYN_00133,garden-a,dev-004,default,loam,2025-12-03T18:30:00+07:00,10,29.19,19.75,854,6.34,102,51,76,1.09,1.879,1.159,0.798,,,,Synthetic data for pipeline/rules testing only (NOT real soil science).
synthetic_prototype,SYN_00134,garden-a,dev-004,rice,loam,2025-12-03T19:00:00+07:00,10,27.39,41.7,1930,6.52,192,98,166,3.481,6.001,6.781,0.798,,,,Synthetic data for pipeline/rules testing only (NOT real soil science).
synthetic_prototype,SYN_00135,garden-b,dev-004,chili,clay,2025-12-03T19:30:00+07:00,10,32.46,18.52,532,7.04,83,38,125,1.331,2.294,1.725,0.729,,,,Synthetic data for pipeline/rules testing only (NOT real soil science).
synthetic_prototype,SYN_00136,garden-a,dev-001,rice,sandy,2025-12-03T20:00:00+07:00,10,31.31,32.59,693,5.6,91,49,169,1.054,1.818,1.83,0.778,,,,Synthetic data for pipeline/rules testing only (NOT real soil science).
synthetic_prototype,SYN_00137,garden-a,dev-002,rice,loam,2025-12-03T20:30:00+07:00,10,28.38,49.47,1552,6.29,138,80,206,2.775,4.784,4.902,0.794,,,,Synthetic data for pipeline/rules testing only (NOT real soil science).
synthetic_prototype,SYN_00138,garden-c,dev-003,chili,sandy,2025-12-03T21:00:00+07:00,10,23.44,19.32,898,6.0,99,42,140,1.32,2.276,1.655,0.748,,,,Synthetic data for pipeline/rules testing only (NOT real soil science).
synthetic_prototype,SYN_00139,garden-c,dev-004,rice,sandy,2025-12-03T21:30:00+07:00,10,27.13,32.96,567,7.08,57,33,119,0.741,1.278,0.932,0.777,,,,Synthetic data for pipeline/rules testing only (NOT real soil science).
synthetic_prototype,SYN_00140,garden-a,dev-004,default,clay,2025-12-03T22:00:00+07:00,10,31.32,28.13,1664,6.25,184,91,240,3.22,5.551,6.463,0.79,,,,Synthetic data for pipeline/rules testing only (NOT real soil science).
synthetic_prototype,SYN_00141,garden-a,dev-001,default,loam,2025-12-03T22:30:00+07:00,10,27.48,44.87,849,5.66,116,39,77,0.726,1.252,0.267,0.781,,,,Synthetic data for pipeline/rules testing only (NOT real soil science).
synthetic_prototype,SYN_00142,garden-a,dev-002,default,clay,2025-12-03T23:00:00+07:00,10,35.08,24.19,1965,7.99,219,104,225,4.572,7.883,8.481,0.755,,,,Synthetic data for pipeline/rules testing only (NOT real soil science).
synthetic_prototype,SYN_00143,garden-c,dev-003,rice,loam,2025-12-03T23:30:00+07:00,10,26.98,54.84,1477,6.01,130,76,201,2.434,4.196,5.2,0.801,,,,Synthetic data for pipeline/rules testing only (NOT real soil science).
synthetic_prototype,SYN_00144,garden-c,dev-004,rice,sandy,2025-12-04T00:00:00+07:00,10,27.44,37.53,1017,7.15,96,51,98,1.245,2.146,2.01,0.758,,,,Synthetic data for pipeline/rules testing only (NOT real soil science).
synthetic_prototype,SYN_00145,garden-b,dev-002,chili,loam,2025-12-04T00:30:00+07:00,10,30.41,44.59,1630,7.55,146,79,174,2.444,4.214,4.283,0.794,,,,Synthetic data for pipeline/rules testing only (NOT real soil science).
synthetic_prototype,SYN_00146,garden-c,dev-002,default,sandy,2025-12-04T01:00:00+07:00,10,29.56,23.9,1016,7.05,114,71,106,1.273,2.194,2.146,0.778,,,,Synthetic data for pipeline/rules testing only (NOT real soil science).
synthetic_prototype,SYN_00147,garden-a,dev-003,chili,loam,2025-12-04T01:30:00+07:00,10,25.6,27.48,680,6.39,76,49,89,0.779,1.344,1.382,0.819,,,,Synthetic data for pipeline/rules testing only (NOT real soil science).
synthetic_prototype,SYN_00148,garden-b,dev-001,default,loam,2025-12-04T02:00:00+07:00,10,25.86,37.31,478,5.67,89,35,51,0.174,0.3,0.803,0.734,,,,Synthetic data for pipeline/rules testing only (NOT real soil science).
synthetic_prototype,SYN_00149,garden-c,dev-004,default,loam,2025-12-04T02:30:00+07:00,10,28.39,30.48,903,7.02,139,42,120,2.245,3.87,4.371,0.816,,,,Synthetic data for pipeline/rules testing only (NOT real soil science).
synthetic_prototype,SYN_00150,garden-c,dev-004,default,sandy,2025-12-04T03:00:00+07:00,10,27.1,40.01,532,5.95,74,46,156,0.991,1.708,2.031,0.773,,,,Synthetic data for pipeline/rules testing only (NOT real soil science).
synthetic_prototype,SYN_00151,garden-b,dev-001,default,clay,2025-12-04T03:30:00+07:00,10,26.82,50.73,693,5.92,58,26,141,0.761,1.311,1.498,0.704,,,,Synthetic data for pipeline/rules testing only (NOT real soil science).
synthetic_prototype,SYN_00152,garden-b,dev-001,default,loam,2025-12-04T04:00:00+07:00,10,29.78,34.19,1231,6.78,129,81,163,2.699,4.653,4.057,0.789,,,,Synthetic data for pipeline/rules testing only (NOT real soil science).
synthetic_prototype,SYN_00153,garden-c,dev-004,chili,sandy,2025-12-04T04:30:00+07:00,10,23.88,28.2,745,6.18,59,48,124,1.042,1.797,1.632,0.74,,,,Synthetic data for pipeline/rules testing only (NOT real soil science).
synthetic_prototype,SYN_00154,garden-a,dev-001,rice,loam,2025-12-04T05:00:00+07:00,10,30.57,39.61,802,6.56,111,47,130,1.505,2.594,2.462,0.804,,,,Synthetic data for pipeline/rules testing only (NOT real soil science).
synthetic_prototype,SYN_00155,garden-b,dev-001,chili,loam,2025-12-04T05:30:00+07:00,10,27.23,43.62,1870,7.05,174,95,233,3.146,5.425,5.72,0.816,,,,Synthetic data for pipeline/rules testing only (NOT real soil science).
synthetic_prototype,SYN_00156,garden-b,dev-003,chili,sandy,2025-12-04T06:00:00+07:00,10,24.96,23.84,642,6.61,79,48,132,1.512,2.607,2.211,0.833,,,,Synthetic data for pipeline/rules testing only (NOT real soil science).
synthetic_prototype,SYN_00157,garden-b,dev-004,default,loam,2025-12-04T06:30:00+07:00,10,25.2,45.84,1701,5.15,183,92,191,3.052,5.261,4.719,0.863,,,,Synthetic data for pipeline/rules testing only (NOT real soil science).
synthetic_prototype,SYN_00158,garden-c,dev-004,tomato,sandy,2025-12-04T07:00:00+07:00,10,33.13,19.19,700,6.83,67,47,103,0.966,1.665,1.97,0.751,,,,Synthetic data for pipeline/rules testing only (NOT real soil science).
synthetic_prototype,SYN_00159,garden-c,dev-004,rice,sandy,2025-12-04T07:30:00+07:00,10,29.93,28.77,968,5.44,78,57,153,1.451,2.501,2.496,0.806,,,,Synthetic data for pipeline/rules testing only (NOT real soil science).
synthetic_prototype,SYN_00160,garden-b,dev-004,chili,loam,2025-12-04T08:00:00+07:00,10,24.78,23.07,1867,5.84,188,84,154,3.102,5.348,4.346,0.749,,,,Synthetic data for pipeline/rules testing only (NOT real soil science).
synthetic_prototype,SYN_00161,garden-c,dev-003,default,sandy,2025-12-04T08:30:00+07:00,10,30.07,31.53,263,6.07,18,17,128,0.467,0.806,0.972,0.769,,,,Synthetic data for pipeline/rules testing only (NOT real soil science).
synthetic_prototype,SYN_00162,garden-c,dev-002,default,loam,2025-12-04T09:00:00+07:00,10,25.18,33.33,915,5.61,119,62,142,1.986,3.424,2.33,0.84,,,,Synthetic data for pipeline/rules testing only (NOT real soil science).
synthetic_prototype,SYN_00163,garden-a,dev-003,default,clay,2025-12-04T09:30:00+07:00,10,26.75,48.24,1220,7.06,143,66,138,2.454,4.23,3.941,0.84,,,,Synthetic data for pipeline/rules testing only (NOT real soil science).
synthetic_prototype,SYN_00164,garden-c,dev-001,default,clay,2025-12-04T10:00:00+07:00,10,27.21,29.55,1431,6.35,166,54,152,2.808,4.842,4.902,0.858,,,,Synthetic data for pipeline/rules testing only (NOT real soil science).
synthetic_prototype,SYN_00165,garden-b,dev-004,default,loam,2025-12-04T10:30:00+07:00,10,32.07,32.52,1006,7.16,146,66,196,2.159,3.722,3.787,0.796,,,,Synthetic data for pipeline/rules testing only (NOT real soil science).
synthetic_prototype,SYN_00166,garden-a,dev-003,default,clay,2025-12-04T11:00:00+07:00,10,26.48,47.79,1008,7.59,119,49,123,2.079,3.584,3.188,0.757,,,,Synthetic data for pipeline/rules testing only (NOT real soil science).
synthetic_prototype,SYN_00167,garden-c,dev-003,rice,loam,2025-12-04T11:30:00+07:00,10,31.5,33.85,935,5.7,117,42,160,1.573,2.711,2.247,0.79,,,,Synthetic data for pipeline/rules testing only (NOT real soil science).
synthetic_prototype,SYN_00168,garden-c,dev-002,chili,loam,2025-12-04T12:00:00+07:00,10,24.73,25.59,1262,6.8,142,73,163,2.241,3.863,4.39,0.734,,,,Synthetic data for pipeline/rules testing only (NOT real soil science).
synthetic_prototype,SYN_00169,garden-c,dev-004,chili,loam,2025-12-04T12:30:00+07:00,10,23.05,34.99,921,6.42,92,50,170,1.568,2.703,2.972,0.843,,,,Synthetic data for pipeline/rules testing only (NOT real soil science).
synthetic_prototype,SYN_00170,garden-c,dev-001,rice,clay,2025-12-04T13:00:00+07:00,10,25.87,45.24,543,5.99,41,31,122,0.232,0.4,0.339,0.713,,,,Synthetic data for pipeline/rules testing only (NOT real soil science).
synthetic_prototype,SYN_00171,garden-a,dev-004,default,clay,2025-12-04T13:30:00+07:00,10,27.52,59.81,2200,7.02,224,106,279,3.593,6.195,5.78,0.673,,,,Synthetic data for pipeline/rules testing only (NOT real soil science).
synthetic_prototype,SYN_00172,garden-c,dev-002,rice,loam,2025-12-04T14:00:00+07:00,10,29.19,25.43,1371,5.67,186,65,204,2.165,3.732,4.328,0.795,,,,Synthetic data for pipeline/rules testing only (NOT real soil science).
synthetic_prototype,SYN_00173,garden-a,dev-004,tomato,clay,2025-12-04T14:30:00+07:00,10,36.19,17.67,1353,6.17,134,68,116,2.488,4.289,4.345,0.741,,,,Synthetic data for pipeline/rules testing only (NOT real soil science).
synthetic_prototype,SYN_00174,garden-b,dev-004,chili,loam,2025-12-04T15:00:00+07:00,10,27.16,31.83,1166,5.41,101,73,133,2.186,3.768,3.099,0.813,,,,Synthetic data for pipeline/rules testing only (NOT real soil science).
synthetic_prototype,SYN_00175,garden-a,dev-004,tomato,clay,2025-12-04T15:30:00+07:00,10,24.93,22.1,1004,5.54,181,77,132,3.056,5.268,5.087,0.794,,,,Synthetic data for pipeline/rules testing only (NOT real soil science).
synthetic_prototype,SYN_00176,garden-b,dev-003,chili,sandy,2025-12-04T16:00:00+07:00,10,32.0,17.0,1381,6.64,134,71,189,1.862,3.21,3.758,0.786,,,,Synthetic data for pipeline/rules testing only (NOT real soil science).
synthetic_prototype,SYN_00177,garden-c,dev-003,tomato,clay,2025-12-04T16:30:00+07:00,10,31.77,59.44,1409,7.26,154,73,155,2.026,3.493,3.14,0.779,,,,Synthetic data for pipeline/rules testing only (NOT real soil science).
synthetic_prototype,SYN_00178,garden-c,dev-001,rice,sandy,2025-12-04T17:00:00+07:00,10,27.96,31.9,960,6.49,93,57,42,0.884,1.525,1.291,0.816,,,,Synthetic data for pipeline/rules testing only (NOT real soil science).
synthetic_prototype,SYN_00179,garden-c,dev-001,default,loam,2025-12-04T17:30:00+07:00,10,30.29,35.78,1178,6.96,80,49,112,1.648,2.841,3.436,0.84,,,,Synthetic data for pipeline/rules testing only (NOT real soil science).
synthetic_prototype,SYN_00180,garden-b,dev-002,rice,sandy,2025-12-04T18:00:00+07:00,10,26.81,35.3,791,6.62,96,28,92,0.484,0.835,1.249,0.799,,,,Synthetic data for pipeline/rules testing only (NOT real soil science).
synthetic_prototype,SYN_00181,garden-a,dev-002,default,sandy,2025-12-04T18:30:00+07:00,10,24.17,18.43,225,5.75,22,20,58,0.453,0.78,0.233,0.712,,,,Synthetic data for pipeline/rules testing only (NOT real soil science).
synthetic_prototype,SYN_00182,garden-a,dev-002,rice,sandy,2025-12-04T19:00:00+07:00,10,26.53,35.41,954,6.59,77,53,160,0.459,0.792,0.36,0.803,,,,Synthetic data for pipeline/rules testing only (NOT real soil science).
synthetic_prototype,SYN_00183,garden-a,dev-001,rice,clay,2025-12-04T19:30:00+07:00,10,27.57,52.44,1448,7.62,181,76,146,2.597,4.476,3.866,0.808,,,,Synthetic data for pipeline/rules testing only (NOT real soil science).
synthetic_prototype,SYN_00184,garden-a,dev-003,chili,sandy,2025-12-04T20:00:00+07:00,10,33.94,28.85,684,6.34,81,38,85,1.46,2.516,2.325,0.811,,,,Synthetic data for pipeline/rules testing only (NOT real soil science).
synthetic_prototype,SYN_00185,garden-a,dev-001,tomato,sandy,2025-12-04T20:30:00+07:00,10,29.33,20.19,515,6.27,57,38,108,1.026,1.769,1.816,0.748,,,,Synthetic data for pipeline/rules testing only (NOT real soil science).
synthetic_prototype,SYN_00186,garden-c,dev-003,chili,loam,2025-12-04T21:00:00+07:00,10,28.78,38.38,1166,5.93,121,65,130,1.963,3.384,4.123,0.833,,,,Synthetic data for pipeline/rules testing only (NOT real soil science).
synthetic_prototype,SYN_00187,garden-b,dev-003,chili,sandy,2025-12-04T21:30:00+07:00,10,33.59,30.14,1109,6.7,89,65,171,1.312,2.263,3.262,0.811,,,,Synthetic data for pipeline/rules testing only (NOT real soil science).
synthetic_prototype,SYN_00188,garden-b,dev-004,default,sandy,2025-12-04T22:00:00+07:00,10,29.65,19.59,842,6.36,69,43,107,1.296,2.234,2.246,0.83,,,,Synthetic data for pipeline/rules testing only (NOT real soil science).
synthetic_prototype,SYN_00189,garden-c,dev-003,default,clay,2025-12-04T22:30:00+07:00,10,31.28,48.24,1523,6.54,156,62,219,2.75,4.741,5.345,0.77,,,,Synthetic data for pipeline/rules testing only (NOT real soil science).
synthetic_prototype,SYN_00190,garden-b,dev-001,default,sandy,2025-12-04T23:00:00+07:00,10,26.31,26.87,800,5.44,118,82,105,1.344,2.318,2.446,0.725,,,,Synthetic data for pipeline/rules testing only (NOT real soil science).
synthetic_prototype,SYN_00191,garden-a,dev-001,chili,clay,2025-12-04T23:30:00+07:00,10,28.6,36.85,975,6.18,99,48,98,1.089,1.877,1.845,0.784,,,,Synthetic data for pipeline/rules testing only (NOT real soil science).
synthetic_prototype,SYN_00192,garden-b,dev-004,default,clay,2025-12-05T00:00:00+07:00,10,35.81,28.23,1527,6.78,157,83,156,2.616,4.51,4.972,0.805,,,,Synthetic data for pipeline/rules testing only (NOT real soil science).
synthetic_prototype,SYN_00193,garden-c,dev-002,rice,loam,2025-12-05T00:30:00+07:00,10,26.04,37.02,904,6.05,147,62,120,1.647,2.839,3.056,0.78,,,,Synthetic data for pipeline/rules testing only (NOT real soil science).
synthetic_prototype,SYN_00194,garden-a,dev-002,chili,sandy,2025-12-05T01:00:00+07:00,10,28.74,11.24,492,6.7,103,48,103,1.335,2.302,2.169,0.738,,,,Synthetic data for pipeline/rules testing only (NOT real soil science).
synthetic_prototype,SYN_00195,garden-c,dev-003,default,sandy,2025-12-05T01:30:00+07:00,10,30.14,11.04,953,6.69,131,60,172,2.121,3.657,2.911,0.74,,,,Synthetic data for pipeline/rules testing only (NOT real soil science).
synthetic_prototype,SYN_00196,garden-a,dev-004,default,clay,2025-12-05T02:00:00+07:00,10,30.34,23.89,1266,6.32,147,65,163,1.86,3.206,3.276,0.78,,,,Synthetic data for pipeline/rules testing only (NOT real soil science).
synthetic_prototype,SYN_00197,garden-c,dev-001,default,loam,2025-12-05T02:30:00+07:00,10,25.98,26.17,1355,6.28,147,60,166,1.912,3.297,4.102,0.781,,,,Synthetic data for pipeline/rules testing only (NOT real soil science).
synthetic_prototype,SYN_00198,garden-b,dev-001,default,sandy,2025-12-05T03:00:00+07:00,10,29.93,31.09,1159,5.86,116,58,160,1.388,2.393,2.551,0.834,,,,Synthetic data for pipeline/rules testing only (NOT real soil science).
synthetic_prototype,SYN_00199,garden-c,dev-002,tomato,sandy,2025-12-05T03:30:00+07:00,10,25.88,14.49,924,5.94,119,40,155,1.602,2.761,2.871,0.727,,,,Synthetic data for pipeline/rules testing only (NOT real soil science).
synthetic_prototype,SYN_00200,garden-a,dev-004,tomato,loam,2025-12-05T04:00:00+07:00,10,28.56,20.76,848,6.21,81,40,133,1.086,1.872,1.727,0.784,,,,Synthetic data for pipeline/rules testing only (NOT real soil science).
synthetic_prototype,SYN_00201,garden-a,dev-004,tomato,clay,2025-12-05T04:30:00+07:00,10,22.97,32.23,2172,6.4,236,110,299,4.398,7.582,7.746,0.795,,,,Synthetic data for pipeline/rules testing only (NOT real soil science).
synthetic_prototype,SYN_00202,garden-b,dev-003,tomato,sandy,2025-12-05T05:00:00+07:00,10,36.51,12.21,658,6.79,124,36,147,1.337,2.305,2.175,0.701,,,,Synthetic data for pipeline/rules testing only (NOT real soil science).
synthetic_prototype,SYN_00203,garden-a,dev-004,chili,sandy,2025-12-05T05:30:00+07:00,10,26.2,21.72,944,6.45,106,43,166,1.333,2.297,2.455,0.751,,,,Synthetic data for pipeline/rules testing only (NOT real soil science).
synthetic_prototype,SYN_00204,garden-b,dev-001,default,clay,2025-12-05T06:00:00+07:00,10,31.95,38.19,1953,5.89,154,105,209,3.42,5.896,6.41,0.796,,,,Synthetic data for pipeline/rules testing only (NOT real soil science).
synthetic_prototype,SYN_00205,garden-a,dev-002,default,loam,2025-12-05T06:30:00+07:00,10,27.64,19.35,624,5.87,122,24,90,1.341,2.311,1.97,0.726,,,,Synthetic data for pipeline/rules testing only (NOT real soil science).
synthetic_prototype,SYN_00206,garden-b,dev-003,rice,clay,2025-12-05T07:00:00+07:00,10,27.75,41.05,1454,6.42,114,65,163,2.226,3.837,3.442,0.878,,,,Synthetic data for pipeline/rules testing only (NOT real soil science).
synthetic_prototype,SYN_00207,garden-a,dev-004,rice,loam,2025-12-05T07:30:00+07:00,10,31.15,52.47,1571,8.24,156,57,125,2.005,3.457,3.065,0.784,,,,Synthetic data for pipeline/rules testing only (NOT real soil science).
synthetic_prototype,SYN_00208,garden-b,dev-001,default,sandy,2025-12-05T08:00:00+07:00,10,27.83,19.53,577,6.64,92,41,81,0.656,1.131,0.493,0.787,,,,Synthetic data for pipeline/rules testing only (NOT real soil science).
synthetic_prototype,SYN_00209,garden-c,dev-002,rice,loam,2025-12-05T08:30:00+07:00,10,28.61,44.53,1396,6.16,144,58,202,2.186,3.768,2.705,0.793,,,,Synthetic data for pipeline/rules testing only (NOT real soil science).
synthetic_prototype,SYN_00210,garden-c,dev-004,default,loam,2025-12-05T09:00:00+07:00,10,27.1,19.81,672,5.73,97,31,187,1.314,2.266,1.749,0.768,,,,Synthetic data for pipeline/rules testing only (NOT real soil science).
synthetic_prototype,SYN_00211,garden-c,dev-003,tomato,loam,2025-12-05T09:30:00+07:00,10,27.6,34.29,748,6.87,93,48,118,1.169,2.015,2.32,0.761,,,,Synthetic data for pipeline/rules testing only (NOT real soil science).
synthetic_prototype,SYN_00212,garden-a,dev-002,chili,sandy,2025-12-05T10:00:00+07:00,10,22.67,8.07,50,6.45,73,26,121,0.905,1.56,1.229,0.7,,,,Synthetic data for pipeline/rules testing only (NOT real soil science).
synthetic_prototype,SYN_00213,garden-a,dev-003,chili,sandy,2025-12-05T10:30:00+07:00,10,25.82,20.82,768,5.74,94,40,77,1.51,2.604,1.9,0.782,,,,Synthetic data for pipeline/rules testing only (NOT real soil science).
synthetic_prototype,SYN_00214,garden-b,dev-004,default,sandy,2025-12-05T11:00:00+07:00,10,32.47,19.39,981,6.1,132,41,176,1.787,3.081,3.715,0.776,,,,Synthetic data for pipeline/rules testing only (NOT real soil science).
synthetic_prototype,SYN_00215,garden-c,dev-002,chili,loam,2025-12-05T11:30:00+07:00,10,31.67,46.26,1614,7.93,151,55,230,2.791,4.812,3.137,0.836,,,,Synthetic data for pipeline/rules testing only (NOT real soil science).
synthetic_prototype,SYN_00216,garden-b,dev-003,rice,clay,2025-12-05T12:00:00+07:00,10,33.63,33.84,1515,6.51,183,93,149,2.939,5.066,4.609,0.82,,,,Synthetic data for pipeline/rules testing only (NOT real soil science).
synthetic_prototype,SYN_00217,garden-a,dev-001,chili,loam,2025-12-05T12:30:00+07:00,10,31.44,24.51,1098,6.69,150,56,178,2.316,3.993,3.885,0.787,,,,Synthetic data for pipeline/rules testing only (NOT real soil science).
synthetic_prototype,SYN_00218,garden-c,dev-004,default,sandy,2025-12-05T13:00:00+07:00,10,34.11,26.05,727,6.79,42,43,109,0.972,1.675,1.845,0.751,,,,Synthetic data for pipeline/rules testing only (NOT real soil science).
synthetic_prototype,SYN_00219,garden-c,dev-001,default,loam,2025-12-05T13:30:00+07:00,10,30.13,28.76,937,7.34,89,50,92,1.498,2.582,3.037,0.806,,,,Synthetic data for pipeline/rules testing only (NOT real soil science).
synthetic_prototype,SYN_00220,garden-b,dev-003,tomato,loam,2025-12-05T14:00:00+07:00,10,29.56,19.14,982,6.84,125,73,97,2.181,3.761,4.082,0.772,,,,Synthetic data for pipeline/rules testing only (NOT real soil science).
synthetic_prototype,SYN_00221,garden-a,dev-001,rice,clay,2025-12-05T14:30:00+07:00,10,21.54,59.49,1225,5.89,121,73,162,2.021,3.485,3.219,0.743,,,,Synthetic data for pipeline/rules testing only (NOT real soil science).
synthetic_prototype,SYN_00222,garden-b,dev-003,tomato,loam,2025-12-05T15:00:00+07:00,10,31.29,48.15,1196,5.48,143,68,185,1.849,3.188,4.169,0.769,,,,Synthetic data for pipeline/rules testing only (NOT real soil science).
synthetic_prototype,SYN_00223,garden-b,dev-004,rice,loam,2025-12-05T15:30:00+07:00,10,22.02,41.07,1604,5.98,195,84,231,2.888,4.978,5.763,0.804,,,,Synthetic data for pipeline/rules testing only (NOT real soil science).
synthetic_prototype,SYN_00224,garden-b,dev-003,rice,sandy,2025-12-05T16:00:00+07:00,10,25.96,37.67,1433,7.08,111,74,136,0.956,1.649,1.0,0.817,,,,Synthetic data for pipeline/rules testing only (NOT real soil science).
synthetic_prototype,SYN_00225,garden-b,dev-001,default,loam,2025-12-05T16:30:00+07:00,10,26.75,36.89,739,6.83,63,45,109,1.601,2.761,2.402,0.793,,,,Synthetic data for pipeline/rules testing only (NOT real soil science).
synthetic_prototype,SYN_00226,garden-c,dev-004,default,clay,2025-12-05T17:00:00+07:00,10,25.58,20.66,1113,5.54,125,53,165,1.991,3.433,4.207,0.784,,,,Synthetic data for pipeline/rules testing only (NOT real soil science).
synthetic_prototype,SYN_00227,garden-c,dev-002,chili,sandy,2025-12-05T17:30:00+07:00,10,26.33,10.08,142,6.62,59,12,37,0.116,0.2,0.06,0.725,,,,Synthetic data for pipeline/rules testing only (NOT real soil science).
synthetic_prototype,SYN_00228,garden-c,dev-002,rice,loam,2025-12-05T18:00:00+07:00,10,34.08,33.21,701,6.18,122,39,151,1.577,2.719,2.483,0.797,,,,Synthetic data for pipeline/rules testing only (NOT real soil science).
synthetic_prototype,SYN_00229,garden-c,dev-001,default,loam,2025-12-05T18:30:00+07:00,10,26.06,31.14,1130,7.02,138,73,149,2.624,4.523,4.987,0.81,,,,Synthetic data for pipeline/rules testing only (NOT real soil science).
synthetic_prototype,SYN_00230,garden-b,dev-002,tomato,clay,2025-12-05T19:00:00+07:00,10,26.07,53.4,1343,5.72,133,70,166,2.374,4.093,3.964,0.828,,,,Synthetic data for pipeline/rules testing only (NOT real soil science).
synthetic_prototype,SYN_00231,garden-b,dev-001,default,clay,2025-12-05T19:30:00+07:00,10,30.2,45.3,1019,6.67,108,37,125,1.428,2.461,3.467,0.769,,,,Synthetic data for pipeline/rules testing only (NOT real soil science).
synthetic_prototype,SYN_00232,garden-a,dev-001,rice,loam,2025-12-05T20:00:00+07:00,10,26.41,33.88,874,5.77,102,56,109,1.634,2.817,2.615,0.849,,,,Synthetic data for pipeline/rules testing only (NOT real soil science).
synthetic_prototype,SYN_00233,garden-c,dev-002,chili,loam,2025-12-05T20:30:00+07:00,10,24.45,52.45,1246,6.7,108,61,197,1.571,2.709,3.275,0.816,,,,Synthetic data for pipeline/rules testing only (NOT real soil science).
synthetic_prototype,SYN_00234,garden-b,dev-001,chili,sandy,2025-12-05T21:00:00+07:00,10,24.96,31.02,863,5.57,101,49,117,1.257,2.167,2.567,0.812,,,,Synthetic data for pipeline/rules testing only (NOT real soil science).
synthetic_prototype,SYN_00235,garden-c,dev-002,default,sandy,2025-12-05T21:30:00+07:00,10,29.26,33.7,1202,6.44,135,48,117,1.705,2.939,1.987,0.859,,,,Synthetic data for pipeline/rules testing only (NOT real soil science).
synthetic_prototype,SYN_00236,garden-b,dev-001,chili,loam,2025-12-05T22:00:00+07:00,10,28.76,21.86,783,5.74,84,37,125,0.921,1.588,0.562,0.74,,,,Synthetic data for pipeline/rules testing only (NOT real soil science).
synthetic_prototype,SYN_00237,garden-a,dev-001,rice,loam,2025-12-05T22:30:00+07:00,10,29.29,43.29,1448,7.08,142,71,112,2.555,4.405,4.05,0.79,,,,Synthetic data for pipeline/rules testing only (NOT real soil science).
synthetic_prototype,SYN_00238,garden-a,dev-001,tomato,sandy,2025-12-05T23:00:00+07:00,10,30.36,6.98,620,5.95,77,60,155,1.456,2.51,2.561,0.705,,,,Synthetic data for pipeline/rules testing only (NOT real soil science).
synthetic_prototype,SYN_00239,garden-b,dev-003,default,loam,2025-12-05T23:30:00+07:00,10,33.89,14.67,804,7.37,122,60,150,1.726,2.976,2.079,0.754,,,,Synthetic data for pipeline/rules testing only (NOT real soil science).
synthetic_prototype,SYN_00240,garden-b,dev-002,rice,loam,2025-12-06T00:00:00+07:00,10,31.51,49.66,1570,6.82,156,85,180,3.408,5.875,5.513,0.818,,,,Synthetic data for pipeline/rules testing only (NOT real soil science).
synthetic_prototype,SYN_00241,garden-c,dev-002,default,loam,2025-12-06T00:30:00+07:00,10,24.55,31.23,1463,5.98,158,94,180,2.427,4.184,3.331,0.824,,,,Synthetic data for pipeline/rules testing only (NOT real soil science).
synthetic_prototype,SYN_00242,garden-c,dev-003,rice,sandy,2025-12-06T01:00:00+07:00,10,23.45,35.8,480,5.91,49,45,142,0.751,1.294,1.803,0.755,,,,Synthetic data for pipeline/rules testing only (NOT real soil science).
synthetic_prototype,SYN_00243,garden-c,dev-004,default,clay,2025-12-06T01:30:00+07:00,10,31.62,16.58,1436,6.72,215,87,191,3.046,5.252,4.922,0.765,,,,Synthetic data for pipeline/rules testing only (NOT real soil science).
synthetic_prototype,SYN_00244,garden-c,dev-004,default,loam,2025-12-06T02:00:00+07:00,10,31.0,36.17,826,7.94,89,42,124,1.068,1.841,0.965,0.775,,,,Synthetic data for pipeline/rules testing only (NOT real soil science).
synthetic_prototype,SYN_00245,garden-c,dev-003,rice,clay,2025-12-06T02:30:00+07:00,10,30.97,37.58,1220,5.97,85,51,195,1.698,2.928,2.271,0.792,,,,Synthetic data for pipeline/rules testing only (NOT real soil science).
synthetic_prototype,SYN_00246,garden-a,dev-002,chili,loam,2025-12-06T03:00:00+07:00,10,30.81,30.61,698,5.6,94,51,91,1.023,1.763,2.111,0.735,,,,Synthetic data for pipeline/rules testing only (NOT real soil science).
synthetic_prototype,SYN_00247,garden-a,dev-002,chili,sandy,2025-12-06T03:30:00+07:00,10,32.26,29.67,739,7.49,126,60,133,1.369,2.36,2.243,0.765,,,,Synthetic data for pipeline/rules testing only (NOT real soil science).
synthetic_prototype,SYN_00248,garden-c,dev-002,tomato,loam,2025-12-06T04:00:00+07:00,10,28.27,29.79,790,5.64,121,68,106,1.78,3.068,3.703,0.759,,,,Synthetic data for pipeline/rules testing only (NOT real soil science).
synthetic_prototype,SYN_00249,garden-a,dev-004,default,clay,2025-12-06T04:30:00+07:00,10,25.75,22.31,578,7.51,109,42,93,1.473,2.539,2.187,0.763,,,,Synthetic data for pipeline/rules testing only (NOT real soil science).
synthetic_prototype,SYN_00250,garden-a,dev-004,default,clay,2025-12-06T05:00:00+07:00,10,23.0,20.97,285,6.31,60,27,47,0.646,1.114,1.179,0.753,,,,Synthetic data for pipeline/rules testing only (NOT real soil science).
synthetic_prototype,SYN_00251,garden-c,dev-002,rice,loam,2025-12-06T05:30:00+07:00,10,32.32,43.25,1634,6.08,170,67,192,2.652,4.572,4.298,0.786,,,,Synthetic data for pipeline/rules testing only (NOT real soil science).
synthetic_prototype,SYN_00252,garden-b,dev-004,rice,clay,2025-12-06T06:00:00+07:00,10,29.31,37.08,1417,6.25,139,74,199,2.654,4.575,5.0,0.797,,,,Synthetic data for pipeline/rules testing only (NOT real soil science).
synthetic_prototype,SYN_00253,garden-a,dev-003,default,clay,2025-12-06T06:30:00+07:00,10,28.55,30.87,1718,5.67,147,80,191,3.104,5.351,5.556,0.764,,,,Synthetic data for pipeline/rules testing only (NOT real soil science).
synthetic_prototype,SYN_00254,garden-b,dev-004,default,loam,2025-12-06T07:00:00+07:00,10,23.42,38.82,1068,4.97,112,56,191,1.139,1.964,2.313,0.772,,,,Synthetic data for pipeline/rules testing only (NOT real soil science).
synthetic_prototype,SYN_00255,garden-c,dev-003,default,loam,2025-12-06T07:30:00+07:00,10,28.12,17.43,706,5.77,81,47,152,0.897,1.547,1.662,0.759,,,,Synthetic data for pipeline/rules testing only (NOT real soil science).
synthetic_prototype,SYN_00256,garden-b,dev-003,chili,loam,2025-12-06T08:00:00+07:00,10,26.52,26.47,784,6.17,88,53,145,1.395,2.404,3.483,0.8,,,,Synthetic data for pipeline/rules testing only (NOT real soil science).
synthetic_prototype,SYN_00257,garden-b,dev-003,rice,loam,2025-12-06T08:30:00+07:00,10,32.22,50.14,750,6.25,88,24,116,0.174,0.3,0.835,0.728,,,,Synthetic data for pipeline/rules testing only (NOT real soil science).
synthetic_prototype,SYN_00258,garden-c,dev-004,default,sandy,2025-12-06T09:00:00+07:00,10,33.59,21.68,694,6.39,74,55,93,1.229,2.119,1.232,0.708,,,,Synthetic data for pipeline/rules testing only (NOT real soil science).
synthetic_prototype,SYN_00259,garden-a,dev-004,rice,loam,2025-12-06T09:30:00+07:00,10,27.8,61.74,1425,6.47,151,72,219,2.686,4.63,4.538,0.776,,,,Synthetic data for pipeline/rules testing only (NOT real soil science).
synthetic_prototype,SYN_00260,garden-c,dev-001,default,clay,2025-12-06T10:00:00+07:00,10,26.56,30.09,869,6.1,78,59,189,1.818,3.134,3.721,0.759,,,,Synthetic data for pipeline/rules testing only (NOT real soil science).
synthetic_prototype,SYN_00261,garden-a,dev-002,chili,clay,2025-12-06T10:30:00+07:00,10,32.71,35.61,1390,6.46,154,83,113,2.512,4.331,3.855,0.859,,,,Synthetic data for pipeline/rules testing only (NOT real soil science).
synthetic_prototype,SYN_00262,garden-b,dev-001,chili,loam,2025-12-06T11:00:00+07:00,10,23.81,27.75,617,5.72,77,44,102,0.996,1.717,1.81,0.743,,,,Synthetic data for pipeline/rules testing only (NOT real soil science).
synthetic_prototype,SYN_00263,garden-b,dev-004,default,clay,2025-12-06T11:30:00+07:00,10,24.51,46.8,1019,6.52,117,54,96,1.215,2.094,2.365,0.781,,,,Synthetic data for pipeline/rules testing only (NOT real soil science).
synthetic_prototype,SYN_00264,garden-c,dev-003,rice,clay,2025-12-06T12:00:00+07:00,10,28.43,43.94,1239,6.15,158,76,176,2.521,4.346,4.301,0.756,,,,Synthetic data for pipeline/rules testing only (NOT real soil science).
synthetic_prototype,SYN_00265,garden-c,dev-002,default,clay,2025-12-06T12:30:00+07:00,10,29.12,43.18,1537,6.06,183,87,133,2.475,4.267,5.811,0.779,,,,Synthetic data for pipeline/rules testing only (NOT real soil science).
synthetic_prototype,SYN_00266,garden-b,dev-001,chili,loam,2025-12-06T13:00:00+07:00,10,27.99,35.2,451,5.68,50,28,100,0.358,0.618,0.807,0.811,,,,Synthetic data for pipeline/rules testing only (NOT real soil science).
synthetic_prototype,SYN_00267,garden-c,dev-002,default,loam,2025-12-06T13:30:00+07:00,10,25.38,26.19,992,6.98,110,57,185,1.558,2.686,1.806,0.811,,,,Synthetic data for pipeline/rules testing only (NOT real soil science).
synthetic_prototype,SYN_00268,garden-b,dev-004,default,loam,2025-12-06T14:00:00+07:00,10,23.12,35.81,857,6.42,99,47,184,1.523,2.626,2.879,0.796,,,,Synthetic data for pipeline/rules testing only (NOT real soil science).
synthetic_prototype,SYN_00269,garden-c,dev-001,rice,loam,2025-12-06T14:30:00+07:00,10,32.55,31.58,788,5.68,95,41,180,0.994,1.713,1.022,0.778,,,,Synthetic data for pipeline/rules testing only (NOT real soil science).
synthetic_prototype,SYN_00270,garden-c,dev-003,default,loam,2025-12-06T15:00:00+07:00,10,30.36,38.79,1487,6.71,148,101,157,2.414,4.162,3.807,0.79,,,,Synthetic data for pipeline/rules testing only (NOT real soil science).
synthetic_prototype,SYN_00271,garden-c,dev-002,default,sandy,2025-12-06T15:30:00+07:00,10,27.7,12.84,460,6.73,78,33,106,0.928,1.601,1.878,0.782,,,,Synthetic data for pipeline/rules testing only (NOT real soil science).
synthetic_prototype,SYN_00272,garden-b,dev-001,chili,loam,2025-12-06T16:00:00+07:00,10,32.2,34.92,1639,7.35,207,76,181,3.315,5.714,5.344,0.853,,,,Synthetic data for pipeline/rules testing only (NOT real soil science).
synthetic_prototype,SYN_00273,garden-a,dev-003,chili,clay,2025-12-06T16:30:00+07:00,10,23.34,58.03,872,6.34,106,41,107,1.451,2.501,2.691,0.755,,,,Synthetic data for pipeline/rules testing only (NOT real soil science).
synthetic_prototype,SYN_00274,garden-a,dev-002,default,loam,2025-12-06T17:00:00+07:00,10,29.1,38.75,1140,6.11,157,57,114,1.785,3.077,2.731,0.816,,,,Synthetic data for pipeline/rules testing only (NOT real soil science).
synthetic_prototype,SYN_00275,garden-a,dev-002,default,clay,2025-12-06T17:30:00+07:00,10,31.77,40.19,1762,7.12,172,91,205,2.811,4.845,5.422,0.881,,,,Synthetic data for pipeline/rules testing only (NOT real soil science).
synthetic_prototype,SYN_00276,garden-a,dev-003,chili,loam,2025-12-06T18:00:00+07:00,10,29.98,27.54,838,5.98,117,55,154,1.24,2.137,2.213,0.741,,,,Synthetic data for pipeline/rules testing only (NOT real soil science).
synthetic_prototype,SYN_00277,garden-c,dev-003,chili,sandy,2025-12-06T18:30:00+07:00,10,31.57,13.27,1056,6.65,116,68,116,1.622,2.797,3.114,0.72,,,,Synthetic data for pipeline/rules testing only (NOT real soil science).
synthetic_prototype,SYN_00278,garden-c,dev-001,default,clay,2025-12-06T19:00:00+07:00,10,30.66,25.73,953,6.13,89,60,145,2.21,3.809,4.502,0.769,,,,Synthetic data for pipeline/rules testing only (NOT real soil science).
synthetic_prototype,SYN_00279,garden-a,dev-004,chili,loam,2025-12-06T19:30:00+07:00,10,28.69,48.75,1259,5.83,96,63,145,2.024,3.489,3.879,0.813,,,,Synthetic data for pipeline/rules testing only (NOT real soil science).
synthetic_prototype,SYN_00280,garden-b,dev-004,default,clay,2025-12-06T20:00:00+07:00,10,27.98,37.26,1015,6.33,124,57,163,2.2,3.793,3.965,0.783,,,,Synthetic data for pipeline/rules testing only (NOT real soil science).
synthetic_prototype,SYN_00281,garden-c,dev-003,default,loam,2025-12-06T20:30:00+07:00,10,27.74,42.36,990,6.07,94,50,163,0.976,1.683,1.39,0.786,,,,Synthetic data for pipeline/rules testing only (NOT real soil science).
synthetic_prototype,SYN_00282,garden-b,dev-003,chili,loam,2025-12-06T21:00:00+07:00,10,28.46,16.23,1297,7.31,185,79,168,2.755,4.75,3.847,0.771,,,,Synthetic data for pipeline/rules testing only (NOT real soil science).
synthetic_prototype,SYN_00283,garden-c,dev-001,rice,loam,2025-12-06T21:30:00+07:00,10,32.12,61.34,1422,6.57,141,70,180,2.16,3.724,4.223,0.773,,,,Synthetic data for pipeline/rules testing only (NOT real soil science).
synthetic_prototype,SYN_00284,garden-c,dev-003,tomato,loam,2025-12-06T22:00:00+07:00,10,27.03,16.9,1243,6.03,140,81,217,3.071,5.295,5.435,0.752,,,,Synthetic data for pipeline/rules testing only (NOT real soil science).
synthetic_prototype,SYN_00285,garden-c,dev-002,default,loam,2025-12-06T22:30:00+07:00,10,24.63,20.08,736,7.08,92,43,148,1.21,2.086,1.846,0.727,,,,Synthetic data for pipeline/rules testing only (NOT real soil science).
synthetic_prototype,SYN_00286,garden-c,dev-001,default,sandy,2025-12-06T23:00:00+07:00,10,31.31,17.09,512,5.64,74,41,84,1.06,1.828,2.338,0.721,,,,Synthetic data for pipeline/rules testing only (NOT real soil science).
synthetic_prototype,SYN_00287,garden-a,dev-004,chili,sandy,2025-12-06T23:30:00+07:00,10,24.17,17.77,296,6.39,65,12,74,0.684,1.18,1.179,0.757,,,,Synthetic data for pipeline/rules testing only (NOT real soil science).
synthetic_prototype,SYN_00288,garden-a,dev-003,chili,loam,2025-12-07T00:00:00+07:00,10,31.23,22.6,717,6.59,91,19,41,0.959,1.653,1.497,0.745,,,,Synthetic data for pipeline/rules testing only (NOT real soil science).
synthetic_prototype,SYN_00289,garden-c,dev-001,default,clay,2025-12-07T00:30:00+07:00,10,27.29,27.06,1059,6.99,106,55,141,2.014,3.472,3.334,0.814,,,,Synthetic data for pipeline/rules testing only (NOT real soil science).
synthetic_prototype,SYN_00290,garden-c,dev-002,chili,sandy,2025-12-07T01:00:00+07:00,10,26.0,19.1,652,5.19,102,37,99,1.063,1.833,2.683,0.78,,,,Synthetic data for pipeline/rules testing only (NOT real soil science).
synthetic_prototype,SYN_00291,garden-c,dev-001,rice,loam,2025-12-07T01:30:00+07:00,10,28.33,31.77,1729,6.53,156,89,166,2.627,4.529,5.717,0.82,,,,Synthetic data for pipeline/rules testing only (NOT real soil science).
synthetic_prototype,SYN_00292,garden-c,dev-002,default,sandy,2025-12-07T02:00:00+07:00,10,33.07,26.78,378,6.5,64,26,71,0.515,0.888,1.606,0.751,,,,Synthetic data for pipeline/rules testing only (NOT real soil science).
synthetic_prototype,SYN_00293,garden-a,dev-002,chili,loam,2025-12-07T02:30:00+07:00,10,27.0,30.04,673,7.31,101,49,103,0.963,1.66,1.865,0.806,,,,Synthetic data for pipeline/rules testing only (NOT real soil science).
synthetic_prototype,SYN_00294,garden-b,dev-004,chili,clay,2025-12-07T03:00:00+07:00,10,27.65,40.71,1649,6.98,174,84,225,2.927,5.046,4.827,0.831,,,,Synthetic data for pipeline/rules testing only (NOT real soil science).
synthetic_prototype,SYN_00295,garden-a,dev-002,tomato,sandy,2025-12-07T03:30:00+07:00,10,26.58,24.04,766,5.87,104,44,130,1.737,2.995,3.091,0.76,,,,Synthetic data for pipeline/rules testing only (NOT real soil science).
synthetic_prototype,SYN_00296,garden-a,dev-003,default,sandy,2025-12-07T04:00:00+07:00,10,23.82,23.66,346,6.57,88,38,80,0.712,1.228,1.463,0.748,,,,Synthetic data for pipeline/rules testing only (NOT real soil science).
synthetic_prototype,SYN_00297,garden-a,dev-002,tomato,clay,2025-12-07T04:30:00+07:00,10,30.43,34.73,1102,7.04,97,70,165,1.763,3.039,1.807,0.837,,,,Synthetic data for pipeline/rules testing only (NOT real soil science).
synthetic_prototype,SYN_00298,garden-b,dev-004,tomato,loam,2025-12-07T05:00:00+07:00,10,25.35,20.44,1044,6.21,136,57,170,2.012,3.469,3.39,0.819,,,,Synthetic data for pipeline/rules testing only (NOT real soil science).
synthetic_prototype,SYN_00299,garden-b,dev-004,default,loam,2025-12-07T05:30:00+07:00,10,26.36,33.28,1242,6.54,114,74,162,2.967,5.115,5.234,0.841,,,,Synthetic data for pipeline/rules testing only (NOT real soil science).
synthetic_prototype,SYN_00300,garden-c,dev-001,default,clay,2025-12-07T06:00:00+07:00,10,30.98,37.99,1279,6.15,148,56,111,2.236,3.855,3.714,0.845,,,,Synthetic data for pipeline/rules testing only (NOT real soil science).
synthetic_prototype,SYN_00301,garden-a,dev-002,default,loam,2025-12-07T06:30:00+07:00,10,32.36,32.64,777,5.99,130,50,132,2.251,3.88,2.665,0.821,,,,Synthetic data for pipeline/rules testing only (NOT real soil science).
synthetic_prototype,SYN_00302,garden-c,dev-004,rice,sandy,2025-12-07T07:00:00+07:00,10,25.1,28.05,368,5.97,86,33,58,0.575,0.992,0.75,0.773,,,,Synthetic data for pipeline/rules testing only (NOT real soil science).
synthetic_prototype,SYN_00303,garden-a,dev-003,default,sandy,2025-12-07T07:30:00+07:00,10,27.15,31.64,693,5.75,68,42,57,0.929,1.601,0.891,0.753,,,,Synthetic data for pipeline/rules testing only (NOT real soil science).
synthetic_prototype,SYN_00304,garden-c,dev-004,chili,sandy,2025-12-07T08:00:00+07:00,10,26.59,23.72,666,5.81,110,43,163,1.118,1.928,2.668,0.73,,,,Synthetic data for pipeline/rules testing only (NOT real soil science).
synthetic_prototype,SYN_00305,garden-c,dev-003,rice,sandy,2025-12-07T08:30:00+07:00,10,22.98,44.53,874,6.86,128,49,132,1.338,2.307,2.888,0.792,,,,Synthetic data for pipeline/rules testing only (NOT real soil science).
synthetic_prototype,SYN_00306,garden-b,dev-002,default,sandy,2025-12-07T09:00:00+07:00,10,26.95,9.41,421,6.74,84,31,151,1.192,2.055,2.581,0.706,,,,Synthetic data for pipeline/rules testing only (NOT real soil science).
synthetic_prototype,SYN_00307,garden-a,dev-001,rice,loam,2025-12-07T09:30:00+07:00,10,27.69,56.89,1091,6.12,112,70,132,1.432,2.468,1.441,0.81,,,,Synthetic data for pipeline/rules testing only (NOT real soil science).
synthetic_prototype,SYN_00308,garden-a,dev-004,default,clay,2025-12-07T10:00:00+07:00,10,27.88,30.69,714,6.05,144,58,122,1.925,3.318,3.209,0.736,,,,Synthetic data for pipeline/rules testing only (NOT real soil science).
synthetic_prototype,SYN_00309,garden-b,dev-003,chili,sandy,2025-12-07T10:30:00+07:00,10,29.99,33.99,815,6.08,88,52,146,1.4,2.413,3.046,0.838,,,,Synthetic data for pipeline/rules testing only (NOT real soil science).
synthetic_prototype,SYN_00310,garden-c,dev-004,default,sandy,2025-12-07T11:00:00+07:00,10,27.34,17.7,398,5.95,83,24,168,1.212,2.089,2.099,0.716,,,,Synthetic data for pipeline/rules testing only (NOT real soil science).
synthetic_prototype,SYN_00311,garden-c,dev-001,chili,sandy,2025-12-07T11:30:00+07:00,10,29.54,28.71,1191,6.28,109,69,198,2.074,3.576,3.404,0.823,,,,Synthetic data for pipeline/rules testing only (NOT real soil science).
synthetic_prototype,SYN_00312,garden-b,dev-003,tomato,loam,2025-12-07T12:00:00+07:00,10,24.64,26.92,575,6.09,105,48,77,1.06,1.827,2.008,0.753,,,,Synthetic data for pipeline/rules testing only (NOT real soil science).
synthetic_prototype,SYN_00313,garden-b,dev-003,chili,loam,2025-12-07T12:30:00+07:00,10,23.03,38.75,500,6.36,61,27,79,0.725,1.249,2.394,0.808,,,,Synthetic data for pipeline/rules testing only (NOT real soil science).
synthetic_prototype,SYN_00314,garden-c,dev-004,rice,sandy,2025-12-07T13:00:00+07:00,10,28.17,28.61,689,6.75,83,47,105,1.049,1.809,2.035,0.782,,,,Synthetic data for pipeline/rules testing only (NOT real soil science).
synthetic_prototype,SYN_00315,garden-c,dev-004,default,sandy,2025-12-07T13:30:00+07:00,10,26.0,13.82,391,5.96,99,56,127,1.039,1.792,1.932,0.748,,,,Synthetic data for pipeline/rules testing only (NOT real soil science).
synthetic_prototype,SYN_00316,garden-c,dev-001,tomato,sandy,2025-12-07T14:00:00+07:00,10,24.82,32.12,1053,5.69,114,50,121,1.909,3.291,3.197,0.75,,,,Synthetic data for pipeline/rules testing only (NOT real soil science).
synthetic_prototype,SYN_00317,garden-c,dev-001,default,sandy,2025-12-07T14:30:00+07:00,10,29.75,25.44,524,6.66,57,48,89,0.903,1.557,0.82,0.743,,,,Synthetic data for pipeline/rules testing only (NOT real soil science).
synthetic_prototype,SYN_00318,garden-c,dev-004,rice,loam,2025-12-07T15:00:00+07:00,10,27.07,33.41,1304,7.0,132,56,133,2.836,4.889,5.422,0.807,,,,Synthetic data for pipeline/rules testing only (NOT real soil science).
synthetic_prototype,SYN_00319,garden-b,dev-004,tomato,clay,2025-12-07T15:30:00+07:00,10,29.22,26.58,1012,7.15,147,62,121,2.264,3.902,2.689,0.811,,,,Synthetic data for pipeline/rules testing only (NOT real soil science).
synthetic_prototype,SYN_00320,garden-b,dev-001,default,sandy,2025-12-07T16:00:00+07:00,10,18.55,19.2,569,6.88,122,57,114,1.019,1.757,1.614,0.721,,,,Synthetic data for pipeline/rules testing only (NOT real soil science).
synthetic_prototype,SYN_00321,garden-c,dev-002,chili,loam,2025-12-07T16:30:00+07:00,10,30.76,40.1,1274,6.79,149,63,198,2.16,3.724,3.397,0.809,,,,Synthetic data for pipeline/rules testing only (NOT real soil science).
synthetic_prototype,SYN_00322,garden-b,dev-002,default,loam,2025-12-07T17:00:00+07:00,10,21.59,31.58,1043,5.34,126,71,150,1.48,2.552,1.909,0.836,,,,Synthetic data for pipeline/rules testing only (NOT real soil science).
synthetic_prototype,SYN_00323,garden-b,dev-004,tomato,loam,2025-12-07T17:30:00+07:00,10,29.38,27.85,1330,5.41,94,56,129,2.004,3.454,4.048,0.82,,,,Synthetic data for pipeline/rules testing only (NOT real soil science).
synthetic_prototype,SYN_00324,garden-b,dev-002,default,loam,2025-12-07T18:00:00+07:00,10,30.57,42.28,1883,6.37,166,106,235,3.708,6.393,6.463,0.787,,,,Synthetic data for pipeline/rules testing only (NOT real soil science).
synthetic_prototype,SYN_00325,garden-c,dev-001,default,loam,2025-12-07T18:30:00+07:00,10,25.76,27.67,663,6.78,60,37,117,1.259,2.17,1.673,0.799,,,,Synthetic data for pipeline/rules testing only (NOT real soil science).
synthetic_prototype,SYN_00326,garden-c,dev-002,chili,clay,2025-12-07T19:00:00+07:00,10,28.11,46.19,1032,6.79,113,44,145,1.088,1.875,1.465,0.822,,,,Synthetic data for pipeline/rules testing only (NOT real soil science).
synthetic_prototype,SYN_00327,garden-b,dev-004,rice,sandy,2025-12-07T19:30:00+07:00,10,25.69,30.83,869,5.98,96,50,107,1.498,2.583,2.381,0.783,,,,Synthetic data for pipeline/rules testing only (NOT real soil science).
synthetic_prototype,SYN_00328,garden-b,dev-001,rice,sandy,2025-12-07T20:00:00+07:00,10,26.85,40.61,693,7.23,55,15,42,0.738,1.273,1.03,0.736,,,,Synthetic data for pipeline/rules testing only (NOT real soil science).
synthetic_prototype,SYN_00329,garden-c,dev-001,chili,clay,2025-12-07T20:30:00+07:00,10,27.96,37.94,960,7.28,146,79,170,2.586,4.459,3.887,0.744,,,,Synthetic data for pipeline/rules testing only (NOT real soil science).
synthetic_prototype,SYN_00330,garden-b,dev-004,chili,sandy,2025-12-07T21:00:00+07:00,10,28.35,27.93,995,6.36,88,56,166,1.397,2.408,1.306,0.815,,,,Synthetic data for pipeline/rules testing only (NOT real soil science).
synthetic_prototype,SYN_00331,garden-c,dev-003,default,sandy,2025-12-07T21:30:00+07:00,10,26.5,28.92,693,6.86,120,48,202,1.426,2.458,1.572,0.779,,,,Synthetic data for pipeline/rules testing only (NOT real soil science).
synthetic_prototype,SYN_00332,garden-a,dev-003,rice,clay,2025-12-07T22:00:00+07:00,10,28.42,62.14,1171,6.56,87,57,122,1.859,3.205,2.724,0.734,,,,Synthetic data for pipeline/rules testing only (NOT real soil science).
synthetic_prototype,SYN_00333,garden-b,dev-002,default,loam,2025-12-07T22:30:00+07:00,10,28.44,35.26,730,6.12,66,34,73,0.649,1.119,2.179,0.874,,,,Synthetic data for pipeline/rules testing only (NOT real soil science).
synthetic_prototype,SYN_00334,garden-c,dev-002,tomato,sandy,2025-12-07T23:00:00+07:00,10,26.42,31.31,705,6.3,135,44,69,1.409,2.428,2.794,0.768,,,,Synthetic data for pipeline/rules testing only (NOT real soil science).
synthetic_prototype,SYN_00335,garden-c,dev-003,chili,loam,2025-12-07T23:30:00+07:00,10,29.12,40.13,999,6.5,102,48,118,1.965,3.387,3.401,0.811,,,,Synthetic data for pipeline/rules testing only (NOT real soil science).
synthetic_prototype,SYN_00336,garden-a,dev-004,default,clay,2025-12-08T00:00:00+07:00,10,27.31,24.72,1402,5.84,164,93,188,2.769,4.774,5.185,0.809,,,,Synthetic data for pipeline/rules testing only (NOT real soil science).
synthetic_prototype,SYN_00337,garden-a,dev-002,chili,loam,2025-12-08T00:30:00+07:00,10,34.28,39.14,1631,6.29,193,87,228,3.249,5.601,6.438,0.84,,,,Synthetic data for pipeline/rules testing only (NOT real soil science).
synthetic_prototype,SYN_00338,garden-c,dev-001,chili,loam,2025-12-08T01:00:00+07:00,10,24.74,33.54,885,6.24,115,55,100,1.951,3.364,2.67,0.802,,,,Synthetic data for pipeline/rules testing only (NOT real soil science).
synthetic_prototype,SYN_00339,garden-b,dev-003,default,sandy,2025-12-08T01:30:00+07:00,10,28.36,15.51,968,6.83,90,60,113,1.379,2.377,2.245,0.746,,,,Synthetic data for pipeline/rules testing only (NOT real soil science).
synthetic_prototype,SYN_00340,garden-c,dev-002,chili,sandy,2025-12-08T02:00:00+07:00,10,25.92,30.37,1260,6.5,97,69,167,1.727,2.978,2.496,0.784,,,,Synthetic data for pipeline/rules testing only (NOT real soil science).
synthetic_prototype,SYN_00341,garden-a,dev-001,default,loam,2025-12-08T02:30:00+07:00,10,26.84,16.35,1183,6.88,94,68,156,2.794,4.817,4.672,0.768,,,,Synthetic data for pipeline/rules testing only (NOT real soil science).
synthetic_prototype,SYN_00342,garden-c,dev-002,default,loam,2025-12-08T03:00:00+07:00,10,28.88,34.76,995,6.21,149,66,136,1.883,3.247,3.698,0.874,,,,Synthetic data for pipeline/rules testing only (NOT real soil science).
synthetic_prototype,SYN_00343,garden-b,dev-001,tomato,sandy,2025-12-08T03:30:00+07:00,10,22.3,26.04,745,6.38,81,34,98,1.106,1.907,1.739,0.783,,,,Synthetic data for pipeline/rules testing only (NOT real soil science).
synthetic_prototype,SYN_00344,garden-c,dev-003,rice,sandy,2025-12-08T04:00:00+07:00,10,25.2,24.5,1060,6.26,113,42,85,1.235,2.13,1.791,0.854,,,,Synthetic data for pipeline/rules testing only (NOT real soil science).
synthetic_prototype,SYN_00345,garden-a,dev-002,default,loam,2025-12-08T04:30:00+07:00,10,26.06,17.87,801,5.65,91,37,137,1.52,2.62,2.817,0.743,,,,Synthetic data for pipeline/rules testing only (NOT real soil science).
synthetic_prototype,SYN_00346,garden-b,dev-001,default,loam,2025-12-08T05:00:00+07:00,10,28.31,10.77,1396,6.67,176,69,201,2.577,4.443,4.532,0.789,,,,Synthetic data for pipeline/rules testing only (NOT real soil science).
synthetic_prototype,SYN_00347,garden-c,dev-001,default,loam,2025-12-08T05:30:00+07:00,10,23.44,31.57,1645,5.69,212,88,240,3.721,6.416,6.913,0.822,,,,Synthetic data for pipeline/rules testing only (NOT real soil science).
synthetic_prototype,SYN_00348,garden-c,dev-004,default,loam,2025-12-08T06:00:00+07:00,10,26.11,30.3,705,5.8,87,55,119,1.011,1.744,2.439,0.82,,,,Synthetic data for pipeline/rules testing only (NOT real soil science).
synthetic_prototype,SYN_00349,garden-b,dev-001,rice,clay,2025-12-08T06:30:00+07:00,10,26.07,59.31,1416,6.17,121,60,166,2.125,3.663,4.455,0.771,,,,Synthetic data for pipeline/rules testing only (NOT real soil science).
synthetic_prototype,SYN_00350,garden-c,dev-001,default,loam,2025-12-08T07:00:00+07:00,10,28.97,24.29,1093,5.23,144,74,164,2.647,4.563,4.878,0.808,,,,Synthetic data for pipeline/rules testing only (NOT real soil science).
synthetic_prototype,SYN_00351,garden-b,dev-004,tomato,clay,2025-12-08T07:30:00+07:00,10,28.92,34.21,722,6.3,69,57,121,1.166,2.01,1.478,0.857,,,,Synthetic data for pipeline/rules testing only (NOT real soil science).
synthetic_prototype,SYN_00352,garden-a,dev-003,rice,sandy,2025-12-08T08:00:00+07:00,10,29.47,25.53,610,6.93,86,37,77,0.703,1.212,1.686,0.727,,,,Synthetic data for pipeline/rules testing only (NOT real soil science).
synthetic_prototype,SYN_00353,garden-a,dev-003,default,sandy,2025-12-08T08:30:00+07:00,10,20.97,27.84,943,6.9,123,53,63,1.254,2.161,2.056,0.793,,,,Synthetic data for pipeline/rules testing only (NOT real soil science).
synthetic_prototype,SYN_00354,garden-a,dev-003,chili,loam,2025-12-08T09:00:00+07:00,10,32.32,18.94,768,6.25,53,52,93,0.666,1.148,1.676,0.791,,,,Synthetic data for pipeline/rules testing only (NOT real soil science).
synthetic_prototype,SYN_00355,garden-c,dev-001,chili,loam,2025-12-08T09:30:00+07:00,10,34.96,26.47,896,5.66,107,36,125,1.496,2.579,2.33,0.816,,,,Synthetic data for pipeline/rules testing only (NOT real soil science).
synthetic_prototype,SYN_00356,garden-b,dev-002,default,clay,2025-12-08T10:00:00+07:00,10,28.85,45.04,1248,6.99,133,62,159,1.835,3.164,2.723,0.775,,,,Synthetic data for pipeline/rules testing only (NOT real soil science).
synthetic_prototype,SYN_00357,garden-b,dev-003,default,loam,2025-12-08T10:30:00+07:00,10,30.95,42.13,1362,6.84,138,58,186,1.748,3.013,3.413,0.842,,,,Synthetic data for pipeline/rules testing only (NOT real soil science).
synthetic_prototype,SYN_00358,garden-a,dev-001,rice,sandy,2025-12-08T11:00:00+07:00,10,26.31,40.6,512,5.99,59,39,52,0.584,1.007,0.727,0.736,,,,Synthetic data for pipeline/rules testing only (NOT real soil science).
synthetic_prototype,SYN_00359,garden-b,dev-002,tomato,clay,2025-12-08T11:30:00+07:00,10,32.51,47.91,1242,6.14,158,66,124,2.088,3.599,3.869,0.787,,,,Synthetic data for pipeline/rules testing only (NOT real soil science).
synthetic_prototype,SYN_00360,garden-b,dev-004,tomato,sandy,2025-12-08T12:00:00+07:00,10,30.72,38.32,594,7.44,95,39,107,0.659,1.136,0.217,0.784,,,,Synthetic data for pipeline/rules testing only (NOT real soil science).
synthetic_prototype,SYN_00361,garden-c,dev-002,default,loam,2025-12-08T12:30:00+07:00,10,24.94,29.49,901,6.12,110,51,167,1.782,3.073,2.765,0.782,,,,Synthetic data for pipeline/rules testing only (NOT real soil science).
synthetic_prototype,SYN_00362,garden-b,dev-004,default,sandy,2025-12-08T13:00:00+07:00,10,29.88,24.2,900,5.8,89,36,160,0.969,1.671,2.013,0.814,,,,Synthetic data for pipeline/rules testing only (NOT real soil science).
synthetic_prototype,SYN_00363,garden-b,dev-001,rice,loam,2025-12-08T13:30:00+07:00,10,25.2,33.66,651,6.2,80,42,56,0.64,1.103,0.694,0.816,,,,Synthetic data for pipeline/rules testing only (NOT real soil science).
synthetic_prototype,SYN_00364,garden-a,dev-001,rice,sandy,2025-12-08T14:00:00+07:00,10,28.2,24.4,667,6.47,119,32,157,0.745,1.285,0.822,0.707,,,,Synthetic data for pipeline/rules testing only (NOT real soil science).
synthetic_prototype,SYN_00365,garden-b,dev-001,tomato,loam,2025-12-08T14:30:00+07:00,10,24.42,23.17,458,6.32,61,52,46,0.509,0.877,1.483,0.75,,,,Synthetic data for pipeline/rules testing only (NOT real soil science).
synthetic_prototype,SYN_00366,garden-b,dev-001,tomato,sandy,2025-12-08T15:00:00+07:00,10,28.43,34.4,549,6.72,90,21,89,0.8,1.38,1.075,0.792,,,,Synthetic data for pipeline/rules testing only (NOT real soil science).
synthetic_prototype,SYN_00367,garden-b,dev-002,chili,clay,2025-12-08T15:30:00+07:00,10,26.54,61.14,1694,6.47,183,62,116,2.292,3.951,4.142,0.772,,,,Synthetic data for pipeline/rules testing only (NOT real soil science).
synthetic_prototype,SYN_00368,garden-c,dev-004,rice,clay,2025-12-08T16:00:00+07:00,10,25.64,38.61,690,6.72,84,23,110,0.868,1.496,1.406,0.765,,,,Synthetic data for pipeline/rules testing only (NOT real soil science).
synthetic_prototype,SYN_00369,garden-a,dev-001,tomato,loam,2025-12-08T16:30:00+07:00,10,23.74,23.51,1118,6.85,127,64,73,2.461,4.242,5.116,0.784,,,,Synthetic data for pipeline/rules testing only (NOT real soil science).
synthetic_prototype,SYN_00370,garden-c,dev-001,chili,sandy,2025-12-08T17:00:00+07:00,10,28.13,35.13,437,5.64,66,17,53,0.76,1.31,1.242,0.776,,,,Synthetic data for pipeline/rules testing only (NOT real soil science).
synthetic_prototype,SYN_00371,garden-c,dev-003,chili,clay,2025-12-08T17:30:00+07:00,10,21.29,45.88,1570,5.93,134,74,142,2.404,4.145,4.7,0.82,,,,Synthetic data for pipeline/rules testing only (NOT real soil science).
synthetic_prototype,SYN_00372,garden-b,dev-001,default,sandy,2025-12-08T18:00:00+07:00,10,27.71,25.23,322,6.36,64,19,137,0.141,0.244,0.469,0.75,,,,Synthetic data for pipeline/rules testing only (NOT real soil science).
synthetic_prototype,SYN_00373,garden-a,dev-004,default,loam,2025-12-08T18:30:00+07:00,10,26.73,34.53,1193,5.97,149,91,171,1.96,3.379,4.05,0.817,,,,Synthetic data for pipeline/rules testing only (NOT real soil science).
synthetic_prototype,SYN_00374,garden-b,dev-004,rice,clay,2025-12-08T19:00:00+07:00,10,28.24,64.23,1151,5.96,96,65,161,1.841,3.175,2.829,0.751,,,,Synthetic data for pipeline/rules testing only (NOT real soil science).
synthetic_prototype,SYN_00375,garden-c,dev-002,rice,clay,2025-12-08T19:30:00+07:00,10,24.58,65.57,1452,6.16,119,54,94,1.755,3.026,2.964,0.744,,,,Synthetic data for pipeline/rules testing only (NOT real soil science).
synthetic_prototype,SYN_00376,garden-b,dev-003,tomato,loam,2025-12-08T20:00:00+07:00,10,26.8,36.79,1155,6.91,166,70,115,2.683,4.626,4.342,0.809,,,,Synthetic data for pipeline/rules testing only (NOT real soil science).
synthetic_prototype,SYN_00377,garden-a,dev-003,default,loam,2025-12-08T20:30:00+07:00,10,23.71,25.59,1033,6.32,126,52,152,1.909,3.291,3.223,0.811,,,,Synthetic data for pipeline/rules testing only (NOT real soil science).
synthetic_prototype,SYN_00378,garden-c,dev-002,default,sandy,2025-12-08T21:00:00+07:00,10,32.07,18.51,749,6.11,82,31,63,1.091,1.882,0.716,0.72,,,,Synthetic data for pipeline/rules testing only (NOT real soil science).
synthetic_prototype,SYN_00379,garden-b,dev-003,tomato,loam,2025-12-08T21:30:00+07:00,10,21.11,34.84,580,5.36,100,51,74,0.843,1.453,1.327,0.799,,,,Synthetic data for pipeline/rules testing only (NOT real soil science).
synthetic_prototype,SYN_00380,garden-b,dev-004,default,clay,2025-12-08T22:00:00+07:00,10,27.48,39.67,1285,6.27,160,87,155,2.816,4.855,5.115,0.852,,,,Synthetic data for pipeline/rules testing only (NOT real soil science).
synthetic_prototype,SYN_00381,garden-a,dev-001,default,clay,2025-12-08T22:30:00+07:00,10,32.06,26.07,1153,6.54,132,48,181,2.456,4.234,4.665,0.836,,,,Synthetic data for pipeline/rules testing only (NOT real soil science).
synthetic_prototype,SYN_00382,garden-b,dev-002,tomato,loam,2025-12-08T23:00:00+07:00,10,25.99,9.38,736,6.07,82,25,139,1.109,1.912,2.077,0.671,,,,Synthetic data for pipeline/rules testing only (NOT real soil science).
synthetic_prototype,SYN_00383,garden-c,dev-004,chili,sandy,2025-12-08T23:30:00+07:00,10,30.69,26.86,1530,6.37,151,60,142,1.63,2.809,3.1,0.801,,,,Synthetic data for pipeline/rules testing only (NOT real soil science).
synthetic_prototype,SYN_00384,garden-b,dev-002,rice,clay,2025-12-09T00:00:00+07:00,10,28.38,54.0,1122,6.81,107,71,169,1.809,3.119,3.094,0.751,,,,Synthetic data for pipeline/rules testing only (NOT real soil science).
synthetic_prototype,SYN_00385,garden-c,dev-002,default,loam,2025-12-09T00:30:00+07:00,10,26.92,30.24,472,6.27,79,8,137,1.278,2.204,2.361,0.774,,,,Synthetic data for pipeline/rules testing only (NOT real soil science).
synthetic_prototype,SYN_00386,garden-a,dev-002,rice,sandy,2025-12-09T01:00:00+07:00,10,29.56,27.63,121,6.41,32,28,77,0.401,0.691,0.399,0.716,,,,Synthetic data for pipeline/rules testing only (NOT real soil science).
synthetic_prototype,SYN_00387,garden-c,dev-002,tomato,sandy,2025-12-09T01:30:00+07:00,10,32.23,23.02,1265,5.77,144,66,148,1.959,3.378,3.482,0.779,,,,Synthetic data for pipeline/rules testing only (NOT real soil science).
synthetic_prototype,SYN_00388,garden-a,dev-002,chili,loam,2025-12-09T02:00:00+07:00,10,23.1,36.41,1662,6.3,161,96,236,2.898,4.996,5.239,0.785,,,,Synthetic data for pipeline/rules testing only (NOT real soil science).
synthetic_prototype,SYN_00389,garden-a,dev-003,chili,loam,2025-12-09T02:30:00+07:00,10,29.96,37.42,1061,5.68,110,71,174,1.564,2.696,2.032,0.774,,,,Synthetic data for pipeline/rules testing only (NOT real soil science).
synthetic_prototype,SYN_00390,garden-a,dev-001,default,loam,2025-12-09T03:00:00+07:00,10,28.56,33.9,475,5.38,99,39,56,1.015,1.75,1.934,0.815,,,,Synthetic data for pipeline/rules testing only (NOT real soil science).
synthetic_prototype,SYN_00391,garden-a,dev-001,chili,loam,2025-12-09T03:30:00+07:00,10,24.08,24.23,790,6.23,126,44,121,1.628,2.807,4.146,0.766,,,,Synthetic data for pipeline/rules testing only (NOT real soil science).
synthetic_prototype,SYN_00392,garden-c,dev-002,rice,clay,2025-12-09T04:00:00+07:00,10,23.9,48.88,1534,6.37,108,67,176,2.274,3.92,4.076,0.8,,,,Synthetic data for pipeline/rules testing only (NOT real soil science).
synthetic_prototype,SYN_00393,garden-b,dev-003,chili,sandy,2025-12-09T04:30:00+07:00,10,23.32,6.26,310,6.48,70,44,98,0.925,1.595,1.903,0.702,,,,Synthetic data for pipeline/rules testing only (NOT real soil science).
synthetic_prototype,SYN_00394,garden-b,dev-002,chili,loam,2025-12-09T05:00:00+07:00,10,27.88,5.9,848,6.69,135,61,195,1.898,3.272,3.857,0.739,,,,Synthetic data for pipeline/rules testing only (NOT real soil science).
synthetic_prototype,SYN_00395,garden-a,dev-004,default,loam,2025-12-09T05:30:00+07:00,10,29.27,38.7,871,6.5,115,48,135,1.415,2.439,2.075,0.791,,,,Synthetic data for pipeline/rules testing only (NOT real soil science).
synthetic_prototype,SYN_00396,garden-b,dev-002,default,loam,2025-12-09T06:00:00+07:00,10,28.14,22.97,1053,6.74,69,68,121,1.742,3.004,2.66,0.778,,,,Synthetic data for pipeline/rules testing only (NOT real soil science).
synthetic_prototype,SYN_00397,garden-a,dev-004,chili,loam,2025-12-09T06:30:00+07:00,10,29.26,20.55,801,5.43,132,62,104,1.714,2.955,3.334,0.786,,,,Synthetic data for pipeline/rules testing only (NOT real soil science).
synthetic_prototype,SYN_00398,garden-a,dev-004,default,clay,2025-12-09T07:00:00+07:00,10,27.63,21.86,916,6.67,77,61,152,1.478,2.548,3.267,0.799,,,,Synthetic data for pipeline/rules testing only (NOT real soil science).
synthetic_prototype,SYN_00399,garden-a,dev-002,rice,loam,2025-12-09T07:30:00+07:00,10,26.6,50.43,1023,6.18,128,36,104,1.981,3.415,3.148,0.776,,,,Synthetic data for pipeline/rules testing only (NOT real soil science).
synthetic_prototype,SYN_00400,garden-b,dev-004,rice,sandy,2025-12-09T08:00:00+07:00,10,27.96,36.51,606,5.94,111,32,65,0.801,1.382,1.09,0.777,,,,Synthetic data for pipeline/rules testing only (NOT real soil science).
synthetic_prototype,SYN_00401,garden-b,dev-001,rice,loam,2025-12-09T08:30:00+07:00,10,21.44,39.8,1154,6.48,124,49,110,1.707,2.944,2.132,0.795,,,,Synthetic data for pipeline/rules testing only (NOT real soil science).
synthetic_prototype,SYN_00402,garden-c,dev-001,default,loam,2025-12-09T09:00:00+07:00,10,25.09,16.83,801,5.19,81,54,106,1.876,3.235,3.7,0.719,,,,Synthetic data for pipeline/rules testing only (NOT real soil science).
synthetic_prototype,SYN_00403,garden-b,dev-003,chili,sandy,2025-12-09T09:30:00+07:00,10,24.62,25.1,969,5.81,68,43,142,1.442,2.486,2.131,0.741,,,,Synthetic data for pipeline/rules testing only (NOT real soil science).
synthetic_prototype,SYN_00404,garden-a,dev-004,tomato,clay,2025-12-09T10:00:00+07:00,10,30.55,42.23,1739,7.76,178,91,211,3.089,5.326,5.539,0.818,,,,Synthetic data for pipeline/rules testing only (NOT real soil science).
synthetic_prototype,SYN_00405,garden-b,dev-002,tomato,sandy,2025-12-09T10:30:00+07:00,10,24.91,23.36,685,6.28,94,49,60,1.152,1.986,1.551,0.761,,,,Synthetic data for pipeline/rules testing only (NOT real soil science).
synthetic_prototype,SYN_00406,garden-b,dev-004,chili,loam,2025-12-09T11:00:00+07:00,10,24.14,19.49,1265,5.85,163,71,183,2.269,3.911,2.554,0.791,,,,Synthetic data for pipeline/rules testing only (NOT real soil science).
synthetic_prototype,SYN_00407,garden-b,dev-003,rice,sandy,2025-12-09T11:30:00+07:00,10,26.26,34.17,1212,6.15,99,59,138,1.892,3.261,3.273,0.835,,,,Synthetic data for pipeline/rules testing only (NOT real soil science).
synthetic_prototype,SYN_00408,garden-b,dev-003,default,sandy,2025-12-09T12:00:00+07:00,10,29.54,31.43,874,6.51,124,46,127,1.605,2.767,2.414,0.866,,,,Synthetic data for pipeline/rules testing only (NOT real soil science).
synthetic_prototype,SYN_00409,garden-a,dev-004,chili,loam,2025-12-09T12:30:00+07:00,10,29.57,27.52,1267,6.26,135,94,122,2.716,4.682,4.725,0.715,,,,Synthetic data for pipeline/rules testing only (NOT real soil science).
synthetic_prototype,SYN_00410,garden-c,dev-004,rice,clay,2025-12-09T13:00:00+07:00,10,27.23,55.75,1549,6.18,142,72,199,1.974,3.403,3.07,0.818,,,,Synthetic data for pipeline/rules testing only (NOT real soil science).
synthetic_prototype,SYN_00411,garden-b,dev-002,default,loam,2025-12-09T13:30:00+07:00,10,31.69,31.76,908,6.7,102,47,145,0.878,1.513,0.576,0.759,,,,Synthetic data for pipeline/rules testing only (NOT real soil science).
synthetic_prototype,SYN_00412,garden-a,dev-004,tomato,loam,2025-12-09T14:00:00+07:00,10,26.02,37.06,1385,6.95,120,77,184,1.716,2.959,1.431,0.865,,,,Synthetic data for pipeline/rules testing only (NOT real soil science).
synthetic_prototype,SYN_00413,garden-c,dev-004,rice,sandy,2025-12-09T14:30:00+07:00,10,27.58,23.24,1061,5.56,109,43,199,1.521,2.622,2.211,0.763,,,,Synthetic data for pipeline/rules testing only (NOT real soil science).
synthetic_prototype,SYN_00414,garden-b,dev-004,default,loam,2025-12-09T15:00:00+07:00,10,29.52,39.92,716,5.85,109,32,137,0.45,0.775,0.957,0.759,,,,Synthetic data for pipeline/rules testing only (NOT real soil science).
synthetic_prototype,SYN_00415,garden-c,dev-004,chili,loam,2025-12-09T15:30:00+07:00,10,28.85,48.88,1281,6.82,127,63,140,2.19,3.775,4.256,0.851,,,,Synthetic data for pipeline/rules testing only (NOT real soil science).
synthetic_prototype,SYN_00416,garden-b,dev-004,rice,sandy,2025-12-09T16:00:00+07:00,10,29.11,35.55,685,5.74,74,41,100,1.141,1.967,1.335,0.789,,,,Synthetic data for pipeline/rules testing only (NOT real soil science).
synthetic_prototype,SYN_00417,garden-a,dev-002,rice,sandy,2025-12-09T16:30:00+07:00,10,25.39,47.6,1120,6.58,99,51,175,1.366,2.354,2.914,0.775,,,,Synthetic data for pipeline/rules testing only (NOT real soil science).
synthetic_prototype,SYN_00418,garden-a,dev-002,rice,sandy,2025-12-09T17:00:00+07:00,10,22.14,28.61,797,5.63,95,33,99,1.528,2.635,3.225,0.783,,,,Synthetic data for pipeline/rules testing only (NOT real soil science).
synthetic_prototype,SYN_00419,garden-b,dev-002,chili,loam,2025-12-09T17:30:00+07:00,10,29.39,37.45,893,6.78,92,44,132,1.937,3.34,2.551,0.787,,,,Synthetic data for pipeline/rules testing only (NOT real soil science).
synthetic_prototype,SYN_00420,garden-a,dev-001,default,loam,2025-12-09T18:00:00+07:00,10,30.85,9.42,442,6.47,114,49,78,1.26,2.172,2.208,0.682,,,,Synthetic data for pipeline/rules testing only (NOT real soil science).
synthetic_prototype,SYN_00421,garden-a,dev-002,rice,sandy,2025-12-09T18:30:00+07:00,10,31.19,41.01,572,6.11,98,40,109,0.99,1.707,1.201,0.776,,,,Synthetic data for pipeline/rules testing only (NOT real soil science).
synthetic_prototype,SYN_00422,garden-c,dev-001,default,sandy,2025-12-09T19:00:00+07:00,10,21.56,25.38,895,6.54,108,62,161,1.586,2.735,2.453,0.774,,,,Synthetic data for pipeline/rules testing only (NOT real soil science).
synthetic_prototype,SYN_00423,garden-a,dev-003,rice,sandy,2025-12-09T19:30:00+07:00,10,30.63,34.95,897,6.82,101,49,128,1.488,2.565,2.632,0.83,,,,Synthetic data for pipeline/rules testing only (NOT real soil science).
synthetic_prototype,SYN_00424,garden-c,dev-001,default,clay,2025-12-09T20:00:00+07:00,10,29.35,35.1,1266,7.09,122,60,148,2.42,4.172,4.485,0.825,,,,Synthetic data for pipeline/rules testing only (NOT real soil science).
synthetic_prototype,SYN_00425,garden-a,dev-002,chili,loam,2025-12-09T20:30:00+07:00,10,23.75,39.48,783,7.02,104,46,172,1.55,2.672,3.168,0.806,,,,Synthetic data for pipeline/rules testing only (NOT real soil science).
synthetic_prototype,SYN_00426,garden-c,dev-003,chili,loam,2025-12-09T21:00:00+07:00,10,25.78,17.15,614,7.01,126,65,91,1.964,3.385,3.812,0.728,,,,Synthetic data for pipeline/rules testing only (NOT real soil science).
synthetic_prototype,SYN_00427,garden-c,dev-001,default,loam,2025-12-09T21:30:00+07:00,10,25.1,37.37,788,6.13,127,68,122,1.7,2.931,3.163,0.785,,,,Synthetic data for pipeline/rules testing only (NOT real soil science).
synthetic_prototype,SYN_00428,garden-a,dev-004,chili,sandy,2025-12-09T22:00:00+07:00,10,32.1,34.78,713,5.92,82,46,73,1.095,1.887,1.44,0.816,,,,Synthetic data for pipeline/rules testing only (NOT real soil science).
synthetic_prototype,SYN_00429,garden-b,dev-003,rice,loam,2025-12-09T22:30:00+07:00,10,29.99,49.11,1740,7.05,161,85,158,2.437,4.201,4.534,0.791,,,,Synthetic data for pipeline/rules testing only (NOT real soil science).
synthetic_prototype,SYN_00430,garden-b,dev-001,rice,loam,2025-12-09T23:00:00+07:00,10,28.28,27.98,502,6.16,83,20,89,1.052,1.814,1.727,0.764,,,,Synthetic data for pipeline/rules testing only (NOT real soil science).
synthetic_prototype,SYN_00431,garden-a,dev-004,rice,clay,2025-12-09T23:30:00+07:00,10,22.41,53.01,1298,6.49,90,71,187,1.998,3.445,3.25,0.811,,,,Synthetic data for pipeline/rules testing only (NOT real soil science).
synthetic_prototype,SYN_00432,garden-b,dev-004,rice,loam,2025-12-10T00:00:00+07:00,10,22.18,45.91,721,6.56,79,52,112,1.163,2.005,2.151,0.772,,,,Synthetic data for pipeline/rules testing only (NOT real soil science).
synthetic_prototype,SYN_00433,garden-c,dev-001,rice,loam,2025-12-10T00:30:00+07:00,10,28.4,33.97,998,6.74,109,52,158,1.318,2.272,2.929,0.838,,,,Synthetic data for pipeline/rules testing only (NOT real soil science).
synthetic_prototype,SYN_00434,garden-a,dev-001,tomato,sandy,2025-12-10T01:00:00+07:00,10,27.2,21.47,384,5.87,72,44,98,0.861,1.484,1.889,0.74,,,,Synthetic data for pipeline/rules testing only (NOT real soil science).
synthetic_prototype,SYN_00435,garden-a,dev-004,chili,loam,2025-12-10T01:30:00+07:00,10,31.64,41.47,889,7.01,127,43,153,1.433,2.47,1.512,0.79,,,,Synthetic data for pipeline/rules testing only (NOT real soil science).
synthetic_prototype,SYN_00436,garden-c,dev-002,rice,clay,2025-12-10T02:00:00+07:00,10,27.78,49.9,1947,6.46,198,98,225,3.027,5.219,6.117,0.8,,,,Synthetic data for pipeline/rules testing only (NOT real soil science).
synthetic_prototype,SYN_00437,garden-a,dev-003,chili,sandy,2025-12-10T02:30:00+07:00,10,25.47,20.95,569,5.95,105,32,71,0.926,1.596,2.089,0.718,,,,Synthetic data for pipeline/rules testing only (NOT real soil science).
synthetic_prototype,SYN_00438,garden-b,dev-002,chili,sandy,2025-12-10T03:00:00+07:00,10,25.03,10.75,834,6.22,68,70,90,1.542,2.658,2.632,0.724,,,,Synthetic data for pipeline/rules testing only (NOT real soil science).
synthetic_prototype,SYN_00439,garden-a,dev-002,default,loam,2025-12-10T03:30:00+07:00,10,27.89,12.97,1284,5.89,103,55,120,2.255,3.888,3.843,0.789,,,,Synthetic data for pipeline/rules testing only (NOT real soil science).
synthetic_prototype,SYN_00440,garden-a,dev-004,default,loam,2025-12-10T04:00:00+07:00,10,28.12,35.69,1475,6.59,185,92,185,3.08,5.311,5.603,0.834,,,,Synthetic data for pipeline/rules testing only (NOT real soil science).
synthetic_prototype,SYN_00441,garden-b,dev-002,default,sandy,2025-12-10T04:30:00+07:00,10,27.46,20.15,977,5.37,110,43,149,1.003,1.73,2.874,0.792,,,,Synthetic data for pipeline/rules testing only (NOT real soil science).
synthetic_prototype,SYN_00442,garden-a,dev-004,tomato,loam,2025-12-10T05:00:00+07:00,10,32.51,24.39,1080,6.63,80,43,142,2.071,3.571,4.68,0.77,,,,Synthetic data for pipeline/rules testing only (NOT real soil science).
synthetic_prototype,SYN_00443,garden-a,dev-001,default,clay,2025-12-10T05:30:00+07:00,10,28.38,25.7,1484,5.55,127,86,175,2.861,4.932,5.217,0.825,,,,Synthetic data for pipeline/rules testing only (NOT real soil science).
synthetic_prototype,SYN_00444,garden-c,dev-001,default,loam,2025-12-10T06:00:00+07:00,10,25.1,30.59,982,6.23,146,84,137,2.432,4.193,4.63,0.792,,,,Synthetic data for pipeline/rules testing only (NOT real soil science).
synthetic_prototype,SYN_00445,garden-a,dev-001,rice,clay,2025-12-10T06:30:00+07:00,10,30.4,37.05,1552,5.89,168,96,188,3.363,5.798,5.901,0.82,,,,Synthetic data for pipeline/rules testing only (NOT real soil science).
synthetic_prototype,SYN_00446,garden-b,dev-001,tomato,clay,2025-12-10T07:00:00+07:00,10,30.53,29.56,1710,6.34,184,84,215,2.822,4.865,5.785,0.777,,,,Synthetic data for pipeline/rules testing only (NOT real soil science).
synthetic_prototype,SYN_00447,garden-c,dev-004,rice,clay,2025-12-10T07:30:00+07:00,10,28.59,39.6,1875,6.97,177,74,245,3.441,5.932,6.192,0.819,,,,Synthetic data for pipeline/rules testing only (NOT real soil science).
synthetic_prototype,SYN_00448,garden-b,dev-003,default,sandy,2025-12-10T08:00:00+07:00,10,27.32,22.55,747,6.68,85,59,152,1.868,3.221,2.928,0.747,,,,Synthetic data for pipeline/rules testing only (NOT real soil science).
synthetic_prototype,SYN_00449,garden-c,dev-002,default,sandy,2025-12-10T08:30:00+07:00,10,30.61,12.02,396,5.89,89,37,148,1.281,2.209,2.6,0.661,,,,Synthetic data for pipeline/rules testing only (NOT real soil science).
synthetic_prototype,SYN_00450,garden-a,dev-004,default,loam,2025-12-10T09:00:00+07:00,10,33.15,13.13,1472,6.12,127,63,138,2.227,3.84,5.019,0.734,,,,Synthetic data for pipeline/rules testing only (NOT real soil science).
synthetic_prototype,SYN_00451,garden-a,dev-001,default,loam,2025-12-10T09:30:00+07:00,10,25.42,36.17,758,6.66,146,64,162,1.837,3.167,2.16,0.827,,,,Synthetic data for pipeline/rules testing only (NOT real soil science).
synthetic_prototype,SYN_00452,garden-a,dev-002,chili,loam,2025-12-10T10:00:00+07:00,10,27.56,21.55,1157,5.6,143,78,131,2.642,4.555,4.969,0.779,,,,Synthetic data for pipeline/rules testing only (NOT real soil science).
synthetic_prototype,SYN_00453,garden-b,dev-002,rice,loam,2025-12-10T10:30:00+07:00,10,36.07,45.4,1251,7.05,121,43,168,1.926,3.32,3.829,0.794,,,,Synthetic data for pipeline/rules testing only (NOT real soil science).
synthetic_prototype,SYN_00454,garden-b,dev-003,default,loam,2025-12-10T11:00:00+07:00,10,31.43,35.65,1540,6.85,177,75,168,3.38,5.828,6.095,0.798,,,,Synthetic data for pipeline/rules testing only (NOT real soil science).
synthetic_prototype,SYN_00455,garden-c,dev-004,rice,sandy,2025-12-10T11:30:00+07:00,10,27.03,43.18,506,7.53,84,46,63,0.217,0.373,0.654,0.775,,,,Synthetic data for pipeline/rules testing only (NOT real soil science).
synthetic_prototype,SYN_00456,garden-a,dev-003,chili,sandy,2025-12-10T12:00:00+07:00,10,29.51,25.62,1141,5.58,115,70,120,1.846,3.182,3.211,0.768,,,,Synthetic data for pipeline/rules testing only (NOT real soil science).
synthetic_prototype,SYN_00457,garden-b,dev-004,default,clay,2025-12-10T12:30:00+07:00,10,28.15,29.15,1451,5.7,153,84,200,2.921,5.036,5.431,0.827,,,,Synthetic data for pipeline/rules testing only (NOT real soil science).
synthetic_prototype,SYN_00458,garden-b,dev-001,rice,loam,2025-12-10T13:00:00+07:00,10,19.61,49.89,942,6.21,113,50,150,1.142,1.968,2.389,0.726,,,,Synthetic data for pipeline/rules testing only (NOT real soil science).
synthetic_prototype,SYN_00459,garden-c,dev-002,rice,loam,2025-12-10T13:30:00+07:00,10,21.07,28.79,633,6.01,54,41,104,0.963,1.66,1.356,0.733,,,,Synthetic data for pipeline/rules testing only (NOT real soil science).
synthetic_prototype,SYN_00460,garden-a,dev-003,chili,loam,2025-12-10T14:00:00+07:00,10,28.7,32.92,1490,5.63,138,100,178,2.352,4.055,3.339,0.773,,,,Synthetic data for pipeline/rules testing only (NOT real soil science).
synthetic_prototype,SYN_00461,garden-c,dev-002,default,loam,2025-12-10T14:30:00+07:00,10,28.23,33.07,986,5.98,110,62,126,1.475,2.543,2.291,0.819,,,,Synthetic data for pipeline/rules testing only (NOT real soil science).
synthetic_prototype,SYN_00462,garden-a,dev-001,tomato,clay,2025-12-10T15:00:00+07:00,10,29.07,30.27,1233,5.92,108,76,186,2.327,4.011,3.167,0.836,,,,Synthetic data for pipeline/rules testing only (NOT real soil science).
synthetic_prototype,SYN_00463,garden-a,dev-003,default,loam,2025-12-10T15:30:00+07:00,10,25.13,13.71,703,6.34,73,32,101,1.051,1.813,1.849,0.682,,,,Synthetic data for pipeline/rules testing only (NOT real soil science).
synthetic_prototype,SYN_00464,garden-b,dev-001,rice,loam,2025-12-10T16:00:00+07:00,10,30.66,47.16,785,6.27,100,39,119,1.373,2.367,1.382,0.793,,,,Synthetic data for pipeline/rules testing only (NOT real soil science).
synthetic_prototype,SYN_00465,garden-a,dev-003,chili,sandy,2025-12-10T16:30:00+07:00,10,29.99,9.6,676,6.58,92,38,119,1.114,1.921,1.587,0.691,,,,Synthetic data for pipeline/rules testing only (NOT real soil science).
synthetic_prototype,SYN_00466,garden-a,dev-001,default,sandy,2025-12-10T17:00:00+07:00,10,31.33,29.73,804,6.74,103,53,105,1.302,2.245,1.783,0.773,,,,Synthetic data for pipeline/rules testing only (NOT real soil science).
synthetic_prototype,SYN_00467,garden-b,dev-003,rice,loam,2025-12-10T17:30:00+07:00,10,33.94,41.27,1332,6.76,126,65,161,2.027,3.495,3.731,0.831,,,,Synthetic data for pipeline/rules testing only (NOT real soil science).
synthetic_prototype,SYN_00468,garden-c,dev-004,chili,loam,2025-12-10T18:00:00+07:00,10,26.21,51.95,763,5.78,58,48,125,1.064,1.835,2.161,0.799,,,,Synthetic data for pipeline/rules testing only (NOT real soil science).
synthetic_prototype,SYN_00469,garden-a,dev-002,rice,sandy,2025-12-10T18:30:00+07:00,10,26.33,39.11,1117,7.52,123,58,162,1.212,2.089,2.901,0.848,,,,Synthetic data for pipeline/rules testing only (NOT real soil science).
synthetic_prototype,SYN_00470,garden-b,dev-004,rice,loam,2025-12-10T19:00:00+07:00,10,31.25,47.64,1201,6.8,133,68,126,1.883,3.246,2.731,0.809,,,,Synthetic data for pipeline/rules testing only (NOT real soil science).
synthetic_prototype,SYN_00471,garden-b,dev-001,chili,loam,2025-12-10T19:30:00+07:00,10,24.55,32.69,797,5.95,70,41,82,1.051,1.813,1.436,0.808,,,,Synthetic data for pipeline/rules testing only (NOT real soil science).
synthetic_prototype,SYN_00472,garden-b,dev-004,default,clay,2025-12-10T20:00:00+07:00,10,31.11,47.23,1057,5.88,119,55,108,1.667,2.873,2.319,0.794,,,,Synthetic data for pipeline/rules testing only (NOT real soil science).
synthetic_prototype,SYN_00473,garden-c,dev-004,chili,loam,2025-12-10T20:30:00+07:00,10,29.7,39.45,843,4.92,73,54,75,1.432,2.469,2.853,0.747,,,,Synthetic data for pipeline/rules testing only (NOT real soil science).
synthetic_prototype,SYN_00474,garden-c,dev-004,default,loam,2025-12-10T21:00:00+07:00,10,29.38,34.84,504,6.23,129,42,132,1.603,2.764,2.851,0.789,,,,Synthetic data for pipeline/rules testing only (NOT real soil science).
synthetic_prototype,SYN_00475,garden-a,dev-002,tomato,loam,2025-12-10T21:30:00+07:00,10,30.99,11.29,770,6.44,129,61,149,2.104,3.627,3.605,0.762,,,,Synthetic data for pipeline/rules testing only (NOT real soil science).
synthetic_prototype,SYN_00476,garden-c,dev-003,chili,sandy,2025-12-10T22:00:00+07:00,10,32.67,8.54,1237,5.82,135,68,77,1.659,2.859,2.91,0.667,,,,Synthetic data for pipeline/rules testing only (NOT real soil science).
synthetic_prototype,SYN_00477,garden-a,dev-001,rice,loam,2025-12-10T22:30:00+07:00,10,26.19,41.34,1168,6.74,99,45,157,2.204,3.8,4.073,0.832,,,,Synthetic data for pipeline/rules testing only (NOT real soil science).
synthetic_prototype,SYN_00478,garden-a,dev-004,rice,sandy,2025-12-10T23:00:00+07:00,10,33.04,32.14,1293,6.29,148,65,131,2.15,3.706,3.441,0.811,,,,Synthetic data for pipeline/rules testing only (NOT real soil science).
synthetic_prototype,SYN_00479,garden-a,dev-002,rice,loam,2025-12-10T23:30:00+07:00,10,28.99,36.74,833,6.86,100,47,126,1.207,2.08,2.489,0.734,,,,Synthetic data for pipeline/rules testing only (NOT real soil science).
synthetic_prototype,SYN_00480,garden-a,dev-004,default,loam,2025-12-11T00:00:00+07:00,10,32.69,36.36,997,5.67,100,40,98,1.323,2.281,1.957,0.777,,,,Synthetic data for pipeline/rules testing only (NOT real soil science).
synthetic_prototype,SYN_00481,garden-c,dev-003,default,loam,2025-12-11T00:30:00+07:00,10,27.54,21.46,877,7.33,79,52,148,1.129,1.946,1.308,0.714,,,,Synthetic data for pipeline/rules testing only (NOT real soil science).
synthetic_prototype,SYN_00482,garden-b,dev-003,rice,loam,2025-12-11T01:00:00+07:00,10,31.98,29.7,789,6.34,130,48,109,1.475,2.543,2.943,0.789,,,,Synthetic data for pipeline/rules testing only (NOT real soil science).
synthetic_prototype,SYN_00483,garden-c,dev-003,default,loam,2025-12-11T01:30:00+07:00,10,28.08,24.1,1335,6.59,152,81,132,3.079,5.309,5.558,0.805,,,,Synthetic data for pipeline/rules testing only (NOT real soil science).
synthetic_prototype,SYN_00484,garden-c,dev-003,default,loam,2025-12-11T02:00:00+07:00,10,31.59,41.8,1437,6.16,149,71,195,2.565,4.422,4.403,0.783,,,,Synthetic data for pipeline/rules testing only (NOT real soil science).
synthetic_prototype,SYN_00485,garden-c,dev-002,rice,clay,2025-12-11T02:30:00+07:00,10,26.55,58.66,1379,5.53,144,66,207,2.483,4.281,4.498,0.737,,,,Synthetic data for pipeline/rules testing only (NOT real soil science).
synthetic_prototype,SYN_00486,garden-b,dev-001,default,loam,2025-12-11T03:00:00+07:00,10,30.64,35.76,1483,6.7,155,61,194,2.187,3.771,3.962,0.785,,,,Synthetic data for pipeline/rules testing only (NOT real soil science).
synthetic_prototype,SYN_00487,garden-b,dev-004,chili,loam,2025-12-11T03:30:00+07:00,10,27.64,19.53,644,7.01,132,43,129,2.286,3.942,3.76,0.716,,,,Synthetic data for pipeline/rules testing only (NOT real soil science).
synthetic_prototype,SYN_00488,garden-c,dev-003,default,sandy,2025-12-11T04:00:00+07:00,10,29.33,20.1,654,6.17,106,39,113,1.311,2.261,2.103,0.779,,,,Synthetic data for pipeline/rules testing only (NOT real soil science).
synthetic_prototype,SYN_00489,garden-a,dev-002,default,sandy,2025-12-11T04:30:00+07:00,10,28.66,13.81,765,6.2,116,49,123,1.571,2.708,2.534,0.736,,,,Synthetic data for pipeline/rules testing only (NOT real soil science).
synthetic_prototype,SYN_00490,garden-b,dev-004,default,loam,2025-12-11T05:00:00+07:00,10,32.24,19.78,338,6.55,49,20,89,0.759,1.308,0.824,0.744,,,,Synthetic data for pipeline/rules testing only (NOT real soil science).
synthetic_prototype,SYN_00491,garden-c,dev-004,tomato,loam,2025-12-11T05:30:00+07:00,10,23.11,43.97,966,6.56,95,55,151,1.743,3.005,3.062,0.796,,,,Synthetic data for pipeline/rules testing only (NOT real soil science).
synthetic_prototype,SYN_00492,garden-b,dev-001,rice,clay,2025-12-11T06:00:00+07:00,10,27.22,47.6,1388,6.37,159,79,184,3.179,5.48,5.131,0.773,,,,Synthetic data for pipeline/rules testing only (NOT real soil science).
synthetic_prototype,SYN_00493,garden-a,dev-002,tomato,sandy,2025-12-11T06:30:00+07:00,10,30.75,8.59,384,6.28,73,24,77,0.967,1.668,2.059,0.691,,,,Synthetic data for pipeline/rules testing only (NOT real soil science).
synthetic_prototype,SYN_00494,garden-c,dev-003,default,sandy,2025-12-11T07:00:00+07:00,10,27.03,24.36,929,6.31,127,56,120,1.807,3.115,3.83,0.768,,,,Synthetic data for pipeline/rules testing only (NOT real soil science).
synthetic_prototype,SYN_00495,garden-a,dev-001,default,clay,2025-12-11T07:30:00+07:00,10,27.42,26.17,1373,6.59,138,93,150,2.57,4.432,4.795,0.822,,,,Synthetic data for pipeline/rules testing only (NOT real soil science).
synthetic_prototype,SYN_00496,garden-c,dev-004,chili,sandy,2025-12-11T08:00:00+07:00,10,30.26,15.67,815,7.09,92,44,113,0.884,1.524,0.91,0.732,,,,Synthetic data for pipeline/rules testing only (NOT real soil science).
synthetic_prototype,SYN_00497,garden-c,dev-002,default,clay,2025-12-11T08:30:00+07:00,10,26.97,47.55,1827,6.83,228,70,269,3.202,5.52,5.654,0.753,,,,Synthetic data for pipeline/rules testing only (NOT real soil science).
synthetic_prototype,SYN_00498,garden-b,dev-001,chili,clay,2025-12-11T09:00:00+07:00,10,31.35,40.81,1845,5.96,161,69,200,2.525,4.353,4.636,0.782,,,,Synthetic data for pipeline/rules testing only (NOT real soil science).
synthetic_prototype,SYN_00499,garden-c,dev-003,chili,loam,2025-12-11T09:30:00+07:00,10,32.72,33.57,989,6.2,111,43,124,1.313,2.264,1.64,0.829,,,,Synthetic data for pipeline/rules testing only (NOT real soil science).
synthetic_prototype,SYN_00500,garden-c,dev-003,tomato,loam,2025-12-11T10:00:00+07:00,10,22.47,9.05,642,5.94,88,55,195,1.71,2.949,2.443,0.774,,,,Synthetic data for pipeline/rules testing only (NOT real soil science).
synthetic_prototype,SYN_00501,garden-c,dev-004,default,clay,2025-12-11T10:30:00+07:00,10,28.42,36.04,1339,7.08,128,71,181,2.682,4.624,5.161,0.801,,,,Synthetic data for pipeline/rules testing only (NOT real soil science).
synthetic_prototype,SYN_00502,garden-c,dev-004,chili,clay,2025-12-11T11:00:00+07:00,10,26.69,24.69,1461,5.36,187,77,177,2.789,4.809,3.615,0.822,,,,Synthetic data for pipeline/rules testing only (NOT real soil science).
synthetic_prototype,SYN_00503,garden-a,dev-003,chili,sandy,2025-12-11T11:30:00+07:00,10,26.01,11.86,760,7.43,89,74,114,1.505,2.595,3.149,0.735,,,,Synthetic data for pipeline/rules testing only (NOT real soil science).
synthetic_prototype,SYN_00504,garden-a,dev-002,rice,loam,2025-12-11T12:00:00+07:00,10,32.26,41.6,1456,6.5,174,65,136,2.286,3.942,4.256,0.863,,,,Synthetic data for pipeline/rules testing only (NOT real soil science).
synthetic_prototype,SYN_00505,garden-c,dev-002,rice,sandy,2025-12-11T12:30:00+07:00,10,31.55,21.44,569,7.74,58,30,49,1.006,1.734,2.239,0.742,,,,Synthetic data for pipeline/rules testing only (NOT real soil science).
synthetic_prototype,SYN_00506,garden-b,dev-004,rice,loam,2025-12-11T13:00:00+07:00,10,29.71,34.48,1603,6.86,160,98,202,2.463,4.247,3.794,0.833,,,,Synthetic data for pipeline/rules testing only (NOT real soil science).
synthetic_prototype,SYN_00507,garden-c,dev-001,chili,loam,2025-12-11T13:30:00+07:00,10,30.14,33.73,901,5.0,115,61,142,1.207,2.081,2.599,0.801,,,,Synthetic data for pipeline/rules testing only (NOT real soil science).
synthetic_prototype,SYN_00508,garden-b,dev-003,default,clay,2025-12-11T14:00:00+07:00,10,28.06,49.59,2002,6.11,174,100,235,3.688,6.358,5.88,0.753,,,,Synthetic data for pipeline/rules testing only (NOT real soil science).
synthetic_prototype,SYN_00509,garden-a,dev-001,default,loam,2025-12-11T14:30:00+07:00,10,34.6,26.45,575,7.28,45,53,123,0.806,1.39,2.009,0.775,,,,Synthetic data for pipeline/rules testing only (NOT real soil science).
synthetic_prototype,SYN_00510,garden-a,dev-001,chili,sandy,2025-12-11T15:00:00+07:00,10,27.18,26.86,791,6.97,95,63,134,1.879,3.239,3.521,0.719,,,,Synthetic data for pipeline/rules testing only (NOT real soil science).
synthetic_prototype,SYN_00511,garden-c,dev-001,rice,loam,2025-12-11T15:30:00+07:00,10,25.43,46.49,1225,6.4,115,51,136,1.971,3.398,3.376,0.829,,,,Synthetic data for pipeline/rules testing only (NOT real soil science).
synthetic_prototype,SYN_00512,garden-a,dev-002,rice,loam,2025-12-11T16:00:00+07:00,10,28.31,44.22,919,7.07,147,53,116,1.575,2.715,2.551,0.807,,,,Synthetic data for pipeline/rules testing only (NOT real soil science).
synthetic_prototype,SYN_00513,garden-c,dev-002,chili,sandy,2025-12-11T16:30:00+07:00,10,31.34,24.57,1002,5.38,126,70,111,1.687,2.908,2.504,0.815,,,,Synthetic data for pipeline/rules testing only (NOT real soil science).
synthetic_prototype,SYN_00514,garden-c,dev-003,rice,clay,2025-12-11T17:00:00+07:00,10,30.32,34.86,1387,6.59,99,43,163,1.853,3.194,2.681,0.807,,,,Synthetic data for pipeline/rules testing only (NOT real soil science).
synthetic_prototype,SYN_00515,garden-b,dev-003,chili,sandy,2025-12-11T17:30:00+07:00,10,29.03,9.8,471,7.06,65,24,84,0.369,0.636,0.014,0.723,,,,Synthetic data for pipeline/rules testing only (NOT real soil science).
synthetic_prototype,SYN_00516,garden-a,dev-002,tomato,loam,2025-12-11T18:00:00+07:00,10,28.6,35.86,1289,5.77,170,74,176,2.69,4.637,5.26,0.772,,,,Synthetic data for pipeline/rules testing only (NOT real soil science).
synthetic_prototype,SYN_00517,garden-b,dev-001,default,loam,2025-12-11T18:30:00+07:00,10,26.91,35.84,754,6.56,103,27,110,1.213,2.091,1.719,0.78,,,,Synthetic data for pipeline/rules testing only (NOT real soil science).
synthetic_prototype,SYN_00518,garden-a,dev-002,rice,sandy,2025-12-11T19:00:00+07:00,10,29.05,47.05,987,6.8,95,47,155,0.663,1.143,1.253,0.754,,,,Synthetic data for pipeline/rules testing only (NOT real soil science).
synthetic_prototype,SYN_00519,garden-a,dev-004,default,clay,2025-12-11T19:30:00+07:00,10,28.31,40.78,1018,6.56,107,48,85,1.026,1.769,1.181,0.801,,,,Synthetic data for pipeline/rules testing only (NOT real soil science).
synthetic_prototype,SYN_00520,garden-b,dev-004,chili,loam,2025-12-11T20:00:00+07:00,10,27.25,22.8,888,7.0,110,55,155,1.775,3.06,3.384,0.749,,,,Synthetic data for pipeline/rules testing only (NOT real soil science).
synthetic_prototype,SYN_00521,garden-c,dev-002,default,clay,2025-12-11T20:30:00+07:00,10,30.67,31.42,1223,6.3,134,53,184,1.79,3.086,2.39,0.83,,,,Synthetic data for pipeline/rules testing only (NOT real soil science).
synthetic_prototype,SYN_00522,garden-b,dev-003,chili,loam,2025-12-11T21:00:00+07:00,10,28.88,19.11,721,6.65,86,65,151,1.532,2.642,1.946,0.751,,,,Synthetic data for pipeline/rules testing only (NOT real soil science).
synthetic_prototype,SYN_00523,garden-a,dev-001,rice,clay,2025-12-11T21:30:00+07:00,10,28.76,48.75,1517,6.63,119,72,223,2.369,4.085,5.972,0.805,,,,Synthetic data for pipeline/rules testing only (NOT real soil science).
synthetic_prototype,SYN_00524,garden-b,dev-001,rice,loam,2025-12-11T22:00:00+07:00,10,28.31,39.39,613,8.18,68,16,25,0.509,0.877,1.795,0.749,,,,Synthetic data for pipeline/rules testing only (NOT real soil science).
synthetic_prototype,SYN_00525,garden-a,dev-004,default,loam,2025-12-11T22:30:00+07:00,10,28.41,43.23,943,6.18,80,64,156,1.116,1.923,0.854,0.82,,,,Synthetic data for pipeline/rules testing only (NOT real soil science).
synthetic_prototype,SYN_00526,garden-c,dev-001,chili,loam,2025-12-11T23:00:00+07:00,10,25.22,34.4,1605,7.44,131,78,219,3.01,5.19,4.978,0.804,,,,Synthetic data for pipeline/rules testing only (NOT real soil science).
synthetic_prototype,SYN_00527,garden-b,dev-001,rice,loam,2025-12-11T23:30:00+07:00,10,27.3,46.89,1766,7.65,131,79,188,3.085,5.318,4.354,0.837,,,,Synthetic data for pipeline/rules testing only (NOT real soil science).
synthetic_prototype,SYN_00528,garden-b,dev-001,default,loam,2025-12-12T00:00:00+07:00,10,24.35,52.49,1177,6.01,140,65,195,1.475,2.543,2.449,0.769,,,,Synthetic data for pipeline/rules testing only (NOT real soil science).
synthetic_prototype,SYN_00529,garden-b,dev-003,default,clay,2025-12-12T00:30:00+07:00,10,28.68,45.57,962,6.3,105,40,189,1.32,2.276,1.11,0.841,,,,Synthetic data for pipeline/rules testing only (NOT real soil science).
synthetic_prototype,SYN_00530,garden-c,dev-001,default,loam,2025-12-12T01:00:00+07:00,10,23.03,43.89,1123,7.57,166,61,140,2.236,3.855,3.467,0.778,,,,Synthetic data for pipeline/rules testing only (NOT real soil science).
synthetic_prototype,SYN_00531,garden-b,dev-003,default,loam,2025-12-12T01:30:00+07:00,10,30.75,59.32,761,6.77,70,32,143,0.632,1.09,0.547,0.732,,,,Synthetic data for pipeline/rules testing only (NOT real soil science).
synthetic_prototype,SYN_00532,garden-c,dev-004,default,sandy,2025-12-12T02:00:00+07:00,10,24.7,34.63,981,5.82,68,45,141,1.297,2.236,1.844,0.789,,,,Synthetic data for pipeline/rules testing only (NOT real soil science).
synthetic_prototype,SYN_00533,garden-c,dev-001,chili,loam,2025-12-12T02:30:00+07:00,10,22.32,42.7,1012,7.61,109,72,121,1.947,3.357,3.297,0.766,,,,Synthetic data for pipeline/rules testing only (NOT real soil science).
synthetic_prototype,SYN_00534,garden-c,dev-001,chili,clay,2025-12-12T03:00:00+07:00,10,29.2,34.12,1502,7.03,175,74,191,3.297,5.685,6.409,0.862,,,,Synthetic data for pipeline/rules testing only (NOT real soil science).
synthetic_prototype,SYN_00535,garden-c,dev-004,rice,loam,2025-12-12T03:30:00+07:00,10,29.86,39.26,1269,6.28,112,78,177,2.199,3.791,3.852,0.895,,,,Synthetic data for pipeline/rules testing only (NOT real soil science).
synthetic_prototype,SYN_00536,garden-a,dev-002,default,clay,2025-12-12T04:00:00+07:00,10,30.16,22.07,1186,6.68,125,67,157,2.389,4.118,4.038,0.823,,,,Synthetic data for pipeline/rules testing only (NOT real soil science).
synthetic_prototype,SYN_00537,garden-c,dev-002,default,loam,2025-12-12T04:30:00+07:00,10,27.12,31.11,684,5.85,69,57,144,1.295,2.233,1.619,0.797,,,,Synthetic data for pipeline/rules testing only (NOT real soil science).
synthetic_prototype,SYN_00538,garden-a,dev-002,default,loam,2025-12-12T05:00:00+07:00,10,26.44,35.23,1458,6.74,146,79,217,2.468,4.254,4.453,0.905,,,,Synthetic data for pipeline/rules testing only (NOT real soil science).
synthetic_prototype,SYN_00539,garden-a,dev-002,rice,clay,2025-12-12T05:30:00+07:00,10,31.46,54.2,1701,5.93,147,73,198,2.491,4.295,4.667,0.791,,,,Synthetic data for pipeline/rules testing only (NOT real soil science).
synthetic_prototype,SYN_00540,garden-a,dev-004,default,loam,2025-12-12T06:00:00+07:00,10,28.49,36.86,948,5.99,104,60,114,1.549,2.67,2.734,0.771,,,,Synthetic data for pipeline/rules testing only (NOT real soil science).
synthetic_prototype,SYN_00541,garden-c,dev-002,tomato,loam,2025-12-12T06:30:00+07:00,10,27.98,34.46,594,7.16,124,45,98,1.414,2.437,2.804,0.833,,,,Synthetic data for pipeline/rules testing only (NOT real soil science).
synthetic_prototype,SYN_00542,garden-c,dev-004,rice,clay,2025-12-12T07:00:00+07:00,10,28.52,50.04,1359,6.13,157,80,179,2.959,5.101,5.116,0.777,,,,Synthetic data for pipeline/rules testing only (NOT real soil science).
synthetic_prototype,SYN_00543,garden-a,dev-001,default,loam,2025-12-12T07:30:00+07:00,10,30.7,33.56,1070,6.73,122,69,125,1.741,3.001,3.78,0.801,,,,Synthetic data for pipeline/rules testing only (NOT real soil science).
synthetic_prototype,SYN_00544,garden-c,dev-001,default,sandy,2025-12-12T08:00:00+07:00,10,19.8,19.12,822,6.0,94,39,136,0.903,1.556,0.519,0.741,,,,Synthetic data for pipeline/rules testing only (NOT real soil science).
synthetic_prototype,SYN_00545,garden-c,dev-002,rice,sandy,2025-12-12T08:30:00+07:00,10,25.71,25.14,713,7.12,91,37,99,0.915,1.577,1.637,0.78,,,,Synthetic data for pipeline/rules testing only (NOT real soil science).
synthetic_prototype,SYN_00546,garden-a,dev-002,chili,clay,2025-12-12T09:00:00+07:00,10,24.84,32.39,752,6.47,120,47,165,1.728,2.979,3.3,0.793,,,,Synthetic data for pipeline/rules testing only (NOT real soil science).
synthetic_prototype,SYN_00547,garden-b,dev-004,tomato,loam,2025-12-12T09:30:00+07:00,10,25.57,37.84,660,6.78,91,51,101,1.012,1.745,1.783,0.757,,,,Synthetic data for pipeline/rules testing only (NOT real soil science).
synthetic_prototype,SYN_00548,garden-b,dev-002,default,clay,2025-12-12T10:00:00+07:00,10,26.24,33.57,938,6.75,137,45,139,1.697,2.926,2.854,0.79,,,,Synthetic data for pipeline/rules testing only (NOT real soil science).
synthetic_prototype,SYN_00549,garden-c,dev-003,tomato,sandy,2025-12-12T10:30:00+07:00,10,21.17,22.98,969,5.82,149,56,120,2.449,4.223,4.105,0.78,,,,Synthetic data for pipeline/rules testing only (NOT real soil science).
synthetic_prototype,SYN_00550,garden-c,dev-002,tomato,loam,2025-12-12T11:00:00+07:00,10,29.1,40.06,1082,7.73,96,43,149,1.805,3.112,2.871,0.756,,,,Synthetic data for pipeline/rules testing only (NOT real soil science).
synthetic_prototype,SYN_00551,garden-a,dev-004,tomato,loam,2025-12-12T11:30:00+07:00,10,33.37,33.94,781,5.74,66,44,152,1.145,1.974,1.817,0.775,,,,Synthetic data for pipeline/rules testing only (NOT real soil science).
synthetic_prototype,SYN_00552,garden-a,dev-001,rice,clay,2025-12-12T12:00:00+07:00,10,28.98,54.6,1673,6.01,163,77,166,2.013,3.471,2.737,0.796,,,,Synthetic data for pipeline/rules testing only (NOT real soil science).
synthetic_prototype,SYN_00553,garden-b,dev-003,chili,loam,2025-12-12T12:30:00+07:00,10,27.49,9.47,1029,5.85,135,76,143,3.105,5.353,5.562,0.787,,,,Synthetic data for pipeline/rules testing only (NOT real soil science).
synthetic_prototype,SYN_00554,garden-a,dev-004,rice,sandy,2025-12-12T13:00:00+07:00,10,29.14,36.58,847,5.78,107,42,100,0.949,1.637,2.134,0.865,,,,Synthetic data for pipeline/rules testing only (NOT real soil science).
synthetic_prototype,SYN_00555,garden-a,dev-002,chili,clay,2025-12-12T13:30:00+07:00,10,29.78,42.78,1105,5.94,146,50,111,2.24,3.862,4.074,0.819,,,,Synthetic data for pipeline/rules testing only (NOT real soil science).
synthetic_prototype,SYN_00556,garden-b,dev-001,chili,sandy,2025-12-12T14:00:00+07:00,10,25.06,12.94,540,6.16,81,13,61,1.048,1.807,2.282,0.744,,,,Synthetic data for pipeline/rules testing only (NOT real soil science).
synthetic_prototype,SYN_00557,garden-b,dev-004,default,loam,2025-12-12T14:30:00+07:00,10,25.32,31.52,1324,6.65,63,66,83,1.251,2.157,1.9,0.802,,,,Synthetic data for pipeline/rules testing only (NOT real soil science).
synthetic_prototype,SYN_00558,garden-b,dev-001,default,loam,2025-12-12T15:00:00+07:00,10,34.07,30.39,739,7.06,80,48,136,0.778,1.341,2.115,0.77,,,,Synthetic data for pipeline/rules testing only (NOT real soil science).
synthetic_prototype,SYN_00559,garden-c,dev-004,default,loam,2025-12-12T15:30:00+07:00,10,23.61,28.63,1495,6.42,152,66,138,2.848,4.911,5.751,0.82,,,,Synthetic data for pipeline/rules testing only (NOT real soil science).
synthetic_prototype,SYN_00560,garden-b,dev-004,rice,sandy,2025-12-12T16:00:00+07:00,10,27.64,25.23,300,7.5,34,34,100,0.445,0.767,0.193,0.709,,,,Synthetic data for pipeline/rules testing only (NOT real soil science).
synthetic_prototype,SYN_00561,garden-c,dev-001,tomato,clay,2025-12-12T16:30:00+07:00,10,31.72,51.42,909,7.25,102,60,165,1.819,3.136,3.682,0.787,,,,Synthetic data for pipeline/rules testing only (NOT real soil science).
synthetic_prototype,SYN_00562,garden-c,dev-001,default,sandy,2025-12-12T17:00:00+07:00,10,35.49,37.59,1295,6.65,157,66,212,2.341,4.035,3.397,0.765,,,,Synthetic data for pipeline/rules testing only (NOT real soil science).
synthetic_prototype,SYN_00563,garden-c,dev-004,rice,loam,2025-12-12T17:30:00+07:00,10,31.88,53.92,1613,5.4,150,80,144,2.975,5.128,4.568,0.805,,,,Synthetic data for pipeline/rules testing only (NOT real soil science).
synthetic_prototype,SYN_00564,garden-a,dev-002,chili,clay,2025-12-12T18:00:00+07:00,10,27.86,46.86,1695,6.75,207,78,186,2.771,4.777,4.574,0.827,,,,Synthetic data for pipeline/rules testing only (NOT real soil science).
synthetic_prototype,SYN_00565,garden-c,dev-002,rice,loam,2025-12-12T18:30:00+07:00,10,32.8,21.89,671,7.02,97,49,150,1.575,2.715,2.194,0.748,,,,Synthetic data for pipeline/rules testing only (NOT real soil science).
synthetic_prototype,SYN_00566,garden-a,dev-004,default,clay,2025-12-12T19:00:00+07:00,10,27.28,29.87,1248,7.37,97,72,161,1.924,3.317,2.534,0.81,,,,Synthetic data for pipeline/rules testing only (NOT real soil science).
synthetic_prototype,SYN_00567,garden-c,dev-004,default,clay,2025-12-12T19:30:00+07:00,10,26.58,29.86,1248,7.91,133,69,190,1.659,2.859,3.551,0.748,,,,Synthetic data for pipeline/rules testing only (NOT real soil science).
synthetic_prototype,SYN_00568,garden-a,dev-004,default,loam,2025-12-12T20:00:00+07:00,10,27.64,21.65,1207,5.18,144,61,183,2.466,4.252,3.786,0.784,,,,Synthetic data for pipeline/rules testing only (NOT real soil science).
synthetic_prototype,SYN_00569,garden-c,dev-003,chili,sandy,2025-12-12T20:30:00+07:00,10,26.63,35.72,589,5.68,114,41,99,0.961,1.657,2.031,0.775,,,,Synthetic data for pipeline/rules testing only (NOT real soil science).
synthetic_prototype,SYN_00570,garden-b,dev-004,rice,loam,2025-12-12T21:00:00+07:00,10,27.57,50.76,1268,7.08,106,53,79,2.086,3.596,4.351,0.842,,,,Synthetic data for pipeline/rules testing only (NOT real soil science).
synthetic_prototype,SYN_00571,garden-a,dev-001,chili,clay,2025-12-12T21:30:00+07:00,10,25.91,46.87,1337,6.3,165,82,210,2.586,4.458,4.466,0.818,,,,Synthetic data for pipeline/rules testing only (NOT real soil science).
synthetic_prototype,SYN_00572,garden-c,dev-002,chili,loam,2025-12-12T22:00:00+07:00,10,26.33,23.64,852,5.4,63,44,107,1.413,2.436,2.166,0.742,,,,Synthetic data for pipeline/rules testing only (NOT real soil science).
synthetic_prototype,SYN_00573,garden-b,dev-002,default,sandy,2025-12-12T22:30:00+07:00,10,31.87,23.5,608,6.19,43,41,135,0.785,1.354,1.039,0.734,,,,Synthetic data for pipeline/rules testing only (NOT real soil science).
synthetic_prototype,SYN_00574,garden-a,dev-002,chili,sandy,2025-12-12T23:00:00+07:00,10,24.14,31.8,390,7.08,61,34,55,0.404,0.696,0.982,0.728,,,,Synthetic data for pipeline/rules testing only (NOT real soil science).
synthetic_prototype,SYN_00575,garden-c,dev-001,rice,sandy,2025-12-12T23:30:00+07:00,10,29.71,47.81,1144,6.85,121,62,175,1.443,2.488,2.568,0.78,,,,Synthetic data for pipeline/rules testing only (NOT real soil science).
synthetic_prototype,SYN_00576,garden-b,dev-002,tomato,loam,2025-12-13T00:00:00+07:00,10,21.6,41.2,1488,6.4,140,77,133,2.445,4.215,3.568,0.843,,,,Synthetic data for pipeline/rules testing only (NOT real soil science).
synthetic_prototype,SYN_00577,garden-b,dev-002,rice,loam,2025-12-13T00:30:00+07:00,10,26.32,25.78,1067,6.57,135,48,136,2.039,3.515,3.376,0.843,,,,Synthetic data for pipeline/rules testing only (NOT real soil science).
synthetic_prototype,SYN_00578,garden-b,dev-004,chili,loam,2025-12-13T01:00:00+07:00,10,26.94,26.94,477,6.79,57,32,129,0.244,0.421,0.34,0.804,,,,Synthetic data for pipeline/rules testing only (NOT real soil science).
synthetic_prototype,SYN_00579,garden-c,dev-002,rice,loam,2025-12-13T01:30:00+07:00,10,26.48,41.05,1480,6.37,156,86,203,2.598,4.478,5.164,0.847,,,,Synthetic data for pipeline/rules testing only (NOT real soil science).
synthetic_prototype,SYN_00580,garden-b,dev-002,chili,loam,2025-12-13T02:00:00+07:00,10,29.46,29.44,1243,6.44,149,76,157,2.532,4.365,4.306,0.792,,,,Synthetic data for pipeline/rules testing only (NOT real soil science).
synthetic_prototype,SYN_00581,garden-c,dev-003,rice,loam,2025-12-13T02:30:00+07:00,10,26.16,27.9,821,5.92,83,34,158,0.954,1.644,2.237,0.775,,,,Synthetic data for pipeline/rules testing only (NOT real soil science).
synthetic_prototype,SYN_00582,garden-b,dev-002,chili,clay,2025-12-13T03:00:00+07:00,10,27.74,50.68,1117,5.54,117,73,128,1.932,3.331,2.73,0.808,,,,Synthetic data for pipeline/rules testing only (NOT real soil science).
synthetic_prototype,SYN_00583,garden-b,dev-002,rice,loam,2025-12-13T03:30:00+07:00,10,25.4,51.02,900,6.46,56,51,170,1.295,2.232,2.594,0.779,,,,Synthetic data for pipeline/rules testing only (NOT real soil science).
synthetic_prototype,SYN_00584,garden-c,dev-001,rice,clay,2025-12-13T04:00:00+07:00,10,29.97,48.97,1992,6.68,164,116,218,3.088,5.324,4.76,0.714,,,,Synthetic data for pipeline/rules testing only (NOT real soil science).
synthetic_prototype,SYN_00585,garden-c,dev-001,default,loam,2025-12-13T04:30:00+07:00,10,24.56,37.75,1371,5.87,124,77,155,2.832,4.883,4.795,0.754,,,,Synthetic data for pipeline/rules testing only (NOT real soil science).
synthetic_prototype,SYN_00586,garden-c,dev-001,rice,clay,2025-12-13T05:00:00+07:00,10,21.94,29.86,1109,5.11,128,30,134,1.438,2.478,2.042,0.811,,,,Synthetic data for pipeline/rules testing only (NOT real soil science).
synthetic_prototype,SYN_00587,garden-c,dev-002,chili,sandy,2025-12-13T05:30:00+07:00,10,30.87,8.24,711,6.01,100,40,98,1.431,2.467,3.456,0.685,,,,Synthetic data for pipeline/rules testing only (NOT real soil science).
synthetic_prototype,SYN_00588,garden-a,dev-004,tomato,loam,2025-12-13T06:00:00+07:00,10,32.55,17.86,860,6.42,120,63,154,1.927,3.322,3.236,0.729,,,,Synthetic data for pipeline/rules testing only (NOT real soil science).
synthetic_prototype,SYN_00589,garden-a,dev-001,default,loam,2025-12-13T06:30:00+07:00,10,21.69,26.11,738,7.11,78,36,140,0.553,0.954,0.628,0.792,,,,Synthetic data for pipeline/rules testing only (NOT real soil science).
synthetic_prototype,SYN_00590,garden-b,dev-001,tomato,loam,2025-12-13T07:00:00+07:00,10,32.37,29.02,944,6.52,105,64,102,1.501,2.588,2.901,0.814,,,,Synthetic data for pipeline/rules testing only (NOT real soil science).
synthetic_prototype,SYN_00591,garden-b,dev-001,default,loam,2025-12-13T07:30:00+07:00,10,29.07,35.63,693,6.52,103,22,92,0.835,1.44,1.344,0.774,,,,Synthetic data for pipeline/rules testing only (NOT real soil science).
synthetic_prototype,SYN_00592,garden-c,dev-004,rice,clay,2025-12-13T08:00:00+07:00,10,33.12,69.62,1604,5.81,142,80,152,2.316,3.993,3.938,0.731,,,,Synthetic data for pipeline/rules testing only (NOT real soil science).
synthetic_prototype,SYN_00593,garden-a,dev-004,chili,sandy,2025-12-13T08:30:00+07:00,10,28.02,29.27,995,6.37,41,44,179,0.766,1.32,1.569,0.846,,,,Synthetic data for pipeline/rules testing only (NOT real soil science).
synthetic_prototype,SYN_00594,garden-c,dev-002,rice,loam,2025-12-13T09:00:00+07:00,10,30.22,57.41,1187,6.05,129,59,151,1.584,2.73,3.047,0.817,,,,Synthetic data for pipeline/rules testing only (NOT real soil science).
synthetic_prototype,SYN_00595,garden-c,dev-002,chili,loam,2025-12-13T09:30:00+07:00,10,28.56,35.89,1485,6.64,162,90,161,2.537,4.374,4.395,0.909,,,,Synthetic data for pipeline/rules testing only (NOT real soil science).
synthetic_prototype,SYN_00596,garden-c,dev-003,default,sandy,2025-12-13T10:00:00+07:00,10,28.8,30.79,1039,6.25,151,47,155,1.362,2.348,2.416,0.81,,,,Synthetic data for pipeline/rules testing only (NOT real soil science).
synthetic_prototype,SYN_00597,garden-b,dev-003,chili,clay,2025-12-13T10:30:00+07:00,10,27.84,23.37,1101,5.68,124,50,198,2.384,4.109,4.677,0.819,,,,Synthetic data for pipeline/rules testing only (NOT real soil science).
synthetic_prototype,SYN_00598,garden-c,dev-002,default,loam,2025-12-13T11:00:00+07:00,10,29.14,40.17,1541,7.23,158,68,201,3.208,5.53,5.232,0.821,,,,Synthetic data for pipeline/rules testing only (NOT real soil science).
synthetic_prototype,SYN_00599,garden-c,dev-003,default,loam,2025-12-13T11:30:00+07:00,10,31.93,19.37,1080,5.77,149,62,144,2.363,4.073,3.541,0.784,,,,Synthetic data for pipeline/rules testing only (NOT real soil science).
synthetic_prototype,SYN_00600,garden-a,dev-002,chili,clay,2025-12-13T12:00:00+07:00,10,24.24,25.85,1225,6.53,109,68,132,2.375,4.094,3.682,0.75,,,,Synthetic data for pipeline/rules testing only (NOT real soil science).
synthetic_prototype,SYN_00601,garden-c,dev-004,tomato,sandy,2025-12-13T12:30:00+07:00,10,25.24,18.95,768,6.15,86,40,111,0.882,1.521,2.049,0.739,,,,Synthetic data for pipeline/rules testing only (NOT real soil science).
synthetic_prototype,SYN_00602,garden-b,dev-003,chili,loam,2025-12-13T13:00:00+07:00,10,29.51,20.53,806,6.7,108,38,77,1.815,3.13,3.084,0.779,,,,Synthetic data for pipeline/rules testing only (NOT real soil science).
synthetic_prototype,SYN_00603,garden-a,dev-002,tomato,sandy,2025-12-13T13:30:00+07:00,10,27.84,21.91,490,7.07,80,30,61,0.751,1.295,1.21,0.714,,,,Synthetic data for pipeline/rules testing only (NOT real soil science).
synthetic_prototype,SYN_00604,garden-a,dev-001,rice,loam,2025-12-13T14:00:00+07:00,10,28.95,41.43,1620,6.29,143,76,166,2.28,3.931,3.917,0.792,,,,Synthetic data for pipeline/rules testing only (NOT real soil science).
synthetic_prototype,SYN_00605,garden-c,dev-002,rice,clay,2025-12-13T14:30:00+07:00,10,28.86,44.34,1332,7.26,146,65,134,2.078,3.582,3.769,0.797,,,,Synthetic data for pipeline/rules testing only (NOT real soil science).
synthetic_prototype,SYN_00606,garden-a,dev-002,default,sandy,2025-12-13T15:00:00+07:00,10,21.49,13.88,478,6.84,128,47,65,1.34,2.31,2.411,0.737,,,,Synthetic data for pipeline/rules testing only (NOT real soil science).
synthetic_prototype,SYN_00607,garden-c,dev-004,chili,loam,2025-12-13T15:30:00+07:00,10,30.97,38.24,1048,5.32,118,64,96,1.672,2.883,2.79,0.794,,,,Synthetic data for pipeline/rules testing only (NOT real soil science).
synthetic_prototype,SYN_00608,garden-a,dev-001,default,sandy,2025-12-13T16:00:00+07:00,10,28.11,20.94,901,5.68,66,54,136,1.329,2.291,2.355,0.7,,,,Synthetic data for pipeline/rules testing only (NOT real soil science).
synthetic_prototype,SYN_00609,garden-b,dev-002,rice,loam,2025-12-13T16:30:00+07:00,10,28.15,50.73,1107,6.87,116,66,125,1.761,3.035,3.396,0.776,,,,Synthetic data for pipeline/rules testing only (NOT real soil science).
synthetic_prototype,SYN_00610,garden-b,dev-003,default,loam,2025-12-13T17:00:00+07:00,10,28.93,50.32,857,7.23,77,44,129,0.773,1.333,2.322,0.803,,,,Synthetic data for pipeline/rules testing only (NOT real soil science).
synthetic_prototype,SYN_00611,garden-a,dev-003,chili,loam,2025-12-13T17:30:00+07:00,10,33.97,16.37,1030,5.9,133,65,141,2.607,4.495,4.284,0.738,,,,Synthetic data for pipeline/rules testing only (NOT real soil science).
synthetic_prototype,SYN_00612,garden-a,dev-003,rice,loam,2025-12-13T18:00:00+07:00,10,31.82,37.72,2008,5.69,179,100,248,3.015,5.198,4.964,0.83,,,,Synthetic data for pipeline/rules testing only (NOT real soil science).
synthetic_prototype,SYN_00613,garden-b,dev-001,rice,clay,2025-12-13T18:30:00+07:00,10,30.4,55.5,1419,5.83,119,58,169,2.138,3.686,4.382,0.77,,,,Synthetic data for pipeline/rules testing only (NOT real soil science).
synthetic_prototype,SYN_00614,garden-c,dev-002,rice,sandy,2025-12-13T19:00:00+07:00,10,25.19,42.13,869,6.05,97,22,105,0.57,0.983,1.113,0.767,,,,Synthetic data for pipeline/rules testing only (NOT real soil science).
synthetic_prototype,SYN_00615,garden-a,dev-001,default,loam,2025-12-13T19:30:00+07:00,10,25.79,38.62,1316,6.62,123,77,119,2.081,3.587,3.954,0.853,,,,Synthetic data for pipeline/rules testing only (NOT real soil science).
synthetic_prototype,SYN_00616,garden-b,dev-002,rice,loam,2025-12-13T20:00:00+07:00,10,28.52,51.87,1206,5.87,93,58,157,1.85,3.189,3.718,0.8,,,,Synthetic data for pipeline/rules testing only (NOT real soil science).
synthetic_prototype,SYN_00617,garden-a,dev-001,chili,loam,2025-12-13T20:30:00+07:00,10,29.0,37.71,852,6.5,131,49,138,1.86,3.206,2.023,0.79,,,,Synthetic data for pipeline/rules testing only (NOT real soil science).
synthetic_prototype,SYN_00618,garden-b,dev-001,chili,loam,2025-12-13T21:00:00+07:00,10,27.6,38.18,1127,6.3,125,69,111,1.987,3.425,3.883,0.789,,,,Synthetic data for pipeline/rules testing only (NOT real soil science).
synthetic_prototype,SYN_00619,garden-c,dev-003,rice,clay,2025-12-13T21:30:00+07:00,10,27.2,37.03,1766,7.93,191,86,193,3.411,5.881,6.242,0.859,,,,Synthetic data for pipeline/rules testing only (NOT real soil science).
synthetic_prototype,SYN_00620,garden-c,dev-004,chili,clay,2025-12-13T22:00:00+07:00,10,23.68,34.01,771,6.73,118,49,139,1.547,2.666,2.114,0.841,,,,Synthetic data for pipeline/rules testing only (NOT real soil science).
synthetic_prototype,SYN_00621,garden-a,dev-001,default,sandy,2025-12-13T22:30:00+07:00,10,31.71,26.3,546,5.88,78,48,112,1.178,2.032,2.641,0.755,,,,Synthetic data for pipeline/rules testing only (NOT real soil science).
synthetic_prototype,SYN_00622,garden-a,dev-001,chili,clay,2025-12-13T23:00:00+07:00,10,25.16,60.26,1599,6.43,173,83,143,2.966,5.113,5.927,0.76,,,,Synthetic data for pipeline/rules testing only (NOT real soil science).
synthetic_prototype,SYN_00623,garden-c,dev-001,default,loam,2025-12-13T23:30:00+07:00,10,22.82,29.76,1077,6.56,158,80,171,3.084,5.316,5.232,0.797,,,,Synthetic data for pipeline/rules testing only (NOT real soil science).
synthetic_prototype,SYN_00624,garden-a,dev-002,rice,clay,2025-12-14T00:00:00+07:00,10,29.54,37.28,1238,6.01,107,75,149,2.261,3.898,4.001,0.796,,,,Synthetic data for pipeline/rules testing only (NOT real soil science).
synthetic_prototype,SYN_00625,garden-b,dev-001,chili,clay,2025-12-14T00:30:00+07:00,10,32.0,23.98,1093,6.67,124,50,120,1.781,3.071,3.165,0.775,,,,Synthetic data for pipeline/rules testing only (NOT real soil science).
synthetic_prototype,SYN_00626,garden-a,dev-004,tomato,loam,2025-12-14T01:00:00+07:00,10,30.16,34.84,1216,6.26,153,72,169,2.234,3.852,3.906,0.807,,,,Synthetic data for pipeline/rules testing only (NOT real soil science).
synthetic_prototype,SYN_00627,garden-b,dev-002,chili,sandy,2025-12-14T01:30:00+07:00,10,35.44,11.98,300,6.44,81,24,57,0.665,1.147,0.498,0.705,,,,Synthetic data for pipeline/rules testing only (NOT real soil science).
synthetic_prototype,SYN_00628,garden-b,dev-004,default,sandy,2025-12-14T02:00:00+07:00,10,27.51,38.28,543,5.64,53,37,158,0.861,1.485,2.418,0.777,,,,Synthetic data for pipeline/rules testing only (NOT real soil science).
synthetic_prototype,SYN_00629,garden-b,dev-001,default,sandy,2025-12-14T02:30:00+07:00,10,29.03,38.06,548,5.91,85,39,90,0.925,1.594,1.691,0.791,,,,Synthetic data for pipeline/rules testing only (NOT real soil science).
synthetic_prototype,SYN_00630,garden-b,dev-002,tomato,loam,2025-12-14T03:00:00+07:00,10,27.11,32.12,915,7.08,134,58,151,1.336,2.303,1.144,0.78,,,,Synthetic data for pipeline/rules testing only (NOT real soil science).
synthetic_prototype,SYN_00631,garden-c,dev-001,default,sandy,2025-12-14T03:30:00+07:00,10,33.16,20.94,1207,6.82,75,65,176,2.037,3.512,4.364,0.794,,,,Synthetic data for pipeline/rules testing only (NOT real soil science).
synthetic_prototype,SYN_00632,garden-a,dev-001,chili,sandy,2025-12-14T04:00:00+07:00,10,29.51,26.49,999,7.0,131,65,134,2.085,3.595,4.596,0.811,,,,Synthetic data for pipeline/rules testing only (NOT real soil science).
synthetic_prototype,SYN_00633,garden-b,dev-002,chili,clay,2025-12-14T04:30:00+07:00,10,30.27,65.99,1328,6.49,106,67,127,1.205,2.078,2.371,0.712,,,,Synthetic data for pipeline/rules testing only (NOT real soil science).
synthetic_prototype,SYN_00634,garden-c,dev-002,tomato,sandy,2025-12-14T05:00:00+07:00,10,24.07,42.98,1130,6.03,107,68,177,1.958,3.376,3.983,0.847,,,,Synthetic data for pipeline/rules testing only (NOT real soil science).
synthetic_prototype,SYN_00635,garden-b,dev-003,default,clay,2025-12-14T05:30:00+07:00,10,27.74,35.87,801,6.75,99,44,110,0.743,1.28,1.547,0.885,,,,Synthetic data for pipeline/rules testing only (NOT real soil science).
synthetic_prototype,SYN_00636,garden-a,dev-004,chili,loam,2025-12-14T06:00:00+07:00,10,28.43,41.26,1168,7.24,147,63,181,2.236,3.854,3.965,0.79,,,,Synthetic data for pipeline/rules testing only (NOT real soil science).
synthetic_prototype,SYN_00637,garden-b,dev-004,chili,clay,2025-12-14T06:30:00+07:00,10,24.64,52.43,763,7.13,59,24,130,0.243,0.419,0.692,0.775,,,,Synthetic data for pipeline/rules testing only (NOT real soil science).
synthetic_prototype,SYN_00638,garden-c,dev-004,default,loam,2025-12-14T07:00:00+07:00,10,24.89,18.38,1487,5.9,174,86,179,3.256,5.613,6.824,0.801,,,,Synthetic data for pipeline/rules testing only (NOT real soil science).
synthetic_prototype,SYN_00639,garden-c,dev-001,default,loam,2025-12-14T07:30:00+07:00,10,25.63,21.2,1136,5.56,120,67,117,2.211,3.813,4.564,0.816,,,,Synthetic data for pipeline/rules testing only (NOT real soil science).
synthetic_prototype,SYN_00640,garden-b,dev-004,tomato,loam,2025-12-14T08:00:00+07:00,10,31.62,22.14,1357,5.81,120,58,161,2.007,3.46,3.219,0.774,,,,Synthetic data for pipeline/rules testing only (NOT real soil science).
synthetic_prototype,SYN_00641,garden-c,dev-002,tomato,clay,2025-12-14T08:30:00+07:00,10,34.57,36.69,1462,6.43,109,57,168,2.388,4.116,3.985,0.859,,,,Synthetic data for pipeline/rules testing only (NOT real soil science).
synthetic_prototype,SYN_00642,garden-c,dev-004,chili,loam,2025-12-14T09:00:00+07:00,10,29.52,44.24,1583,5.45,171,82,179,2.449,4.222,4.748,0.786,,,,Synthetic data for pipeline/rules testing only (NOT real soil science).
synthetic_prototype,SYN_00643,garden-a,dev-001,chili,sandy,2025-12-14T09:30:00+07:00,10,24.44,9.3,281,5.7,73,41,114,1.565,2.698,2.094,0.708,,,,Synthetic data for pipeline/rules testing only (NOT real soil science).
synthetic_prototype,SYN_00644,garden-c,dev-001,chili,sandy,2025-12-14T10:00:00+07:00,10,27.39,22.56,660,4.69,73,36,93,1.012,1.744,2.064,0.798,,,,Synthetic data for pipeline/rules testing only (NOT real soil science).
synthetic_prototype,SYN_00645,garden-b,dev-003,rice,clay,2025-12-14T10:30:00+07:00,10,26.7,42.28,1818,6.05,192,87,199,3.251,5.605,5.373,0.867,,,,Synthetic data for pipeline/rules testing only (NOT real soil science).
synthetic_prototype,SYN_00646,garden-b,dev-002,default,loam,2025-12-14T11:00:00+07:00,10,25.3,37.36,1241,6.43,130,62,132,2.126,3.665,3.229,0.887,,,,Synthetic data for pipeline/rules testing only (NOT real soil science).
synthetic_prototype,SYN_00647,garden-a,dev-002,rice,sandy,2025-12-14T11:30:00+07:00,10,25.72,23.9,993,6.04,103,63,134,1.32,2.275,2.268,0.797,,,,Synthetic data for pipeline/rules testing only (NOT real soil science).
synthetic_prototype,SYN_00648,garden-c,dev-002,rice,loam,2025-12-14T12:00:00+07:00,10,28.6,48.7,1229,6.05,119,63,176,1.993,3.436,4.108,0.814,,,,Synthetic data for pipeline/rules testing only (NOT real soil science).
synthetic_prototype,SYN_00649,garden-b,dev-004,rice,loam,2025-12-14T12:30:00+07:00,10,24.98,44.07,1147,6.89,146,47,126,2.006,3.459,3.119,0.847,,,,Synthetic data for pipeline/rules testing only (NOT real soil science).
synthetic_prototype,SYN_00650,garden-b,dev-004,tomato,loam,2025-12-14T13:00:00+07:00,10,26.04,25.47,829,6.66,118,39,182,1.717,2.96,3.187,0.75,,,,Synthetic data for pipeline/rules testing only (NOT real soil science).
synthetic_prototype,SYN_00651,garden-b,dev-004,tomato,clay,2025-12-14T13:30:00+07:00,10,26.48,57.63,882,5.17,94,47,144,0.916,1.579,1.697,0.704,,,,Synthetic data for pipeline/rules testing only (NOT real soil science).
synthetic_prototype,SYN_00652,garden-b,dev-002,default,loam,2025-12-14T14:00:00+07:00,10,28.28,24.98,881,6.48,133,61,74,1.813,3.126,2.674,0.771,,,,Synthetic data for pipeline/rules testing only (NOT real soil science).
synthetic_prototype,SYN_00653,garden-a,dev-003,rice,loam,2025-12-14T14:30:00+07:00,10,26.47,20.1,987,5.59,108,64,129,2.223,3.832,4.387,0.776,,,,Synthetic data for pipeline/rules testing only (NOT real soil science).
synthetic_prototype,SYN_00654,garden-a,dev-001,default,sandy,2025-12-14T15:00:00+07:00,10,24.11,25.17,592,6.16,80,40,66,0.838,1.444,1.978,0.764,,,,Synthetic data for pipeline/rules testing only (NOT real soil science).
synthetic_prototype,SYN_00655,garden-a,dev-001,default,clay,2025-12-14T15:30:00+07:00,10,27.72,37.85,534,6.61,83,30,124,0.703,1.212,1.934,0.807,,,,Synthetic data for pipeline/rules testing only (NOT real soil science).
synthetic_prototype,SYN_00656,garden-b,dev-004,chili,sandy,2025-12-14T16:00:00+07:00,10,23.71,26.86,1116,5.78,134,64,136,2.01,3.465,4.47,0.793,,,,Synthetic data for pipeline/rules testing only (NOT real soil science).
synthetic_prototype,SYN_00657,garden-a,dev-002,rice,sandy,2025-12-14T16:30:00+07:00,10,27.11,15.61,1083,5.76,123,57,141,1.422,2.451,2.319,0.782,,,,Synthetic data for pipeline/rules testing only (NOT real soil science).
synthetic_prototype,SYN_00658,garden-b,dev-003,rice,clay,2025-12-14T17:00:00+07:00,10,25.84,21.3,625,6.02,87,61,97,1.849,3.187,2.9,0.72,,,,Synthetic data for pipeline/rules testing only (NOT real soil science).
synthetic_prototype,SYN_00659,garden-b,dev-003,default,loam,2025-12-14T17:30:00+07:00,10,25.88,44.58,1151,6.86,133,42,129,1.939,3.342,2.896,0.755,,,,Synthetic data for pipeline/rules testing only (NOT real soil science).
synthetic_prototype,SYN_00660,garden-b,dev-001,default,sandy,2025-12-14T18:00:00+07:00,10,29.04,33.59,461,6.52,72,39,48,0.656,1.13,0.722,0.781,,,,Synthetic data for pipeline/rules testing only (NOT real soil science).
synthetic_prototype,SYN_00661,garden-c,dev-002,tomato,loam,2025-12-14T18:30:00+07:00,10,28.82,26.14,1264,7.38,168,71,160,2.918,5.031,4.874,0.807,,,,Synthetic data for pipeline/rules testing only (NOT real soil science).
synthetic_prototype,SYN_00662,garden-c,dev-001,chili,loam,2025-12-14T19:00:00+07:00,10,31.69,50.27,1272,5.96,130,57,127,1.84,3.172,3.057,0.853,,,,Synthetic data for pipeline/rules testing only (NOT real soil science).
synthetic_prototype,SYN_00663,garden-a,dev-004,default,loam,2025-12-14T19:30:00+07:00,10,24.43,29.84,1402,6.56,160,71,140,2.381,4.104,3.96,0.857,,,,Synthetic data for pipeline/rules testing only (NOT real soil science).
synthetic_prototype,SYN_00664,garden-b,dev-004,chili,loam,2025-12-14T20:00:00+07:00,10,28.74,28.18,1215,6.69,108,63,190,1.858,3.204,3.035,0.872,,,,Synthetic data for pipeline/rules testing only (NOT real soil science).
synthetic_prototype,SYN_00665,garden-b,dev-001,rice,loam,2025-12-14T20:30:00+07:00,10,29.05,58.02,1006,5.55,87,54,140,1.565,2.697,3.131,0.802,,,,Synthetic data for pipeline/rules testing only (NOT real soil science).
synthetic_prototype,SYN_00666,garden-c,dev-002,rice,loam,2025-12-14T21:00:00+07:00,10,30.18,55.82,1316,7.05,117,94,174,2.169,3.739,3.971,0.759,,,,Synthetic data for pipeline/rules testing only (NOT real soil science).
synthetic_prototype,SYN_00667,garden-b,dev-004,rice,sandy,2025-12-14T21:30:00+07:00,10,24.99,33.57,1110,6.67,101,45,133,1.164,2.007,2.143,0.831,,,,Synthetic data for pipeline/rules testing only (NOT real soil science).
synthetic_prototype,SYN_00668,garden-b,dev-004,default,loam,2025-12-14T22:00:00+07:00,10,27.13,5.0,766,7.09,113,43,167,1.819,3.136,3.79,0.677,,,,Synthetic data for pipeline/rules testing only (NOT real soil science).
synthetic_prototype,SYN_00669,garden-c,dev-004,tomato,clay,2025-12-14T22:30:00+07:00,10,31.47,47.88,1712,6.28,143,73,169,2.181,3.761,3.36,0.797,,,,Synthetic data for pipeline/rules testing only (NOT real soil science).
synthetic_prototype,SYN_00670,garden-b,dev-002,rice,clay,2025-12-14T23:00:00+07:00,10,27.93,45.78,1563,6.3,134,62,219,3.317,5.718,5.309,0.808,,,,Synthetic data for pipeline/rules testing only (NOT real soil science).
synthetic_prototype,SYN_00671,garden-b,dev-004,rice,clay,2025-12-14T23:30:00+07:00,10,30.27,47.76,1732,7.25,184,65,170,2.594,4.472,4.324,0.802,,,,Synthetic data for pipeline/rules testing only (NOT real soil science).
synthetic_prototype,SYN_00672,garden-a,dev-004,default,clay,2025-12-15T00:00:00+07:00,10,26.46,22.75,1094,7.14,143,68,158,1.947,3.357,3.019,0.788,,,,Synthetic data for pipeline/rules testing only (NOT real soil science).
synthetic_prototype,SYN_00673,garden-b,dev-003,rice,sandy,2025-12-15T00:30:00+07:00,10,30.79,31.62,898,6.37,76,60,116,1.244,2.145,2.894,0.789,,,,Synthetic data for pipeline/rules testing only (NOT real soil science).
synthetic_prototype,SYN_00674,garden-b,dev-001,default,loam,2025-12-15T01:00:00+07:00,10,27.81,32.47,1160,6.21,117,49,197,2.337,4.028,4.922,0.777,,,,Synthetic data for pipeline/rules testing only (NOT real soil science).
synthetic_prototype,SYN_00675,garden-b,dev-003,chili,sandy,2025-12-15T01:30:00+07:00,10,28.55,17.04,725,5.95,109,37,183,1.204,2.076,1.775,0.749,,,,Synthetic data for pipeline/rules testing only (NOT real soil science).
synthetic_prototype,SYN_00676,garden-a,dev-002,rice,clay,2025-12-15T02:00:00+07:00,10,23.45,44.51,326,6.26,85,12,109,0.97,1.672,2.457,0.757,,,,Synthetic data for pipeline/rules testing only (NOT real soil science).
synthetic_prototype,SYN_00677,garden-b,dev-002,default,sandy,2025-12-15T02:30:00+07:00,10,25.46,18.26,370,5.51,55,30,72,0.348,0.6,0.348,0.693,,,,Synthetic data for pipeline/rules testing only (NOT real soil science).
synthetic_prototype,SYN_00678,garden-a,dev-001,rice,loam,2025-12-15T03:00:00+07:00,10,33.32,45.32,936,5.81,109,67,151,1.487,2.564,2.191,0.735,,,,Synthetic data for pipeline/rules testing only (NOT real soil science).
synthetic_prototype,SYN_00679,garden-a,dev-004,default,sandy,2025-12-15T03:30:00+07:00,10,32.17,34.84,593,6.13,60,55,85,0.967,1.666,1.438,0.777,,,,Synthetic data for pipeline/rules testing only (NOT real soil science).
synthetic_prototype,SYN_00680,garden-a,dev-001,default,sandy,2025-12-15T04:00:00+07:00,10,28.02,25.74,648,6.51,134,46,156,1.772,3.056,3.198,0.791,,,,Synthetic data for pipeline/rules testing only (NOT real soil science).
synthetic_prototype,SYN_00681,garden-c,dev-004,rice,sandy,2025-12-15T04:30:00+07:00,10,30.64,23.28,425,6.86,55,29,52,0.484,0.834,0.448,0.75,,,,Synthetic data for pipeline/rules testing only (NOT real soil science).
synthetic_prototype,SYN_00682,garden-b,dev-003,rice,clay,2025-12-15T05:00:00+07:00,10,26.52,37.78,1368,6.04,139,66,162,2.079,3.585,3.342,0.87,,,,Synthetic data for pipeline/rules testing only (NOT real soil science).
synthetic_prototype,SYN_00683,garden-a,dev-003,tomato,loam,2025-12-15T05:30:00+07:00,10,31.28,27.4,1183,5.92,119,67,122,1.762,3.037,2.574,0.841,,,,Synthetic data for pipeline/rules testing only (NOT real soil science).
synthetic_prototype,SYN_00684,garden-c,dev-002,chili,sandy,2025-12-15T06:00:00+07:00,10,25.14,35.09,562,7.21,109,32,129,0.72,1.241,1.836,0.765,,,,Synthetic data for pipeline/rules testing only (NOT real soil science).
synthetic_prototype,SYN_00685,garden-c,dev-002,chili,loam,2025-12-15T06:30:00+07:00,10,21.9,15.76,684,5.68,157,45,162,1.991,3.433,3.312,0.74,,,,Synthetic data for pipeline/rules testing only (NOT real soil science).
synthetic_prototype,SYN_00686,garden-a,dev-001,tomato,sandy,2025-12-15T07:00:00+07:00,10,23.48,22.04,636,6.79,40,41,95,0.991,1.708,2.278,0.723,,,,Synthetic data for pipeline/rules testing only (NOT real soil science).
synthetic_prototype,SYN_00687,garden-a,dev-001,chili,clay,2025-12-15T07:30:00+07:00,10,26.87,34.81,995,6.21,108,71,139,2.385,4.111,3.957,0.788,,,,Synthetic data for pipeline/rules testing only (NOT real soil science).
synthetic_prototype,SYN_00688,garden-a,dev-002,tomato,loam,2025-12-15T08:00:00+07:00,10,27.95,40.73,1264,6.79,154,64,135,1.751,3.019,2.39,0.795,,,,Synthetic data for pipeline/rules testing only (NOT real soil science).
synthetic_prototype,SYN_00689,garden-a,dev-001,rice,sandy,2025-12-15T08:30:00+07:00,10,26.05,38.18,967,6.4,79,27,126,0.967,1.667,1.157,0.793,,,,Synthetic data for pipeline/rules testing only (NOT real soil science).
synthetic_prototype,SYN_00690,garden-c,dev-002,chili,loam,2025-12-15T09:00:00+07:00,10,29.03,20.5,734,5.53,102,50,132,0.857,1.478,2.054,0.763,,,,Synthetic data for pipeline/rules testing only (NOT real soil science).
synthetic_prototype,SYN_00691,garden-b,dev-003,default,clay,2025-12-15T09:30:00+07:00,10,25.82,43.18,1332,6.15,170,73,207,2.535,4.371,4.029,0.795,,,,Synthetic data for pipeline/rules testing only (NOT real soil science).
synthetic_prototype,SYN_00692,garden-a,dev-004,rice,loam,2025-12-15T10:00:00+07:00,10,36.02,31.03,1150,6.07,115,64,201,1.754,3.024,2.615,0.857,,,,Synthetic data for pipeline/rules testing only (NOT real soil science).
synthetic_prototype,SYN_00693,garden-b,dev-001,tomato,sandy,2025-12-15T10:30:00+07:00,10,29.32,12.32,397,5.67,45,37,100,0.397,0.684,0.611,0.639,,,,Synthetic data for pipeline/rules testing only (NOT real soil science).
synthetic_prototype,SYN_00694,garden-a,dev-003,tomato,loam,2025-12-15T11:00:00+07:00,10,27.77,25.38,681,6.41,114,49,57,1.359,2.343,2.499,0.84,,,,Synthetic data for pipeline/rules testing only (NOT real soil science).
synthetic_prototype,SYN_00695,garden-a,dev-004,default,clay,2025-12-15T11:30:00+07:00,10,25.96,18.13,968,6.34,89,48,156,1.953,3.367,3.713,0.79,,,,Synthetic data for pipeline/rules testing only (NOT real soil science).
synthetic_prototype,SYN_00696,garden-b,dev-003,tomato,clay,2025-12-15T12:00:00+07:00,10,29.11,48.06,1442,6.56,147,77,117,2.756,4.751,4.932,0.769,,,,Synthetic data for pipeline/rules testing only (NOT real soil science).
synthetic_prototype,SYN_00697,garden-c,dev-002,tomato,sandy,2025-12-15T12:30:00+07:00,10,28.46,19.05,926,6.67,109,46,112,1.391,2.397,2.219,0.806,,,,Synthetic data for pipeline/rules testing only (NOT real soil science).
synthetic_prototype,SYN_00698,garden-a,dev-001,chili,sandy,2025-12-15T13:00:00+07:00,10,28.0,30.59,563,6.43,58,25,24,0.309,0.534,0.609,0.755,,,,Synthetic data for pipeline/rules testing only (NOT real soil science).
synthetic_prototype,SYN_00699,garden-b,dev-003,rice,loam,2025-12-15T13:30:00+07:00,10,26.86,33.85,1568,6.84,185,104,257,3.266,5.631,5.737,0.888,,,,Synthetic data for pipeline/rules testing only (NOT real soil science).
synthetic_prototype,SYN_00700,garden-a,dev-001,default,loam,2025-12-15T14:00:00+07:00,10,32.6,27.86,1060,5.87,124,61,142,1.406,2.424,1.72,0.833,,,,Synthetic data for pipeline/rules testing only (NOT real soil science).
synthetic_prototype,SYN_00701,garden-c,dev-004,default,sandy,2025-12-15T14:30:00+07:00,10,22.02,22.47,618,6.52,98,37,113,1.042,1.797,1.593,0.795,,,,Synthetic data for pipeline/rules testing only (NOT real soil science).
synthetic_prototype,SYN_00702,garden-c,dev-003,default,sandy,2025-12-15T15:00:00+07:00,10,33.79,13.85,800,5.65,82,53,96,1.418,2.445,1.733,0.757,,,,Synthetic data for pipeline/rules testing only (NOT real soil science).
synthetic_prototype,SYN_00703,garden-a,dev-004,rice,sandy,2025-12-15T15:30:00+07:00,10,34.66,29.88,649,8.1,46,36,182,0.787,1.357,0.0,0.787,,,,Synthetic data for pipeline/rules testing only (NOT real soil science).
synthetic_prototype,SYN_00704,garden-b,dev-003,default,clay,2025-12-15T16:00:00+07:00,10,29.95,40.66,821,6.26,120,40,160,1.494,2.575,2.756,0.736,,,,Synthetic data for pipeline/rules testing only (NOT real soil science).
synthetic_prototype,SYN_00705,garden-c,dev-003,rice,sandy,2025-12-15T16:30:00+07:00,10,30.99,16.78,491,6.16,104,28,92,1.069,1.842,1.673,0.726,,,,Synthetic data for pipeline/rules testing only (NOT real soil science).
synthetic_prototype,SYN_00706,garden-a,dev-004,tomato,loam,2025-12-15T17:00:00+07:00,10,30.18,45.41,1290,7.59,141,69,186,1.627,2.804,3.046,0.8,,,,Synthetic data for pipeline/rules testing only (NOT real soil science).
synthetic_prototype,SYN_00707,garden-b,dev-003,default,loam,2025-12-15T17:30:00+07:00,10,32.6,34.14,1508,6.75,175,71,132,2.879,4.963,4.457,0.882,,,,Synthetic data for pipeline/rules testing only (NOT real soil science).
synthetic_prototype,SYN_00708,garden-a,dev-004,rice,loam,2025-12-15T18:00:00+07:00,10,28.91,48.91,1485,7.19,148,70,177,2.114,3.644,3.256,0.783,,,,Synthetic data for pipeline/rules testing only (NOT real soil science).
synthetic_prototype,SYN_00709,garden-b,dev-004,tomato,clay,2025-12-15T18:30:00+07:00,10,30.34,32.46,1481,6.51,172,76,177,2.968,5.116,5.225,0.866,,,,Synthetic data for pipeline/rules testing only (NOT real soil science).
synthetic_prototype,SYN_00710,garden-c,dev-003,rice,loam,2025-12-15T19:00:00+07:00,10,30.72,35.9,520,6.05,41,67,79,0.972,1.676,0.149,0.742,,,,Synthetic data for pipeline/rules testing only (NOT real soil science).
synthetic_prototype,SYN_00711,garden-c,dev-001,rice,loam,2025-12-15T19:30:00+07:00,10,30.11,33.23,1331,6.54,185,71,193,2.602,4.487,4.525,0.885,,,,Synthetic data for pipeline/rules testing only (NOT real soil science).
synthetic_prototype,SYN_00712,garden-c,dev-001,chili,loam,2025-12-15T20:00:00+07:00,10,26.86,15.63,1087,6.24,135,60,185,2.546,4.389,4.498,0.817,,,,Synthetic data for pipeline/rules testing only (NOT real soil science).
synthetic_prototype,SYN_00713,garden-a,dev-002,default,clay,2025-12-15T20:30:00+07:00,10,28.51,23.89,964,6.23,132,55,151,1.823,3.142,1.889,0.823,,,,Synthetic data for pipeline/rules testing only (NOT real soil science).
synthetic_prototype,SYN_00714,garden-a,dev-002,chili,loam,2025-12-15T21:00:00+07:00,10,28.38,29.31,1452,6.72,128,73,177,2.251,3.881,3.154,0.847,,,,Synthetic data for pipeline/rules testing only (NOT real soil science).
synthetic_prototype,SYN_00715,garden-c,dev-004,tomato,sandy,2025-12-15T21:30:00+07:00,10,30.31,17.76,461,6.84,60,49,55,0.616,1.061,0.511,0.71,,,,Synthetic data for pipeline/rules testing only (NOT real soil science).
synthetic_prototype,SYN_00716,garden-c,dev-003,tomato,sandy,2025-12-15T22:00:00+07:00,10,34.27,16.56,225,5.68,75,21,35,0.576,0.993,0.892,0.67,,,,Synthetic data for pipeline/rules testing only (NOT real soil science).
synthetic_prototype,SYN_00717,garden-a,dev-001,rice,loam,2025-12-15T22:30:00+07:00,10,25.6,37.06,549,5.88,69,50,127,1.454,2.508,2.174,0.813,,,,Synthetic data for pipeline/rules testing only (NOT real soil science).
synthetic_prototype,SYN_00718,garden-b,dev-003,tomato,loam,2025-12-15T23:00:00+07:00,10,26.84,37.86,1270,6.7,100,72,157,2.024,3.49,2.823,0.821,,,,Synthetic data for pipeline/rules testing only (NOT real soil science).
synthetic_prototype,SYN_00719,garden-b,dev-002,rice,sandy,2025-12-15T23:30:00+07:00,10,29.76,37.22,776,7.03,65,46,81,0.153,0.263,0.474,0.81,,,,Synthetic data for pipeline/rules testing only (NOT real soil science).
synthetic_prototype,SYN_00720,garden-a,dev-001,rice,clay,2025-12-16T00:00:00+07:00,10,31.62,48.59,1513,6.05,189,58,153,2.233,3.849,2.866,0.796,,,,Synthetic data for pipeline/rules testing only (NOT real soil science).
synthetic_prototype,SYN_00721,garden-c,dev-001,default,sandy,2025-12-16T00:30:00+07:00,10,25.0,24.91,948,7.6,95,54,145,1.075,1.853,2.629,0.801,,,,Synthetic data for pipeline/rules testing only (NOT real soil science).
synthetic_prototype,SYN_00722,garden-c,dev-003,rice,loam,2025-12-16T01:00:00+07:00,10,27.31,58.99,1003,6.17,77,59,99,0.654,1.128,0.733,0.797,,,,Synthetic data for pipeline/rules testing only (NOT real soil science).
synthetic_prototype,SYN_00723,garden-a,dev-001,rice,clay,2025-12-16T01:30:00+07:00,10,28.1,61.9,1491,6.03,153,71,180,2.602,4.485,4.336,0.754,,,,Synthetic data for pipeline/rules testing only (NOT real soil science).
synthetic_prototype,SYN_00724,garden-a,dev-001,chili,loam,2025-12-16T02:00:00+07:00,10,24.81,30.05,585,5.79,58,34,91,1.018,1.754,1.412,0.803,,,,Synthetic data for pipeline/rules testing only (NOT real soil science).
synthetic_prototype,SYN_00725,garden-a,dev-003,tomato,clay,2025-12-16T02:30:00+07:00,10,26.28,23.88,662,5.81,93,51,194,1.454,2.507,3.161,0.729,,,,Synthetic data for pipeline/rules testing only (NOT real soil science).
synthetic_prototype,SYN_00726,garden-a,dev-004,chili,loam,2025-12-16T03:00:00+07:00,10,30.5,39.41,1008,6.67,81,38,145,1.713,2.953,2.438,0.808,,,,Synthetic data for pipeline/rules testing only (NOT real soil science).
synthetic_prototype,SYN_00727,garden-c,dev-002,default,sandy,2025-12-16T03:30:00+07:00,10,32.04,13.08,971,6.78,138,50,163,1.993,3.436,2.551,0.789,,,,Synthetic data for pipeline/rules testing only (NOT real soil science).
synthetic_prototype,SYN_00728,garden-b,dev-001,default,loam,2025-12-16T04:00:00+07:00,10,26.89,39.58,1033,6.24,136,67,124,1.479,2.55,2.221,0.842,,,,Synthetic data for pipeline/rules testing only (NOT real soil science).
synthetic_prototype,SYN_00729,garden-b,dev-001,default,loam,2025-12-16T04:30:00+07:00,10,28.51,21.16,744,7.22,94,47,153,1.143,1.97,2.896,0.751,,,,Synthetic data for pipeline/rules testing only (NOT real soil science).
synthetic_prototype,SYN_00730,garden-b,dev-002,chili,loam,2025-12-16T05:00:00+07:00,10,30.28,29.62,1186,7.35,131,68,150,2.099,3.618,3.148,0.827,,,,Synthetic data for pipeline/rules testing only (NOT real soil science).
synthetic_prototype,SYN_00731,garden-a,dev-002,default,loam,2025-12-16T05:30:00+07:00,10,32.88,33.51,954,5.86,145,74,102,2.118,3.651,4.174,0.823,,,,Synthetic data for pipeline/rules testing only (NOT real soil science).
synthetic_prototype,SYN_00732,garden-a,dev-001,rice,loam,2025-12-16T06:00:00+07:00,10,27.83,31.4,1323,6.16,100,69,132,2.129,3.67,3.652,0.8,,,,Synthetic data for pipeline/rules testing only (NOT real soil science).
synthetic_prototype,SYN_00733,garden-c,dev-004,chili,sandy,2025-12-16T06:30:00+07:00,10,25.73,25.72,680,7.0,123,34,114,1.253,2.159,2.939,0.766,,,,Synthetic data for pipeline/rules testing only (NOT real soil science).
synthetic_prototype,SYN_00734,garden-c,dev-001,tomato,clay,2025-12-16T07:00:00+07:00,10,24.24,40.66,1547,6.56,186,96,215,3.582,6.175,6.635,0.863,,,,Synthetic data for pipeline/rules testing only (NOT real soil science).
synthetic_prototype,SYN_00735,garden-a,dev-004,default,loam,2025-12-16T07:30:00+07:00,10,26.95,27.68,247,7.05,62,29,75,0.766,1.321,0.845,0.749,,,,Synthetic data for pipeline/rules testing only (NOT real soil science).
synthetic_prototype,SYN_00736,garden-a,dev-003,rice,clay,2025-12-16T08:00:00+07:00,10,26.48,31.05,1115,6.04,144,76,156,2.648,4.564,4.001,0.819,,,,Synthetic data for pipeline/rules testing only (NOT real soil science).
synthetic_prototype,SYN_00737,garden-c,dev-001,chili,loam,2025-12-16T08:30:00+07:00,10,30.78,20.13,1010,6.55,125,68,205,2.177,3.753,4.541,0.816,,,,Synthetic data for pipeline/rules testing only (NOT real soil science).
synthetic_prototype,SYN_00738,garden-c,dev-004,chili,loam,2025-12-16T09:00:00+07:00,10,31.9,41.85,1444,6.44,128,71,146,1.773,3.058,2.576,0.882,,,,Synthetic data for pipeline/rules testing only (NOT real soil science).
synthetic_prototype,SYN_00739,garden-b,dev-002,chili,sandy,2025-12-16T09:30:00+07:00,10,30.41,3.08,411,6.99,87,31,0,0.669,1.154,1.407,0.676,,,,Synthetic data for pipeline/rules testing only (NOT real soil science).
synthetic_prototype,SYN_00740,garden-b,dev-004,rice,loam,2025-12-16T10:00:00+07:00,10,29.46,55.19,1473,6.2,146,79,190,1.93,3.327,3.166,0.779,,,,Synthetic data for pipeline/rules testing only (NOT real soil science).
synthetic_prototype,SYN_00741,garden-b,dev-001,rice,clay,2025-12-16T10:30:00+07:00,10,30.16,45.64,1471,5.16,145,79,221,2.907,5.012,4.899,0.793,,,,Synthetic data for pipeline/rules testing only (NOT real soil science).
synthetic_prototype,SYN_00742,garden-b,dev-002,default,loam,2025-12-16T11:00:00+07:00,10,27.89,34.63,1194,5.64,113,66,117,2.125,3.664,3.506,0.876,,,,Synthetic data for pipeline/rules testing only (NOT real soil science).
synthetic_prototype,SYN_00743,garden-b,dev-002,tomato,loam,2025-12-16T11:30:00+07:00,10,30.58,45.23,1352,6.38,126,78,217,2.16,3.724,3.234,0.866,,,,Synthetic data for pipeline/rules testing only (NOT real soil science).
synthetic_prototype,SYN_00744,garden-b,dev-004,default,loam,2025-12-16T12:00:00+07:00,10,26.64,22.34,655,6.4,91,38,141,1.508,2.601,2.379,0.794,,,,Synthetic data for pipeline/rules testing only (NOT real soil science).
synthetic_prototype,SYN_00745,garden-a,dev-002,chili,clay,2025-12-16T12:30:00+07:00,10,33.35,28.97,763,5.29,112,47,95,1.83,3.156,2.741,0.787,,,,Synthetic data for pipeline/rules testing only (NOT real soil science).
synthetic_prototype,SYN_00746,garden-b,dev-003,default,loam,2025-12-16T13:00:00+07:00,10,27.72,23.13,496,5.63,52,34,133,0.174,0.3,0.812,0.748,,,,Synthetic data for pipeline/rules testing only (NOT real soil science).
synthetic_prototype,SYN_00747,garden-b,dev-003,chili,sandy,2025-12-16T13:30:00+07:00,10,30.39,27.35,906,7.75,100,44,126,1.132,1.952,1.825,0.757,,,,Synthetic data for pipeline/rules testing only (NOT real soil science).
synthetic_prototype,SYN_00748,garden-a,dev-004,rice,clay,2025-12-16T14:00:00+07:00,10,32.24,52.45,1090,6.52,101,73,148,1.286,2.217,2.688,0.813,,,,Synthetic data for pipeline/rules testing only (NOT real soil science).
synthetic_prototype,SYN_00749,garden-b,dev-001,tomato,sandy,2025-12-16T14:30:00+07:00,10,32.01,25.93,370,6.5,71,44,141,1.379,2.377,3.265,0.761,,,,Synthetic data for pipeline/rules testing only (NOT real soil science).
synthetic_prototype,SYN_00750,garden-c,dev-002,rice,loam,2025-12-16T15:00:00+07:00,10,31.31,39.98,1604,6.05,131,96,208,2.644,4.559,3.702,0.824,,,,Synthetic data for pipeline/rules testing only (NOT real soil science).
synthetic_prototype,SYN_00751,garden-b,dev-002,default,loam,2025-12-16T15:30:00+07:00,10,26.84,20.49,746,5.53,81,37,108,0.974,1.678,0.772,0.764,,,,Synthetic data for pipeline/rules testing only (NOT real soil science).
synthetic_prototype,SYN_00752,garden-a,dev-001,default,clay,2025-12-16T16:00:00+07:00,10,29.66,32.25,1412,6.67,152,78,183,2.812,4.848,4.473,0.809,,,,Synthetic data for pipeline/rules testing only (NOT real soil science).
synthetic_prototype,SYN_00753,garden-b,dev-002,tomato,clay,2025-12-16T16:30:00+07:00,10,27.92,16.36,898,6.94,132,47,126,1.91,3.293,3.494,0.733,,,,Synthetic data for pipeline/rules testing only (NOT real soil science).
synthetic_prototype,SYN_00754,garden-b,dev-004,default,clay,2025-12-16T17:00:00+07:00,10,27.68,49.87,967,6.14,92,40,93,1.542,2.658,3.579,0.783,,,,Synthetic data for pipeline/rules testing only (NOT real soil science).
synthetic_prototype,SYN_00755,garden-a,dev-004,chili,loam,2025-12-16T17:30:00+07:00,10,24.87,46.97,863,6.01,117,58,125,1.992,3.435,3.49,0.748,,,,Synthetic data for pipeline/rules testing only (NOT real soil science).
synthetic_prototype,SYN_00756,garden-a,dev-002,chili,sandy,2025-12-16T18:00:00+07:00,10,24.67,24.98,702,7.09,73,47,127,0.862,1.487,1.719,0.756,,,,Synthetic data for pipeline/rules testing only (NOT real soil science).
synthetic_prototype,SYN_00757,garden-a,dev-002,chili,loam,2025-12-16T18:30:00+07:00,10,30.19,20.78,885,6.48,83,40,114,1.419,2.446,1.691,0.804,,,,Synthetic data for pipeline/rules testing only (NOT real soil science).
synthetic_prototype,SYN_00758,garden-b,dev-004,default,loam,2025-12-16T19:00:00+07:00,10,26.9,22.39,1517,6.18,127,74,191,3.258,5.617,5.814,0.734,,,,Synthetic data for pipeline/rules testing only (NOT real soil science).
synthetic_prototype,SYN_00759,garden-c,dev-002,chili,sandy,2025-12-16T19:30:00+07:00,10,33.53,11.16,1426,6.09,139,78,192,2.379,4.102,5.441,0.75,,,,Synthetic data for pipeline/rules testing only (NOT real soil science).
synthetic_prototype,SYN_00760,garden-b,dev-004,default,clay,2025-12-16T20:00:00+07:00,10,25.35,44.11,1223,6.06,141,70,208,1.909,3.291,2.535,0.82,,,,Synthetic data for pipeline/rules testing only (NOT real soil science).
synthetic_prototype,SYN_00761,garden-b,dev-001,default,loam,2025-12-16T20:30:00+07:00,10,25.27,31.3,493,6.57,34,25,49,0.813,1.402,1.183,0.729,,,,Synthetic data for pipeline/rules testing only (NOT real soil science).
synthetic_prototype,SYN_00762,garden-a,dev-004,default,sandy,2025-12-16T21:00:00+07:00,10,28.93,5.09,534,5.52,104,54,128,1.519,2.619,2.581,0.653,,,,Synthetic data for pipeline/rules testing only (NOT real soil science).
synthetic_prototype,SYN_00763,garden-a,dev-003,default,loam,2025-12-16T21:30:00+07:00,10,25.7,38.98,1387,6.41,159,78,213,2.797,4.823,5.246,0.837,,,,Synthetic data for pipeline/rules testing only (NOT real soil science).
synthetic_prototype,SYN_00764,garden-a,dev-004,default,loam,2025-12-16T22:00:00+07:00,10,29.51,37.01,948,5.79,157,56,161,1.496,2.578,2.344,0.802,,,,Synthetic data for pipeline/rules testing only (NOT real soil science).
synthetic_prototype,SYN_00765,garden-c,dev-001,rice,loam,2025-12-16T22:30:00+07:00,10,26.3,30.84,1066,6.02,121,52,111,2.0,3.449,3.3,0.811,,,,Synthetic data for pipeline/rules testing only (NOT real soil science).
synthetic_prototype,SYN_00766,garden-a,dev-004,chili,loam,2025-12-16T23:00:00+07:00,10,22.77,34.49,979,5.28,117,38,159,1.539,2.653,2.793,0.796,,,,Synthetic data for pipeline/rules testing only (NOT real soil science).
synthetic_prototype,SYN_00767,garden-c,dev-003,default,clay,2025-12-16T23:30:00+07:00,10,29.78,56.79,1522,5.75,144,79,196,2.079,3.584,2.843,0.822,,,,Synthetic data for pipeline/rules testing only (NOT real soil science).
synthetic_prototype,SYN_00768,garden-b,dev-003,rice,sandy,2025-12-17T00:00:00+07:00,10,28.07,32.43,762,6.82,97,56,149,1.113,1.919,1.438,0.789,,,,Synthetic data for pipeline/rules testing only (NOT real soil science).
synthetic_prototype,SYN_00769,garden-a,dev-002,default,loam,2025-12-17T00:30:00+07:00,10,25.86,22.13,779,7.98,90,58,75,1.569,2.704,2.64,0.717,,,,Synthetic data for pipeline/rules testing only (NOT real soil science).
synthetic_prototype,SYN_00770,garden-b,dev-001,chili,sandy,2025-12-17T01:00:00+07:00,10,32.97,38.31,713,5.46,72,50,82,0.461,0.794,0.703,0.785,,,,Synthetic data for pipeline/rules testing only (NOT real soil science).
synthetic_prototype,SYN_00771,garden-c,dev-001,tomato,sandy,2025-12-17T01:30:00+07:00,10,29.66,14.71,739,6.66,116,27,116,1.414,2.437,2.471,0.796,,,,Synthetic data for pipeline/rules testing only (NOT real soil science).
synthetic_prototype,SYN_00772,garden-b,dev-003,chili,loam,2025-12-17T02:00:00+07:00,10,27.9,13.69,1049,7.28,99,55,172,1.682,2.899,3.416,0.755,,,,Synthetic data for pipeline/rules testing only (NOT real soil science).
synthetic_prototype,SYN_00773,garden-c,dev-003,default,sandy,2025-12-17T02:30:00+07:00,10,29.75,25.27,492,5.99,62,29,82,1.066,1.838,1.277,0.774,,,,Synthetic data for pipeline/rules testing only (NOT real soil science).
synthetic_prototype,SYN_00774,garden-c,dev-001,chili,loam,2025-12-17T03:00:00+07:00,10,26.55,40.87,960,6.09,122,64,169,2.032,3.503,2.903,0.821,,,,Synthetic data for pipeline/rules testing only (NOT real soil science).
synthetic_prototype,SYN_00775,garden-b,dev-003,chili,sandy,2025-12-17T03:30:00+07:00,10,32.32,31.13,475,6.31,80,41,129,0.723,1.247,0.813,0.748,,,,Synthetic data for pipeline/rules testing only (NOT real soil science).
synthetic_prototype,SYN_00776,garden-b,dev-004,chili,clay,2025-12-17T04:00:00+07:00,10,30.9,39.73,1126,6.26,125,56,155,1.434,2.473,2.225,0.869,,,,Synthetic data for pipeline/rules testing only (NOT real soil science).
synthetic_prototype,SYN_00777,garden-b,dev-004,rice,clay,2025-12-17T04:30:00+07:00,10,26.74,58.45,1469,6.13,129,68,149,2.737,4.718,4.072,0.774,,,,Synthetic data for pipeline/rules testing only (NOT real soil science).
synthetic_prototype,SYN_00778,garden-b,dev-003,default,loam,2025-12-17T05:00:00+07:00,10,29.51,20.3,1059,6.23,154,58,181,2.243,3.866,4.381,0.835,,,,Synthetic data for pipeline/rules testing only (NOT real soil science).
synthetic_prototype,SYN_00779,garden-b,dev-004,chili,loam,2025-12-17T05:30:00+07:00,10,28.27,32.28,1322,7.21,144,64,164,2.01,3.466,3.226,0.813,,,,Synthetic data for pipeline/rules testing only (NOT real soil science).
synthetic_prototype,SYN_00780,garden-b,dev-001,rice,loam,2025-12-17T06:00:00+07:00,10,27.73,25.92,897,5.9,118,54,115,1.356,2.338,3.368,0.755,,,,Synthetic data for pipeline/rules testing only (NOT real soil science).
synthetic_prototype,SYN_00781,garden-a,dev-002,default,sandy,2025-12-17T06:30:00+07:00,10,25.06,17.84,545,5.81,93,23,114,0.931,1.605,1.907,0.68,,,,Synthetic data for pipeline/rules testing only (NOT real soil science).
synthetic_prototype,SYN_00782,garden-a,dev-004,tomato,clay,2025-12-17T07:00:00+07:00,10,27.8,31.5,993,5.49,140,52,153,2.193,3.781,4.04,0.725,,,,Synthetic data for pipeline/rules testing only (NOT real soil science).
synthetic_prototype,SYN_00783,garden-c,dev-001,tomato,loam,2025-12-17T07:30:00+07:00,10,22.79,37.07,1621,6.8,139,94,201,3.039,5.24,5.911,0.815,,,,Synthetic data for pipeline/rules testing only (NOT real soil science).
synthetic_prototype,SYN_00784,garden-a,dev-002,chili,clay,2025-12-17T08:00:00+07:00,10,30.89,21.65,472,5.89,100,41,117,0.943,1.626,1.257,0.745,,,,Synthetic data for pipeline/rules testing only (NOT real soil science).
synthetic_prototype,SYN_00785,garden-b,dev-004,default,loam,2025-12-17T08:30:00+07:00,10,28.08,13.18,568,7.17,109,41,134,1.272,2.193,2.45,0.726,,,,Synthetic data for pipeline/rules testing only (NOT real soil science).
synthetic_prototype,SYN_00786,garden-b,dev-003,chili,sandy,2025-12-17T09:00:00+07:00,10,27.42,13.38,498,5.64,52,47,147,1.016,1.752,2.201,0.746,,,,Synthetic data for pipeline/rules testing only (NOT real soil science).
synthetic_prototype,SYN_00787,garden-a,dev-001,tomato,sandy,2025-12-17T09:30:00+07:00,10,30.35,13.47,528,6.48,105,48,81,1.209,2.084,1.072,0.736,,,,Synthetic data for pipeline/rules testing only (NOT real soil science).
synthetic_prototype,SYN_00788,garden-c,dev-003,tomato,loam,2025-12-17T10:00:00+07:00,10,25.11,28.58,1471,6.01,139,68,184,2.756,4.751,4.658,0.815,,,,Synthetic data for pipeline/rules testing only (NOT real soil science).
synthetic_prototype,SYN_00789,garden-a,dev-003,default,sandy,2025-12-17T10:30:00+07:00,10,24.24,13.85,443,6.67,90,40,103,1.413,2.436,2.415,0.666,,,,Synthetic data for pipeline/rules testing only (NOT real soil science).
synthetic_prototype,SYN_00790,garden-c,dev-002,rice,clay,2025-12-17T11:00:00+07:00,10,27.49,51.42,1160,5.18,86,44,129,0.801,1.382,1.546,0.736,,,,Synthetic data for pipeline/rules testing only (NOT real soil science).
synthetic_prototype,SYN_00791,garden-c,dev-002,chili,sandy,2025-12-17T11:30:00+07:00,10,26.39,10.78,827,7.32,102,42,118,1.185,2.042,2.383,0.781,,,,Synthetic data for pipeline/rules testing only (NOT real soil science).
synthetic_prototype,SYN_00792,garden-c,dev-003,default,clay,2025-12-17T12:00:00+07:00,10,30.0,39.22,707,5.99,100,46,92,1.284,2.214,2.0,0.77,,,,Synthetic data for pipeline/rules testing only (NOT real soil science).
synthetic_prototype,SYN_00793,garden-a,dev-001,default,sandy,2025-12-17T12:30:00+07:00,10,25.99,20.54,94,6.46,36,39,113,0.485,0.836,0.887,0.702,,,,Synthetic data for pipeline/rules testing only (NOT real soil science).
synthetic_prototype,SYN_00794,garden-b,dev-001,rice,loam,2025-12-17T13:00:00+07:00,10,27.97,51.51,1125,7.18,147,57,183,1.728,2.98,2.567,0.809,,,,Synthetic data for pipeline/rules testing only (NOT real soil science).
synthetic_prototype,SYN_00795,garden-a,dev-002,chili,loam,2025-12-17T13:30:00+07:00,10,25.38,27.31,1449,6.29,160,68,242,2.631,4.536,3.838,0.837,,,,Synthetic data for pipeline/rules testing only (NOT real soil science).
synthetic_prototype,SYN_00796,garden-a,dev-002,chili,sandy,2025-12-17T14:00:00+07:00,10,28.81,27.22,576,7.07,106,32,97,0.887,1.529,1.982,0.808,,,,Synthetic data for pipeline/rules testing only (NOT real soil science).
synthetic_prototype,SYN_00797,garden-c,dev-002,rice,clay,2025-12-17T14:30:00+07:00,10,26.34,61.03,1037,6.6,116,67,108,1.127,1.943,1.647,0.762,,,,Synthetic data for pipeline/rules testing only (NOT real soil science).
synthetic_prototype,SYN_00798,garden-b,dev-004,rice,clay,2025-12-17T15:00:00+07:00,10,26.62,67.83,1276,6.06,151,74,187,2.211,3.812,3.668,0.788,,,,Synthetic data for pipeline/rules testing only (NOT real soil science).
synthetic_prototype,SYN_00799,garden-b,dev-003,default,loam,2025-12-17T15:30:00+07:00,10,28.33,28.1,513,6.66,76,44,67,1.242,2.142,1.788,0.777,,,,Synthetic data for pipeline/rules testing only (NOT real soil science).
synthetic_prototype,SYN_00800,garden-c,dev-004,default,sandy,2025-12-17T16:00:00+07:00,10,31.75,18.15,1202,5.97,118,83,149,2.367,4.081,4.083,0.865,,,,Synthetic data for pipeline/rules testing only (NOT real soil science).
synthetic_prototype,SYN_00801,garden-a,dev-003,chili,sandy,2025-12-17T16:30:00+07:00,10,27.53,25.92,814,6.27,83,50,94,1.385,2.387,2.549,0.793,,,,Synthetic data for pipeline/rules testing only (NOT real soil science).
synthetic_prototype,SYN_00802,garden-a,dev-004,default,sandy,2025-12-17T17:00:00+07:00,10,28.12,32.43,660,5.94,87,60,121,1.193,2.056,2.828,0.808,,,,Synthetic data for pipeline/rules testing only (NOT real soil science).
synthetic_prototype,SYN_00803,garden-b,dev-004,rice,loam,2025-12-17T17:30:00+07:00,10,27.96,34.67,1132,6.59,114,39,103,1.64,2.827,3.289,0.859,,,,Synthetic data for pipeline/rules testing only (NOT real soil science).
synthetic_prototype,SYN_00804,garden-a,dev-001,chili,clay,2025-12-17T18:00:00+07:00,10,31.07,23.84,1155,6.47,153,78,137,3.07,5.293,4.651,0.776,,,,Synthetic data for pipeline/rules testing only (NOT real soil science).
synthetic_prototype,SYN_00805,garden-c,dev-001,rice,loam,2025-12-17T18:30:00+07:00,10,22.74,43.68,1460,6.19,135,70,136,2.026,3.493,3.396,0.851,,,,Synthetic data for pipeline/rules testing only (NOT real soil science).
synthetic_prototype,SYN_00806,garden-c,dev-003,tomato,loam,2025-12-17T19:00:00+07:00,10,31.89,36.4,849,7.02,67,47,129,1.4,2.414,2.364,0.8,,,,Synthetic data for pipeline/rules testing only (NOT real soil science).
synthetic_prototype,SYN_00807,garden-a,dev-003,rice,sandy,2025-12-17T19:30:00+07:00,10,25.92,36.0,694,7.21,65,36,104,1.293,2.229,2.94,0.75,,,,Synthetic data for pipeline/rules testing only (NOT real soil science).
synthetic_prototype,SYN_00808,garden-a,dev-003,default,clay,2025-12-17T20:00:00+07:00,10,28.29,38.51,812,5.71,64,51,109,0.947,1.633,1.492,0.81,,,,Synthetic data for pipeline/rules testing only (NOT real soil science).
synthetic_prototype,SYN_00809,garden-b,dev-003,default,loam,2025-12-17T20:30:00+07:00,10,28.72,52.34,1564,6.26,102,86,222,1.879,3.24,4.288,0.801,,,,Synthetic data for pipeline/rules testing only (NOT real soil science).
synthetic_prototype,SYN_00810,garden-a,dev-004,tomato,sandy,2025-12-17T21:00:00+07:00,10,26.15,24.0,1066,5.61,142,38,133,1.252,2.158,1.86,0.78,,,,Synthetic data for pipeline/rules testing only (NOT real soil science).
synthetic_prototype,SYN_00811,garden-c,dev-003,default,clay,2025-12-17T21:30:00+07:00,10,27.99,25.52,1503,8.02,146,82,202,3.058,5.272,5.211,0.807,,,,Synthetic data for pipeline/rules testing only (NOT real soil science).
synthetic_prototype,SYN_00812,garden-a,dev-003,rice,loam,2025-12-17T22:00:00+07:00,10,26.35,51.14,1712,6.79,152,98,147,3.398,5.858,7.234,0.794,,,,Synthetic data for pipeline/rules testing only (NOT real soil science).
synthetic_prototype,SYN_00813,garden-a,dev-002,rice,clay,2025-12-17T22:30:00+07:00,10,29.08,39.26,1870,6.38,185,95,256,3.184,5.49,5.289,0.854,,,,Synthetic data for pipeline/rules testing only (NOT real soil science).
synthetic_prototype,SYN_00814,garden-a,dev-002,rice,loam,2025-12-17T23:00:00+07:00,10,27.72,20.88,1022,7.3,134,50,107,2.452,4.228,4.186,0.797,,,,Synthetic data for pipeline/rules testing only (NOT real soil science).
synthetic_prototype,SYN_00815,garden-b,dev-001,rice,loam,2025-12-17T23:30:00+07:00,10,27.84,40.07,889,6.87,104,42,141,1.131,1.95,1.79,0.8,,,,Synthetic data for pipeline/rules testing only (NOT real soil science).
synthetic_prototype,SYN_00816,garden-b,dev-004,tomato,loam,2025-12-18T00:00:00+07:00,10,30.71,40.17,629,6.01,105,55,148,1.464,2.524,2.083,0.808,,,,Synthetic data for pipeline/rules testing only (NOT real soil science).
synthetic_prototype,SYN_00817,garden-c,dev-002,rice,loam,2025-12-18T00:30:00+07:00,10,30.54,53.14,1294,6.16,114,59,144,1.988,3.427,3.424,0.828,,,,Synthetic data for pipeline/rules testing only (NOT real soil science).
synthetic_prototype,SYN_00818,garden-b,dev-003,default,loam,2025-12-18T01:00:00+07:00,10,28.1,24.7,277,6.82,51,53,104,0.953,1.642,1.533,0.749,,,,Synthetic data for pipeline/rules testing only (NOT real soil science).
synthetic_prototype,SYN_00819,garden-a,dev-001,default,sandy,2025-12-18T01:30:00+07:00,10,29.13,16.93,290,6.46,82,42,149,1.096,1.89,2.356,0.717,,,,Synthetic data for pipeline/rules testing only (NOT real soil science).
synthetic_prototype,SYN_00820,garden-b,dev-004,tomato,loam,2025-12-18T02:00:00+07:00,10,29.79,35.46,977,5.05,158,59,198,2.039,3.516,2.889,0.806,,,,Synthetic data for pipeline/rules testing only (NOT real soil science).
synthetic_prototype,SYN_00821,garden-b,dev-003,rice,loam,2025-12-18T02:30:00+07:00,10,30.64,42.95,671,5.0,82,29,98,0.729,1.256,1.546,0.743,,,,Synthetic data for pipeline/rules testing only (NOT real soil science).
synthetic_prototype,SYN_00822,garden-a,dev-002,chili,clay,2025-12-18T03:00:00+07:00,10,22.29,56.55,1546,6.4,161,78,157,2.739,4.722,4.478,0.771,,,,Synthetic data for pipeline/rules testing only (NOT real soil science).
synthetic_prototype,SYN_00823,garden-c,dev-003,tomato,loam,2025-12-18T03:30:00+07:00,10,23.53,26.23,1254,6.39,162,54,117,2.277,3.925,4.101,0.876,,,,Synthetic data for pipeline/rules testing only (NOT real soil science).
synthetic_prototype,SYN_00824,garden-c,dev-004,rice,loam,2025-12-18T04:00:00+07:00,10,29.52,34.69,2093,6.18,186,94,228,3.498,6.03,6.044,0.81,,,,Synthetic data for pipeline/rules testing only (NOT real soil science).
synthetic_prototype,SYN_00825,garden-b,dev-002,default,loam,2025-12-18T04:30:00+07:00,10,31.66,23.59,1026,6.35,131,68,102,2.091,3.606,4.037,0.717,,,,Synthetic data for pipeline/rules testing only (NOT real soil science).
synthetic_prototype,SYN_00826,garden-c,dev-004,default,clay,2025-12-18T05:00:00+07:00,10,26.48,40.98,1448,6.2,141,76,163,2.361,4.071,3.989,0.754,,,,Synthetic data for pipeline/rules testing only (NOT real soil science).
synthetic_prototype,SYN_00827,garden-c,dev-003,default,loam,2025-12-18T05:30:00+07:00,10,28.03,28.53,1393,6.75,158,56,177,2.301,3.967,3.886,0.836,,,,Synthetic data for pipeline/rules testing only (NOT real soil science).
synthetic_prototype,SYN_00828,garden-a,dev-003,rice,loam,2025-12-18T06:00:00+07:00,10,33.19,23.3,1426,6.7,169,76,127,3.14,5.414,4.983,0.81,,,,Synthetic data for pipeline/rules testing only (NOT real soil science).
synthetic_prototype,SYN_00829,garden-c,dev-003,chili,sandy,2025-12-18T06:30:00+07:00,10,28.32,36.88,609,6.43,71,34,39,0.349,0.601,0.486,0.726,,,,Synthetic data for pipeline/rules testing only (NOT real soil science).
synthetic_prototype,SYN_00830,garden-c,dev-003,rice,loam,2025-12-18T07:00:00+07:00,10,29.24,39.99,1301,6.99,137,89,206,2.871,4.949,4.779,0.781,,,,Synthetic data for pipeline/rules testing only (NOT real soil science).
synthetic_prototype,SYN_00831,garden-c,dev-004,rice,loam,2025-12-18T07:30:00+07:00,10,29.38,40.23,1473,5.42,143,59,152,2.382,4.106,3.341,0.788,,,,Synthetic data for pipeline/rules testing only (NOT real soil science).
synthetic_prototype,SYN_00832,garden-c,dev-004,rice,sandy,2025-12-18T08:00:00+07:00,10,30.35,29.77,447,6.21,27,38,91,0.116,0.2,1.328,0.779,,,,Synthetic data for pipeline/rules testing only (NOT real soil science).
synthetic_prototype,SYN_00833,garden-a,dev-004,default,clay,2025-12-18T08:30:00+07:00,10,29.34,28.56,1422,5.9,145,71,178,2.515,4.335,2.791,0.844,,,,Synthetic data for pipeline/rules testing only (NOT real soil science).
synthetic_prototype,SYN_00834,garden-a,dev-003,default,clay,2025-12-18T09:00:00+07:00,10,27.71,15.96,996,6.04,129,55,179,2.301,3.966,4.408,0.685,,,,Synthetic data for pipeline/rules testing only (NOT real soil science).
synthetic_prototype,SYN_00835,garden-c,dev-001,default,loam,2025-12-18T09:30:00+07:00,10,26.34,23.34,681,6.41,107,43,91,1.409,2.43,2.784,0.705,,,,Synthetic data for pipeline/rules testing only (NOT real soil science).
synthetic_prototype,SYN_00836,garden-b,dev-001,rice,clay,2025-12-18T10:00:00+07:00,10,31.03,59.82,1697,5.97,171,86,182,3.263,5.626,6.235,0.78,,,,Synthetic data for pipeline/rules testing only (NOT real soil science).
synthetic_prototype,SYN_00837,garden-b,dev-002,tomato,loam,2025-12-18T10:30:00+07:00,10,27.21,17.94,801,7.22,110,47,53,0.606,1.044,0.871,0.787,,,,Synthetic data for pipeline/rules testing only (NOT real soil science).
synthetic_prototype,SYN_00838,garden-b,dev-001,default,clay,2025-12-18T11:00:00+07:00,10,28.04,42.96,1400,6.39,174,76,231,2.392,4.123,3.239,0.839,,,,Synthetic data for pipeline/rules testing only (NOT real soil science).
synthetic_prototype,SYN_00839,garden-a,dev-004,default,sandy,2025-12-18T11:30:00+07:00,10,29.63,14.95,114,6.15,77,11,54,0.518,0.894,1.863,0.649,,,,Synthetic data for pipeline/rules testing only (NOT real soil science).
synthetic_prototype,SYN_00840,garden-b,dev-003,rice,loam,2025-12-18T12:00:00+07:00,10,25.41,47.39,1277,5.94,122,76,122,2.311,3.983,4.174,0.756,,,,Synthetic data for pipeline/rules testing only (NOT real soil science).
synthetic_prototype,SYN_00841,garden-c,dev-004,default,clay,2025-12-18T12:30:00+07:00,10,26.62,34.76,1133,6.02,163,86,151,2.474,4.264,4.33,0.846,,,,Synthetic data for pipeline/rules testing only (NOT real soil science).
synthetic_prototype,SYN_00842,garden-b,dev-004,rice,loam,2025-12-18T13:00:00+07:00,10,27.08,40.5,1337,6.42,118,65,151,2.003,3.454,2.669,0.882,,,,Synthetic data for pipeline/rules testing only (NOT real soil science).
synthetic_prototype,SYN_00843,garden-c,dev-001,default,sandy,2025-12-18T13:30:00+07:00,10,27.21,12.95,599,5.02,78,25,115,0.806,1.389,1.193,0.691,,,,Synthetic data for pipeline/rules testing only (NOT real soil science).
synthetic_prototype,SYN_00844,garden-b,dev-002,chili,clay,2025-12-18T14:00:00+07:00,10,28.86,12.71,782,5.78,96,26,86,0.821,1.415,1.575,0.738,,,,Synthetic data for pipeline/rules testing only (NOT real soil science).
synthetic_prototype,SYN_00845,garden-a,dev-002,chili,sandy,2025-12-18T14:30:00+07:00,10,33.13,15.55,1340,6.33,122,66,176,2.15,3.707,3.047,0.807,,,,Synthetic data for pipeline/rules testing only (NOT real soil science).
synthetic_prototype,SYN_00846,garden-b,dev-004,rice,clay,2025-12-18T15:00:00+07:00,10,29.77,59.49,1576,6.86,161,75,200,2.831,4.881,5.626,0.765,,,,Synthetic data for pipeline/rules testing only (NOT real soil science).
synthetic_prototype,SYN_00847,garden-c,dev-003,default,clay,2025-12-18T15:30:00+07:00,10,32.06,38.09,1319,6.38,153,83,160,2.486,4.286,4.794,0.829,,,,Synthetic data for pipeline/rules testing only (NOT real soil science).
synthetic_prototype,SYN_00848,garden-c,dev-003,default,clay,2025-12-18T16:00:00+07:00,10,32.75,12.84,1284,7.17,159,61,220,2.631,4.535,5.129,0.743,,,,Synthetic data for pipeline/rules testing only (NOT real soil science).
synthetic_prototype,SYN_00849,garden-c,dev-002,chili,clay,2025-12-18T16:30:00+07:00,10,22.5,39.34,1025,6.68,77,66,179,1.138,1.962,2.182,0.801,,,,Synthetic data for pipeline/rules testing only (NOT real soil science).
synthetic_prototype,SYN_00850,garden-a,dev-001,rice,loam,2025-12-18T17:00:00+07:00,10,23.92,47.58,1567,6.54,170,83,202,3.42,5.897,5.444,0.799,,,,Synthetic data for pipeline/rules testing only (NOT real soil science).
synthetic_prototype,SYN_00851,garden-b,dev-002,chili,sandy,2025-12-18T17:30:00+07:00,10,28.24,19.56,1351,7.01,122,73,131,2.544,4.386,4.516,0.779,,,,Synthetic data for pipeline/rules testing only (NOT real soil science).
synthetic_prototype,SYN_00852,garden-c,dev-004,rice,clay,2025-12-18T18:00:00+07:00,10,28.19,34.42,1047,6.56,112,53,173,2.115,3.647,3.205,0.822,,,,Synthetic data for pipeline/rules testing only (NOT real soil science).
synthetic_prototype,SYN_00853,garden-b,dev-003,chili,loam,2025-12-18T18:30:00+07:00,10,28.61,19.11,784,6.37,131,61,106,1.656,2.855,2.348,0.72,,,,Synthetic data for pipeline/rules testing only (NOT real soil science).
synthetic_prototype,SYN_00854,garden-b,dev-004,chili,sandy,2025-12-18T19:00:00+07:00,10,30.93,44.85,1274,6.76,108,70,186,2.083,3.591,3.237,0.742,,,,Synthetic data for pipeline/rules testing only (NOT real soil science).
synthetic_prototype,SYN_00855,garden-a,dev-003,default,clay,2025-12-18T19:30:00+07:00,10,29.82,39.58,1798,7.23,163,85,237,2.516,4.338,4.384,0.81,,,,Synthetic data for pipeline/rules testing only (NOT real soil science).
synthetic_prototype,SYN_00856,garden-b,dev-002,default,clay,2025-12-18T20:00:00+07:00,10,33.6,34.18,960,7.23,101,48,172,1.131,1.95,2.335,0.787,,,,Synthetic data for pipeline/rules testing only (NOT real soil science).
synthetic_prototype,SYN_00857,garden-c,dev-003,chili,clay,2025-12-18T20:30:00+07:00,10,29.72,61.57,1291,5.92,145,63,225,2.15,3.706,3.949,0.72,,,,Synthetic data for pipeline/rules testing only (NOT real soil science).
synthetic_prototype,SYN_00858,garden-b,dev-001,rice,loam,2025-12-18T21:00:00+07:00,10,26.91,34.08,1131,5.79,102,61,169,1.599,2.757,3.122,0.81,,,,Synthetic data for pipeline/rules testing only (NOT real soil science).
synthetic_prototype,SYN_00859,garden-b,dev-003,rice,clay,2025-12-18T21:30:00+07:00,10,25.61,42.98,1450,6.39,99,55,153,1.852,3.193,4.393,0.893,,,,Synthetic data for pipeline/rules testing only (NOT real soil science).
synthetic_prototype,SYN_00860,garden-a,dev-001,chili,sandy,2025-12-18T22:00:00+07:00,10,28.96,14.99,531,5.32,74,49,139,1.235,2.128,3.202,0.738,,,,Synthetic data for pipeline/rules testing only (NOT real soil science).
synthetic_prototype,SYN_00861,garden-a,dev-003,rice,sandy,2025-12-18T22:30:00+07:00,10,28.49,32.88,651,7.16,115,58,133,1.754,3.023,3.564,0.774,,,,Synthetic data for pipeline/rules testing only (NOT real soil science).
synthetic_prototype,SYN_00862,garden-b,dev-004,default,loam,2025-12-18T23:00:00+07:00,10,31.19,31.71,1262,5.72,151,61,156,2.379,4.102,4.246,0.825,,,,Synthetic data for pipeline/rules testing only (NOT real soil science).
synthetic_prototype,SYN_00863,garden-c,dev-002,chili,sandy,2025-12-18T23:30:00+07:00,10,27.57,16.89,1077,6.71,131,73,163,2.251,3.882,2.975,0.744,,,,Synthetic data for pipeline/rules testing only (NOT real soil science).
synthetic_prototype,SYN_00864,garden-c,dev-001,rice,sandy,2025-12-19T00:00:00+07:00,10,33.55,35.71,335,6.56,91,28,120,0.488,0.841,0.841,0.861,,,,Synthetic data for pipeline/rules testing only (NOT real soil science).
synthetic_prototype,SYN_00865,garden-a,dev-004,rice,loam,2025-12-19T00:30:00+07:00,10,25.24,37.6,1674,7.26,154,77,191,2.466,4.252,4.354,0.808,,,,Synthetic data for pipeline/rules testing only (NOT real soil science).
synthetic_prototype,SYN_00866,garden-c,dev-002,chili,loam,2025-12-19T01:00:00+07:00,10,29.55,28.65,1064,6.11,96,31,161,1.523,2.626,2.181,0.807,,,,Synthetic data for pipeline/rules testing only (NOT real soil science).
synthetic_prototype,SYN_00867,garden-c,dev-002,rice,sandy,2025-12-19T01:30:00+07:00,10,28.12,49.92,424,5.88,73,36,43,0.116,0.2,0.0,0.753,,,,Synthetic data for pipeline/rules testing only (NOT real soil science).
synthetic_prototype,SYN_00868,garden-c,dev-004,chili,loam,2025-12-19T02:00:00+07:00,10,26.24,43.49,1239,5.57,154,69,181,2.006,3.458,3.137,0.797,,,,Synthetic data for pipeline/rules testing only (NOT real soil science).
synthetic_prototype,SYN_00869,garden-b,dev-002,chili,loam,2025-12-19T02:30:00+07:00,10,27.27,45.4,1047,6.26,97,44,156,1.483,2.556,2.736,0.778,,,,Synthetic data for pipeline/rules testing only (NOT real soil science).
synthetic_prototype,SYN_00870,garden-c,dev-001,tomato,loam,2025-12-19T03:00:00+07:00,10,25.64,14.27,933,6.44,113,62,119,1.935,3.336,3.609,0.742,,,,Synthetic data for pipeline/rules testing only (NOT real soil science).
synthetic_prototype,SYN_00871,garden-a,dev-003,default,sandy,2025-12-19T03:30:00+07:00,10,26.13,17.13,751,6.03,115,44,177,1.629,2.808,3.348,0.799,,,,Synthetic data for pipeline/rules testing only (NOT real soil science).
synthetic_prototype,SYN_00872,garden-c,dev-004,default,sandy,2025-12-19T04:00:00+07:00,10,30.07,30.5,261,6.73,11,36,68,0.116,0.2,0.504,0.786,,,,Synthetic data for pipeline/rules testing only (NOT real soil science).
synthetic_prototype,SYN_00873,garden-b,dev-004,rice,sandy,2025-12-19T04:30:00+07:00,10,26.67,41.54,1061,6.68,116,81,97,1.951,3.363,3.977,0.789,,,,Synthetic data for pipeline/rules testing only (NOT real soil science).
synthetic_prototype,SYN_00874,garden-b,dev-001,tomato,clay,2025-12-19T05:00:00+07:00,10,29.85,51.06,1399,5.2,148,66,149,1.406,2.424,2.137,0.764,,,,Synthetic data for pipeline/rules testing only (NOT real soil science).
synthetic_prototype,SYN_00875,garden-b,dev-004,rice,clay,2025-12-19T05:30:00+07:00,10,34.29,55.04,1264,6.38,148,72,136,1.775,3.059,3.198,0.769,,,,Synthetic data for pipeline/rules testing only (NOT real soil science).
synthetic_prototype,SYN_00876,garden-b,dev-004,default,loam,2025-12-19T06:00:00+07:00,10,26.75,36.81,1380,6.37,141,97,190,2.873,4.954,5.022,0.834,,,,Synthetic data for pipeline/rules testing only (NOT real soil science).
synthetic_prototype,SYN_00877,garden-a,dev-004,chili,loam,2025-12-19T06:30:00+07:00,10,27.41,30.21,953,5.58,66,53,101,1.349,2.326,1.675,0.854,,,,Synthetic data for pipeline/rules testing only (NOT real soil science).
synthetic_prototype,SYN_00878,garden-b,dev-003,rice,loam,2025-12-19T07:00:00+07:00,10,27.31,66.66,1365,6.14,135,75,114,2.112,3.641,3.8,0.751,,,,Synthetic data for pipeline/rules testing only (NOT real soil science).
synthetic_prototype,SYN_00879,garden-a,dev-001,chili,sandy,2025-12-19T07:30:00+07:00,10,28.27,24.86,1008,6.49,117,46,103,2.104,3.627,2.64,0.805,,,,Synthetic data for pipeline/rules testing only (NOT real soil science).
synthetic_prototype,SYN_00880,garden-a,dev-001,rice,sandy,2025-12-19T08:00:00+07:00,10,27.43,25.8,1043,6.33,102,50,142,1.155,1.991,2.378,0.806,,,,Synthetic data for pipeline/rules testing only (NOT real soil science).
synthetic_prototype,SYN_00881,garden-a,dev-004,chili,loam,2025-12-19T08:30:00+07:00,10,26.48,29.7,1027,7.28,117,61,140,1.609,2.773,2.863,0.814,,,,Synthetic data for pipeline/rules testing only (NOT real soil science).
synthetic_prototype,SYN_00882,garden-c,dev-001,chili,clay,2025-12-19T09:00:00+07:00,10,27.65,36.36,1458,6.89,172,63,153,2.48,4.275,3.847,0.839,,,,Synthetic data for pipeline/rules testing only (NOT real soil science).
synthetic_prototype,SYN_00883,garden-c,dev-002,chili,clay,2025-12-19T09:30:00+07:00,10,23.7,35.2,1452,6.31,159,69,221,2.81,4.845,4.141,0.807,,,,Synthetic data for pipeline/rules testing only (NOT real soil science).
synthetic_prototype,SYN_00884,garden-c,dev-004,default,clay,2025-12-19T10:00:00+07:00,10,32.94,37.49,1790,6.82,165,82,162,3.124,5.385,5.771,0.831,,,,Synthetic data for pipeline/rules testing only (NOT real soil science).
synthetic_prototype,SYN_00885,garden-c,dev-004,rice,loam,2025-12-19T10:30:00+07:00,10,26.26,51.59,1010,6.27,123,30,161,0.984,1.696,1.294,0.816,,,,Synthetic data for pipeline/rules testing only (NOT real soil science).
synthetic_prototype,SYN_00886,garden-b,dev-004,tomato,loam,2025-12-19T11:00:00+07:00,10,30.82,43.4,926,7.37,57,26,157,0.576,0.993,1.272,0.805,,,,Synthetic data for pipeline/rules testing only (NOT real soil science).
synthetic_prototype,SYN_00887,garden-a,dev-002,chili,clay,2025-12-19T11:30:00+07:00,10,26.4,28.28,1367,6.74,159,70,194,2.874,4.955,5.583,0.809,,,,Synthetic data for pipeline/rules testing only (NOT real soil science).
synthetic_prototype,SYN_00888,garden-c,dev-004,default,loam,2025-12-19T12:00:00+07:00,10,21.36,39.94,1846,7.73,188,94,212,2.841,4.899,4.455,0.806,,,,Synthetic data for pipeline/rules testing only (NOT real soil science).
synthetic_prototype,SYN_00889,garden-a,dev-004,default,clay,2025-12-19T12:30:00+07:00,10,20.49,37.79,864,6.0,136,43,106,1.704,2.937,2.495,0.793,,,,Synthetic data for pipeline/rules testing only (NOT real soil science).
synthetic_prototype,SYN_00890,garden-a,dev-003,chili,loam,2025-12-19T13:00:00+07:00,10,24.88,22.94,1445,6.46,138,93,141,2.521,4.346,3.596,0.762,,,,Synthetic data for pipeline/rules testing only (NOT real soil science).
synthetic_prototype,SYN_00891,garden-b,dev-003,chili,sandy,2025-12-19T13:30:00+07:00,10,25.94,6.39,1111,6.17,110,48,116,2.049,3.533,3.537,0.776,,,,Synthetic data for pipeline/rules testing only (NOT real soil science).
synthetic_prototype,SYN_00892,garden-a,dev-004,tomato,loam,2025-12-19T14:00:00+07:00,10,28.01,16.02,874,6.74,107,71,142,2.562,4.416,3.603,0.769,,,,Synthetic data for pipeline/rules testing only (NOT real soil science).
synthetic_prototype,SYN_00893,garden-a,dev-003,rice,sandy,2025-12-19T14:30:00+07:00,10,28.6,30.99,693,7.36,92,42,141,1.176,2.027,2.685,0.777,,,,Synthetic data for pipeline/rules testing only (NOT real soil science).
synthetic_prototype,SYN_00894,garden-c,dev-002,chili,clay,2025-12-19T15:00:00+07:00,10,31.91,34.1,1724,7.07,207,84,253,3.165,5.456,4.579,0.854,,,,Synthetic data for pipeline/rules testing only (NOT real soil science).
synthetic_prototype,SYN_00895,garden-a,dev-003,default,sandy,2025-12-19T15:30:00+07:00,10,32.3,23.84,388,6.16,92,45,133,1.177,2.028,1.436,0.733,,,,Synthetic data for pipeline/rules testing only (NOT real soil science).
synthetic_prototype,SYN_00896,garden-b,dev-004,rice,sandy,2025-12-19T16:00:00+07:00,10,27.24,43.64,1029,6.68,121,37,117,0.862,1.486,1.167,0.838,,,,Synthetic data for pipeline/rules testing only (NOT real soil science).
synthetic_prototype,SYN_00897,garden-c,dev-003,chili,loam,2025-12-19T16:30:00+07:00,10,25.89,33.26,861,6.26,106,58,130,1.951,3.364,3.31,0.788,,,,Synthetic data for pipeline/rules testing only (NOT real soil science).
synthetic_prototype,SYN_00898,garden-a,dev-001,default,sandy,2025-12-19T17:00:00+07:00,10,20.95,19.29,782,7.4,92,31,147,1.242,2.142,1.529,0.753,,,,Synthetic data for pipeline/rules testing only (NOT real soil science).
synthetic_prototype,SYN_00899,garden-b,dev-002,chili,loam,2025-12-19T17:30:00+07:00,10,26.76,31.34,1161,6.74,115,76,168,1.965,3.387,4.108,0.823,,,,Synthetic data for pipeline/rules testing only (NOT real soil science).
synthetic_prototype,SYN_00900,garden-a,dev-002,rice,loam,2025-12-19T18:00:00+07:00,10,28.39,16.76,938,6.2,111,52,144,2.22,3.827,4.605,0.766,,,,Synthetic data for pipeline/rules testing only (NOT real soil science).
synthetic_prototype,SYN_00901,garden-a,dev-001,chili,sandy,2025-12-19T18:30:00+07:00,10,29.01,33.04,858,6.44,148,60,155,1.971,3.399,2.332,0.79,,,,Synthetic data for pipeline/rules testing only (NOT real soil science).
synthetic_prototype,SYN_00902,garden-c,dev-003,rice,sandy,2025-12-19T19:00:00+07:00,10,26.23,33.02,852,7.05,111,48,133,1.374,2.369,1.799,0.773,,,,Synthetic data for pipeline/rules testing only (NOT real soil science).
synthetic_prototype,SYN_00903,garden-a,dev-001,chili,loam,2025-12-19T19:30:00+07:00,10,33.24,31.68,819,5.18,97,60,93,1.792,3.09,3.776,0.75,,,,Synthetic data for pipeline/rules testing only (NOT real soil science).
synthetic_prototype,SYN_00904,garden-c,dev-002,chili,sandy,2025-12-19T20:00:00+07:00,10,22.31,13.32,573,7.12,99,34,139,1.151,1.984,1.841,0.676,,,,Synthetic data for pipeline/rules testing only (NOT real soil science).
synthetic_prototype,SYN_00905,garden-a,dev-004,chili,loam,2025-12-19T20:30:00+07:00,10,23.99,36.05,1226,5.55,137,68,158,2.144,3.697,3.77,0.822,,,,Synthetic data for pipeline/rules testing only (NOT real soil science).
synthetic_prototype,SYN_00906,garden-b,dev-004,default,sandy,2025-12-19T21:00:00+07:00,10,26.98,2.0,371,6.73,50,41,77,1.57,2.706,2.579,0.724,,,,Synthetic data for pipeline/rules testing only (NOT real soil science).
synthetic_prototype,SYN_00907,garden-a,dev-003,default,sandy,2025-12-19T21:30:00+07:00,10,30.08,28.88,1380,5.69,141,57,116,2.52,4.345,4.629,0.757,,,,Synthetic data for pipeline/rules testing only (NOT real soil science).
synthetic_prototype,SYN_00908,garden-a,dev-001,tomato,sandy,2025-12-19T22:00:00+07:00,10,27.48,13.29,839,5.79,115,50,128,1.768,3.049,2.926,0.719,,,,Synthetic data for pipeline/rules testing only (NOT real soil science).
synthetic_prototype,SYN_00909,garden-a,dev-004,chili,loam,2025-12-19T22:30:00+07:00,10,24.94,38.58,843,6.49,72,66,102,1.908,3.289,3.225,0.78,,,,Synthetic data for pipeline/rules testing only (NOT real soil science).
synthetic_prototype,SYN_00910,garden-a,dev-002,default,loam,2025-12-19T23:00:00+07:00,10,25.98,13.06,610,6.4,96,38,109,2.065,3.56,3.759,0.684,,,,Synthetic data for pipeline/rules testing only (NOT real soil science).
synthetic_prototype,SYN_00911,garden-a,dev-003,rice,sandy,2025-12-19T23:30:00+07:00,10,24.73,36.17,1116,7.13,140,53,158,1.554,2.68,2.216,0.837,,,,Synthetic data for pipeline/rules testing only (NOT real soil science).
synthetic_prototype,SYN_00912,garden-c,dev-004,default,sandy,2025-12-20T00:00:00+07:00,10,26.62,14.69,696,6.34,107,58,99,1.376,2.372,1.797,0.751,,,,Synthetic data for pipeline/rules testing only (NOT real soil science).
synthetic_prototype,SYN_00913,garden-b,dev-002,rice,clay,2025-12-20T00:30:00+07:00,10,24.96,43.29,1389,5.86,132,71,160,2.44,4.207,3.986,0.819,,,,Synthetic data for pipeline/rules testing only (NOT real soil science).
synthetic_prototype,SYN_00914,garden-a,dev-001,chili,sandy,2025-12-20T01:00:00+07:00,10,27.89,33.95,1158,6.05,103,53,202,1.961,3.381,2.545,0.872,,,,Synthetic data for pipeline/rules testing only (NOT real soil science).
synthetic_prototype,SYN_00915,garden-a,dev-003,chili,clay,2025-12-20T01:30:00+07:00,10,28.0,19.13,1444,6.37,181,78,133,2.784,4.799,5.878,0.748,,,,Synthetic data for pipeline/rules testing only (NOT real soil science).
synthetic_prototype,SYN_00916,garden-a,dev-003,rice,loam,2025-12-20T02:00:00+07:00,10,28.16,49.16,1404,5.84,141,75,182,2.252,3.883,3.915,0.784,,,,Synthetic data for pipeline/rules testing only (NOT real soil science).
synthetic_prototype,SYN_00917,garden-b,dev-003,default,clay,2025-12-20T02:30:00+07:00,10,27.77,34.51,866,6.08,119,35,85,1.595,2.75,2.313,0.776,,,,Synthetic data for pipeline/rules testing only (NOT real soil science).
synthetic_prototype,SYN_00918,garden-b,dev-003,rice,clay,2025-12-20T03:00:00+07:00,10,26.63,58.94,656,6.66,92,55,56,0.772,1.331,0.71,0.637,,,,Synthetic data for pipeline/rules testing only (NOT real soil science).
synthetic_prototype,SYN_00919,garden-a,dev-004,chili,clay,2025-12-20T03:30:00+07:00,10,27.98,42.59,1443,7.53,152,64,206,2.249,3.876,3.424,0.819,,,,Synthetic data for pipeline/rules testing only (NOT real soil science).
synthetic_prototype,SYN_00920,garden-b,dev-002,chili,loam,2025-12-20T04:00:00+07:00,10,26.99,28.83,1080,5.66,115,60,147,1.479,2.55,2.449,0.836,,,,Synthetic data for pipeline/rules testing only (NOT real soil science).
synthetic_prototype,SYN_00921,garden-c,dev-001,rice,loam,2025-12-20T04:30:00+07:00,10,27.97,47.52,1266,6.49,122,44,168,1.428,2.462,2.664,0.796,,,,Synthetic data for pipeline/rules testing only (NOT real soil science).
synthetic_prototype,SYN_00922,garden-b,dev-002,chili,sandy,2025-12-20T05:00:00+07:00,10,28.13,21.46,843,6.9,88,34,141,1.355,2.337,2.53,0.759,,,,Synthetic data for pipeline/rules testing only (NOT real soil science).
synthetic_prototype,SYN_00923,garden-c,dev-001,default,loam,2025-12-20T05:30:00+07:00,10,25.35,33.62,745,6.28,104,49,118,1.811,3.123,2.734,0.802,,,,Synthetic data for pipeline/rules testing only (NOT real soil science).
synthetic_prototype,SYN_00924,garden-a,dev-001,chili,loam,2025-12-20T06:00:00+07:00,10,27.41,58.48,1423,6.87,97,65,168,1.415,2.439,1.743,0.752,,,,Synthetic data for pipeline/rules testing only (NOT real soil science).
synthetic_prototype,SYN_00925,garden-b,dev-003,chili,clay,2025-12-20T06:30:00+07:00,10,20.1,36.58,1023,5.74,116,50,186,1.608,2.773,2.399,0.827,,,,Synthetic data for pipeline/rules testing only (NOT real soil science).
synthetic_prototype,SYN_00926,garden-c,dev-003,chili,sandy,2025-12-20T07:00:00+07:00,10,27.66,25.66,1014,6.18,78,56,166,1.367,2.357,2.13,0.791,,,,Synthetic data for pipeline/rules testing only (NOT real soil science).
synthetic_prototype,SYN_00927,garden-c,dev-001,chili,loam,2025-12-20T07:30:00+07:00,10,28.95,29.82,50,6.33,49,15,62,0.476,0.82,0.838,0.688,,,,Synthetic data for pipeline/rules testing only (NOT real soil science).
synthetic_prototype,SYN_00928,garden-b,dev-004,chili,sandy,2025-12-20T08:00:00+07:00,10,30.97,20.39,761,5.64,68,41,155,1.785,3.078,3.622,0.716,,,,Synthetic data for pipeline/rules testing only (NOT real soil science).
synthetic_prototype,SYN_00929,garden-c,dev-004,default,loam,2025-12-20T08:30:00+07:00,10,24.94,16.67,1002,7.08,165,61,154,2.374,4.092,4.285,0.764,,,,Synthetic data for pipeline/rules testing only (NOT real soil science).
synthetic_prototype,SYN_00930,garden-c,dev-001,tomato,sandy,2025-12-20T09:00:00+07:00,10,25.95,27.85,510,6.64,53,19,84,0.237,0.408,0.0,0.836,,,,Synthetic data for pipeline/rules testing only (NOT real soil science).
synthetic_prototype,SYN_00931,garden-c,dev-002,chili,loam,2025-12-20T09:30:00+07:00,10,26.71,31.01,694,6.44,81,43,139,1.22,2.104,1.963,0.824,,,,Synthetic data for pipeline/rules testing only (NOT real soil science).
synthetic_prototype,SYN_00932,garden-a,dev-002,default,clay,2025-12-20T10:00:00+07:00,10,26.51,44.36,1329,5.76,157,61,192,2.653,4.574,4.699,0.742,,,,Synthetic data for pipeline/rules testing only (NOT real soil science).
synthetic_prototype,SYN_00933,garden-b,dev-002,default,clay,2025-12-20T10:30:00+07:00,10,26.91,25.51,923,6.26,82,59,175,1.515,2.612,3.116,0.754,,,,Synthetic data for pipeline/rules testing only (NOT real soil science).
synthetic_prototype,SYN_00934,garden-b,dev-002,default,clay,2025-12-20T11:00:00+07:00,10,32.15,21.78,840,6.82,62,43,137,1.632,2.813,2.807,0.779,,,,Synthetic data for pipeline/rules testing only (NOT real soil science).
synthetic_prototype,SYN_00935,garden-c,dev-004,default,loam,2025-12-20T11:30:00+07:00,10,29.94,30.13,1084,5.85,175,70,159,3.317,5.719,5.413,0.796,,,,Synthetic data for pipeline/rules testing only (NOT real soil science).
synthetic_prototype,SYN_00936,garden-b,dev-001,default,loam,2025-12-20T12:00:00+07:00,10,25.07,31.46,927,6.66,152,78,163,2.178,3.755,3.648,0.841,,,,Synthetic data for pipeline/rules testing only (NOT real soil science).
synthetic_prototype,SYN_00937,garden-c,dev-004,default,clay,2025-12-20T12:30:00+07:00,10,29.77,60.27,1289,6.37,157,64,192,2.1,3.62,3.707,0.802,,,,Synthetic data for pipeline/rules testing only (NOT real soil science).
synthetic_prototype,SYN_00938,garden-c,dev-003,chili,sandy,2025-12-20T13:00:00+07:00,10,28.93,15.34,602,6.23,42,40,142,0.73,1.259,1.46,0.731,,,,Synthetic data for pipeline/rules testing only (NOT real soil science).
synthetic_prototype,SYN_00939,garden-b,dev-004,rice,clay,2025-12-20T13:30:00+07:00,10,29.6,56.46,1360,6.79,117,78,158,1.701,2.933,1.988,0.798,,,,Synthetic data for pipeline/rules testing only (NOT real soil science).
synthetic_prototype,SYN_00940,garden-a,dev-001,rice,loam,2025-12-20T14:00:00+07:00,10,29.76,38.49,991,6.64,104,53,115,1.483,2.557,2.309,0.779,,,,Synthetic data for pipeline/rules testing only (NOT real soil science).
synthetic_prototype,SYN_00941,garden-a,dev-004,tomato,loam,2025-12-20T14:30:00+07:00,10,25.03,29.53,872,6.54,109,57,89,1.415,2.439,2.686,0.822,,,,Synthetic data for pipeline/rules testing only (NOT real soil science).
synthetic_prototype,SYN_00942,garden-b,dev-002,default,loam,2025-12-20T15:00:00+07:00,10,26.6,9.13,703,7.25,75,26,93,0.819,1.413,2.117,0.736,,,,Synthetic data for pipeline/rules testing only (NOT real soil science).
synthetic_prototype,SYN_00943,garden-b,dev-004,default,loam,2025-12-20T15:30:00+07:00,10,31.19,31.37,671,6.61,97,40,179,1.168,2.013,1.995,0.806,,,,Synthetic data for pipeline/rules testing only (NOT real soil science).
synthetic_prototype,SYN_00944,garden-c,dev-002,default,loam,2025-12-20T16:00:00+07:00,10,32.73,7.08,929,7.16,120,60,150,1.08,1.862,2.054,0.729,,,,Synthetic data for pipeline/rules testing only (NOT real soil science).
synthetic_prototype,SYN_00945,garden-b,dev-002,tomato,loam,2025-12-20T16:30:00+07:00,10,29.53,23.73,1079,6.18,154,65,167,2.29,3.948,4.643,0.802,,,,Synthetic data for pipeline/rules testing only (NOT real soil science).
synthetic_prototype,SYN_00946,garden-c,dev-002,rice,clay,2025-12-20T17:00:00+07:00,10,27.2,57.31,1180,6.75,116,61,126,1.768,3.048,3.178,0.725,,,,Synthetic data for pipeline/rules testing only (NOT real soil science).
synthetic_prototype,SYN_00947,garden-b,dev-002,rice,loam,2025-12-20T17:30:00+07:00,10,31.99,65.55,1367,6.56,129,61,160,1.859,3.204,3.312,0.757,,,,Synthetic data for pipeline/rules testing only (NOT real soil science).
synthetic_prototype,SYN_00948,garden-c,dev-003,default,sandy,2025-12-20T18:00:00+07:00,10,25.83,19.1,755,6.77,102,34,79,1.169,2.015,2.448,0.767,,,,Synthetic data for pipeline/rules testing only (NOT real soil science).
synthetic_prototype,SYN_00949,garden-b,dev-004,default,loam,2025-12-20T18:30:00+07:00,10,23.41,25.0,1030,5.97,115,68,115,2.454,4.23,4.498,0.76,,,,Synthetic data for pipeline/rules testing only (NOT real soil science).
synthetic_prototype,SYN_00950,garden-a,dev-004,default,clay,2025-12-20T19:00:00+07:00,10,28.57,38.33,2191,7.26,215,122,231,4.559,7.86,7.822,0.797,,,,Synthetic data for pipeline/rules testing only (NOT real soil science).
synthetic_prototype,SYN_00951,garden-a,dev-004,chili,clay,2025-12-20T19:30:00+07:00,10,28.78,18.84,889,6.65,124,43,135,1.172,2.021,2.888,0.725,,,,Synthetic data for pipeline/rules testing only (NOT real soil science).
synthetic_prototype,SYN_00952,garden-c,dev-004,default,loam,2025-12-20T20:00:00+07:00,10,26.6,34.89,1522,7.51,176,79,178,3.06,5.275,4.932,0.858,,,,Synthetic data for pipeline/rules testing only (NOT real soil science).
synthetic_prototype,SYN_00953,garden-b,dev-001,tomato,clay,2025-12-20T20:30:00+07:00,10,25.71,29.5,1117,6.35,90,44,142,1.282,2.211,2.608,0.873,,,,Synthetic data for pipeline/rules testing only (NOT real soil science).
synthetic_prototype,SYN_00954,garden-a,dev-003,default,clay,2025-12-20T21:00:00+07:00,10,31.33,41.26,952,5.98,118,47,118,1.671,2.881,2.66,0.819,,,,Synthetic data for pipeline/rules testing only (NOT real soil science).
synthetic_prototype,SYN_00955,garden-b,dev-004,rice,loam,2025-12-20T21:30:00+07:00,10,24.71,50.37,1116,5.7,110,58,116,1.416,2.441,2.258,0.725,,,,Synthetic data for pipeline/rules testing only (NOT real soil science).
synthetic_prototype,SYN_00956,garden-a,dev-001,rice,sandy,2025-12-20T22:00:00+07:00,10,26.21,25.81,620,6.34,96,48,52,1.189,2.05,1.491,0.785,,,,Synthetic data for pipeline/rules testing only (NOT real soil science).
synthetic_prototype,SYN_00957,garden-a,dev-002,tomato,sandy,2025-12-20T22:30:00+07:00,10,29.49,17.13,103,6.42,79,39,66,0.968,1.669,2.112,0.728,,,,Synthetic data for pipeline/rules testing only (NOT real soil science).
synthetic_prototype,SYN_00958,garden-b,dev-004,tomato,loam,2025-12-20T23:00:00+07:00,10,30.23,27.88,589,5.95,54,27,66,0.494,0.852,0.402,0.719,,,,Synthetic data for pipeline/rules testing only (NOT real soil science).
synthetic_prototype,SYN_00959,garden-c,dev-002,chili,loam,2025-12-20T23:30:00+07:00,10,28.09,32.18,533,6.46,88,20,150,1.239,2.136,1.84,0.84,,,,Synthetic data for pipeline/rules testing only (NOT real soil science).
synthetic_prototype,SYN_00960,garden-a,dev-002,default,sandy,2025-12-21T00:00:00+07:00,10,29.66,17.88,986,5.63,103,52,162,2.146,3.7,3.315,0.749,,,,Synthetic data for pipeline/rules testing only (NOT real soil science).
synthetic_prototype,SYN_00961,garden-c,dev-001,default,loam,2025-12-21T00:30:00+07:00,10,29.07,7.45,928,6.61,142,73,146,2.522,4.347,4.055,0.751,,,,Synthetic data for pipeline/rules testing only (NOT real soil science).
synthetic_prototype,SYN_00962,garden-b,dev-002,chili,clay,2025-12-21T01:00:00+07:00,10,23.16,45.74,1241,7.2,143,60,164,1.951,3.363,4.158,0.822,,,,Synthetic data for pipeline/rules testing only (NOT real soil science).
synthetic_prototype,SYN_00963,garden-b,dev-001,default,loam,2025-12-21T01:30:00+07:00,10,32.88,22.88,1173,6.07,127,67,153,1.726,2.976,3.402,0.752,,,,Synthetic data for pipeline/rules testing only (NOT real soil science).
synthetic_prototype,SYN_00964,garden-c,dev-001,tomato,loam,2025-12-21T02:00:00+07:00,10,34.14,35.31,655,6.55,76,35,86,1.761,3.037,3.141,0.815,,,,Synthetic data for pipeline/rules testing only (NOT real soil science).
synthetic_prototype,SYN_00965,garden-a,dev-003,chili,clay,2025-12-21T02:30:00+07:00,10,24.55,24.66,729,6.22,91,37,151,0.691,1.192,1.124,0.757,,,,Synthetic data for pipeline/rules testing only (NOT real soil science).
synthetic_prototype,SYN_00966,garden-a,dev-004,rice,loam,2025-12-21T03:00:00+07:00,10,30.66,29.74,825,5.33,132,34,158,1.426,2.458,2.59,0.868,,,,Synthetic data for pipeline/rules testing only (NOT real soil science).
synthetic_prototype,SYN_00967,garden-a,dev-004,default,loam,2025-12-21T03:30:00+07:00,10,29.04,34.67,1461,6.78,159,71,184,2.67,4.602,5.406,0.867,,,,Synthetic data for pipeline/rules testing only (NOT real soil science).
synthetic_prototype,SYN_00968,garden-c,dev-004,rice,loam,2025-12-21T04:00:00+07:00,10,26.59,45.54,883,5.26,83,40,120,0.831,1.432,1.611,0.785,,,,Synthetic data for pipeline/rules testing only (NOT real soil science).
synthetic_prototype,SYN_00969,garden-b,dev-004,default,sandy,2025-12-21T04:30:00+07:00,10,29.37,30.65,644,5.89,65,44,127,0.874,1.507,2.001,0.773,,,,Synthetic data for pipeline/rules testing only (NOT real soil science).
synthetic_prototype,SYN_00970,garden-c,dev-002,default,clay,2025-12-21T05:00:00+07:00,10,33.24,36.98,1064,6.22,155,85,215,3.012,5.192,5.235,0.856,,,,Synthetic data for pipeline/rules testing only (NOT real soil science).
synthetic_prototype,SYN_00971,garden-c,dev-002,tomato,clay,2025-12-21T05:30:00+07:00,10,23.52,46.16,984,5.7,86,62,133,1.337,2.305,2.57,0.746,,,,Synthetic data for pipeline/rules testing only (NOT real soil science).
synthetic_prototype,SYN_00972,garden-c,dev-003,default,loam,2025-12-21T06:00:00+07:00,10,21.82,25.95,1141,6.37,133,89,149,2.814,4.851,4.075,0.813,,,,Synthetic data for pipeline/rules testing only (NOT real soil science).
synthetic_prototype,SYN_00973,garden-b,dev-001,chili,loam,2025-12-21T06:30:00+07:00,10,27.88,27.48,522,5.57,46,9,106,0.33,0.568,0.0,0.73,,,,Synthetic data for pipeline/rules testing only (NOT real soil science).
synthetic_prototype,SYN_00974,garden-b,dev-003,rice,sandy,2025-12-21T07:00:00+07:00,10,32.56,25.94,1039,5.48,110,57,192,1.476,2.544,2.547,0.787,,,,Synthetic data for pipeline/rules testing only (NOT real soil science).
synthetic_prototype,SYN_00975,garden-b,dev-004,default,sandy,2025-12-21T07:30:00+07:00,10,34.01,23.65,822,5.38,59,38,89,1.064,1.834,1.302,0.746,,,,Synthetic data for pipeline/rules testing only (NOT real soil science).
synthetic_prototype,SYN_00976,garden-a,dev-004,chili,clay,2025-12-21T08:00:00+07:00,10,25.51,33.86,1202,6.29,133,61,147,1.683,2.901,3.483,0.863,,,,Synthetic data for pipeline/rules testing only (NOT real soil science).
synthetic_prototype,SYN_00977,garden-c,dev-003,default,loam,2025-12-21T08:30:00+07:00,10,22.37,41.0,1452,6.74,161,63,202,1.975,3.404,3.216,0.823,,,,Synthetic data for pipeline/rules testing only (NOT real soil science).
synthetic_prototype,SYN_00978,garden-a,dev-002,tomato,clay,2025-12-21T09:00:00+07:00,10,32.71,44.29,1497,5.92,174,66,204,2.238,3.859,4.19,0.784,,,,Synthetic data for pipeline/rules testing only (NOT real soil science).
synthetic_prototype,SYN_00979,garden-c,dev-003,chili,loam,2025-12-21T09:30:00+07:00,10,28.62,23.91,994,6.6,123,84,156,2.219,3.826,4.123,0.735,,,,Synthetic data for pipeline/rules testing only (NOT real soil science).
synthetic_prototype,SYN_00980,garden-a,dev-003,default,sandy,2025-12-21T10:00:00+07:00,10,30.94,34.43,852,6.25,68,58,124,0.578,0.997,1.136,0.776,,,,Synthetic data for pipeline/rules testing only (NOT real soil science).
synthetic_prototype,SYN_00981,garden-b,dev-002,rice,clay,2025-12-21T10:30:00+07:00,10,30.07,65.5,1093,6.67,64,66,113,1.131,1.95,1.427,0.721,,,,Synthetic data for pipeline/rules testing only (NOT real soil science).
synthetic_prototype,SYN_00982,garden-a,dev-001,default,loam,2025-12-21T11:00:00+07:00,10,27.75,30.25,791,7.8,67,21,139,0.587,1.012,1.969,0.769,,,,Synthetic data for pipeline/rules testing only (NOT real soil science).
synthetic_prototype,SYN_00983,garden-c,dev-001,default,clay,2025-12-21T11:30:00+07:00,10,25.16,28.51,758,6.15,85,52,70,1.233,2.126,1.889,0.765,,,,Synthetic data for pipeline/rules testing only (NOT real soil science).
synthetic_prototype,SYN_00984,garden-a,dev-001,chili,loam,2025-12-21T12:00:00+07:00,10,30.39,30.44,1132,6.33,139,59,181,2.224,3.835,4.391,0.829,,,,Synthetic data for pipeline/rules testing only (NOT real soil science).
synthetic_prototype,SYN_00985,garden-b,dev-004,default,loam,2025-12-21T12:30:00+07:00,10,36.37,34.01,1260,7.24,79,41,111,1.341,2.312,2.163,0.836,,,,Synthetic data for pipeline/rules testing only (NOT real soil science).
synthetic_prototype,SYN_00986,garden-a,dev-002,default,loam,2025-12-21T13:00:00+07:00,10,24.48,23.9,897,6.49,151,58,74,2.05,3.535,4.221,0.803,,,,Synthetic data for pipeline/rules testing only (NOT real soil science).
synthetic_prototype,SYN_00987,garden-c,dev-003,tomato,clay,2025-12-21T13:30:00+07:00,10,31.65,26.24,1571,6.76,154,84,179,2.871,4.949,4.515,0.86,,,,Synthetic data for pipeline/rules testing only (NOT real soil science).
synthetic_prototype,SYN_00988,garden-c,dev-001,default,sandy,2025-12-21T14:00:00+07:00,10,30.67,27.66,462,6.51,67,22,74,0.675,1.164,1.217,0.754,,,,Synthetic data for pipeline/rules testing only (NOT real soil science).
synthetic_prototype,SYN_00989,garden-c,dev-001,default,loam,2025-12-21T14:30:00+07:00,10,27.62,28.65,1319,7.32,177,74,135,2.072,3.571,3.624,0.812,,,,Synthetic data for pipeline/rules testing only (NOT real soil science).
synthetic_prototype,SYN_00990,garden-c,dev-002,chili,sandy,2025-12-21T15:00:00+07:00,10,25.79,21.16,486,6.75,53,49,154,0.51,0.878,0.349,0.766,,,,Synthetic data for pipeline/rules testing only (NOT real soil science).
synthetic_prototype,SYN_00991,garden-a,dev-004,default,loam,2025-12-21T15:30:00+07:00,10,27.87,43.63,1035,6.4,110,58,113,2.2,3.792,4.053,0.759,,,,Synthetic data for pipeline/rules testing only (NOT real soil science).
synthetic_prototype,SYN_00992,garden-c,dev-001,tomato,sandy,2025-12-21T16:00:00+07:00,10,28.27,28.02,462,6.47,121,40,121,1.354,2.334,2.659,0.767,,,,Synthetic data for pipeline/rules testing only (NOT real soil science).
synthetic_prototype,SYN_00993,garden-b,dev-001,default,loam,2025-12-21T16:30:00+07:00,10,26.23,39.14,1449,7.09,161,83,171,2.463,4.246,3.829,0.826,,,,Synthetic data for pipeline/rules testing only (NOT real soil science).
synthetic_prototype,SYN_00994,garden-a,dev-002,rice,clay,2025-12-21T17:00:00+07:00,10,26.51,51.39,957,5.09,106,60,129,1.212,2.09,3.057,0.778,,,,Synthetic data for pipeline/rules testing only (NOT real soil science).
synthetic_prototype,SYN_00995,garden-b,dev-002,default,loam,2025-12-21T17:30:00+07:00,10,22.7,40.69,1176,6.78,134,68,121,2.213,3.816,3.413,0.796,,,,Synthetic data for pipeline/rules testing only (NOT real soil science).
synthetic_prototype,SYN_00996,garden-c,dev-003,rice,loam,2025-12-21T18:00:00+07:00,10,32.11,20.61,1013,6.85,88,35,199,1.758,3.031,2.351,0.76,,,,Synthetic data for pipeline/rules testing only (NOT real soil science).
synthetic_prototype,SYN_00997,garden-b,dev-003,default,sandy,2025-12-21T18:30:00+07:00,10,27.12,16.08,441,5.5,66,13,68,0.65,1.121,1.142,0.744,,,,Synthetic data for pipeline/rules testing only (NOT real soil science).
synthetic_prototype,SYN_00998,garden-c,dev-002,rice,clay,2025-12-21T19:00:00+07:00,10,22.25,23.54,1597,6.48,189,105,213,4.253,7.333,7.685,0.826,,,,Synthetic data for pipeline/rules testing only (NOT real soil science).
synthetic_prototype,SYN_00999,garden-b,dev-002,rice,sandy,2025-12-21T19:30:00+07:00,10,24.92,24.95,668,6.1,77,41,178,1.813,3.126,2.619,0.806,,,,Synthetic data for pipeline/rules testing only (NOT real soil science).
synthetic_prototype,SYN_01000,garden-b,dev-001,chili,loam,2025-12-21T20:00:00+07:00,10,27.48,29.33,1227,6.14,155,71,160,2.257,3.891,3.304,0.739,,,,Synthetic data for pipeline/rules testing only (NOT real soil science).
synthetic_prototype,SYN_01001,garden-c,dev-002,chili,sandy,2025-12-21T20:30:00+07:00,10,28.27,24.63,966,7.74,96,64,87,1.113,1.918,2.859,0.812,,,,Synthetic data for pipeline/rules testing only (NOT real soil science).
synthetic_prototype,SYN_01002,garden-b,dev-002,rice,sandy,2025-12-21T21:00:00+07:00,10,32.41,40.31,818,5.88,45,39,138,0.421,0.726,0.624,0.798,,,,Synthetic data for pipeline/rules testing only (NOT real soil science).
synthetic_prototype,SYN_01003,garden-b,dev-001,chili,clay,2025-12-21T21:30:00+07:00,10,25.51,42.88,1123,6.92,118,56,140,1.65,2.844,2.795,0.818,,,,Synthetic data for pipeline/rules testing only (NOT real soil science).
synthetic_prototype,SYN_01004,garden-c,dev-002,default,loam,2025-12-21T22:00:00+07:00,10,28.69,36.46,1231,6.89,126,72,174,2.376,4.097,4.391,0.815,,,,Synthetic data for pipeline/rules testing only (NOT real soil science).
synthetic_prototype,SYN_01005,garden-b,dev-004,rice,clay,2025-12-21T22:30:00+07:00,10,28.62,47.65,1350,5.89,151,81,169,2.952,5.09,5.122,0.776,,,,Synthetic data for pipeline/rules testing only (NOT real soil science).
synthetic_prototype,SYN_01006,garden-a,dev-002,default,sandy,2025-12-21T23:00:00+07:00,10,27.63,31.65,898,6.09,64,56,72,0.422,0.727,1.754,0.794,,,,Synthetic data for pipeline/rules testing only (NOT real soil science).
synthetic_prototype,SYN_01007,garden-c,dev-002,default,clay,2025-12-21T23:30:00+07:00,10,31.02,32.37,779,5.71,107,47,165,1.096,1.89,1.903,0.785,,,,Synthetic data for pipeline/rules testing only (NOT real soil science).
synthetic_prototype,SYN_01008,garden-c,dev-004,chili,loam,2025-12-22T00:00:00+07:00,10,33.49,25.01,1396,7.01,181,80,171,2.659,4.584,3.454,0.817,,,,Synthetic data for pipeline/rules testing only (NOT real soil science).
synthetic_prototype,SYN_01009,garden-a,dev-001,chili,loam,2025-12-22T00:30:00+07:00,10,24.29,32.68,785,6.71,111,59,117,1.897,3.271,2.85,0.789,,,,Synthetic data for pipeline/rules testing only (NOT real soil science).
synthetic_prototype,SYN_01010,garden-b,dev-002,chili,sandy,2025-12-22T01:00:00+07:00,10,28.42,16.28,345,6.47,25,29,89,0.166,0.286,0.0,0.735,,,,Synthetic data for pipeline/rules testing only (NOT real soil science).
synthetic_prototype,SYN_01011,garden-b,dev-004,rice,sandy,2025-12-22T01:30:00+07:00,10,29.23,43.19,976,6.37,71,60,94,1.234,2.127,2.386,0.802,,,,Synthetic data for pipeline/rules testing only (NOT real soil science).
synthetic_prototype,SYN_01012,garden-a,dev-001,rice,loam,2025-12-22T02:00:00+07:00,10,26.69,36.35,1411,5.82,147,71,166,2.111,3.64,3.926,0.856,,,,Synthetic data for pipeline/rules testing only (NOT real soil science).
synthetic_prototype,SYN_01013,garden-c,dev-003,chili,sandy,2025-12-22T02:30:00+07:00,10,28.04,16.78,783,6.96,104,33,137,1.982,3.418,3.687,0.756,,,,Synthetic data for pipeline/rules testing only (NOT real soil science).
synthetic_prototype,SYN_01014,garden-a,dev-003,rice,loam,2025-12-22T03:00:00+07:00,10,27.37,45.96,1106,6.16,132,53,167,1.709,2.946,2.554,0.818,,,,Synthetic data for pipeline/rules testing only (NOT real soil science).
synthetic_prototype,SYN_01015,garden-c,dev-001,chili,loam,2025-12-22T03:30:00+07:00,10,28.15,33.88,958,6.83,99,63,91,1.795,3.095,2.992,0.817,,,,Synthetic data for pipeline/rules testing only (NOT real soil science).
synthetic_prototype,SYN_01016,garden-a,dev-004,rice,loam,2025-12-22T04:00:00+07:00,10,28.81,54.1,1721,5.89,157,63,134,2.406,4.148,4.453,0.765,,,,Synthetic data for pipeline/rules testing only (NOT real soil science).
synthetic_prototype,SYN_01017,garden-a,dev-001,default,sandy,2025-12-22T04:30:00+07:00,10,29.52,17.42,534,6.17,42,26,137,0.116,0.2,0.866,0.726,,,,Synthetic data for pipeline/rules testing only (NOT real soil science).
synthetic_prototype,SYN_01018,garden-a,dev-002,chili,loam,2025-12-22T05:00:00+07:00,10,24.33,39.46,1019,6.36,118,50,99,1.607,2.77,2.684,0.824,,,,Synthetic data for pipeline/rules testing only (NOT real soil science).
synthetic_prototype,SYN_01019,garden-c,dev-003,chili,loam,2025-12-22T05:30:00+07:00,10,26.53,35.39,883,7.03,139,49,133,1.889,3.257,2.944,0.855,,,,Synthetic data for pipeline/rules testing only (NOT real soil science).
synthetic_prototype,SYN_01020,garden-b,dev-003,default,clay,2025-12-22T06:00:00+07:00,10,31.99,30.3,1525,7.61,183,90,179,3.29,5.673,5.875,0.777,,,,Synthetic data for pipeline/rules testing only (NOT real soil science).
synthetic_prototype,SYN_01021,garden-a,dev-003,chili,loam,2025-12-22T06:30:00+07:00,10,30.15,48.4,1062,5.52,150,65,116,1.722,2.968,3.567,0.765,,,,Synthetic data for pipeline/rules testing only (NOT real soil science).
synthetic_prototype,SYN_01022,garden-a,dev-001,tomato,sandy,2025-12-22T07:00:00+07:00,10,25.41,29.5,772,6.4,83,52,107,0.833,1.436,1.521,0.779,,,,Synthetic data for pipeline/rules testing only (NOT real soil science).
synthetic_prototype,SYN_01023,garden-c,dev-001,rice,sandy,2025-12-22T07:30:00+07:00,10,30.49,39.41,1000,6.91,126,33,99,1.263,2.177,2.757,0.836,,,,Synthetic data for pipeline/rules testing only (NOT real soil science).
synthetic_prototype,SYN_01024,garden-a,dev-001,rice,clay,2025-12-22T08:00:00+07:00,10,27.2,32.41,693,6.38,73,48,129,0.573,0.989,0.728,0.793,,,,Synthetic data for pipeline/rules testing only (NOT real soil science).
synthetic_prototype,SYN_01025,garden-a,dev-004,rice,clay,2025-12-22T08:30:00+07:00,10,30.94,34.9,1918,5.99,182,93,245,3.953,6.814,6.256,0.819,,,,Synthetic data for pipeline/rules testing only (NOT real soil science).
synthetic_prototype,SYN_01026,garden-a,dev-001,chili,clay,2025-12-22T09:00:00+07:00,10,29.74,32.53,1670,6.58,203,74,189,3.665,6.319,6.233,0.831,,,,Synthetic data for pipeline/rules testing only (NOT real soil science).
synthetic_prototype,SYN_01027,garden-c,dev-004,rice,loam,2025-12-22T09:30:00+07:00,10,27.79,53.38,1626,6.27,146,76,207,2.205,3.801,3.875,0.769,,,,Synthetic data for pipeline/rules testing only (NOT real soil science).
synthetic_prototype,SYN_01028,garden-a,dev-001,default,loam,2025-12-22T10:00:00+07:00,10,30.95,19.64,830,6.27,119,41,123,1.558,2.687,2.952,0.764,,,,Synthetic data for pipeline/rules testing only (NOT real soil science).
synthetic_prototype,SYN_01029,garden-c,dev-002,tomato,sandy,2025-12-22T10:30:00+07:00,10,31.82,18.08,477,6.39,84,32,107,0.956,1.649,2.317,0.718,,,,Synthetic data for pipeline/rules testing only (NOT real soil science).
synthetic_prototype,SYN_01030,garden-c,dev-004,tomato,sandy,2025-12-22T11:00:00+07:00,10,28.83,21.14,708,6.49,75,52,102,1.088,1.875,2.658,0.75,,,,Synthetic data for pipeline/rules testing only (NOT real soil science).
synthetic_prototype,SYN_01031,garden-c,dev-002,chili,sandy,2025-12-22T11:30:00+07:00,10,22.8,32.65,1525,5.86,160,67,199,2.322,4.002,3.244,0.8,,,,Synthetic data for pipeline/rules testing only (NOT real soil science).
synthetic_prototype,SYN_01032,garden-c,dev-004,rice,loam,2025-12-22T12:00:00+07:00,10,34.39,56.15,1466,7.67,148,60,188,2.254,3.886,3.655,0.778,,,,Synthetic data for pipeline/rules testing only (NOT real soil science).
synthetic_prototype,SYN_01033,garden-c,dev-002,rice,loam,2025-12-22T12:30:00+07:00,10,21.76,27.8,971,5.72,148,68,62,2.138,3.686,3.773,0.762,,,,Synthetic data for pipeline/rules testing only (NOT real soil science).
synthetic_prototype,SYN_01034,garden-c,dev-002,default,clay,2025-12-22T13:00:00+07:00,10,26.27,40.55,1040,5.74,117,44,172,1.518,2.617,3.544,0.805,,,,Synthetic data for pipeline/rules testing only (NOT real soil science).
synthetic_prototype,SYN_01035,garden-c,dev-001,chili,clay,2025-12-22T13:30:00+07:00,10,28.81,31.66,1452,6.5,141,80,215,2.264,3.904,3.705,0.797,,,,Synthetic data for pipeline/rules testing only (NOT real soil science).
synthetic_prototype,SYN_01036,garden-c,dev-004,rice,clay,2025-12-22T14:00:00+07:00,10,30.99,38.77,1358,5.72,122,78,165,2.767,4.77,4.482,0.82,,,,Synthetic data for pipeline/rules testing only (NOT real soil science).
synthetic_prototype,SYN_01037,garden-c,dev-002,rice,loam,2025-12-22T14:30:00+07:00,10,30.34,57.17,1276,7.38,80,79,132,1.526,2.631,3.395,0.797,,,,Synthetic data for pipeline/rules testing only (NOT real soil science).
synthetic_prototype,SYN_01038,garden-a,dev-004,rice,sandy,2025-12-22T15:00:00+07:00,10,24.83,42.8,857,6.36,112,65,166,1.654,2.851,2.972,0.785,,,,Synthetic data for pipeline/rules testing only (NOT real soil science).
synthetic_prototype,SYN_01039,garden-b,dev-002,chili,loam,2025-12-22T15:30:00+07:00,10,25.9,27.73,834,5.69,150,62,175,1.401,2.416,2.457,0.723,,,,Synthetic data for pipeline/rules testing only (NOT real soil science).
synthetic_prototype,SYN_01040,garden-b,dev-004,tomato,clay,2025-12-22T16:00:00+07:00,10,29.14,32.09,1370,7.12,147,60,162,2.987,5.15,5.567,0.859,,,,Synthetic data for pipeline/rules testing only (NOT real soil science).
synthetic_prototype,SYN_01041,garden-b,dev-003,chili,loam,2025-12-22T16:30:00+07:00,10,31.16,38.31,1042,6.16,98,34,114,1.282,2.21,2.982,0.842,,,,Synthetic data for pipeline/rules testing only (NOT real soil science).
synthetic_prototype,SYN_01042,garden-c,dev-003,tomato,clay,2025-12-22T17:00:00+07:00,10,20.42,21.38,1050,5.94,143,55,145,2.206,3.803,3.927,0.752,,,,Synthetic data for pipeline/rules testing only (NOT real soil science).
synthetic_prototype,SYN_01043,garden-a,dev-001,chili,loam,2025-12-22T17:30:00+07:00,10,28.89,26.47,771,6.37,109,61,114,1.857,3.201,3.444,0.779,,,,Synthetic data for pipeline/rules testing only (NOT real soil science).
synthetic_prototype,SYN_01044,garden-a,dev-001,tomato,loam,2025-12-22T18:00:00+07:00,10,29.72,33.2,727,5.68,80,49,102,0.867,1.495,2.155,0.805,,,,Synthetic data for pipeline/rules testing only (NOT real soil science).
synthetic_prototype,SYN_01045,garden-a,dev-003,default,loam,2025-12-22T18:30:00+07:00,10,30.89,33.43,1344,7.16,164,60,177,2.289,3.947,4.466,0.867,,,,Synthetic data for pipeline/rules testing only (NOT real soil science).
synthetic_prototype,SYN_01046,garden-a,dev-004,default,sandy,2025-12-22T19:00:00+07:00,10,24.22,25.94,987,6.53,81,45,77,1.02,1.759,1.535,0.8,,,,Synthetic data for pipeline/rules testing only (NOT real soil science).
synthetic_prototype,SYN_01047,garden-a,dev-004,default,sandy,2025-12-22T19:30:00+07:00,10,27.12,7.22,1183,5.77,130,69,153,2.206,3.804,3.822,0.734,,,,Synthetic data for pipeline/rules testing only (NOT real soil science).
synthetic_prototype,SYN_01048,garden-b,dev-001,tomato,loam,2025-12-22T20:00:00+07:00,10,29.96,28.77,1218,6.47,151,44,202,1.568,2.703,3.036,0.878,,,,Synthetic data for pipeline/rules testing only (NOT real soil science).
synthetic_prototype,SYN_01049,garden-a,dev-004,chili,loam,2025-12-22T20:30:00+07:00,10,33.83,27.32,1204,6.19,132,78,190,2.192,3.779,3.825,0.842,,,,Synthetic data for pipeline/rules testing only (NOT real soil science).
synthetic_prototype,SYN_01050,garden-b,dev-003,rice,sandy,2025-12-22T21:00:00+07:00,10,26.61,39.11,200,6.66,31,27,106,0.119,0.206,1.084,0.776,,,,Synthetic data for pipeline/rules testing only (NOT real soil science).
synthetic_prototype,SYN_01051,garden-a,dev-004,default,sandy,2025-12-22T21:30:00+07:00,10,26.45,47.68,923,6.8,108,43,129,1.19,2.052,2.4,0.8,,,,Synthetic data for pipeline/rules testing only (NOT real soil science).
synthetic_prototype,SYN_01052,garden-a,dev-002,rice,loam,2025-12-22T22:00:00+07:00,10,33.06,55.56,1017,5.45,87,51,161,0.939,1.619,1.922,0.746,,,,Synthetic data for pipeline/rules testing only (NOT real soil science).
synthetic_prototype,SYN_01053,garden-b,dev-004,chili,loam,2025-12-22T22:30:00+07:00,10,28.32,40.88,1635,5.32,127,85,226,2.511,4.329,4.275,0.819,,,,Synthetic data for pipeline/rules testing only (NOT real soil science).
synthetic_prototype,SYN_01054,garden-c,dev-001,default,clay,2025-12-22T23:00:00+07:00,10,23.33,36.84,414,6.16,107,45,123,1.094,1.886,2.752,0.798,,,,Synthetic data for pipeline/rules testing only (NOT real soil science).
synthetic_prototype,SYN_01055,garden-c,dev-002,chili,clay,2025-12-22T23:30:00+07:00,10,28.34,30.8,1146,5.82,123,67,184,2.276,3.924,3.825,0.798,,,,Synthetic data for pipeline/rules testing only (NOT real soil science).
synthetic_prototype,SYN_01056,garden-b,dev-001,chili,clay,2025-12-23T00:00:00+07:00,10,28.64,18.93,673,6.49,94,34,118,1.843,3.177,3.804,0.828,,,,Synthetic data for pipeline/rules testing only (NOT real soil science).
synthetic_prototype,SYN_01057,garden-b,dev-001,default,loam,2025-12-23T00:30:00+07:00,10,24.53,25.63,713,6.0,86,53,65,1.645,2.835,3.077,0.765,,,,Synthetic data for pipeline/rules testing only (NOT real soil science).
synthetic_prototype,SYN_01058,garden-a,dev-002,tomato,clay,2025-12-23T01:00:00+07:00,10,26.04,23.22,1416,6.27,145,82,203,3.287,5.667,6.017,0.789,,,,Synthetic data for pipeline/rules testing only (NOT real soil science).
synthetic_prototype,SYN_01059,garden-c,dev-001,rice,loam,2025-12-23T01:30:00+07:00,10,26.53,36.06,992,6.73,80,38,137,1.021,1.761,2.219,0.872,,,,Synthetic data for pipeline/rules testing only (NOT real soil science).
synthetic_prototype,SYN_01060,garden-a,dev-002,chili,loam,2025-12-23T02:00:00+07:00,10,32.09,36.9,1308,7.43,133,73,148,1.667,2.875,2.377,0.818,,,,Synthetic data for pipeline/rules testing only (NOT real soil science).
synthetic_prototype,SYN_01061,garden-b,dev-004,default,loam,2025-12-23T02:30:00+07:00,10,27.66,24.33,911,5.94,112,59,90,2.164,3.731,2.997,0.768,,,,Synthetic data for pipeline/rules testing only (NOT real soil science).
synthetic_prototype,SYN_01062,garden-c,dev-002,default,loam,2025-12-23T03:00:00+07:00,10,24.86,41.33,1592,5.81,131,66,216,2.618,4.514,4.226,0.847,,,,Synthetic data for pipeline/rules testing only (NOT real soil science).
synthetic_prototype,SYN_01063,garden-a,dev-003,default,loam,2025-12-23T03:30:00+07:00,10,29.51,26.34,996,5.23,130,46,136,1.826,3.148,2.932,0.791,,,,Synthetic data for pipeline/rules testing only (NOT real soil science).
synthetic_prototype,SYN_01064,garden-a,dev-002,rice,loam,2025-12-23T04:00:00+07:00,10,26.93,36.71,985,6.14,65,55,198,0.963,1.661,2.696,0.778,,,,Synthetic data for pipeline/rules testing only (NOT real soil science).
synthetic_prototype,SYN_01065,garden-a,dev-003,default,sandy,2025-12-23T04:30:00+07:00,10,29.97,34.48,946,5.03,136,25,174,0.951,1.64,2.207,0.864,,,,Synthetic data for pipeline/rules testing only (NOT real soil science).
synthetic_prototype,SYN_01066,garden-b,dev-003,default,loam,2025-12-23T05:00:00+07:00,10,32.77,41.89,1273,6.29,115,81,168,2.163,3.728,2.452,0.805,,,,Synthetic data for pipeline/rules testing only (NOT real soil science).
synthetic_prototype,SYN_01067,garden-a,dev-003,tomato,loam,2025-12-23T05:30:00+07:00,10,28.19,12.79,989,6.85,115,41,96,1.73,2.983,3.715,0.715,,,,Synthetic data for pipeline/rules testing only (NOT real soil science).
synthetic_prototype,SYN_01068,garden-b,dev-004,default,clay,2025-12-23T06:00:00+07:00,10,29.02,42.88,1461,5.93,186,83,192,2.569,4.429,4.251,0.826,,,,Synthetic data for pipeline/rules testing only (NOT real soil science).
synthetic_prototype,SYN_01069,garden-b,dev-002,default,sandy,2025-12-23T06:30:00+07:00,10,31.79,30.06,626,7.33,49,40,69,0.435,0.75,0.787,0.806,,,,Synthetic data for pipeline/rules testing only (NOT real soil science).
synthetic_prototype,SYN_01070,garden-c,dev-003,tomato,sandy,2025-12-23T07:00:00+07:00,10,29.63,20.67,877,5.59,146,69,162,1.778,3.066,3.28,0.787,,,,Synthetic data for pipeline/rules testing only (NOT real soil science).
synthetic_prototype,SYN_01071,garden-c,dev-004,chili,clay,2025-12-23T07:30:00+07:00,10,24.21,24.9,1255,5.53,164,62,169,2.9,4.999,5.054,0.765,,,,Synthetic data for pipeline/rules testing only (NOT real soil science).
synthetic_prototype,SYN_01072,garden-c,dev-004,tomato,clay,2025-12-23T08:00:00+07:00,10,21.53,51.07,1287,5.8,171,68,169,2.91,5.017,5.199,0.77,,,,Synthetic data for pipeline/rules testing only (NOT real soil science).
synthetic_prototype,SYN_01073,garden-c,dev-003,rice,loam,2025-12-23T08:30:00+07:00,10,25.36,43.63,488,5.44,36,31,104,0.327,0.564,1.57,0.736,,,,Synthetic data for pipeline/rules testing only (NOT real soil science).
synthetic_prototype,SYN_01074,garden-b,dev-003,tomato,clay,2025-12-23T09:00:00+07:00,10,34.88,40.43,1517,6.41,163,66,147,2.434,4.197,4.344,0.824,,,,Synthetic data for pipeline/rules testing only (NOT real soil science).
synthetic_prototype,SYN_01075,garden-a,dev-003,default,loam,2025-12-23T09:30:00+07:00,10,28.77,27.21,1379,6.42,149,64,144,2.49,4.293,4.392,0.831,,,,Synthetic data for pipeline/rules testing only (NOT real soil science).
synthetic_prototype,SYN_01076,garden-c,dev-004,default,clay,2025-12-23T10:00:00+07:00,10,24.86,46.97,1515,6.07,133,80,160,2.11,3.638,4.384,0.778,,,,Synthetic data for pipeline/rules testing only (NOT real soil science).
synthetic_prototype,SYN_01077,garden-b,dev-002,rice,sandy,2025-12-23T10:30:00+07:00,10,27.97,32.82,1017,5.13,170,66,155,2.017,3.477,3.782,0.757,,,,Synthetic data for pipeline/rules testing only (NOT real soil science).
synthetic_prototype,SYN_01078,garden-a,dev-002,rice,sandy,2025-12-23T11:00:00+07:00,10,28.8,32.89,443,5.65,57,26,25,0.319,0.551,0.065,0.768,,,,Synthetic data for pipeline/rules testing only (NOT real soil science).
synthetic_prototype,SYN_01079,garden-c,dev-004,chili,sandy,2025-12-23T11:30:00+07:00,10,25.92,32.22,730,5.79,83,48,143,1.217,2.097,1.729,0.794,,,,Synthetic data for pipeline/rules testing only (NOT real soil science).
synthetic_prototype,SYN_01080,garden-b,dev-004,tomato,loam,2025-12-23T12:00:00+07:00,10,29.14,34.37,1076,6.33,123,65,89,1.694,2.921,2.896,0.792,,,,Synthetic data for pipeline/rules testing only (NOT real soil science).
synthetic_prototype,SYN_01081,garden-a,dev-004,rice,sandy,2025-12-23T12:30:00+07:00,10,33.72,41.74,725,4.69,89,25,128,0.898,1.547,1.675,0.803,,,,Synthetic data for pipeline/rules testing only (NOT real soil science).
synthetic_prototype,SYN_01082,garden-a,dev-003,chili,sandy,2025-12-23T13:00:00+07:00,10,28.72,23.37,1043,6.03,136,72,170,2.26,3.896,3.438,0.835,,,,Synthetic data for pipeline/rules testing only (NOT real soil science).
synthetic_prototype,SYN_01083,garden-c,dev-002,default,loam,2025-12-23T13:30:00+07:00,10,28.15,36.01,864,5.63,124,53,112,1.238,2.133,1.736,0.791,,,,Synthetic data for pipeline/rules testing only (NOT real soil science).
synthetic_prototype,SYN_01084,garden-c,dev-004,chili,loam,2025-12-23T14:00:00+07:00,10,27.5,7.27,1136,7.47,119,63,176,2.102,3.624,3.95,0.687,,,,Synthetic data for pipeline/rules testing only (NOT real soil science).
synthetic_prototype,SYN_01085,garden-a,dev-004,rice,loam,2025-12-23T14:30:00+07:00,10,23.37,31.95,1065,6.3,134,51,109,1.812,3.123,3.191,0.747,,,,Synthetic data for pipeline/rules testing only (NOT real soil science).
synthetic_prototype,SYN_01086,garden-c,dev-003,rice,sandy,2025-12-23T15:00:00+07:00,10,32.76,46.32,983,5.87,67,62,161,1.755,3.026,2.922,0.731,,,,Synthetic data for pipeline/rules testing only (NOT real soil science).
synthetic_prototype,SYN_01087,garden-a,dev-001,default,sandy,2025-12-23T15:30:00+07:00,10,27.63,32.12,581,5.52,46,16,91,0.19,0.328,0.135,0.793,,,,Synthetic data for pipeline/rules testing only (NOT real soil science).
synthetic_prototype,SYN_01088,garden-b,dev-003,rice,loam,2025-12-23T16:00:00+07:00,10,29.71,59.44,1555,6.61,129,69,190,1.662,2.865,2.481,0.837,,,,Synthetic data for pipeline/rules testing only (NOT real soil science).
synthetic_prototype,SYN_01089,garden-c,dev-003,rice,clay,2025-12-23T16:30:00+07:00,10,28.86,48.92,1732,6.16,131,85,191,2.451,4.226,3.401,0.767,,,,Synthetic data for pipeline/rules testing only (NOT real soil science).
synthetic_prototype,SYN_01090,garden-b,dev-001,rice,loam,2025-12-23T17:00:00+07:00,10,29.67,46.77,1292,7.32,81,33,109,1.618,2.79,3.47,0.817,,,,Synthetic data for pipeline/rules testing only (NOT real soil science).
synthetic_prototype,SYN_01091,garden-a,dev-002,chili,loam,2025-12-23T17:30:00+07:00,10,24.6,35.06,1298,6.1,92,73,149,1.817,3.132,3.137,0.817,,,,Synthetic data for pipeline/rules testing only (NOT real soil science).
synthetic_prototype,SYN_01092,garden-c,dev-001,default,clay,2025-12-23T18:00:00+07:00,10,30.2,43.85,2098,7.21,204,106,231,3.627,6.252,5.748,0.822,,,,Synthetic data for pipeline/rules testing only (NOT real soil science).
synthetic_prototype,SYN_01093,garden-a,dev-002,chili,loam,2025-12-23T18:30:00+07:00,10,32.44,19.44,953,6.89,129,64,143,1.986,3.424,2.994,0.731,,,,Synthetic data for pipeline/rules testing only (NOT real soil science).
synthetic_prototype,SYN_01094,garden-a,dev-003,default,loam,2025-12-23T19:00:00+07:00,10,28.58,33.89,1238,6.51,163,90,141,2.737,4.719,4.315,0.819,,,,Synthetic data for pipeline/rules testing only (NOT real soil science).
synthetic_prototype,SYN_01095,garden-b,dev-002,default,loam,2025-12-23T19:30:00+07:00,10,33.55,32.0,1464,7.49,143,59,209,2.324,4.006,4.323,0.783,,,,Synthetic data for pipeline/rules testing only (NOT real soil science).
synthetic_prototype,SYN_01096,garden-c,dev-003,default,clay,2025-12-23T20:00:00+07:00,10,31.2,49.33,1711,6.4,175,80,197,2.053,3.54,3.092,0.806,,,,Synthetic data for pipeline/rules testing only (NOT real soil science).
synthetic_prototype,SYN_01097,garden-b,dev-002,default,loam,2025-12-23T20:30:00+07:00,10,28.17,32.28,1580,5.95,166,108,190,3.216,5.544,5.101,0.845,,,,Synthetic data for pipeline/rules testing only (NOT real soil science).
synthetic_prototype,SYN_01098,garden-b,dev-003,default,sandy,2025-12-23T21:00:00+07:00,10,31.77,26.0,1259,6.76,123,65,151,1.93,3.328,3.364,0.821,,,,Synthetic data for pipeline/rules testing only (NOT real soil science).
synthetic_prototype,SYN_01099,garden-a,dev-003,default,loam,2025-12-23T21:30:00+07:00,10,24.87,52.41,1479,7.43,151,70,122,2.633,4.539,4.717,0.789,,,,Synthetic data for pipeline/rules testing only (NOT real soil science).
synthetic_prototype,SYN_01100,garden-b,dev-004,default,loam,2025-12-23T22:00:00+07:00,10,23.28,23.26,711,6.59,64,34,145,1.16,1.999,2.079,0.739,,,,Synthetic data for pipeline/rules testing only (NOT real soil science).
synthetic_prototype,SYN_01101,garden-a,dev-003,default,clay,2025-12-23T22:30:00+07:00,10,26.59,36.73,1252,6.01,147,54,149,2.524,4.352,4.532,0.791,,,,Synthetic data for pipeline/rules testing only (NOT real soil science).
synthetic_prototype,SYN_01102,garden-c,dev-004,default,sandy,2025-12-23T23:00:00+07:00,10,26.7,20.78,492,7.01,73,18,88,0.447,0.771,0.0,0.736,,,,Synthetic data for pipeline/rules testing only (NOT real soil science).
synthetic_prototype,SYN_01103,garden-a,dev-001,rice,loam,2025-12-23T23:30:00+07:00,10,28.97,35.32,973,6.53,119,70,154,1.721,2.966,2.318,0.886,,,,Synthetic data for pipeline/rules testing only (NOT real soil science).
synthetic_prototype,SYN_01104,garden-c,dev-003,rice,sandy,2025-12-24T00:00:00+07:00,10,26.0,32.23,535,6.28,88,47,68,0.952,1.64,0.938,0.797,,,,Synthetic data for pipeline/rules testing only (NOT real soil science).
synthetic_prototype,SYN_01105,garden-a,dev-001,chili,loam,2025-12-24T00:30:00+07:00,10,25.49,29.39,1394,6.4,155,89,117,3.112,5.365,6.24,0.799,,,,Synthetic data for pipeline/rules testing only (NOT real soil science).
synthetic_prototype,SYN_01106,garden-a,dev-001,tomato,loam,2025-12-24T01:00:00+07:00,10,27.34,32.9,1083,6.73,118,67,155,1.879,3.239,3.04,0.823,,,,Synthetic data for pipeline/rules testing only (NOT real soil science).
synthetic_prototype,SYN_01107,garden-a,dev-001,tomato,loam,2025-12-24T01:30:00+07:00,10,28.27,26.91,776,5.93,99,57,121,0.98,1.69,1.164,0.757,,,,Synthetic data for pipeline/rules testing only (NOT real soil science).
synthetic_prototype,SYN_01108,garden-c,dev-003,tomato,sandy,2025-12-24T02:00:00+07:00,10,25.67,18.87,444,5.58,84,33,136,0.755,1.302,1.915,0.739,,,,Synthetic data for pipeline/rules testing only (NOT real soil science).
synthetic_prototype,SYN_01109,garden-b,dev-004,rice,loam,2025-12-24T02:30:00+07:00,10,28.77,26.64,742,6.35,101,35,141,1.361,2.347,2.347,0.764,,,,Synthetic data for pipeline/rules testing only (NOT real soil science).
synthetic_prototype,SYN_01110,garden-a,dev-002,tomato,clay,2025-12-24T03:00:00+07:00,10,20.63,38.8,762,6.47,130,45,86,1.152,1.987,2.168,0.839,,,,Synthetic data for pipeline/rules testing only (NOT real soil science).
synthetic_prototype,SYN_01111,garden-b,dev-001,chili,loam,2025-12-24T03:30:00+07:00,10,31.26,33.82,1620,6.49,183,98,189,2.949,5.084,5.672,0.845,,,,Synthetic data for pipeline/rules testing only (NOT real soil science).
synthetic_prototype,SYN_01112,garden-c,dev-002,chili,clay,2025-12-24T04:00:00+07:00,10,30.43,45.2,1398,5.66,134,76,237,2.85,4.914,5.447,0.783,,,,Synthetic data for pipeline/rules testing only (NOT real soil science).
synthetic_prototype,SYN_01113,garden-b,dev-004,tomato,sandy,2025-12-24T04:30:00+07:00,10,33.2,12.04,1197,6.73,124,46,147,1.65,2.845,2.659,0.803,,,,Synthetic data for pipeline/rules testing only (NOT real soil science).
synthetic_prototype,SYN_01114,garden-a,dev-004,default,clay,2025-12-24T05:00:00+07:00,10,30.01,29.69,1170,7.17,167,68,200,3.088,5.323,5.916,0.79,,,,Synthetic data for pipeline/rules testing only (NOT real soil science).
synthetic_prototype,SYN_01115,garden-b,dev-001,chili,loam,2025-12-24T05:30:00+07:00,10,26.96,28.32,1218,6.52,173,75,151,2.712,4.676,4.923,0.849,,,,Synthetic data for pipeline/rules testing only (NOT real soil science).
synthetic_prototype,SYN_01116,garden-c,dev-001,default,loam,2025-12-24T06:00:00+07:00,10,31.29,25.19,531,6.4,83,26,63,0.573,0.988,0.456,0.76,,,,Synthetic data for pipeline/rules testing only (NOT real soil science).
synthetic_prototype,SYN_01117,garden-c,dev-004,rice,loam,2025-12-24T06:30:00+07:00,10,27.51,42.38,1459,6.38,114,66,189,2.484,4.282,5.361,0.842,,,,Synthetic data for pipeline/rules testing only (NOT real soil science).
synthetic_prototype,SYN_01118,garden-b,dev-002,rice,sandy,2025-12-24T07:00:00+07:00,10,26.54,42.56,1085,7.39,103,68,190,2.105,3.628,4.491,0.748,,,,Synthetic data for pipeline/rules testing only (NOT real soil science).
synthetic_prototype,SYN_01119,garden-c,dev-004,rice,sandy,2025-12-24T07:30:00+07:00,10,26.31,34.29,739,7.15,97,56,119,1.093,1.885,2.101,0.806,,,,Synthetic data for pipeline/rules testing only (NOT real soil science).
synthetic_prototype,SYN_01120,garden-a,dev-004,tomato,loam,2025-12-24T08:00:00+07:00,10,27.4,42.42,2134,6.4,191,101,260,3.68,6.344,6.212,0.768,,,,Synthetic data for pipeline/rules testing only (NOT real soil science).
synthetic_prototype,SYN_01121,garden-b,dev-004,default,loam,2025-12-24T08:30:00+07:00,10,18.91,33.92,798,5.75,103,51,125,1.87,3.224,3.119,0.817,,,,Synthetic data for pipeline/rules testing only (NOT real soil science).
synthetic_prototype,SYN_01122,garden-c,dev-002,rice,loam,2025-12-24T09:00:00+07:00,10,24.85,61.07,865,5.89,78,46,164,0.82,1.414,1.77,0.711,,,,Synthetic data for pipeline/rules testing only (NOT real soil science).
synthetic_prototype,SYN_01123,garden-b,dev-003,tomato,sandy,2025-12-24T09:30:00+07:00,10,26.75,20.77,596,7.38,77,42,88,0.673,1.161,1.075,0.76,,,,Synthetic data for pipeline/rules testing only (NOT real soil science).
synthetic_prototype,SYN_01124,garden-b,dev-001,default,sandy,2025-12-24T10:00:00+07:00,10,31.24,13.15,306,7.44,95,17,102,1.024,1.766,2.623,0.661,,,,Synthetic data for pipeline/rules testing only (NOT real soil science).
synthetic_prototype,SYN_01125,garden-c,dev-003,default,loam,2025-12-24T10:30:00+07:00,10,24.76,22.7,477,6.35,86,55,113,1.661,2.864,2.997,0.736,,,,Synthetic data for pipeline/rules testing only (NOT real soil science).
synthetic_prototype,SYN_01126,garden-b,dev-001,default,loam,2025-12-24T11:00:00+07:00,10,29.33,11.39,153,5.46,29,14,69,0.735,1.268,0.465,0.675,,,,Synthetic data for pipeline/rules testing only (NOT real soil science).
synthetic_prototype,SYN_01127,garden-b,dev-004,default,clay,2025-12-24T11:30:00+07:00,10,26.65,49.21,1002,6.02,85,24,85,1.073,1.849,1.902,0.764,,,,Synthetic data for pipeline/rules testing only (NOT real soil science).
synthetic_prototype,SYN_01128,garden-c,dev-002,default,sandy,2025-12-24T12:00:00+07:00,10,32.27,26.39,546,6.48,55,31,73,0.671,1.156,1.331,0.772,,,,Synthetic data for pipeline/rules testing only (NOT real soil science).
synthetic_prototype,SYN_01129,garden-c,dev-004,rice,sandy,2025-12-24T12:30:00+07:00,10,28.69,37.96,577,6.86,89,43,109,0.465,0.802,1.414,0.794,,,,Synthetic data for pipeline/rules testing only (NOT real soil science).
synthetic_prototype,SYN_01130,garden-a,dev-003,rice,loam,2025-12-24T13:00:00+07:00,10,24.12,39.27,1376,6.74,109,67,127,2.107,3.632,3.073,0.841,,,,Synthetic data for pipeline/rules testing only (NOT real soil science).
synthetic_prototype,SYN_01131,garden-b,dev-002,default,clay,2025-12-24T13:30:00+07:00,10,33.28,37.91,982,6.98,144,46,195,1.887,3.253,2.467,0.783,,,,Synthetic data for pipeline/rules testing only (NOT real soil science).
synthetic_prototype,SYN_01132,garden-a,dev-002,default,loam,2025-12-24T14:00:00+07:00,10,29.06,12.26,1133,6.46,116,71,97,2.219,3.825,4.032,0.702,,,,Synthetic data for pipeline/rules testing only (NOT real soil science).
synthetic_prototype,SYN_01133,garden-c,dev-003,default,loam,2025-12-24T14:30:00+07:00,10,30.84,33.36,925,7.11,110,45,88,1.376,2.373,2.543,0.821,,,,Synthetic data for pipeline/rules testing only (NOT real soil science).
synthetic_prototype,SYN_01134,garden-b,dev-004,default,sandy,2025-12-24T15:00:00+07:00,10,31.34,19.97,731,5.97,98,43,115,0.911,1.57,1.918,0.765,,,,Synthetic data for pipeline/rules testing only (NOT real soil science).
synthetic_prototype,SYN_01135,garden-c,dev-003,tomato,sandy,2025-12-24T15:30:00+07:00,10,24.46,19.99,618,6.54,29,51,112,1.02,1.758,1.278,0.749,,,,Synthetic data for pipeline/rules testing only (NOT real soil science).
synthetic_prototype,SYN_01136,garden-a,dev-002,rice,clay,2025-12-24T16:00:00+07:00,10,29.3,43.2,1018,5.68,89,12,153,0.606,1.045,0.716,0.801,,,,Synthetic data for pipeline/rules testing only (NOT real soil science).
synthetic_prototype,SYN_01137,garden-a,dev-002,default,clay,2025-12-24T16:30:00+07:00,10,27.17,9.26,1368,6.64,196,73,185,3.145,5.421,5.03,0.796,,,,Synthetic data for pipeline/rules testing only (NOT real soil science).
synthetic_prototype,SYN_01138,garden-a,dev-004,chili,clay,2025-12-24T17:00:00+07:00,10,20.37,22.85,662,5.97,102,58,149,1.691,2.916,2.92,0.722,,,,Synthetic data for pipeline/rules testing only (NOT real soil science).
synthetic_prototype,SYN_01139,garden-b,dev-001,tomato,loam,2025-12-24T17:30:00+07:00,10,35.08,34.72,1107,7.27,142,58,86,1.828,3.151,3.265,0.808,,,,Synthetic data for pipeline/rules testing only (NOT real soil science).
synthetic_prototype,SYN_01140,garden-c,dev-004,default,sandy,2025-12-24T18:00:00+07:00,10,27.18,31.69,381,5.43,86,35,15,1.242,2.14,1.179,0.782,,,,Synthetic data for pipeline/rules testing only (NOT real soil science).
synthetic_prototype,SYN_01141,garden-c,dev-003,chili,sandy,2025-12-24T18:30:00+07:00,10,25.23,9.39,724,6.72,74,38,68,1.32,2.275,2.639,0.708,,,,Synthetic data for pipeline/rules testing only (NOT real soil science).
synthetic_prototype,SYN_01142,garden-a,dev-004,default,loam,2025-12-24T19:00:00+07:00,10,33.46,25.61,1109,7.35,139,87,144,1.822,3.141,2.853,0.823,,,,Synthetic data for pipeline/rules testing only (NOT real soil science).
synthetic_prototype,SYN_01143,garden-a,dev-003,rice,sandy,2025-12-24T19:30:00+07:00,10,31.57,25.14,1147,6.58,107,62,126,2.188,3.773,3.361,0.802,,,,Synthetic data for pipeline/rules testing only (NOT real soil science).
synthetic_prototype,SYN_01144,garden-b,dev-002,tomato,clay,2025-12-24T20:00:00+07:00,10,27.59,45.04,1153,5.9,129,42,138,1.835,3.164,3.725,0.762,,,,Synthetic data for pipeline/rules testing only (NOT real soil science).
synthetic_prototype,SYN_01145,garden-b,dev-001,chili,loam,2025-12-24T20:30:00+07:00,10,32.55,33.18,1149,5.32,150,68,177,1.901,3.276,2.53,0.811,,,,Synthetic data for pipeline/rules testing only (NOT real soil science).
synthetic_prototype,SYN_01146,garden-c,dev-004,tomato,loam,2025-12-24T21:00:00+07:00,10,31.66,29.09,1183,5.17,103,54,237,2.095,3.612,2.824,0.805,,,,Synthetic data for pipeline/rules testing only (NOT real soil science).
synthetic_prototype,SYN_01147,garden-b,dev-002,rice,sandy,2025-12-24T21:30:00+07:00,10,27.95,45.68,1333,5.26,113,63,168,1.544,2.662,2.85,0.832,,,,Synthetic data for pipeline/rules testing only (NOT real soil science).
synthetic_prototype,SYN_01148,garden-c,dev-002,default,loam,2025-12-24T22:00:00+07:00,10,28.39,47.68,1136,6.64,107,85,165,2.055,3.542,4.119,0.84,,,,Synthetic data for pipeline/rules testing only (NOT real soil science).
synthetic_prototype,SYN_01149,garden-c,dev-001,default,sandy,2025-12-24T22:30:00+07:00,10,27.09,12.09,711,6.73,96,47,134,1.229,2.119,2.294,0.732,,,,Synthetic data for pipeline/rules testing only (NOT real soil science).
synthetic_prototype,SYN_01150,garden-b,dev-001,chili,loam,2025-12-24T23:00:00+07:00,10,28.71,34.37,1513,5.72,132,73,161,2.365,4.078,3.151,0.823,,,,Synthetic data for pipeline/rules testing only (NOT real soil science).
synthetic_prototype,SYN_01151,garden-a,dev-003,default,loam,2025-12-24T23:30:00+07:00,10,32.46,36.07,1261,6.1,151,81,149,2.317,3.994,4.023,0.776,,,,Synthetic data for pipeline/rules testing only (NOT real soil science).
synthetic_prototype,SYN_01152,garden-c,dev-002,default,clay,2025-12-25T00:00:00+07:00,10,28.87,45.71,1750,5.8,137,92,202,2.927,5.046,5.06,0.79,,,,Synthetic data for pipeline/rules testing only (NOT real soil science).
synthetic_prototype,SYN_01153,garden-a,dev-001,rice,loam,2025-12-25T00:30:00+07:00,10,24.22,57.28,1878,5.8,188,90,184,3.467,5.977,6.773,0.746,,,,Synthetic data for pipeline/rules testing only (NOT real soil science).
synthetic_prototype,SYN_01154,garden-a,dev-004,chili,sandy,2025-12-25T01:00:00+07:00,10,30.19,22.02,927,6.54,102,46,183,1.354,2.335,2.114,0.773,,,,Synthetic data for pipeline/rules testing only (NOT real soil science).
synthetic_prototype,SYN_01155,garden-c,dev-003,rice,clay,2025-12-25T01:30:00+07:00,10,28.47,38.35,990,6.47,134,58,161,2.064,3.559,2.927,0.801,,,,Synthetic data for pipeline/rules testing only (NOT real soil science).
synthetic_prototype,SYN_01156,garden-c,dev-004,rice,sandy,2025-12-25T02:00:00+07:00,10,28.8,25.63,659,6.23,90,28,63,0.514,0.886,0.923,0.757,,,,Synthetic data for pipeline/rules testing only (NOT real soil science).
synthetic_prototype,SYN_01157,garden-b,dev-002,default,clay,2025-12-25T02:30:00+07:00,10,24.23,53.54,978,5.86,90,59,171,0.635,1.095,1.787,0.803,,,,Synthetic data for pipeline/rules testing only (NOT real soil science).
synthetic_prototype,SYN_01158,garden-c,dev-002,rice,loam,2025-12-25T03:00:00+07:00,10,26.14,51.42,1284,7.15,137,94,158,3.06,5.275,4.88,0.809,,,,Synthetic data for pipeline/rules testing only (NOT real soil science).
synthetic_prototype,SYN_01159,garden-b,dev-004,tomato,sandy,2025-12-25T03:30:00+07:00,10,27.67,25.37,636,5.71,97,53,129,1.152,1.987,2.189,0.72,,,,Synthetic data for pipeline/rules testing only (NOT real soil science).
synthetic_prototype,SYN_01160,garden-c,dev-004,default,sandy,2025-12-25T04:00:00+07:00,10,30.98,18.85,907,6.7,94,39,110,1.287,2.22,2.603,0.707,,,,Synthetic data for pipeline/rules testing only (NOT real soil science).
synthetic_prototype,SYN_01161,garden-c,dev-003,tomato,sandy,2025-12-25T04:30:00+07:00,10,27.84,26.23,760,5.9,121,51,99,1.374,2.369,2.416,0.758,,,,Synthetic data for pipeline/rules testing only (NOT real soil science).
synthetic_prototype,SYN_01162,garden-b,dev-004,rice,sandy,2025-12-25T05:00:00+07:00,10,30.29,19.62,1369,6.41,114,46,202,2.005,3.456,3.11,0.8,,,,Synthetic data for pipeline/rules testing only (NOT real soil science).
synthetic_prototype,SYN_01163,garden-b,dev-002,default,clay,2025-12-25T05:30:00+07:00,10,21.27,35.48,752,5.59,75,52,126,0.903,1.558,0.936,0.741,,,,Synthetic data for pipeline/rules testing only (NOT real soil science).
synthetic_prototype,SYN_01164,garden-b,dev-004,chili,sandy,2025-12-25T06:00:00+07:00,10,28.1,30.66,891,6.69,69,33,141,0.706,1.217,1.646,0.809,,,,Synthetic data for pipeline/rules testing only (NOT real soil science).
synthetic_prototype,SYN_01165,garden-a,dev-001,chili,loam,2025-12-25T06:30:00+07:00,10,30.16,36.07,1459,6.4,90,67,151,2.292,3.951,3.172,0.865,,,,Synthetic data for pipeline/rules testing only (NOT real soil science).
synthetic_prototype,SYN_01166,garden-b,dev-001,default,loam,2025-12-25T07:00:00+07:00,10,28.7,25.12,1371,6.58,123,73,171,2.602,4.486,3.365,0.818,,,,Synthetic data for pipeline/rules testing only (NOT real soil science).
synthetic_prototype,SYN_01167,garden-c,dev-003,rice,loam,2025-12-25T07:30:00+07:00,10,25.53,36.04,694,7.44,105,29,94,1.517,2.615,2.396,0.798,,,,Synthetic data for pipeline/rules testing only (NOT real soil science).
synthetic_prototype,SYN_01168,garden-a,dev-004,default,clay,2025-12-25T08:00:00+07:00,10,28.67,31.59,1283,5.72,87,59,171,1.283,2.212,1.867,0.814,,,,Synthetic data for pipeline/rules testing only (NOT real soil science).
synthetic_prototype,SYN_01169,garden-a,dev-003,rice,clay,2025-12-25T08:30:00+07:00,10,27.14,54.06,1789,5.57,173,84,251,2.389,4.119,4.248,0.739,,,,Synthetic data for pipeline/rules testing only (NOT real soil science).
synthetic_prototype,SYN_01170,garden-a,dev-003,default,clay,2025-12-25T09:00:00+07:00,10,29.19,31.03,849,6.29,126,59,134,1.39,2.397,2.612,0.832,,,,Synthetic data for pipeline/rules testing only (NOT real soil science).
synthetic_prototype,SYN_01171,garden-b,dev-002,tomato,clay,2025-12-25T09:30:00+07:00,10,20.48,26.82,1240,6.79,111,50,113,1.962,3.383,3.152,0.816,,,,Synthetic data for pipeline/rules testing only (NOT real soil science).
synthetic_prototype,SYN_01172,garden-b,dev-004,default,loam,2025-12-25T10:00:00+07:00,10,32.2,23.09,759,6.81,102,51,115,1.26,2.173,1.448,0.748,,,,Synthetic data for pipeline/rules testing only (NOT real soil science).
synthetic_prototype,SYN_01173,garden-b,dev-003,default,sandy,2025-12-25T10:30:00+07:00,10,30.74,27.82,562,5.48,57,41,95,0.898,1.548,1.738,0.769,,,,Synthetic data for pipeline/rules testing only (NOT real soil science).
synthetic_prototype,SYN_01174,garden-a,dev-001,rice,clay,2025-12-25T11:00:00+07:00,10,31.4,64.82,1539,5.82,162,58,194,1.954,3.368,3.769,0.739,,,,Synthetic data for pipeline/rules testing only (NOT real soil science).
synthetic_prototype,SYN_01175,garden-a,dev-002,tomato,sandy,2025-12-25T11:30:00+07:00,10,34.34,21.81,967,6.07,74,54,109,0.995,1.715,1.786,0.773,,,,Synthetic data for pipeline/rules testing only (NOT real soil science).
synthetic_prototype,SYN_01176,garden-c,dev-001,tomato,clay,2025-12-25T12:00:00+07:00,10,29.28,38.77,1520,7.33,187,90,170,2.49,4.292,4.134,0.808,,,,Synthetic data for pipeline/rules testing only (NOT real soil science).
synthetic_prototype,SYN_01177,garden-a,dev-004,rice,loam,2025-12-25T12:30:00+07:00,10,26.48,69.5,702,6.57,84,51,87,0.673,1.16,0.769,0.683,,,,Synthetic data for pipeline/rules testing only (NOT real soil science).
synthetic_prototype,SYN_01178,garden-a,dev-001,default,sandy,2025-12-25T13:00:00+07:00,10,30.99,22.49,1310,6.18,121,79,161,1.862,3.211,3.176,0.797,,,,Synthetic data for pipeline/rules testing only (NOT real soil science).
synthetic_prototype,SYN_01179,garden-a,dev-004,default,clay,2025-12-25T13:30:00+07:00,10,31.96,40.66,1695,6.32,172,80,185,2.858,4.928,5.067,0.862,,,,Synthetic data for pipeline/rules testing only (NOT real soil science).
synthetic_prototype,SYN_01180,garden-a,dev-003,tomato,loam,2025-12-25T14:00:00+07:00,10,25.16,43.71,1433,5.91,159,75,184,2.748,4.738,4.234,0.833,,,,Synthetic data for pipeline/rules testing only (NOT real soil science).
synthetic_prototype,SYN_01181,garden-a,dev-004,tomato,sandy,2025-12-25T14:30:00+07:00,10,21.53,13.72,916,5.99,121,47,144,1.713,2.952,3.139,0.683,,,,Synthetic data for pipeline/rules testing only (NOT real soil science).
synthetic_prototype,SYN_01182,garden-c,dev-002,tomato,loam,2025-12-25T15:00:00+07:00,10,26.44,5.52,559,5.74,118,52,105,1.382,2.383,2.388,0.7,,,,Synthetic data for pipeline/rules testing only (NOT real soil science).
synthetic_prototype,SYN_01183,garden-a,dev-003,chili,loam,2025-12-25T15:30:00+07:00,10,27.01,31.91,749,5.56,107,41,178,0.979,1.688,1.781,0.799,,,,Synthetic data for pipeline/rules testing only (NOT real soil science).
synthetic_prototype,SYN_01184,garden-a,dev-002,chili,sandy,2025-12-25T16:00:00+07:00,10,25.93,10.35,555,5.99,96,58,114,1.227,2.115,1.497,0.696,,,,Synthetic data for pipeline/rules testing only (NOT real soil science).
synthetic_prototype,SYN_01185,garden-a,dev-003,tomato,clay,2025-12-25T16:30:00+07:00,10,28.15,53.08,1638,6.21,180,107,203,3.205,5.525,5.914,0.804,,,,Synthetic data for pipeline/rules testing only (NOT real soil science).
synthetic_prototype,SYN_01186,garden-c,dev-001,chili,clay,2025-12-25T17:00:00+07:00,10,27.11,53.28,2056,6.04,138,78,202,3.981,6.863,5.823,0.775,,,,Synthetic data for pipeline/rules testing only (NOT real soil science).
synthetic_prototype,SYN_01187,garden-c,dev-004,tomato,sandy,2025-12-25T17:30:00+07:00,10,26.86,29.43,514,7.55,106,41,111,1.28,2.207,2.026,0.732,,,,Synthetic data for pipeline/rules testing only (NOT real soil science).
synthetic_prototype,SYN_01188,garden-b,dev-004,chili,sandy,2025-12-25T18:00:00+07:00,10,34.27,24.31,1003,6.11,121,52,111,1.068,1.841,1.842,0.781,,,,Synthetic data for pipeline/rules testing only (NOT real soil science).
synthetic_prototype,SYN_01189,garden-a,dev-001,default,loam,2025-12-25T18:30:00+07:00,10,25.53,19.08,1037,6.21,102,66,169,1.717,2.96,2.914,0.772,,,,Synthetic data for pipeline/rules testing only (NOT real soil science).
synthetic_prototype,SYN_01190,garden-a,dev-001,chili,sandy,2025-12-25T19:00:00+07:00,10,25.93,17.71,330,6.95,59,30,43,0.704,1.214,0.498,0.732,,,,Synthetic data for pipeline/rules testing only (NOT real soil science).
synthetic_prototype,SYN_01191,garden-a,dev-001,default,loam,2025-12-25T19:30:00+07:00,10,28.01,12.78,1169,6.06,110,71,154,2.546,4.388,5.079,0.754,,,,Synthetic data for pipeline/rules testing only (NOT real soil science).
synthetic_prototype,SYN_01192,garden-b,dev-002,default,clay,2025-12-25T20:00:00+07:00,10,28.8,26.9,1483,6.28,162,73,182,2.885,4.973,4.981,0.805,,,,Synthetic data for pipeline/rules testing only (NOT real soil science).
synthetic_prototype,SYN_01193,garden-c,dev-003,default,loam,2025-12-25T20:30:00+07:00,10,23.91,26.8,1003,6.03,115,61,171,2.121,3.657,3.254,0.793,,,,Synthetic data for pipeline/rules testing only (NOT real soil science).
synthetic_prototype,SYN_01194,garden-c,dev-001,default,sandy,2025-12-25T21:00:00+07:00,10,35.41,30.71,1048,6.19,88,50,100,1.82,3.137,3.112,0.791,,,,Synthetic data for pipeline/rules testing only (NOT real soil science).
synthetic_prototype,SYN_01195,garden-b,dev-002,rice,clay,2025-12-25T21:30:00+07:00,10,28.31,58.75,1450,5.47,125,68,159,2.008,3.461,3.507,0.75,,,,Synthetic data for pipeline/rules testing only (NOT real soil science).
synthetic_prototype,SYN_01196,garden-a,dev-004,default,loam,2025-12-25T22:00:00+07:00,10,27.96,36.62,712,5.38,125,47,174,1.319,2.274,1.835,0.794,,,,Synthetic data for pipeline/rules testing only (NOT real soil science).
synthetic_prototype,SYN_01197,garden-c,dev-002,tomato,sandy,2025-12-25T22:30:00+07:00,10,28.78,24.27,693,6.45,87,58,89,1.467,2.529,2.503,0.735,,,,Synthetic data for pipeline/rules testing only (NOT real soil science).
synthetic_prototype,SYN_01198,garden-a,dev-002,chili,loam,2025-12-25T23:00:00+07:00,10,31.85,44.37,1196,7.55,114,55,161,1.741,3.002,2.167,0.771,,,,Synthetic data for pipeline/rules testing only (NOT real soil science).
synthetic_prototype,SYN_01199,garden-b,dev-001,default,sandy,2025-12-25T23:30:00+07:00,10,25.13,21.95,674,6.2,46,46,87,0.691,1.192,1.212,0.695,,,,Synthetic data for pipeline/rules testing only (NOT real soil science).
synthetic_prototype,SYN_01200,garden-a,dev-001,chili,loam,2025-12-26T00:00:00+07:00,10,23.1,23.09,910,6.56,77,53,143,1.697,2.926,3.408,0.772,,,,Synthetic data for pipeline/rules testing only (NOT real soil science).
synthetic_prototype,SYN_01201,garden-a,dev-002,default,loam,2025-12-26T00:30:00+07:00,10,25.49,26.22,913,7.17,119,58,108,1.55,2.672,1.813,0.805,,,,Synthetic data for pipeline/rules testing only (NOT real soil science).
synthetic_prototype,SYN_01202,garden-b,dev-002,default,clay,2025-12-26T01:00:00+07:00,10,28.99,18.69,1732,5.92,170,84,245,3.369,5.808,6.326,0.803,,,,Synthetic data for pipeline/rules testing only (NOT real soil science).
synthetic_prototype,SYN_01203,garden-a,dev-004,chili,clay,2025-12-26T01:30:00+07:00,10,31.82,32.17,964,6.15,138,56,79,2.062,3.556,3.38,0.763,,,,Synthetic data for pipeline/rules testing only (NOT real soil science).
synthetic_prototype,SYN_01204,garden-a,dev-002,chili,loam,2025-12-26T02:00:00+07:00,10,22.95,28.0,1237,5.78,169,93,152,2.7,4.655,4.412,0.781,,,,Synthetic data for pipeline/rules testing only (NOT real soil science).
synthetic_prototype,SYN_01205,garden-a,dev-001,default,sandy,2025-12-26T02:30:00+07:00,10,28.81,16.46,1117,6.94,106,54,167,2.032,3.503,3.408,0.739,,,,Synthetic data for pipeline/rules testing only (NOT real soil science).
synthetic_prototype,SYN_01206,garden-c,dev-003,chili,loam,2025-12-26T03:00:00+07:00,10,22.65,32.28,940,6.95,91,66,100,0.962,1.658,1.489,0.821,,,,Synthetic data for pipeline/rules testing only (NOT real soil science).
synthetic_prototype,SYN_01207,garden-c,dev-004,tomato,loam,2025-12-26T03:30:00+07:00,10,30.38,29.56,767,7.03,70,46,86,1.006,1.734,1.945,0.776,,,,Synthetic data for pipeline/rules testing only (NOT real soil science).
synthetic_prototype,SYN_01208,garden-a,dev-001,default,sandy,2025-12-26T04:00:00+07:00,10,21.87,13.96,934,5.88,134,51,188,2.234,3.852,3.491,0.732,,,,Synthetic data for pipeline/rules testing only (NOT real soil science).
synthetic_prototype,SYN_01209,garden-b,dev-003,tomato,loam,2025-12-26T04:30:00+07:00,10,29.06,24.74,634,6.05,131,60,151,2.168,3.737,3.448,0.676,,,,Synthetic data for pipeline/rules testing only (NOT real soil science).
synthetic_prototype,SYN_01210,garden-b,dev-001,default,loam,2025-12-26T05:00:00+07:00,10,35.43,29.64,922,5.76,144,67,109,1.318,2.272,2.135,0.817,,,,Synthetic data for pipeline/rules testing only (NOT real soil science).
synthetic_prototype,SYN_01211,garden-a,dev-004,default,loam,2025-12-26T05:30:00+07:00,10,26.07,27.14,1274,5.97,121,76,161,1.92,3.309,3.207,0.793,,,,Synthetic data for pipeline/rules testing only (NOT real soil science).
synthetic_prototype,SYN_01212,garden-a,dev-002,tomato,clay,2025-12-26T06:00:00+07:00,10,29.11,33.98,1372,5.75,122,65,183,2.093,3.608,3.913,0.792,,,,Synthetic data for pipeline/rules testing only (NOT real soil science).
synthetic_prototype,SYN_01213,garden-c,dev-004,rice,sandy,2025-12-26T06:30:00+07:00,10,27.65,45.88,668,5.62,69,26,61,0.7,1.206,1.792,0.764,,,,Synthetic data for pipeline/rules testing only (NOT real soil science).
synthetic_prototype,SYN_01214,garden-a,dev-002,rice,clay,2025-12-26T07:00:00+07:00,10,30.77,43.3,1545,6.77,160,79,196,2.785,4.802,5.363,0.759,,,,Synthetic data for pipeline/rules testing only (NOT real soil science).
synthetic_prototype,SYN_01215,garden-a,dev-004,rice,loam,2025-12-26T07:30:00+07:00,10,28.99,43.01,1430,6.18,148,85,222,2.455,4.232,4.351,0.833,,,,Synthetic data for pipeline/rules testing only (NOT real soil science).
synthetic_prototype,SYN_01216,garden-c,dev-002,default,loam,2025-12-26T08:00:00+07:00,10,28.51,31.58,804,7.89,88,61,97,1.28,2.207,1.53,0.776,,,,Synthetic data for pipeline/rules testing only (NOT real soil science).
synthetic_prototype,SYN_01217,garden-a,dev-002,default,clay,2025-12-26T08:30:00+07:00,10,30.11,44.09,867,7.18,102,52,125,1.481,2.553,2.157,0.747,,,,Synthetic data for pipeline/rules testing only (NOT real soil science).
synthetic_prototype,SYN_01218,garden-a,dev-003,rice,loam,2025-12-26T09:00:00+07:00,10,30.01,53.56,987,5.7,86,54,162,0.88,1.517,1.658,0.736,,,,Synthetic data for pipeline/rules testing only (NOT real soil science).
synthetic_prototype,SYN_01219,garden-c,dev-002,rice,clay,2025-12-26T09:30:00+07:00,10,30.85,53.05,967,6.67,80,48,156,0.972,1.676,0.345,0.759,,,,Synthetic data for pipeline/rules testing only (NOT real soil science).
synthetic_prototype,SYN_01220,garden-a,dev-004,chili,sandy,2025-12-26T10:00:00+07:00,10,29.85,19.66,322,5.74,61,33,60,0.441,0.761,1.202,0.746,,,,Synthetic data for pipeline/rules testing only (NOT real soil science).
synthetic_prototype,SYN_01221,garden-c,dev-002,default,sandy,2025-12-26T10:30:00+07:00,10,31.0,15.63,155,5.83,0,2,72,0.116,0.2,0.0,0.655,,,,Synthetic data for pipeline/rules testing only (NOT real soil science).
synthetic_prototype,SYN_01222,garden-b,dev-004,rice,loam,2025-12-26T11:00:00+07:00,10,25.37,41.29,1166,6.27,153,75,211,1.865,3.215,3.745,0.791,,,,Synthetic data for pipeline/rules testing only (NOT real soil science).
synthetic_prototype,SYN_01223,garden-b,dev-003,rice,clay,2025-12-26T11:30:00+07:00,10,30.76,49.46,1844,6.39,168,102,203,3.806,6.561,7.095,0.777,,,,Synthetic data for pipeline/rules testing only (NOT real soil science).
synthetic_prototype,SYN_01224,garden-c,dev-003,chili,clay,2025-12-26T12:00:00+07:00,10,29.06,56.98,1660,6.14,137,82,179,2.694,4.644,4.251,0.741,,,,Synthetic data for pipeline/rules testing only (NOT real soil science).
synthetic_prototype,SYN_01225,garden-b,dev-003,default,loam,2025-12-26T12:30:00+07:00,10,29.74,34.48,1141,6.45,68,55,95,1.253,2.16,2.122,0.831,,,,Synthetic data for pipeline/rules testing only (NOT real soil science).
synthetic_prototype,SYN_01226,garden-b,dev-002,rice,sandy,2025-12-26T13:00:00+07:00,10,27.16,33.89,690,5.65,98,60,136,1.326,2.286,2.323,0.781,,,,Synthetic data for pipeline/rules testing only (NOT real soil science).
synthetic_prototype,SYN_01227,garden-a,dev-001,default,loam,2025-12-26T13:30:00+07:00,10,25.85,37.78,692,6.17,89,45,152,1.806,3.114,4.236,0.797,,,,Synthetic data for pipeline/rules testing only (NOT real soil science).
synthetic_prototype,SYN_01228,garden-c,dev-002,default,loam,2025-12-26T14:00:00+07:00,10,25.24,24.08,773,6.42,92,38,104,0.598,1.031,1.685,0.844,,,,Synthetic data for pipeline/rules testing only (NOT real soil science).
synthetic_prototype,SYN_01229,garden-c,dev-004,rice,sandy,2025-12-26T14:30:00+07:00,10,31.99,46.75,1115,6.66,92,65,132,1.538,2.652,1.936,0.781,,,,Synthetic data for pipeline/rules testing only (NOT real soil science).
synthetic_prototype,SYN_01230,garden-c,dev-004,chili,loam,2025-12-26T15:00:00+07:00,10,28.39,31.66,504,6.44,62,48,136,1.057,1.822,1.771,0.773,,,,Synthetic data for pipeline/rules testing only (NOT real soil science).
synthetic_prototype,SYN_01231,garden-c,dev-004,tomato,loam,2025-12-26T15:30:00+07:00,10,26.14,21.6,1033,7.25,148,39,116,1.936,3.337,3.218,0.755,,,,Synthetic data for pipeline/rules testing only (NOT real soil science).
synthetic_prototype,SYN_01232,garden-b,dev-003,rice,loam,2025-12-26T16:00:00+07:00,10,27.73,46.12,764,6.19,93,46,144,0.741,1.277,1.214,0.775,,,,Synthetic data for pipeline/rules testing only (NOT real soil science).
synthetic_prototype,SYN_01233,garden-b,dev-003,default,clay,2025-12-26T16:30:00+07:00,10,24.95,30.89,1447,6.08,161,69,203,3.023,5.211,4.855,0.846,,,,Synthetic data for pipeline/rules testing only (NOT real soil science).
synthetic_prototype,SYN_01234,garden-b,dev-003,rice,loam,2025-12-26T17:00:00+07:00,10,24.39,33.0,1380,5.93,175,80,176,3.139,5.411,5.495,0.825,,,,Synthetic data for pipeline/rules testing only (NOT real soil science).
synthetic_prototype,SYN_01235,garden-c,dev-002,chili,loam,2025-12-26T17:30:00+07:00,10,27.18,31.17,643,4.77,70,44,127,1.727,2.977,2.515,0.737,,,,Synthetic data for pipeline/rules testing only (NOT real soil science).
synthetic_prototype,SYN_01236,garden-a,dev-003,default,loam,2025-12-26T18:00:00+07:00,10,29.26,44.82,905,5.87,108,47,136,0.933,1.609,1.321,0.789,,,,Synthetic data for pipeline/rules testing only (NOT real soil science).
synthetic_prototype,SYN_01237,garden-b,dev-003,default,clay,2025-12-26T18:30:00+07:00,10,31.61,27.6,724,6.11,111,53,103,1.222,2.107,1.732,0.787,,,,Synthetic data for pipeline/rules testing only (NOT real soil science).
synthetic_prototype,SYN_01238,garden-b,dev-002,default,sandy,2025-12-26T19:00:00+07:00,10,27.18,27.77,982,6.97,112,73,129,2.157,3.719,3.726,0.77,,,,Synthetic data for pipeline/rules testing only (NOT real soil science).
synthetic_prototype,SYN_01239,garden-b,dev-004,rice,clay,2025-12-26T19:30:00+07:00,10,27.14,59.49,1528,7.09,114,74,191,2.102,3.623,3.106,0.749,,,,Synthetic data for pipeline/rules testing only (NOT real soil science).
synthetic_prototype,SYN_01240,garden-c,dev-002,default,loam,2025-12-26T20:00:00+07:00,10,32.45,28.91,283,6.19,61,28,109,0.688,1.186,1.232,0.758,,,,Synthetic data for pipeline/rules testing only (NOT real soil science).
synthetic_prototype,SYN_01241,garden-a,dev-001,tomato,loam,2025-12-26T20:30:00+07:00,10,27.46,25.39,730,6.42,143,43,123,1.651,2.846,2.264,0.736,,,,Synthetic data for pipeline/rules testing only (NOT real soil science).
synthetic_prototype,SYN_01242,garden-c,dev-002,chili,loam,2025-12-26T21:00:00+07:00,10,28.98,23.77,854,6.58,121,60,127,1.863,3.212,2.724,0.752,,,,Synthetic data for pipeline/rules testing only (NOT real soil science).
synthetic_prototype,SYN_01243,garden-c,dev-003,rice,sandy,2025-12-26T21:30:00+07:00,10,32.08,41.96,866,7.45,128,43,145,1.457,2.512,2.124,0.82,,,,Synthetic data for pipeline/rules testing only (NOT real soil science).
synthetic_prototype,SYN_01244,garden-b,dev-001,chili,sandy,2025-12-26T22:00:00+07:00,10,31.64,15.48,787,6.24,118,45,152,1.542,2.658,2.957,0.757,,,,Synthetic data for pipeline/rules testing only (NOT real soil science).
synthetic_prototype,SYN_01245,garden-a,dev-003,chili,loam,2025-12-26T22:30:00+07:00,10,29.5,28.27,658,7.17,76,31,125,0.505,0.87,0.839,0.793,,,,Synthetic data for pipeline/rules testing only (NOT real soil science).
synthetic_prototype,SYN_01246,garden-c,dev-004,default,loam,2025-12-26T23:00:00+07:00,10,27.31,19.89,743,5.5,80,49,126,1.8,3.103,2.11,0.728,,,,Synthetic data for pipeline/rules testing only (NOT real soil science).
synthetic_prototype,SYN_01247,garden-c,dev-002,tomato,loam,2025-12-26T23:30:00+07:00,10,25.79,26.59,1178,4.88,154,74,175,1.892,3.262,2.198,0.794,,,,Synthetic data for pipeline/rules testing only (NOT real soil science).
synthetic_prototype,SYN_01248,garden-a,dev-003,default,sandy,2025-12-27T00:00:00+07:00,10,28.69,28.76,950,7.02,89,58,139,1.523,2.626,1.512,0.767,,,,Synthetic data for pipeline/rules testing only (NOT real soil science).
synthetic_prototype,SYN_01249,garden-b,dev-003,chili,loam,2025-12-27T00:30:00+07:00,10,27.37,9.72,1106,6.0,121,60,164,1.882,3.244,3.584,0.768,,,,Synthetic data for pipeline/rules testing only (NOT real soil science).
synthetic_prototype,SYN_01250,garden-a,dev-002,tomato,sandy,2025-12-27T01:00:00+07:00,10,29.97,22.73,541,6.75,64,48,68,0.688,1.186,0.605,0.794,,,,Synthetic data for pipeline/rules testing only (NOT real soil science).
synthetic_prototype,SYN_01251,garden-b,dev-003,chili,loam,2025-12-27T01:30:00+07:00,10,28.01,19.08,967,6.28,127,65,137,2.047,3.53,3.609,0.807,,,,Synthetic data for pipeline/rules testing only (NOT real soil science).
synthetic_prototype,SYN_01252,garden-a,dev-002,rice,clay,2025-12-27T02:00:00+07:00,10,30.34,46.2,1395,5.85,184,90,137,3.457,5.959,6.298,0.74,,,,Synthetic data for pipeline/rules testing only (NOT real soil science).
synthetic_prototype,SYN_01253,garden-a,dev-002,default,loam,2025-12-27T02:30:00+07:00,10,27.16,25.47,883,6.59,146,47,176,2.493,4.298,3.967,0.752,,,,Synthetic data for pipeline/rules testing only (NOT real soil science).
synthetic_prototype,SYN_01254,garden-b,dev-004,rice,clay,2025-12-27T03:00:00+07:00,10,26.99,58.41,1888,7.18,180,85,241,3.327,5.736,4.544,0.734,,,,Synthetic data for pipeline/rules testing only (NOT real soil science).
synthetic_prototype,SYN_01255,garden-c,dev-002,default,loam,2025-12-27T03:30:00+07:00,10,24.76,47.16,1028,6.54,108,49,127,2.229,3.842,3.207,0.818,,,,Synthetic data for pipeline/rules testing only (NOT real soil science).
synthetic_prototype,SYN_01256,garden-c,dev-002,default,sandy,2025-12-27T04:00:00+07:00,10,31.27,18.99,569,5.93,69,38,116,0.761,1.312,1.44,0.745,,,,Synthetic data for pipeline/rules testing only (NOT real soil science).
synthetic_prototype,SYN_01257,garden-a,dev-002,chili,clay,2025-12-27T04:30:00+07:00,10,25.2,10.43,810,6.05,99,45,113,0.811,1.398,1.997,0.683,,,,Synthetic data for pipeline/rules testing only (NOT real soil science).
synthetic_prototype,SYN_01258,garden-c,dev-002,chili,loam,2025-12-27T05:00:00+07:00,10,25.72,22.12,475,5.96,102,35,38,1.032,1.779,1.949,0.753,,,,Synthetic data for pipeline/rules testing only (NOT real soil science).
synthetic_prototype,SYN_01259,garden-b,dev-003,default,clay,2025-12-27T05:30:00+07:00,10,28.01,51.32,1450,6.51,133,76,184,2.274,3.921,3.579,0.757,,,,Synthetic data for pipeline/rules testing only (NOT real soil science).
synthetic_prototype,SYN_01260,garden-b,dev-002,default,clay,2025-12-27T06:00:00+07:00,10,32.14,25.32,1723,6.41,226,85,233,3.216,5.544,5.629,0.803,,,,Synthetic data for pipeline/rules testing only (NOT real soil science).
synthetic_prototype,SYN_01261,garden-c,dev-003,chili,loam,2025-12-27T06:30:00+07:00,10,31.34,29.57,959,6.32,87,55,130,1.89,3.258,3.302,0.774,,,,Synthetic data for pipeline/rules testing only (NOT real soil science).
synthetic_prototype,SYN_01262,garden-b,dev-002,rice,loam,2025-12-27T07:00:00+07:00,10,24.6,52.51,1372,7.67,153,80,152,2.285,3.939,4.024,0.761,,,,Synthetic data for pipeline/rules testing only (NOT real soil science).
synthetic_prototype,SYN_01263,garden-b,dev-001,chili,sandy,2025-12-27T07:30:00+07:00,10,30.1,13.46,826,6.95,95,61,128,1.982,3.417,3.375,0.752,,,,Synthetic data for pipeline/rules testing only (NOT real soil science).
synthetic_prototype,SYN_01264,garden-b,dev-002,tomato,clay,2025-12-27T08:00:00+07:00,10,31.87,40.19,1008,7.21,108,56,185,1.722,2.968,3.244,0.758,,,,Synthetic data for pipeline/rules testing only (NOT real soil science).
synthetic_prototype,SYN_01265,garden-b,dev-002,default,loam,2025-12-27T08:30:00+07:00,10,30.81,32.58,729,6.8,100,44,119,1.581,2.726,2.791,0.807,,,,Synthetic data for pipeline/rules testing only (NOT real soil science).
synthetic_prototype,SYN_01266,garden-a,dev-001,rice,clay,2025-12-27T09:00:00+07:00,10,27.47,60.26,2022,5.76,197,107,244,2.956,5.096,5.202,0.707,,,,Synthetic data for pipeline/rules testing only (NOT real soil science).
synthetic_prototype,SYN_01267,garden-a,dev-003,default,loam,2025-12-27T09:30:00+07:00,10,22.12,25.18,757,6.2,88,59,118,1.026,1.768,2.103,0.79,,,,Synthetic data for pipeline/rules testing only (NOT real soil science).
synthetic_prototype,SYN_01268,garden-b,dev-003,chili,sandy,2025-12-27T10:00:00+07:00,10,28.0,5.64,332,6.24,68,45,82,1.089,1.878,1.532,0.686,,,,Synthetic data for pipeline/rules testing only (NOT real soil science).
synthetic_prototype,SYN_01269,garden-c,dev-004,default,loam,2025-12-27T10:30:00+07:00,10,26.42,23.8,1275,5.67,137,68,176,2.649,4.568,4.475,0.813,,,,Synthetic data for pipeline/rules testing only (NOT real soil science).
synthetic_prototype,SYN_01270,garden-b,dev-002,rice,loam,2025-12-27T11:00:00+07:00,10,28.85,44.37,1574,6.28,177,90,185,2.916,5.026,4.397,0.818,,,,Synthetic data for pipeline/rules testing only (NOT real soil science).
synthetic_prototype,SYN_01271,garden-c,dev-001,tomato,clay,2025-12-27T11:30:00+07:00,10,33.05,48.82,648,6.77,95,45,102,0.772,1.331,1.252,0.742,,,,Synthetic data for pipeline/rules testing only (NOT real soil science).
synthetic_prototype,SYN_01272,garden-a,dev-001,default,loam,2025-12-27T12:00:00+07:00,10,33.73,37.15,1079,6.46,106,58,144,1.73,2.982,3.752,0.798,,,,Synthetic data for pipeline/rules testing only (NOT real soil science).
synthetic_prototype,SYN_01273,garden-b,dev-002,chili,sandy,2025-12-27T12:30:00+07:00,10,28.18,18.29,557,6.01,103,38,149,0.846,1.459,2.016,0.723,,,,Synthetic data for pipeline/rules testing only (NOT real soil science).
synthetic_prototype,SYN_01274,garden-c,dev-002,default,loam,2025-12-27T13:00:00+07:00,10,25.93,19.11,618,6.26,120,53,148,1.67,2.878,2.547,0.756,,,,Synthetic data for pipeline/rules testing only (NOT real soil science).
synthetic_prototype,SYN_01275,garden-a,dev-004,default,clay,2025-12-27T13:30:00+07:00,10,25.12,13.99,901,7.46,153,51,149,2.63,4.535,5.481,0.69,,,,Synthetic data for pipeline/rules testing only (NOT real soil science).
synthetic_prototype,SYN_01276,garden-b,dev-002,tomato,clay,2025-12-27T14:00:00+07:00,10,26.87,39.39,999,6.61,110,59,145,1.57,2.707,2.416,0.805,,,,Synthetic data for pipeline/rules testing only (NOT real soil science).
synthetic_prototype,SYN_01277,garden-a,dev-001,tomato,loam,2025-12-27T14:30:00+07:00,10,25.29,12.78,985,5.98,103,40,106,1.797,3.099,2.663,0.743,,,,Synthetic data for pipeline/rules testing only (NOT real soil science).
synthetic_prototype,SYN_01278,garden-c,dev-001,tomato,loam,2025-12-27T15:00:00+07:00,10,22.7,41.83,1251,6.41,127,56,94,1.545,2.664,3.027,0.851,,,,Synthetic data for pipeline/rules testing only (NOT real soil science).
synthetic_prototype,SYN_01279,garden-c,dev-003,tomato,loam,2025-12-27T15:30:00+07:00,10,28.02,33.95,1408,6.99,145,87,151,2.518,4.341,3.923,0.869,,,,Synthetic data for pipeline/rules testing only (NOT real soil science).
synthetic_prototype,SYN_01280,garden-a,dev-003,chili,loam,2025-12-27T16:00:00+07:00,10,25.93,41.66,1079,6.29,89,48,178,1.844,3.179,3.451,0.769,,,,Synthetic data for pipeline/rules testing only (NOT real soil science).
synthetic_prototype,SYN_01281,garden-b,dev-001,rice,loam,2025-12-27T16:30:00+07:00,10,30.11,51.99,1075,7.24,124,54,172,1.561,2.691,2.131,0.728,,,,Synthetic data for pipeline/rules testing only (NOT real soil science).
synthetic_prototype,SYN_01282,garden-c,dev-001,rice,clay,2025-12-27T17:00:00+07:00,10,24.03,53.94,1498,7.24,192,71,172,2.907,5.011,5.057,0.786,,,,Synthetic data for pipeline/rules testing only (NOT real soil science).
synthetic_prototype,SYN_01283,garden-c,dev-004,rice,loam,2025-12-27T17:30:00+07:00,10,27.91,51.37,649,5.61,88,49,58,1.188,2.047,2.456,0.763,,,,Synthetic data for pipeline/rules testing only (NOT real soil science).
synthetic_prototype,SYN_01284,garden-c,dev-003,default,loam,2025-12-27T18:00:00+07:00,10,29.32,45.64,1024,6.23,97,46,125,1.019,1.757,1.74,0.791,,,,Synthetic data for pipeline/rules testing only (NOT real soil science).
synthetic_prototype,SYN_01285,garden-c,dev-004,rice,loam,2025-12-27T18:30:00+07:00,10,29.9,41.61,1529,7.18,167,69,194,2.487,4.287,4.137,0.815,,,,Synthetic data for pipeline/rules testing only (NOT real soil science).
synthetic_prototype,SYN_01286,garden-c,dev-003,rice,sandy,2025-12-27T19:00:00+07:00,10,27.11,38.31,1110,7.13,81,49,160,1.279,2.205,2.458,0.776,,,,Synthetic data for pipeline/rules testing only (NOT real soil science).
synthetic_prototype,SYN_01287,garden-b,dev-001,rice,loam,2025-12-27T19:30:00+07:00,10,25.06,43.84,1135,6.25,126,64,150,1.935,3.336,3.053,0.824,,,,Synthetic data for pipeline/rules testing only (NOT real soil science).
synthetic_prototype,SYN_01288,garden-c,dev-003,rice,sandy,2025-12-27T20:00:00+07:00,10,27.66,31.75,978,6.27,99,43,151,1.641,2.83,3.683,0.731,,,,Synthetic data for pipeline/rules testing only (NOT real soil science).
synthetic_prototype,SYN_01289,garden-c,dev-004,chili,loam,2025-12-27T20:30:00+07:00,10,33.67,15.27,1020,5.79,81,66,143,1.369,2.36,2.497,0.783,,,,Synthetic data for pipeline/rules testing only (NOT real soil science).
synthetic_prototype,SYN_01290,garden-b,dev-003,rice,sandy,2025-12-27T21:00:00+07:00,10,25.42,50.35,876,6.94,66,31,107,1.636,2.82,3.02,0.736,,,,Synthetic data for pipeline/rules testing only (NOT real soil science).
synthetic_prototype,SYN_01291,garden-a,dev-002,default,sandy,2025-12-27T21:30:00+07:00,10,32.89,33.77,546,5.99,78,29,108,0.732,1.263,1.542,0.777,,,,Synthetic data for pipeline/rules testing only (NOT real soil science).
synthetic_prototype,SYN_01292,garden-a,dev-003,rice,loam,2025-12-27T22:00:00+07:00,10,27.32,42.79,776,6.38,74,32,94,1.06,1.827,1.725,0.794,,,,Synthetic data for pipeline/rules testing only (NOT real soil science).
synthetic_prototype,SYN_01293,garden-a,dev-003,rice,sandy,2025-12-27T22:30:00+07:00,10,33.65,37.86,1240,6.11,151,62,143,1.582,2.727,2.698,0.792,,,,Synthetic data for pipeline/rules testing only (NOT real soil science).
synthetic_prototype,SYN_01294,garden-a,dev-004,rice,clay,2025-12-27T23:00:00+07:00,10,28.43,69.72,2003,7.56,220,96,180,3.541,6.105,5.289,0.689,,,,Synthetic data for pipeline/rules testing only (NOT real soil science).
synthetic_prototype,SYN_01295,garden-a,dev-003,default,loam,2025-12-27T23:30:00+07:00,10,30.77,46.84,1625,7.32,165,69,188,2.735,4.715,4.28,0.777,,,,Synthetic data for pipeline/rules testing only (NOT real soil science).
synthetic_prototype,SYN_01296,garden-c,dev-001,default,clay,2025-12-28T00:00:00+07:00,10,25.35,48.29,1266,7.06,148,62,176,2.157,3.719,3.78,0.766,,,,Synthetic data for pipeline/rules testing only (NOT real soil science).
synthetic_prototype,SYN_01297,garden-c,dev-003,tomato,loam,2025-12-28T00:30:00+07:00,10,32.03,41.43,845,6.54,131,41,115,1.222,2.107,1.847,0.854,,,,Synthetic data for pipeline/rules testing only (NOT real soil science).
synthetic_prototype,SYN_01298,garden-b,dev-001,default,loam,2025-12-28T01:00:00+07:00,10,28.27,35.09,1170,6.64,95,62,195,1.914,3.301,4.543,0.787,,,,Synthetic data for pipeline/rules testing only (NOT real soil science).
synthetic_prototype,SYN_01299,garden-b,dev-002,chili,sandy,2025-12-28T01:30:00+07:00,10,29.46,12.99,611,6.7,99,33,101,0.966,1.665,1.498,0.705,,,,Synthetic data for pipeline/rules testing only (NOT real soil science).
synthetic_prototype,SYN_01300,garden-b,dev-003,default,loam,2025-12-28T02:00:00+07:00,10,29.02,23.98,1025,6.78,80,66,150,1.623,2.798,3.106,0.764,,,,Synthetic data for pipeline/rules testing only (NOT real soil science).
synthetic_prototype,SYN_01301,garden-b,dev-004,rice,sandy,2025-12-28T02:30:00+07:00,10,23.11,31.91,493,6.71,69,31,116,0.683,1.178,0.676,0.802,,,,Synthetic data for pipeline/rules testing only (NOT real soil science).
synthetic_prototype,SYN_01302,garden-c,dev-004,chili,clay,2025-12-28T03:00:00+07:00,10,27.51,62.88,1893,6.66,181,105,222,3.226,5.562,5.352,0.759,,,,Synthetic data for pipeline/rules testing only (NOT real soil science).
synthetic_prototype,SYN_01303,garden-c,dev-003,default,clay,2025-12-28T03:30:00+07:00,10,30.42,52.05,702,6.25,91,50,141,1.397,2.409,2.216,0.818,,,,Synthetic data for pipeline/rules testing only (NOT real soil science).
synthetic_prototype,SYN_01304,garden-c,dev-004,rice,sandy,2025-12-28T04:00:00+07:00,10,25.21,33.97,263,6.09,80,15,106,0.169,0.292,1.01,0.752,,,,Synthetic data for pipeline/rules testing only (NOT real soil science).
synthetic_prototype,SYN_01305,garden-a,dev-001,rice,sandy,2025-12-28T04:30:00+07:00,10,24.3,42.8,986,5.71,66,44,163,1.075,1.854,1.156,0.738,,,,Synthetic data for pipeline/rules testing only (NOT real soil science).
synthetic_prototype,SYN_01306,garden-a,dev-003,chili,sandy,2025-12-28T05:00:00+07:00,10,28.01,10.47,844,6.16,114,60,114,1.512,2.607,2.626,0.716,,,,Synthetic data for pipeline/rules testing only (NOT real soil science).
synthetic_prototype,SYN_01307,garden-a,dev-001,tomato,clay,2025-12-28T05:30:00+07:00,10,28.87,43.66,1567,6.54,187,68,181,3.182,5.486,4.847,0.8,,,,Synthetic data for pipeline/rules testing only (NOT real soil science).
synthetic_prototype,SYN_01308,garden-a,dev-003,tomato,clay,2025-12-28T06:00:00+07:00,10,30.56,32.33,1770,6.48,161,118,173,3.707,6.391,6.249,0.784,,,,Synthetic data for pipeline/rules testing only (NOT real soil science).
synthetic_prototype,SYN_01309,garden-b,dev-001,default,sandy,2025-12-28T06:30:00+07:00,10,26.84,25.29,895,5.36,109,57,125,1.925,3.319,3.523,0.75,,,,Synthetic data for pipeline/rules testing only (NOT real soil science).
synthetic_prototype,SYN_01310,garden-c,dev-004,chili,clay,2025-12-28T07:00:00+07:00,10,28.45,31.82,1093,5.95,160,77,186,2.57,4.432,4.479,0.799,,,,Synthetic data for pipeline/rules testing only (NOT real soil science).
synthetic_prototype,SYN_01311,garden-a,dev-004,default,clay,2025-12-28T07:30:00+07:00,10,26.47,52.19,1277,6.68,125,77,172,2.04,3.517,3.941,0.736,,,,Synthetic data for pipeline/rules testing only (NOT real soil science).
synthetic_prototype,SYN_01312,garden-a,dev-003,tomato,loam,2025-12-28T08:00:00+07:00,10,25.1,48.16,1055,7.3,118,46,178,1.52,2.62,2.756,0.742,,,,Synthetic data for pipeline/rules testing only (NOT real soil science).
synthetic_prototype,SYN_01313,garden-b,dev-001,chili,loam,2025-12-28T08:30:00+07:00,10,28.57,36.52,857,5.8,139,54,134,1.727,2.977,2.759,0.823,,,,Synthetic data for pipeline/rules testing only (NOT real soil science).
synthetic_prototype,SYN_01314,garden-b,dev-001,tomato,clay,2025-12-28T09:00:00+07:00,10,22.99,58.25,932,6.54,78,56,115,1.623,2.798,2.48,0.747,,,,Synthetic data for pipeline/rules testing only (NOT real soil science).
synthetic_prototype,SYN_01315,garden-a,dev-004,default,clay,2025-12-28T09:30:00+07:00,10,27.25,47.61,1420,6.24,155,69,202,2.101,3.621,2.634,0.821,,,,Synthetic data for pipeline/rules testing only (NOT real soil science).
synthetic_prototype,SYN_01316,garden-c,dev-004,chili,loam,2025-12-28T10:00:00+07:00,10,25.68,30.74,1063,6.77,106,65,104,1.858,3.203,4.147,0.838,,,,Synthetic data for pipeline/rules testing only (NOT real soil science).
synthetic_prototype,SYN_01317,garden-b,dev-002,rice,loam,2025-12-28T10:30:00+07:00,10,24.91,63.76,1089,5.74,118,59,175,1.467,2.529,3.115,0.732,,,,Synthetic data for pipeline/rules testing only (NOT real soil science).
synthetic_prototype,SYN_01318,garden-b,dev-004,default,sandy,2025-12-28T11:00:00+07:00,10,28.42,26.15,980,5.45,132,56,155,1.821,3.139,3.151,0.76,,,,Synthetic data for pipeline/rules testing only (NOT real soil science).
synthetic_prototype,SYN_01319,garden-a,dev-004,default,sandy,2025-12-28T11:30:00+07:00,10,27.19,20.9,541,6.41,31,44,68,0.755,1.302,1.287,0.747,,,,Synthetic data for pipeline/rules testing only (NOT real soil science).
synthetic_prototype,SYN_01320,garden-b,dev-004,default,loam,2025-12-28T12:00:00+07:00,10,28.58,9.85,949,5.84,105,61,116,1.874,3.231,3.226,0.702,,,,Synthetic data for pipeline/rules testing only (NOT real soil science).
synthetic_prototype,SYN_01321,garden-b,dev-002,rice,sandy,2025-12-28T12:30:00+07:00,10,35.8,42.65,1168,5.07,79,65,99,1.617,2.787,2.801,0.785,,,,Synthetic data for pipeline/rules testing only (NOT real soil science).
synthetic_prototype,SYN_01322,garden-c,dev-001,default,sandy,2025-12-28T13:00:00+07:00,10,25.97,21.75,253,6.56,77,24,59,0.415,0.716,0.605,0.768,,,,Synthetic data for pipeline/rules testing only (NOT real soil science).
synthetic_prototype,SYN_01323,garden-a,dev-001,default,sandy,2025-12-28T13:30:00+07:00,10,24.69,15.15,1086,7.36,163,81,95,2.136,3.682,3.784,0.771,,,,Synthetic data for pipeline/rules testing only (NOT real soil science).
synthetic_prototype,SYN_01324,garden-a,dev-001,default,sandy,2025-12-28T14:00:00+07:00,10,29.0,20.62,933,5.42,122,69,146,1.757,3.03,2.776,0.767,,,,Synthetic data for pipeline/rules testing only (NOT real soil science).
synthetic_prototype,SYN_01325,garden-a,dev-001,default,sandy,2025-12-28T14:30:00+07:00,10,27.07,12.99,449,5.89,74,25,195,0.476,0.821,0.858,0.753,,,,Synthetic data for pipeline/rules testing only (NOT real soil science).
synthetic_prototype,SYN_01326,garden-c,dev-003,default,loam,2025-12-28T15:00:00+07:00,10,31.46,38.25,1228,7.19,137,57,140,2.57,4.431,3.597,0.825,,,,Synthetic data for pipeline/rules testing only (NOT real soil science).
synthetic_prototype,SYN_01327,garden-c,dev-004,tomato,clay,2025-12-28T15:30:00+07:00,10,28.53,43.2,1580,6.73,177,81,214,3.043,5.245,5.833,0.791,,,,Synthetic data for pipeline/rules testing only (NOT real soil science).
synthetic_prototype,SYN_01328,garden-a,dev-001,default,loam,2025-12-28T16:00:00+07:00,10,30.5,31.89,920,6.36,112,65,135,1.542,2.659,1.974,0.818,,,,Synthetic data for pipeline/rules testing only (NOT real soil science).
synthetic_prototype,SYN_01329,garden-a,dev-001,default,clay,2025-12-28T16:30:00+07:00,10,23.68,24.32,1036,7.66,137,58,144,2.35,4.052,4.693,0.768,,,,Synthetic data for pipeline/rules testing only (NOT real soil science).
synthetic_prototype,SYN_01330,garden-c,dev-003,default,loam,2025-12-28T17:00:00+07:00,10,29.32,30.84,1207,6.94,75,73,158,1.882,3.245,3.079,0.807,,,,Synthetic data for pipeline/rules testing only (NOT real soil science).
synthetic_prototype,SYN_01331,garden-b,dev-002,rice,sandy,2025-12-28T17:30:00+07:00,10,28.77,33.66,822,6.21,63,33,113,0.666,1.147,2.051,0.811,,,,Synthetic data for pipeline/rules testing only (NOT real soil science).
synthetic_prototype,SYN_01332,garden-b,dev-004,default,clay,2025-12-28T18:00:00+07:00,10,30.89,8.0,1312,6.63,98,71,171,2.581,4.449,4.433,0.779,,,,Synthetic data for pipeline/rules testing only (NOT real soil science).
synthetic_prototype,SYN_01333,garden-a,dev-003,default,clay,2025-12-28T18:30:00+07:00,10,26.59,56.32,1708,6.18,182,90,193,2.627,4.529,4.686,0.809,,,,Synthetic data for pipeline/rules testing only (NOT real soil science).
synthetic_prototype,SYN_01334,garden-c,dev-001,rice,sandy,2025-12-28T19:00:00+07:00,10,25.78,31.33,822,5.23,96,56,167,1.575,2.715,2.583,0.796,,,,Synthetic data for pipeline/rules testing only (NOT real soil science).
synthetic_prototype,SYN_01335,garden-a,dev-004,tomato,loam,2025-12-28T19:30:00+07:00,10,25.98,24.92,264,5.84,38,14,114,0.174,0.3,0.0,0.725,,,,Synthetic data for pipeline/rules testing only (NOT real soil science).
synthetic_prototype,SYN_01336,garden-a,dev-001,chili,sandy,2025-12-28T20:00:00+07:00,10,25.07,35.42,117,5.84,69,36,69,0.286,0.494,0.404,0.705,,,,Synthetic data for pipeline/rules testing only (NOT real soil science).
synthetic_prototype,SYN_01337,garden-c,dev-004,tomato,sandy,2025-12-28T20:30:00+07:00,10,29.68,5.09,400,6.35,87,32,92,0.616,1.062,0.661,0.689,,,,Synthetic data for pipeline/rules testing only (NOT real soil science).
synthetic_prototype,SYN_01338,garden-a,dev-004,default,loam,2025-12-28T21:00:00+07:00,10,29.65,18.48,1052,6.81,129,58,131,2.618,4.514,4.879,0.783,,,,Synthetic data for pipeline/rules testing only (NOT real soil science).
synthetic_prototype,SYN_01339,garden-c,dev-002,default,loam,2025-12-28T21:30:00+07:00,10,22.0,45.92,864,5.59,35,42,143,0.926,1.596,1.099,0.783,,,,Synthetic data for pipeline/rules testing only (NOT real soil science).
synthetic_prototype,SYN_01340,garden-a,dev-002,tomato,loam,2025-12-28T22:00:00+07:00,10,24.72,24.5,1041,6.98,143,72,230,1.547,2.667,2.921,0.832,,,,Synthetic data for pipeline/rules testing only (NOT real soil science).
synthetic_prototype,SYN_01341,garden-a,dev-003,rice,loam,2025-12-28T22:30:00+07:00,10,28.13,38.3,1024,6.52,120,55,191,1.983,3.419,3.114,0.824,,,,Synthetic data for pipeline/rules testing only (NOT real soil science).
synthetic_prototype,SYN_01342,garden-c,dev-001,default,sandy,2025-12-28T23:00:00+07:00,10,29.09,24.78,1087,6.28,93,39,168,1.194,2.058,1.409,0.752,,,,Synthetic data for pipeline/rules testing only (NOT real soil science).
synthetic_prototype,SYN_01343,garden-b,dev-004,default,loam,2025-12-28T23:30:00+07:00,10,27.74,16.16,639,6.88,73,67,107,1.192,2.056,2.961,0.717,,,,Synthetic data for pipeline/rules testing only (NOT real soil science).
synthetic_prototype,SYN_01344,garden-b,dev-004,chili,loam,2025-12-29T00:00:00+07:00,10,28.03,37.95,1262,5.88,152,76,190,2.984,5.144,5.943,0.853,,,,Synthetic data for pipeline/rules testing only (NOT real soil science).
synthetic_prototype,SYN_01345,garden-a,dev-001,tomato,sandy,2025-12-29T00:30:00+07:00,10,26.16,32.72,582,6.2,99,36,24,0.689,1.187,0.721,0.86,,,,Synthetic data for pipeline/rules testing only (NOT real soil science).
synthetic_prototype,SYN_01346,garden-c,dev-001,default,sandy,2025-12-29T01:00:00+07:00,10,29.84,24.25,588,5.92,100,32,138,1.194,2.058,1.737,0.743,,,,Synthetic data for pipeline/rules testing only (NOT real soil science).
synthetic_prototype,SYN_01347,garden-b,dev-004,tomato,sandy,2025-12-29T01:30:00+07:00,10,23.56,26.55,866,6.83,139,58,134,1.705,2.939,3.075,0.718,,,,Synthetic data for pipeline/rules testing only (NOT real soil science).
synthetic_prototype,SYN_01348,garden-a,dev-002,rice,sandy,2025-12-29T02:00:00+07:00,10,23.97,30.59,924,4.98,121,45,129,1.307,2.253,2.219,0.814,,,,Synthetic data for pipeline/rules testing only (NOT real soil science).
synthetic_prototype,SYN_01349,garden-b,dev-002,default,sandy,2025-12-29T02:30:00+07:00,10,26.5,24.49,846,6.17,107,63,152,1.595,2.75,3.38,0.774,,,,Synthetic data for pipeline/rules testing only (NOT real soil science).
synthetic_prototype,SYN_01350,garden-a,dev-001,default,loam,2025-12-29T03:00:00+07:00,10,25.25,8.25,649,5.64,83,55,115,1.01,1.741,1.926,0.701,,,,Synthetic data for pipeline/rules testing only (NOT real soil science).
synthetic_prototype,SYN_01351,garden-a,dev-002,default,loam,2025-12-29T03:30:00+07:00,10,30.97,33.6,1011,6.44,117,59,149,2.147,3.701,3.563,0.767,,,,Synthetic data for pipeline/rules testing only (NOT real soil science).
synthetic_prototype,SYN_01352,garden-a,dev-004,default,clay,2025-12-29T04:00:00+07:00,10,29.18,38.17,2180,6.64,197,122,240,3.934,6.782,6.327,0.809,,,,Synthetic data for pipeline/rules testing only (NOT real soil science).
synthetic_prototype,SYN_01353,garden-c,dev-003,tomato,clay,2025-12-29T04:30:00+07:00,10,26.17,53.85,1662,6.31,175,56,226,2.886,4.975,5.245,0.762,,,,Synthetic data for pipeline/rules testing only (NOT real soil science).
synthetic_prototype,SYN_01354,garden-c,dev-001,rice,sandy,2025-12-29T05:00:00+07:00,10,27.83,37.07,482,6.21,39,33,107,0.299,0.515,0.052,0.769,,,,Synthetic data for pipeline/rules testing only (NOT real soil science).
synthetic_prototype,SYN_01355,garden-a,dev-002,chili,loam,2025-12-29T05:30:00+07:00,10,32.69,23.42,1204,6.09,118,73,149,1.855,3.198,3.655,0.755,,,,Synthetic data for pipeline/rules testing only (NOT real soil science).
synthetic_prototype,SYN_01356,garden-c,dev-004,chili,loam,2025-12-29T06:00:00+07:00,10,33.65,28.5,1343,6.64,99,53,179,1.811,3.122,2.127,0.816,,,,Synthetic data for pipeline/rules testing only (NOT real soil science).
synthetic_prototype,SYN_01357,garden-b,dev-001,rice,sandy,2025-12-29T06:30:00+07:00,10,25.94,21.41,715,6.15,98,28,110,0.843,1.453,1.366,0.775,,,,Synthetic data for pipeline/rules testing only (NOT real soil science).
synthetic_prototype,SYN_01358,garden-a,dev-003,default,clay,2025-12-29T07:00:00+07:00,10,32.56,42.39,1289,5.71,147,85,201,3.188,5.496,4.851,0.763,,,,Synthetic data for pipeline/rules testing only (NOT real soil science).
synthetic_prototype,SYN_01359,garden-a,dev-003,rice,clay,2025-12-29T07:30:00+07:00,10,27.78,71.95,1803,6.57,165,98,234,3.02,5.206,4.497,0.687,,,,Synthetic data for pipeline/rules testing only (NOT real soil science).
synthetic_prototype,SYN_01360,garden-a,dev-004,chili,sandy,2025-12-29T08:00:00+07:00,10,28.03,36.16,547,6.62,67,43,75,0.757,1.305,1.381,0.798,,,,Synthetic data for pipeline/rules testing only (NOT real soil science).
synthetic_prototype,SYN_01361,garden-b,dev-001,chili,loam,2025-12-29T08:30:00+07:00,10,31.05,33.02,1363,6.31,74,68,178,1.945,3.354,3.676,0.816,,,,Synthetic data for pipeline/rules testing only (NOT real soil science).
synthetic_prototype,SYN_01362,garden-c,dev-002,rice,sandy,2025-12-29T09:00:00+07:00,10,28.01,38.06,529,6.39,102,39,122,1.116,1.924,1.769,0.74,,,,Synthetic data for pipeline/rules testing only (NOT real soil science).
synthetic_prototype,SYN_01363,garden-a,dev-002,chili,sandy,2025-12-29T09:30:00+07:00,10,34.07,49.18,891,7.17,87,53,125,1.37,2.362,2.407,0.757,,,,Synthetic data for pipeline/rules testing only (NOT real soil science).
synthetic_prototype,SYN_01364,garden-b,dev-001,default,sandy,2025-12-29T10:00:00+07:00,10,28.29,35.3,866,6.41,59,41,116,0.922,1.589,1.584,0.748,,,,Synthetic data for pipeline/rules testing only (NOT real soil science).
synthetic_prototype,SYN_01365,garden-a,dev-003,rice,clay,2025-12-29T10:30:00+07:00,10,26.32,33.87,975,5.96,95,49,105,2.206,3.804,3.578,0.835,,,,Synthetic data for pipeline/rules testing only (NOT real soil science).
synthetic_prototype,SYN_01366,garden-a,dev-004,default,sandy,2025-12-29T11:00:00+07:00,10,26.53,28.11,680,6.66,96,24,106,1.293,2.229,1.479,0.796,,,,Synthetic data for pipeline/rules testing only (NOT real soil science).
synthetic_prototype,SYN_01367,garden-c,dev-001,chili,clay,2025-12-29T11:30:00+07:00,10,27.27,18.12,1156,6.3,132,49,108,2.566,4.424,5.03,0.829,,,,Synthetic data for pipeline/rules testing only (NOT real soil science).
synthetic_prototype,SYN_01368,garden-c,dev-004,rice,clay,2025-12-29T12:00:00+07:00,10,27.97,61.32,1420,6.49,156,89,127,2.596,4.475,5.407,0.768,,,,Synthetic data for pipeline/rules testing only (NOT real soil science).
synthetic_prototype,SYN_01369,garden-c,dev-003,chili,loam,2025-12-29T12:30:00+07:00,10,28.72,15.76,965,6.37,162,65,191,2.029,3.498,3.612,0.788,,,,Synthetic data for pipeline/rules testing only (NOT real soil science).
synthetic_prototype,SYN_01370,garden-a,dev-004,default,clay,2025-12-29T13:00:00+07:00,10,23.44,25.21,603,6.99,104,33,121,1.301,2.243,1.774,0.767,,,,Synthetic data for pipeline/rules testing only (NOT real soil science).
synthetic_prototype,SYN_01371,garden-a,dev-004,chili,loam,2025-12-29T13:30:00+07:00,10,26.9,30.88,252,5.6,7,26,71,0.174,0.3,0.516,0.759,,,,Synthetic data for pipeline/rules testing only (NOT real soil science).
synthetic_prototype,SYN_01372,garden-a,dev-004,chili,sandy,2025-12-29T14:00:00+07:00,10,31.08,21.5,1170,6.42,101,49,141,1.506,2.596,2.678,0.765,,,,Synthetic data for pipeline/rules testing only (NOT real soil science).
synthetic_prototype,SYN_01373,garden-a,dev-002,default,loam,2025-12-29T14:30:00+07:00,10,25.82,26.12,1171,5.84,139,81,134,2.362,4.072,3.325,0.765,,,,Synthetic data for pipeline/rules testing only (NOT real soil science).
synthetic_prototype,SYN_01374,garden-a,dev-001,rice,loam,2025-12-29T15:00:00+07:00,10,29.73,49.31,1330,6.8,140,69,217,2.57,4.43,4.454,0.838,,,,Synthetic data for pipeline/rules testing only (NOT real soil science).
synthetic_prototype,SYN_01375,garden-a,dev-003,tomato,clay,2025-12-29T15:30:00+07:00,10,26.74,34.36,1035,7.39,99,46,138,1.514,2.61,3.193,0.81,,,,Synthetic data for pipeline/rules testing only (NOT real soil science).
synthetic_prototype,SYN_01376,garden-b,dev-001,rice,loam,2025-12-29T16:00:00+07:00,10,27.04,53.95,944,7.0,99,38,140,1.259,2.17,2.264,0.74,,,,Synthetic data for pipeline/rules testing only (NOT real soil science).
synthetic_prototype,SYN_01377,garden-b,dev-001,chili,clay,2025-12-29T16:30:00+07:00,10,26.74,39.27,601,7.39,56,46,146,0.835,1.439,1.838,0.777,,,,Synthetic data for pipeline/rules testing only (NOT real soil science).
synthetic_prototype,SYN_01378,garden-b,dev-003,default,clay,2025-12-29T17:00:00+07:00,10,25.04,42.23,1385,6.84,153,81,229,2.687,4.632,4.152,0.824,,,,Synthetic data for pipeline/rules testing only (NOT real soil science).
synthetic_prototype,SYN_01379,garden-b,dev-002,rice,clay,2025-12-29T17:30:00+07:00,10,23.23,49.34,1473,6.89,148,56,195,2.4,4.138,4.471,0.772,,,,Synthetic data for pipeline/rules testing only (NOT real soil science).
synthetic_prototype,SYN_01380,garden-a,dev-004,default,loam,2025-12-29T18:00:00+07:00,10,31.67,33.96,717,7.29,109,66,110,1.265,2.182,2.411,0.825,,,,Synthetic data for pipeline/rules testing only (NOT real soil science).
synthetic_prototype,SYN_01381,garden-b,dev-004,default,sandy,2025-12-29T18:30:00+07:00,10,28.0,23.15,654,5.92,104,56,131,0.868,1.497,1.616,0.784,,,,Synthetic data for pipeline/rules testing only (NOT real soil science).
synthetic_prototype,SYN_01382,garden-b,dev-004,rice,clay,2025-12-29T19:00:00+07:00,10,26.58,52.53,1308,6.21,101,50,180,1.752,3.02,3.415,0.787,,,,Synthetic data for pipeline/rules testing only (NOT real soil science).
synthetic_prototype,SYN_01383,garden-b,dev-002,tomato,loam,2025-12-29T19:30:00+07:00,10,30.06,43.77,1260,5.38,150,77,165,2.084,3.592,4.037,0.754,,,,Synthetic data for pipeline/rules testing only (NOT real soil science).
synthetic_prototype,SYN_01384,garden-c,dev-001,chili,loam,2025-12-29T20:00:00+07:00,10,30.57,25.2,1310,5.9,140,64,143,2.303,3.971,3.169,0.818,,,,Synthetic data for pipeline/rules testing only (NOT real soil science).
synthetic_prototype,SYN_01385,garden-b,dev-003,chili,clay,2025-12-29T20:30:00+07:00,10,27.02,45.48,1554,5.76,195,79,244,2.842,4.899,3.863,0.817,,,,Synthetic data for pipeline/rules testing only (NOT real soil science).
synthetic_prototype,SYN_01386,garden-c,dev-002,rice,sandy,2025-12-29T21:00:00+07:00,10,29.99,46.16,1248,6.92,126,44,194,1.499,2.584,2.351,0.804,,,,Synthetic data for pipeline/rules testing only (NOT real soil science).
synthetic_prototype,SYN_01387,garden-a,dev-003,chili,loam,2025-12-29T21:30:00+07:00,10,31.41,50.69,923,6.76,120,57,135,1.458,2.513,2.928,0.785,,,,Synthetic data for pipeline/rules testing only (NOT real soil science).
synthetic_prototype,SYN_01388,garden-a,dev-002,chili,sandy,2025-12-29T22:00:00+07:00,10,29.86,23.62,263,7.19,48,29,72,0.116,0.2,0.041,0.713,,,,Synthetic data for pipeline/rules testing only (NOT real soil science).
synthetic_prototype,SYN_01389,garden-c,dev-001,rice,sandy,2025-12-29T22:30:00+07:00,10,30.22,32.77,1429,5.83,152,49,180,1.816,3.13,3.735,0.803,,,,Synthetic data for pipeline/rules testing only (NOT real soil science).
synthetic_prototype,SYN_01390,garden-a,dev-002,tomato,sandy,2025-12-29T23:00:00+07:00,10,30.27,35.93,939,7.62,120,67,171,1.632,2.814,3.029,0.823,,,,Synthetic data for pipeline/rules testing only (NOT real soil science).
synthetic_prototype,SYN_01391,garden-c,dev-001,chili,clay,2025-12-29T23:30:00+07:00,10,20.69,32.8,1401,6.52,171,70,221,3.005,5.18,5.451,0.803,,,,Synthetic data for pipeline/rules testing only (NOT real soil science).
synthetic_prototype,SYN_01392,garden-c,dev-002,default,loam,2025-12-30T00:00:00+07:00,10,31.25,41.14,1407,6.36,149,79,167,2.667,4.597,4.231,0.843,,,,Synthetic data for pipeline/rules testing only (NOT real soil science).
synthetic_prototype,SYN_01393,garden-c,dev-004,default,clay,2025-12-30T00:30:00+07:00,10,33.26,44.26,1088,5.75,96,55,155,2.029,3.498,3.207,0.768,,,,Synthetic data for pipeline/rules testing only (NOT real soil science).
synthetic_prototype,SYN_01394,garden-c,dev-003,default,loam,2025-12-30T01:00:00+07:00,10,32.75,32.35,777,6.37,90,42,20,0.982,1.693,1.714,0.739,,,,Synthetic data for pipeline/rules testing only (NOT real soil science).
synthetic_prototype,SYN_01395,garden-a,dev-001,default,sandy,2025-12-30T01:30:00+07:00,10,22.71,15.89,638,6.56,99,30,154,1.236,2.131,1.862,0.793,,,,Synthetic data for pipeline/rules testing only (NOT real soil science).
synthetic_prototype,SYN_01396,garden-c,dev-001,rice,sandy,2025-12-30T02:00:00+07:00,10,26.41,29.97,1156,7.44,119,66,157,1.884,3.247,2.728,0.836,,,,Synthetic data for pipeline/rules testing only (NOT real soil science).
synthetic_prototype,SYN_01397,garden-a,dev-001,default,clay,2025-12-30T02:30:00+07:00,10,24.43,22.88,1389,6.37,127,97,191,2.866,4.941,4.11,0.779,,,,Synthetic data for pipeline/rules testing only (NOT real soil science).
synthetic_prototype,SYN_01398,garden-a,dev-002,rice,sandy,2025-12-30T03:00:00+07:00,10,28.07,26.46,777,6.21,95,49,118,1.469,2.532,1.794,0.759,,,,Synthetic data for pipeline/rules testing only (NOT real soil science).
synthetic_prototype,SYN_01399,garden-a,dev-003,tomato,sandy,2025-12-30T03:30:00+07:00,10,28.02,18.52,774,6.26,64,29,162,1.291,2.225,1.71,0.728,,,,Synthetic data for pipeline/rules testing only (NOT real soil science).
synthetic_prototype,SYN_01400,garden-a,dev-004,tomato,sandy,2025-12-30T04:00:00+07:00,10,27.03,23.84,437,6.6,73,36,92,0.487,0.84,0.898,0.728,,,,Synthetic data for pipeline/rules testing only (NOT real soil science).
synthetic_prototype,SYN_01401,garden-b,dev-003,default,sandy,2025-12-30T04:30:00+07:00,10,24.15,12.08,192,6.21,79,37,102,0.877,1.512,1.471,0.684,,,,Synthetic data for pipeline/rules testing only (NOT real soil science).
synthetic_prototype,SYN_01402,garden-b,dev-003,chili,clay,2025-12-30T05:00:00+07:00,10,31.42,53.94,1290,5.96,114,74,159,1.642,2.831,3.511,0.813,,,,Synthetic data for pipeline/rules testing only (NOT real soil science).
synthetic_prototype,SYN_01403,garden-c,dev-002,default,sandy,2025-12-30T05:30:00+07:00,10,24.69,8.12,717,6.1,107,50,135,1.532,2.641,2.427,0.736,,,,Synthetic data for pipeline/rules testing only (NOT real soil science).
synthetic_prototype,SYN_01404,garden-a,dev-003,default,sandy,2025-12-30T06:00:00+07:00,10,29.29,35.32,981,6.91,143,74,157,1.763,3.039,2.374,0.818,,,,Synthetic data for pipeline/rules testing only (NOT real soil science).
synthetic_prototype,SYN_01405,garden-c,dev-002,rice,sandy,2025-12-30T06:30:00+07:00,10,24.53,40.27,859,6.11,86,51,101,1.352,2.331,3.124,0.77,,,,Synthetic data for pipeline/rules testing only (NOT real soil science).
synthetic_prototype,SYN_01406,garden-a,dev-003,chili,loam,2025-12-30T07:00:00+07:00,10,28.47,17.44,815,6.58,110,75,112,2.64,4.551,3.333,0.709,,,,Synthetic data for pipeline/rules testing only (NOT real soil science).
synthetic_prototype,SYN_01407,garden-c,dev-001,chili,sandy,2025-12-30T07:30:00+07:00,10,29.7,29.09,829,6.27,93,29,74,0.744,1.282,0.901,0.818,,,,Synthetic data for pipeline/rules testing only (NOT real soil science).
synthetic_prototype,SYN_01408,garden-a,dev-003,default,loam,2025-12-30T08:00:00+07:00,10,26.53,15.04,756,6.48,121,43,152,1.154,1.99,1.529,0.702,,,,Synthetic data for pipeline/rules testing only (NOT real soil science).
synthetic_prototype,SYN_01409,garden-c,dev-003,chili,clay,2025-12-30T08:30:00+07:00,10,27.9,27.7,1052,6.21,135,58,106,1.78,3.069,2.53,0.841,,,,Synthetic data for pipeline/rules testing only (NOT real soil science).
synthetic_prototype,SYN_01410,garden-b,dev-004,tomato,loam,2025-12-30T09:00:00+07:00,10,29.45,39.08,976,6.16,109,55,118,1.407,2.425,3.013,0.861,,,,Synthetic data for pipeline/rules testing only (NOT real soil science).
synthetic_prototype,SYN_01411,garden-a,dev-001,default,loam,2025-12-30T09:30:00+07:00,10,28.97,16.75,874,5.9,85,57,152,1.465,2.525,2.453,0.808,,,,Synthetic data for pipeline/rules testing only (NOT real soil science).
synthetic_prototype,SYN_01412,garden-c,dev-003,default,clay,2025-12-30T10:00:00+07:00,10,26.26,39.26,1257,6.47,125,56,143,1.546,2.665,2.708,0.783,,,,Synthetic data for pipeline/rules testing only (NOT real soil science).
synthetic_prototype,SYN_01413,garden-c,dev-002,default,clay,2025-12-30T10:30:00+07:00,10,29.67,43.55,1033,6.46,109,61,144,1.867,3.219,4.353,0.781,,,,Synthetic data for pipeline/rules testing only (NOT real soil science).
synthetic_prototype,SYN_01414,garden-a,dev-003,default,loam,2025-12-30T11:00:00+07:00,10,25.55,35.94,1477,5.94,153,99,174,2.881,4.967,4.683,0.854,,,,Synthetic data for pipeline/rules testing only (NOT real soil science).
synthetic_prototype,SYN_01415,garden-a,dev-001,chili,clay,2025-12-30T11:30:00+07:00,10,26.06,28.1,1362,6.82,120,82,136,2.503,4.315,4.602,0.876,,,,Synthetic data for pipeline/rules testing only (NOT real soil science).
synthetic_prototype,SYN_01416,garden-a,dev-003,default,loam,2025-12-30T12:00:00+07:00,10,27.73,34.33,964,6.53,117,40,187,1.509,2.601,2.341,0.88,,,,Synthetic data for pipeline/rules testing only (NOT real soil science).
synthetic_prototype,SYN_01417,garden-b,dev-004,default,sandy,2025-12-30T12:30:00+07:00,10,24.62,20.67,607,7.05,69,31,115,0.135,0.232,0.056,0.788,,,,Synthetic data for pipeline/rules testing only (NOT real soil science).
synthetic_prototype,SYN_01418,garden-b,dev-001,default,sandy,2025-12-30T13:00:00+07:00,10,22.15,24.63,931,6.85,113,62,101,1.694,2.92,2.64,0.774,,,,Synthetic data for pipeline/rules testing only (NOT real soil science).
synthetic_prototype,SYN_01419,garden-a,dev-003,rice,sandy,2025-12-30T13:30:00+07:00,10,24.97,34.47,736,6.65,112,40,133,1.117,1.926,2.21,0.766,,,,Synthetic data for pipeline/rules testing only (NOT real soil science).
synthetic_prototype,SYN_01420,garden-a,dev-002,chili,clay,2025-12-30T14:00:00+07:00,10,26.42,42.53,777,6.18,66,34,104,0.895,1.544,1.226,0.785,,,,Synthetic data for pipeline/rules testing only (NOT real soil science).
synthetic_prototype,SYN_01421,garden-a,dev-001,chili,loam,2025-12-30T14:30:00+07:00,10,28.24,28.27,1013,7.0,92,58,129,1.421,2.45,2.137,0.811,,,,Synthetic data for pipeline/rules testing only (NOT real soil science).
synthetic_prototype,SYN_01422,garden-a,dev-001,default,loam,2025-12-30T15:00:00+07:00,10,26.16,26.54,643,6.3,101,52,80,1.326,2.286,2.253,0.746,,,,Synthetic data for pipeline/rules testing only (NOT real soil science).
synthetic_prototype,SYN_01423,garden-c,dev-003,chili,clay,2025-12-30T15:30:00+07:00,10,27.46,49.51,849,6.75,115,64,81,1.578,2.721,2.701,0.796,,,,Synthetic data for pipeline/rules testing only (NOT real soil science).
synthetic_prototype,SYN_01424,garden-b,dev-002,chili,loam,2025-12-30T16:00:00+07:00,10,22.38,41.56,1366,5.79,184,58,171,2.845,4.905,4.89,0.776,,,,Synthetic data for pipeline/rules testing only (NOT real soil science).
synthetic_prototype,SYN_01425,garden-b,dev-002,tomato,sandy,2025-12-30T16:30:00+07:00,10,26.72,20.21,888,5.89,104,55,93,1.236,2.131,3.472,0.773,,,,Synthetic data for pipeline/rules testing only (NOT real soil science).
synthetic_prototype,SYN_01426,garden-b,dev-001,chili,clay,2025-12-30T17:00:00+07:00,10,27.57,42.94,1074,5.77,115,71,153,1.963,3.385,3.062,0.801,,,,Synthetic data for pipeline/rules testing only (NOT real soil science).
synthetic_prototype,SYN_01427,garden-a,dev-002,rice,loam,2025-12-30T17:30:00+07:00,10,28.78,52.92,851,7.05,56,42,82,0.694,1.197,0.882,0.726,,,,Synthetic data for pipeline/rules testing only (NOT real soil science).
synthetic_prototype,SYN_01428,garden-c,dev-001,default,clay,2025-12-30T18:00:00+07:00,10,24.2,49.03,1059,6.22,105,43,139,1.711,2.95,3.437,0.737,,,,Synthetic data for pipeline/rules testing only (NOT real soil science).
synthetic_prototype,SYN_01429,garden-b,dev-003,tomato,sandy,2025-12-30T18:30:00+07:00,10,31.34,9.42,516,5.81,82,26,105,0.717,1.236,1.545,0.683,,,,Synthetic data for pipeline/rules testing only (NOT real soil science).
synthetic_prototype,SYN_01430,garden-b,dev-004,rice,sandy,2025-12-30T19:00:00+07:00,10,30.93,32.18,446,6.68,61,40,100,1.232,2.124,2.432,0.828,,,,Synthetic data for pipeline/rules testing only (NOT real soil science).
synthetic_prototype,SYN_01431,garden-c,dev-001,chili,clay,2025-12-30T19:30:00+07:00,10,26.19,18.47,1024,6.32,141,73,130,1.738,2.996,3.047,0.748,,,,Synthetic data for pipeline/rules testing only (NOT real soil science).
synthetic_prototype,SYN_01432,garden-a,dev-004,default,loam,2025-12-30T20:00:00+07:00,10,29.13,22.29,947,7.01,120,53,99,1.801,3.105,2.821,0.733,,,,Synthetic data for pipeline/rules testing only (NOT real soil science).
synthetic_prototype,SYN_01433,garden-a,dev-003,tomato,sandy,2025-12-30T20:30:00+07:00,10,25.07,44.86,776,6.33,125,36,97,1.077,1.857,2.329,0.78,,,,Synthetic data for pipeline/rules testing only (NOT real soil science).
synthetic_prototype,SYN_01434,garden-c,dev-004,default,loam,2025-12-30T21:00:00+07:00,10,29.06,38.9,1591,6.38,154,68,173,2.712,4.675,4.8,0.788,,,,Synthetic data for pipeline/rules testing only (NOT real soil science).
synthetic_prototype,SYN_01435,garden-a,dev-001,default,sandy,2025-12-30T21:30:00+07:00,10,24.35,24.12,633,6.76,67,25,133,0.631,1.088,0.712,0.724,,,,Synthetic data for pipeline/rules testing only (NOT real soil science).
synthetic_prototype,SYN_01436,garden-c,dev-001,default,loam,2025-12-30T22:00:00+07:00,10,31.47,38.74,1380,7.43,115,77,135,1.837,3.166,3.19,0.823,,,,Synthetic data for pipeline/rules testing only (NOT real soil science).
synthetic_prototype,SYN_01437,garden-a,dev-004,tomato,clay,2025-12-30T22:30:00+07:00,10,31.82,41.44,1915,7.1,182,91,239,2.842,4.9,4.261,0.791,,,,Synthetic data for pipeline/rules testing only (NOT real soil science).
synthetic_prototype,SYN_01438,garden-a,dev-004,tomato,clay,2025-12-30T23:00:00+07:00,10,28.92,41.77,1412,7.65,156,84,129,3.196,5.51,5.764,0.791,,,,Synthetic data for pipeline/rules testing only (NOT real soil science).
synthetic_prototype,SYN_01439,garden-a,dev-004,tomato,loam,2025-12-30T23:30:00+07:00,10,30.15,39.51,699,6.14,83,37,122,1.3,2.242,2.779,0.802,,,,Synthetic data for pipeline/rules testing only (NOT real soil science).
synthetic_prototype,SYN_01440,garden-a,dev-004,chili,loam,2025-12-31T00:00:00+07:00,10,29.16,20.39,797,6.5,96,59,124,1.172,2.021,1.351,0.776,,,,Synthetic data for pipeline/rules testing only (NOT real soil science).
synthetic_prototype,SYN_01441,garden-b,dev-002,rice,clay,2025-12-31T00:30:00+07:00,10,25.1,30.09,941,6.7,99,53,175,2.095,3.612,3.86,0.769,,,,Synthetic data for pipeline/rules testing only (NOT real soil science).
synthetic_prototype,SYN_01442,garden-c,dev-003,default,sandy,2025-12-31T01:00:00+07:00,10,30.57,4.85,739,6.68,87,35,98,1.354,2.335,2.598,0.706,,,,Synthetic data for pipeline/rules testing only (NOT real soil science).
synthetic_prototype,SYN_01443,garden-a,dev-002,default,loam,2025-12-31T01:30:00+07:00,10,25.76,27.51,573,6.74,70,23,72,0.621,1.071,0.829,0.775,,,,Synthetic data for pipeline/rules testing only (NOT real soil science).
synthetic_prototype,SYN_01444,garden-b,dev-002,rice,sandy,2025-12-31T02:00:00+07:00,10,31.54,18.25,631,7.0,118,34,56,0.986,1.7,1.906,0.692,,,,Synthetic data for pipeline/rules testing only (NOT real soil science).
synthetic_prototype,SYN_01445,garden-a,dev-004,default,sandy,2025-12-31T02:30:00+07:00,10,29.11,16.36,932,5.9,124,51,102,1.607,2.771,2.171,0.754,,,,Synthetic data for pipeline/rules testing only (NOT real soil science).
synthetic_prototype,SYN_01446,garden-b,dev-002,default,loam,2025-12-31T03:00:00+07:00,10,35.63,29.85,969,6.57,130,61,62,1.88,3.24,2.687,0.824,,,,Synthetic data for pipeline/rules testing only (NOT real soil science).
synthetic_prototype,SYN_01447,garden-c,dev-004,default,loam,2025-12-31T03:30:00+07:00,10,33.78,26.05,983,6.08,63,59,171,1.641,2.828,3.337,0.858,,,,Synthetic data for pipeline/rules testing only (NOT real soil science).
synthetic_prototype,SYN_01448,garden-b,dev-004,chili,sandy,2025-12-31T04:00:00+07:00,10,21.73,33.53,1033,6.15,135,47,117,1.803,3.108,3.631,0.788,,,,Synthetic data for pipeline/rules testing only (NOT real soil science).
synthetic_prototype,SYN_01449,garden-c,dev-002,rice,loam,2025-12-31T04:30:00+07:00,10,29.08,58.29,1203,5.16,99,68,212,1.723,2.971,2.576,0.759,,,,Synthetic data for pipeline/rules testing only (NOT real soil science).
synthetic_prototype,SYN_01450,garden-a,dev-003,default,loam,2025-12-31T05:00:00+07:00,10,32.35,18.79,1017,6.63,126,63,137,2.24,3.861,4.369,0.769,,,,Synthetic data for pipeline/rules testing only (NOT real soil science).
synthetic_prototype,SYN_01451,garden-b,dev-003,default,clay,2025-12-31T05:30:00+07:00,10,35.93,46.23,1333,5.09,144,61,143,1.608,2.772,2.995,0.745,,,,Synthetic data for pipeline/rules testing only (NOT real soil science).
synthetic_prototype,SYN_01452,garden-b,dev-001,rice,clay,2025-12-31T06:00:00+07:00,10,28.3,54.85,1406,7.23,131,84,205,2.626,4.527,3.803,0.767,,,,Synthetic data for pipeline/rules testing only (NOT real soil science).
synthetic_prototype,SYN_01453,garden-a,dev-002,rice,loam,2025-12-31T06:30:00+07:00,10,27.87,40.96,867,5.71,131,68,135,1.064,1.834,2.355,0.785,,,,Synthetic data for pipeline/rules testing only (NOT real soil science).
synthetic_prototype,SYN_01454,garden-b,dev-004,tomato,sandy,2025-12-31T07:00:00+07:00,10,32.99,35.34,760,5.99,101,61,94,2.07,3.569,3.878,0.776,,,,Synthetic data for pipeline/rules testing only (NOT real soil science).
synthetic_prototype,SYN_01455,garden-b,dev-003,default,sandy,2025-12-31T07:30:00+07:00,10,28.18,40.71,855,6.6,97,15,78,0.653,1.125,1.605,0.835,,,,Synthetic data for pipeline/rules testing only (NOT real soil science).
synthetic_prototype,SYN_01456,garden-b,dev-001,tomato,loam,2025-12-31T08:00:00+07:00,10,26.04,46.58,1051,6.83,98,70,132,1.667,2.873,2.18,0.79,,,,Synthetic data for pipeline/rules testing only (NOT real soil science).
synthetic_prototype,SYN_01457,garden-a,dev-004,tomato,sandy,2025-12-31T08:30:00+07:00,10,26.02,22.33,854,7.01,102,35,152,1.456,2.51,2.533,0.749,,,,Synthetic data for pipeline/rules testing only (NOT real soil science).
synthetic_prototype,SYN_01458,garden-c,dev-001,default,loam,2025-12-31T09:00:00+07:00,10,24.96,23.5,1150,7.02,160,71,100,2.125,3.664,3.299,0.843,,,,Synthetic data for pipeline/rules testing only (NOT real soil science).
synthetic_prototype,SYN_01459,garden-b,dev-004,default,loam,2025-12-31T09:30:00+07:00,10,25.05,34.54,1394,6.24,158,96,168,2.554,4.403,5.001,0.809,,,,Synthetic data for pipeline/rules testing only (NOT real soil science).
synthetic_prototype,SYN_01460,garden-c,dev-001,chili,loam,2025-12-31T10:00:00+07:00,10,28.96,19.8,1431,6.27,157,70,110,2.908,5.013,5.338,0.83,,,,Synthetic data for pipeline/rules testing only (NOT real soil science).
synthetic_prototype,SYN_01461,garden-b,dev-002,default,sandy,2025-12-31T10:30:00+07:00,10,28.81,21.61,798,5.69,102,39,165,1.421,2.45,2.332,0.706,,,,Synthetic data for pipeline/rules testing only (NOT real soil science).
synthetic_prototype,SYN_01462,garden-b,dev-003,default,clay,2025-12-31T11:00:00+07:00,10,27.18,19.66,747,6.0,73,64,140,1.905,3.284,3.13,0.755,,,,Synthetic data for pipeline/rules testing only (NOT real soil science).
synthetic_prototype,SYN_01463,garden-a,dev-003,default,sandy,2025-12-31T11:30:00+07:00,10,26.91,28.28,482,5.97,57,40,64,0.116,0.2,0.315,0.773,,,,Synthetic data for pipeline/rules testing only (NOT real soil science).
synthetic_prototype,SYN_01464,garden-c,dev-004,chili,loam,2025-12-31T12:00:00+07:00,10,26.61,31.05,1194,6.04,178,60,154,2.905,5.008,4.763,0.894,,,,Synthetic data for pipeline/rules testing only (NOT real soil science).
synthetic_prototype,SYN_01465,garden-c,dev-001,rice,loam,2025-12-31T12:30:00+07:00,10,29.53,54.89,990,5.95,76,53,153,1.364,2.352,2.418,0.802,,,,Synthetic data for pipeline/rules testing only (NOT real soil science).
synthetic_prototype,SYN_01466,garden-a,dev-004,default,sandy,2025-12-31T13:00:00+07:00,10,26.19,36.82,866,6.39,91,36,116,0.539,0.929,0.803,0.765,,,,Synthetic data for pipeline/rules testing only (NOT real soil science).
synthetic_prototype,SYN_01467,garden-c,dev-002,chili,clay,2025-12-31T13:30:00+07:00,10,32.38,36.54,1809,7.03,144,70,144,3.135,5.405,5.551,0.812,,,,Synthetic data for pipeline/rules testing only (NOT real soil science).
synthetic_prototype,SYN_01468,garden-a,dev-004,default,clay,2025-12-31T14:00:00+07:00,10,27.02,39.73,709,6.22,85,46,95,1.201,2.07,1.941,0.773,,,,Synthetic data for pipeline/rules testing only (NOT real soil science).
synthetic_prototype,SYN_01469,garden-b,dev-002,rice,sandy,2025-12-31T14:30:00+07:00,10,29.57,35.6,620,5.94,108,31,149,0.685,1.181,1.34,0.787,,,,Synthetic data for pipeline/rules testing only (NOT real soil science).
synthetic_prototype,SYN_01470,garden-a,dev-002,chili,clay,2025-12-31T15:00:00+07:00,10,32.38,48.86,1003,7.36,104,48,128,1.876,3.234,3.473,0.718,,,,Synthetic data for pipeline/rules testing only (NOT real soil science).
synthetic_prototype,SYN_01471,garden-b,dev-002,tomato,sandy,2025-12-31T15:30:00+07:00,10,28.05,34.47,94,5.77,87,25,89,0.116,0.2,0.175,0.731,,,,Synthetic data for pipeline/rules testing only (NOT real soil science).
synthetic_prototype,SYN_01472,garden-c,dev-004,default,loam,2025-12-31T16:00:00+07:00,10,34.53,30.81,1091,6.38,112,57,173,1.638,2.824,2.891,0.868,,,,Synthetic data for pipeline/rules testing only (NOT real soil science).
synthetic_prototype,SYN_01473,garden-c,dev-001,chili,sandy,2025-12-31T16:30:00+07:00,10,26.08,16.12,893,5.68,108,56,135,1.541,2.657,3.113,0.796,,,,Synthetic data for pipeline/rules testing only (NOT real soil science).
synthetic_prototype,SYN_01474,garden-b,dev-002,default,sandy,2025-12-31T17:00:00+07:00,10,30.31,22.91,1091,6.74,96,39,119,1.351,2.328,1.662,0.831,,,,Synthetic data for pipeline/rules testing only (NOT real soil science).
synthetic_prototype,SYN_01475,garden-b,dev-001,chili,clay,2025-12-31T17:30:00+07:00,10,32.54,46.51,1029,6.54,148,49,144,1.811,3.122,2.724,0.836,,,,Synthetic data for pipeline/rules testing only (NOT real soil science).
synthetic_prototype,SYN_01476,garden-a,dev-001,tomato,loam,2025-12-31T18:00:00+07:00,10,25.91,45.05,1319,6.29,159,65,166,2.407,4.149,4.808,0.811,,,,Synthetic data for pipeline/rules testing only (NOT real soil science).
synthetic_prototype,SYN_01477,garden-b,dev-003,rice,loam,2025-12-31T18:30:00+07:00,10,25.59,39.8,1269,6.18,144,69,133,2.157,3.719,4.227,0.848,,,,Synthetic data for pipeline/rules testing only (NOT real soil science).
synthetic_prototype,SYN_01478,garden-b,dev-001,default,loam,2025-12-31T19:00:00+07:00,10,28.52,48.19,1569,6.78,169,77,181,2.437,4.201,3.484,0.817,,,,Synthetic data for pipeline/rules testing only (NOT real soil science).
synthetic_prototype,SYN_01479,garden-b,dev-001,rice,clay,2025-12-31T19:30:00+07:00,10,29.9,55.87,1978,6.12,168,97,219,2.979,5.136,4.932,0.682,,,,Synthetic data for pipeline/rules testing only (NOT real soil science).
synthetic_prototype,SYN_01480,garden-b,dev-004,chili,clay,2025-12-31T20:00:00+07:00,10,31.46,37.67,970,6.15,121,45,120,1.498,2.583,2.428,0.802,,,,Synthetic data for pipeline/rules testing only (NOT real soil science).
synthetic_prototype,SYN_01481,garden-c,dev-003,chili,sandy,2025-12-31T20:30:00+07:00,10,29.02,37.94,519,7.68,63,20,107,0.635,1.095,1.021,0.72,,,,Synthetic data for pipeline/rules testing only (NOT real soil science).
synthetic_prototype,SYN_01482,garden-c,dev-004,tomato,loam,2025-12-31T21:00:00+07:00,10,23.46,36.58,742,7.31,91,44,133,1.511,2.606,2.7,0.853,,,,Synthetic data for pipeline/rules testing only (NOT real soil science).
synthetic_prototype,SYN_01483,garden-c,dev-004,rice,loam,2025-12-31T21:30:00+07:00,10,22.07,60.85,1309,7.06,112,67,104,1.305,2.25,2.594,0.768,,,,Synthetic data for pipeline/rules testing only (NOT real soil science).
synthetic_prototype,SYN_01484,garden-a,dev-002,tomato,clay,2025-12-31T22:00:00+07:00,10,30.1,49.99,1286,6.58,156,56,115,1.653,2.85,1.955,0.798,,,,Synthetic data for pipeline/rules testing only (NOT real soil science).
synthetic_prototype,SYN_01485,garden-b,dev-003,default,loam,2025-12-31T22:30:00+07:00,10,27.89,36.41,967,6.28,120,38,168,1.51,2.604,3.076,0.805,,,,Synthetic data for pipeline/rules testing only (NOT real soil science).
synthetic_prototype,SYN_01486,garden-b,dev-002,tomato,loam,2025-12-31T23:00:00+07:00,10,21.77,38.33,773,5.75,115,40,131,1.068,1.841,2.327,0.823,,,,Synthetic data for pipeline/rules testing only (NOT real soil science).
synthetic_prototype,SYN_01487,garden-c,dev-001,default,sandy,2025-12-31T23:30:00+07:00,10,31.81,26.42,684,7.46,92,46,141,1.289,2.222,1.868,0.731,,,,Synthetic data for pipeline/rules testing only (NOT real soil science).
synthetic_prototype,SYN_01488,garden-a,dev-004,chili,clay,2026-01-01T00:00:00+07:00,10,26.71,47.11,1942,6.98,204,106,202,3.553,6.126,5.354,0.8,,,,Synthetic data for pipeline/rules testing only (NOT real soil science).
synthetic_prototype,SYN_01489,garden-a,dev-001,rice,sandy,2026-01-01T00:30:00+07:00,10,32.68,34.8,865,6.74,118,58,115,0.825,1.423,1.574,0.822,,,,Synthetic data for pipeline/rules testing only (NOT real soil science).
synthetic_prototype,SYN_01490,garden-a,dev-001,chili,loam,2026-01-01T01:00:00+07:00,10,23.86,37.25,1292,6.25,111,80,165,1.8,3.103,3.76,0.829,,,,Synthetic data for pipeline/rules testing only (NOT real soil science).
synthetic_prototype,SYN_01491,garden-a,dev-003,default,loam,2026-01-01T01:30:00+07:00,10,26.62,25.99,706,6.39,88,51,79,1.263,2.178,2.282,0.75,,,,Synthetic data for pipeline/rules testing only (NOT real soil science).
synthetic_prototype,SYN_01492,garden-b,dev-001,default,clay,2026-01-01T02:00:00+07:00,10,25.27,14.43,292,6.57,70,23,103,0.854,1.473,2.27,0.689,,,,Synthetic data for pipeline/rules testing only (NOT real soil science).
synthetic_prototype,SYN_01493,garden-a,dev-002,chili,sandy,2026-01-01T02:30:00+07:00,10,27.47,18.33,381,6.31,8,37,45,0.116,0.2,0.914,0.715,,,,Synthetic data for pipeline/rules testing only (NOT real soil science).
synthetic_prototype,SYN_01494,garden-b,dev-004,default,loam,2026-01-01T03:00:00+07:00,10,26.75,24.57,524,6.34,73,35,65,1.373,2.368,2.763,0.719,,,,Synthetic data for pipeline/rules testing only (NOT real soil science).
synthetic_prototype,SYN_01495,garden-a,dev-003,rice,loam,2026-01-01T03:30:00+07:00,10,24.18,35.1,578,6.61,121,24,76,1.023,1.764,1.999,0.847,,,,Synthetic data for pipeline/rules testing only (NOT real soil science).
synthetic_prototype,SYN_01496,garden-a,dev-002,rice,loam,2026-01-01T04:00:00+07:00,10,29.44,44.24,663,5.47,50,47,89,0.616,1.061,0.647,0.726,,,,Synthetic data for pipeline/rules testing only (NOT real soil science).
synthetic_prototype,SYN_01497,garden-b,dev-003,tomato,loam,2026-01-01T04:30:00+07:00,10,28.07,31.79,718,6.04,116,70,121,1.719,2.964,3.171,0.804,,,,Synthetic data for pipeline/rules testing only (NOT real soil science).
synthetic_prototype,SYN_01498,garden-b,dev-004,chili,loam,2026-01-01T05:00:00+07:00,10,26.26,46.78,1100,6.25,136,45,156,2.229,3.843,3.937,0.752,,,,Synthetic data for pipeline/rules testing only (NOT real soil science).
synthetic_prototype,SYN_01499,garden-b,dev-004,tomato,sandy,2026-01-01T05:30:00+07:00,10,32.1,26.16,903,6.31,112,43,49,1.586,2.734,2.98,0.832,,,,Synthetic data for pipeline/rules testing only (NOT real soil science).
