dataset_sample_id,garden_id,device_id,crop,soil_type,ts_iso,temp_c,moist_pct,ec_uS_cm,ph,n_mgkg,p_mgkg,k_mgkg,soc_pct_lab,som_pct_lab,om_estimate_pct,om_confidence
SYN_00000,garden-b,dev-002,rice,sandy,2025-12-01 00:00:00+07:00,0.5428082191780822,0.6445263503212982,0.38987217305801375,0.121794871794872,0.3557692307692308,0.3269230769230769,0.38362068965517243,0.14829189948807173,0.14840111766532132,0.20135965152095064,0.6293859649122809
SYN_00001,garden-c,dev-003,chili,sandy,2025-12-01 00:30:00+07:00,0.49922166874221674,0.2709326334883541,0.48525073746312686,0.2339743589743593,0.6682692307692307,0.4519230769230769,0.5344827586206896,0.3538662294643155,0.3537721204594846,0.4779557839867315,0.5723684210526319
SYN_00002,garden-c,dev-004,rice,clay,2025-12-01 01:00:00+07:00,0.002334993773350026,0.6639779240076417,0.5054080629301868,0.6826923076923077,0.3798076923076923,0.47115384615384615,0.45689655172413796,0.35975507745842666,0.35982614095001547,0.37559917618969507,0.6425438596491225
SYN_00003,garden-a,dev-004,default,sandy,2025-12-01 01:30:00+07:00,0.44504981320049813,0.4815036375214681,0.3200589970501475,0.6506410256410258,0.4182692307692308,0.46153846153846156,0.2974137931034483,0.19085220999096594,0.19062402980440857,0.17467694606958645,0.4978070175438599
SYN_00004,garden-b,dev-003,rice,sandy,2025-12-01 02:00:00+07:00,0.7582503113325031,0.5508191659751838,0.2782694198623402,0.43910256410256426,0.30288461538461536,0.2403846153846154,0.41379310344827586,0.08057014755579348,0.08056504191244954,0.14566132648039803,0.8179824561403506
SYN_00005,garden-c,dev-004,tomato,loam,2025-12-01 02:30:00+07:00,0.16360523038605235,0.6409756662356959,0.4169124877089479,0.5512820512820513,0.5576923076923077,0.4230769230769231,0.6163793103448276,0.3244219894937598,0.3244334057746041,0.39222118942169243,0.44517543859649145
SYN_00006,garden-c,dev-004,default,clay,2025-12-01 03:00:00+07:00,0.5403175591531756,0.5560680033191178,0.7777777777777778,0.6858974358974361,0.6634615384615384,0.8653846153846154,0.7844827586206896,0.7947268042961821,0.7946289972058367,0.870614394809266,0.6995614035087717
SYN_00007,garden-a,dev-001,tomato,clay,2025-12-01 03:30:00+07:00,0.3952366127023661,0.31585650604967097,0.556047197640118,0.7852564102564104,0.6346153846153846,0.34615384615384615,0.6551724137931034,0.5262488707464783,0.5260788574976715,0.5645652213534547,0.4407894736842108
SYN_00008,garden-a,dev-003,chili,sandy,2025-12-01 04:00:00+07:00,0.6131693648816936,0.1332278419945582,0.5014749262536873,0.6891025641025643,0.3942307692307692,0.5769230769230769,0.39655172413793105,0.3220129153143506,0.3221049363551691,0.29598848123644445,0.34868421052631604
SYN_00009,garden-b,dev-002,chili,clay,2025-12-01 04:30:00+07:00,0.8497820672478206,0.6579571988190115,0.844149459193707,0.48717948717948745,0.7788461538461539,0.7403846153846154,0.6551724137931034,0.6458995549904639,0.6457621856566284,0.5377367087684765,0.6162280701754388
SYN_00010,garden-b,dev-002,default,clay,2025-12-01 05:00:00+07:00,0.774439601494396,0.3905752494162598,0.36922320550639137,0.2307692307692309,0.5528846153846154,0.3173076923076923,0.6551724137931034,0.43229497774952313,0.4321639242471282,0.3836185685384657,0.4978070175438599
SYN_00011,garden-c,dev-002,default,sandy,2025-12-01 05:30:00+07:00,0.4724470734744708,0.3008818818625653,0.32645034414945917,0.44871794871794896,0.3894230769230769,0.3173076923076923,0.5258620689655172,0.26660420918794125,0.2666873641726172,0.26507736891027395,0.5460526315789476
SYN_00012,garden-c,dev-004,chili,loam,2025-12-01 06:00:00+07:00,0.5010896637608966,0.6314042569614634,0.4385447394296952,0.560897435897436,0.5528846153846154,0.49038461538461536,0.44396551724137934,0.396694214876033,0.39646072648245884,0.3420635354584723,0.38815789473684237
SYN_00013,garden-a,dev-002,default,loam,2025-12-01 06:30:00+07:00,0.5745641344956413,0.6108720402925455,0.42084562438544737,0.6057692307692311,0.5817307692307693,0.6826923076923077,0.6163793103448276,0.5412386656405794,0.5411362930766842,0.5577122860735961,0.4978070175438599
SYN_00014,garden-a,dev-001,rice,loam,2025-12-01 07:00:00+07:00,0.8167808219178081,0.4547963180949808,0.6769911504424779,0.6730769230769234,0.6586538461538461,0.7211538461538461,0.6206896551724138,0.5736273296081907,0.5735796336541447,0.5857072557274865,0.5723684210526319
SYN_00015,garden-c,dev-004,chili,clay,2025-12-01 07:30:00+07:00,0.5801681195516812,0.6598097296462824,0.8176007866273353,0.4647435897435899,0.7596153846153846,0.7115384615384616,0.6896551724137931,0.8394285140696622,0.8393356100589878,0.8449523392931998,0.5372807017543862
SYN_00016,garden-a,dev-001,tomato,sandy,2025-12-01 08:00:00+07:00,0.26011830635118316,0.20455027884448387,0.3230088495575221,0.6089743589743591,0.34134615384615385,0.2692307692307692,0.29310344827586204,0.2861444775320373,0.2859360447066128,0.21594036488235185,0.40131578947368446
SYN_00017,garden-a,dev-003,chili,clay,2025-12-01 08:30:00+07:00,0.5048256537982566,0.682040099573532,0.5619469026548672,0.3685897435897439,0.5096153846153846,0.22115384615384615,0.6724137931034483,0.47217853916418495,0.4720583669667805,0.5015765396322015,0.541666666666667
SYN_00018,garden-b,dev-001,default,sandy,2025-12-01 09:00:00+07:00,0.6218866749688667,0.22708940390961194,0.37413962635201575,0.8173076923076923,0.34134615384615385,0.5961538461538461,0.4396551724137931,0.42453240539364934,0.42440235951567834,0.5594619716769643,0.34868421052631604
SYN_00019,garden-a,dev-003,default,loam,2025-12-01 09:30:00+07:00,0.5583748443337484,0.4810405048146503,0.29547689282202555,0.4615384615384618,0.3076923076923077,0.4230769230769231,0.5689655172413793,0.3254926891290527,0.3253647935423781,0.3276286292306851,0.6907894736842103
SYN_00020,garden-a,dev-004,tomato,clay,2025-12-01 10:00:00+07:00,0.5185242839352427,0.476100422608595,0.576204523107178,0.5993589743589745,0.5576923076923077,0.4326923076923077,0.6379310344827587,0.5013551042259176,0.5010866190624029,0.4661454061639965,0.6644736842105261
SYN_00021,garden-a,dev-001,tomato,loam,2025-12-01 10:30:00+07:00,0.6169053549190536,0.2564211420080662,0.4183874139626352,0.5929487179487182,0.7211538461538461,0.5769230769230769,0.25862068965517243,0.5238397965670691,0.5237503880782365,0.5610658501467184,0.36184210526315813
SYN_00022,garden-c,dev-004,default,sandy,2025-12-01 11:00:00+07:00,0.7981008717310087,0.2751008278497134,0.48525073746312686,0.44871794871794896,0.625,0.5192307692307693,0.6120689655172413,0.3712650985378257,0.3711580254579323,0.44923177866477115,0.7302631578947366
SYN_00023,garden-c,dev-002,rice,loam,2025-12-01 11:30:00+07:00,0.45688044831880453,0.9583759479747592,0.8765978367748279,0.698717948717949,0.6730769230769231,0.7403846153846154,0.9870689655172413,0.7599290661491618,0.7597019559143123,0.7450744527676016,0.33552631578947395
SYN_00024,garden-a,dev-003,default,loam,2025-12-01 12:00:00+07:00,0.35912204234122047,0.5804596592115165,0.3967551622418879,0.17948717948717988,0.4423076923076923,0.47115384615384615,0.36637931034482757,0.312108943687891,0.3118596709096554,0.14201614814004773,0.33114035087719323
SYN_00025,garden-b,dev-003,default,loam,2025-12-01 12:30:00+07:00,0.0,0.6053144478107331,0.7045231071779744,0.7852564102564104,0.75,0.625,0.7586206896551724,0.7642118646903335,0.7642036634585533,0.7873585215156651,0.4890350877192985
SYN_00026,garden-a,dev-003,tomato,loam,2025-12-01 13:00:00+07:00,0.07830012453300125,0.5897223133478705,0.6258603736479843,0.38461538461538486,0.625,0.7692307692307693,0.5517241379310345,0.6946163883962926,0.6943495808755045,0.6479669017806695,0.5592105263157897
SYN_00027,garden-a,dev-004,rice,loam,2025-12-01 13:30:00+07:00,0.3989726027397261,0.513922926998707,0.5358898721730581,0.36217948717948734,0.46153846153846156,0.5769230769230769,0.7586206896551724,0.4644159668083112,0.4642968022353306,0.41423806659740825,0.598684210526316
SYN_00028,garden-c,dev-004,chili,loam,2025-12-01 14:00:00+07:00,0.6200186799501867,0.02207599235831034,0.29891838741396265,0.2307692307692309,0.34134615384615385,0.6346153846153846,0.603448275862069,0.44166359955833634,0.441633033219497,0.4496692000656132,0.23026315789473709
SYN_00029,garden-a,dev-002,rice,sandy,2025-12-01 14:30:00+07:00,0.7470423412204235,0.5518998089577584,0.408062930186824,0.29807692307692346,0.3269230769230769,0.375,0.47844827586206895,0.29738682370261316,0.29726792921452966,0.25020504128164467,0.304824561403509
SYN_00030,garden-b,dev-002,tomato,clay,2025-12-01 15:00:00+07:00,0.7028331257783312,0.9415487929603829,0.6676499508357916,0.5064102564102566,0.7692307692307693,0.4326923076923077,0.6681034482758621,0.48957740823769524,0.48944427196522816,0.3773488617930632,0.059210526315790206
SYN_00031,garden-b,dev-004,chili,clay,2025-12-01 15:30:00+07:00,0.6056973848069737,0.31678277146330636,0.7227138643067846,0.3205128205128207,0.8365384615384616,0.6730769230769231,0.5603448275862069,0.8453173620637734,0.8452343992548896,0.7163504474456412,0.5723684210526319
SYN_00032,garden-b,dev-002,default,sandy,2025-12-01 16:00:00+07:00,0.46933374844333753,0.4162019258601725,0.31219272369714846,0.48717948717948745,0.4951923076923077,0.3269230769230769,0.3232758620689655,0.20557432997624384,0.2055262340887923,0.14843166201906427,0.5855263157894739
SYN_00033,garden-b,dev-004,chili,sandy,2025-12-01 16:30:00+07:00,0.6959838107098382,0.25765616255958007,0.252212389380531,0.15705128205128235,0.3269230769230769,0.21153846153846154,0.5086206896551724,0.18710476126744066,0.18705371002794163,0.30925693039531954,0.02412280701754459
SYN_00034,garden-c,dev-002,chili,loam,2025-12-01 17:00:00+07:00,0.3429327521793275,0.4674552787479979,0.3942969518190757,0.5288461538461541,0.25961538461538464,0.5192307692307693,0.1810344827586207,0.28159400408204227,0.2815895684570009,0.3817230758014835,0.5679824561403511
SYN_00035,garden-c,dev-001,tomato,loam,2025-12-01 17:30:00+07:00,0.6623599003735988,0.514540437274464,0.5742379547689282,0.4230769230769233,0.6682692307692307,0.5096153846153846,0.6120689655172413,0.5449861143641047,0.5447066128531511,0.5845407986585743,0.6293859649122809
SYN_00036,garden-a,dev-004,tomato,loam,2025-12-01 18:00:00+07:00,0.7227584059775841,0.45556820593967695,0.5427728613569321,0.5128205128205131,0.4807692307692308,0.5288461538461539,0.41379310344827586,0.6386723324522365,0.6386215461036945,0.6758160643009459,0.6293859649122809
SYN_00037,garden-a,dev-004,default,sandy,2025-12-01 18:30:00+07:00,0.37531133250311327,0.16950657069527797,0.30383480825958703,0.8044871794871794,0.34134615384615385,0.25961538461538464,0.2629310344827586,0.32281594004082037,0.32272586153368515,0.4304226584285636,0.41447368421052655
SYN_00038,garden-a,dev-003,tomato,sandy,2025-12-01 19:00:00+07:00,0.12935865504358657,0.1850987051581405,0.12291052114060963,0.8365384615384617,0.34134615384615385,0.23076923076923078,0.15517241379310345,0.043631010138187175,0.04361999379074821,0.05146991816574625,0.059210526315790206
SYN_00039,garden-c,dev-001,rice,clay,2025-12-01 19:30:00+07:00,0.37842465753424653,0.8615812122498601,0.556047197640118,0.7179487179487181,0.46153846153846156,0.6442307692307693,0.47844827586206895,0.3817044199819319,0.38155852219807507,0.4426704576521406,0.20833333333333356
SYN_00040,garden-c,dev-003,chili,loam,2025-12-01 20:00:00+07:00,0.17854919053549187,0.2517898149398892,0.35988200589970504,0.3012820512820516,0.4519230769230769,0.49038461538461536,0.771551724137931,0.49787533041121546,0.497826761875194,0.48262161226237993,0.4978070175438599
SYN_00041,garden-c,dev-004,rice,loam,2025-12-01 20:30:00+07:00,0.3790473225404733,0.7649408540939001,0.47885939036381514,0.657051282051282,0.6009615384615384,0.5673076923076923,0.375,0.36805299963194693,0.3678981682707233,0.3273370149634571,0.42763157894736864
SYN_00042,garden-c,dev-002,default,loam,2025-12-01 21:00:00+07:00,0.3933686176836863,0.22508249551340187,0.23795476892822026,0.5320512820512822,0.3317307692307692,0.25,0.21120689655172414,0.1357111787733797,0.13567215150574358,0.08806750870286328,0.22587719298245637
SYN_00043,garden-c,dev-003,chili,loam,2025-12-01 21:30:00+07:00,0.3690846824408469,0.6026900291387661,0.4301868239921337,0.6442307692307693,0.625,0.6153846153846154,0.41810344827586204,0.4189112323083614,0.4186588016144054,0.46497894909508447,0.7521929824561401
SYN_00044,garden-c,dev-003,default,loam,2025-12-01 22:00:00+07:00,0.842310087173101,0.3965959746048899,0.4272369714847591,0.6858974358974361,0.6201923076923077,0.5,0.5043103448275862,0.41516378358483613,0.41524371313256747,0.47576867698252134,0.5635964912280704
SYN_00045,garden-b,dev-001,tomato,loam,2025-12-01 22:30:00+07:00,0.6617372353673724,0.2876054109337913,0.3333333333333333,0.5512820512820513,0.41346153846153844,0.4807692307692308,0.34051724137931033,0.2687456084585271,0.2687053710027942,0.31290210873566987,0.28289473684210553
SYN_00046,garden-a,dev-002,default,loam,2025-12-01 23:00:00+07:00,0.6337173100871731,0.5923467320198375,0.516715830875123,1.0,0.5480769230769231,0.3173076923076923,0.33189655172413796,0.2682102586408806,0.26823967711890717,0.29467621703391833,0.7039473684210524
SYN_00047,garden-c,dev-004,chili,loam,2025-12-01 23:30:00+07:00,0.4027085927770859,0.7034985816560854,0.4051130776794494,0.310897435897436,0.4519230769230769,0.3557692307692308,0.35344827586206895,0.2296650717703349,0.22958708475628686,0.2579328193631873,0.48026315789473706
SYN_00048,garden-c,dev-004,default,loam,2025-12-02 00:00:00+07:00,0.45688044831880453,0.5404758688562551,0.32841691248770893,0.22435897435897462,0.4807692307692308,0.5769230769230769,0.3232758620689655,0.3881286177936895,0.388078236572493,0.3200466582827564,0.38377192982456165
SYN_00049,garden-c,dev-002,tomato,loam,2025-12-02 00:30:00+07:00,0.24704234122042346,0.16209644738619478,0.4449360865290069,0.44871794871794896,0.5961538461538461,0.5192307692307693,0.34051724137931033,0.4989460300465084,0.498913380937597,0.48874551187416837,0.41008771929824583
SYN_00050,garden-b,dev-004,rice,loam,2025-12-02 01:00:00+07:00,0.25887297633872985,0.7283533702553019,0.7271386430678466,0.2211538461538465,0.8413461538461539,0.7980769230769231,0.5560344827586207,0.6988991869374643,0.6986960571251163,0.8149160697687134,0.5855263157894739
SYN_00051,garden-a,dev-004,rice,loam,2025-12-02 01:30:00+07:00,0.2912515566625157,0.6031531618455838,0.5344149459193707,1.0,0.46153846153846156,0.4230769230769231,0.5689655172413793,0.35413390437313874,0.35408258304874257,0.39644959629649873,0.5811403508771932
SYN_00052,garden-c,dev-004,chili,loam,2025-12-02 02:00:00+07:00,0.5832814445828144,0.2252368730823411,0.4139626352015733,0.560897435897436,0.40865384615384615,0.14423076923076922,0.4051724137931034,0.3102352193261283,0.3103073579633654,0.27120126852206244,0.2521929824561406
SYN_00053,garden-b,dev-004,chili,sandy,2025-12-02 02:30:00+07:00,0.26945828144458284,0.22693502634067267,0.18289085545722714,0.7467948717948719,0.4230769230769231,0.5288461538461539,0.5862068965517241,0.33031083748787093,0.330176963675877,0.2999252738440228,0.18201754385964936
SYN_00054,garden-c,dev-004,default,loam,2025-12-02 03:00:00+07:00,0.9774283935242837,0.6982497443121514,0.8534906588003933,0.40064102564102577,0.8317307692307693,0.5865384615384616,0.728448275862069,0.6429551309934083,0.6426575597640484,0.5701058924307871,0.5328947368421055
SYN_00055,garden-a,dev-004,rice,clay,2025-12-02 03:30:00+07:00,0.3174034869240348,0.7265008394280311,0.7502458210422812,0.44871794871794896,0.9134615384615384,0.5673076923076923,0.875,0.7872319068491316,0.7871778950636448,0.6258042174713397,0.5635964912280704
SYN_00056,garden-c,dev-004,default,sandy,2025-12-02 04:00:00+07:00,0.6262453300124533,0.20810096293008626,0.22271386430678466,0.5288461538461541,0.20673076923076922,0.46153846153846156,0.20689655172413793,0.1544484223910061,0.15445513815585224,0.2249804071664206,0.2653508771929827
SYN_00057,garden-b,dev-001,chili,clay,2025-12-02 04:30:00+07:00,0.40395392278953923,0.7910306632446306,0.8043264503441495,0.41666666666666674,0.6057692307692307,0.9038461538461539,1.0,0.7411918225315353,0.7410742005588327,0.8669692164689157,0.7346491228070173
SYN_00058,garden-b,dev-001,default,sandy,2025-12-02 05:00:00+07:00,0.28813823163138236,0.2865247679512167,0.2472959685349066,0.31730769230769257,0.3076923076923077,0.08653846153846154,0.41810344827586204,0.25482651319971894,0.25473455448618443,0.21185776514115953,0.4978070175438599
SYN_00059,garden-c,dev-004,rice,clay,2025-12-02 05:30:00+07:00,0.7433063511830634,0.6579571988190115,0.783677482792527,0.37179487179487203,0.8846153846153846,0.7403846153846154,0.8146551724137931,0.750025094522702,0.7499223843526854,0.9146481491606976,0.8048245614035086
SYN_00060,garden-a,dev-004,rice,loam,2025-12-02 06:00:00+07:00,0.5708281444582813,0.6771000173674765,0.6150442477876106,0.5064102564102566,0.6634615384615384,0.5192307692307693,0.7198275862068966,0.6279653360993074,0.6279105867742937,0.6387810523629869,0.6688596491228068
SYN_00061,garden-c,dev-002,rice,loam,2025-12-02 06:30:00+07:00,0.2445516811955169,0.6297061037031318,0.6179941002949852,0.794871794871795,0.5096153846153846,0.5576923076923077,0.7413793103448276,0.4954662562318064,0.49534306116113,0.6564237155302822,0.7521929824561401
SYN_00062,garden-b,dev-003,tomato,sandy,2025-12-02 07:00:00+07:00,0.33919676214196764,0.3368518554254067,0.5712881022615536,0.5128205128205131,0.6442307692307693,0.5384615384615384,0.6637931034482759,0.5532840365376249,0.553089102763117,0.543860608380265,0.541666666666667
SYN_00063,garden-a,dev-001,rice,loam,2025-12-02 07:30:00+07:00,0.75326899128269,0.5395496034426198,0.6991150442477876,0.09294871794871822,0.6105769230769231,0.7211538461538461,0.7586206896551724,0.6659751731522066,0.665787022663769,0.6590482439353345,0.4758771929824564
SYN_00064,garden-a,dev-001,rice,sandy,2025-12-02 08:00:00+07:00,0.4188978829389787,0.5702707396615271,0.24778761061946902,0.31410256410256443,0.21153846153846154,0.33653846153846156,0.4224137931034483,0.08030247264697024,0.08040981061782056,0.18896604516375962,0.43640350877193007
SYN_00065,garden-b,dev-004,tomato,clay,2025-12-02 08:30:00+07:00,0.6449252801992528,0.49339071032978904,0.7345132743362832,0.25961538461538497,0.7692307692307693,0.7788461538461539,0.6336206896551724,0.8284538428079096,0.8281589568457001,0.7557183735214245,0.554824561403509
SYN_00066,garden-c,dev-003,chili,clay,2025-12-02 09:00:00+07:00,0.6492839352428393,0.6043881823970977,0.6061946902654868,0.6121794871794873,0.5192307692307693,0.5,0.7198275862068966,0.54873356308763,0.548742626513505,0.4668744418320666,0.7916666666666664
SYN_00067,garden-c,dev-003,chili,loam,2025-12-02 09:30:00+07:00,0.6056973848069737,0.4399760714768144,0.6912487708947886,0.6506410256410258,0.8221153846153846,0.8846153846153846,0.9353448275862069,0.7858935323050155,0.7857808134119837,0.737492481819673,0.8530701754385962
SYN_00068,garden-a,dev-004,default,clay,2025-12-02 10:00:00+07:00,0.22524906600249062,0.6040794272592193,0.4301868239921337,0.04807692307692346,0.6153846153846154,0.5865384615384616,0.6206896551724138,0.5364205172817612,0.5361688916485563,0.6010170047569576,0.5855263157894739
SYN_00069,garden-a,dev-003,chili,clay,2025-12-02 10:30:00+07:00,0.5328455790784558,0.7958163678817467,0.5417895771878073,0.6955128205128206,0.7403846153846154,0.5673076923076923,0.5344827586206896,0.5768394285140696,0.5768394908413536,0.5394863943718446,0.782894736842105
SYN_00070,garden-a,dev-002,tomato,clay,2025-12-02 11:00:00+07:00,0.33297011207970106,0.33067675266783736,0.7708947885939036,0.5576923076923078,0.8701923076923077,0.8076923076923077,0.7543103448275862,0.9376652056077892,0.9374417882645141,0.9147939562943116,0.5197368421052634
SYN_00071,garden-b,dev-002,default,clay,2025-12-02 11:30:00+07:00,0.5521481942714819,0.2828197062966751,0.5476892822025565,1.0,0.5240384615384616,0.5576923076923077,0.4827586206896552,0.4523705959112657,0.4521887612542688,0.4802886981245557,0.39254385964912303
SYN_00072,garden-c,dev-003,chili,clay,2025-12-02 12:00:00+07:00,0.6374533001245329,0.4796511066941973,0.7763028515240905,0.657051282051282,0.7644230769230769,0.6634615384615384,0.8448275862068966,0.7179041054639139,0.7176342750698541,0.6508830444529499,0.7478070175438594
SYN_00073,garden-c,dev-003,rice,loam,2025-12-02 12:30:00+07:00,0.02661892901618941,0.7215607572219757,0.4670599803343166,0.6089743589743591,0.6201923076923077,0.6346153846153846,0.5862068965517241,0.6632984240639741,0.662992859360447,0.6310532742814442,0.44517543859649145
SYN_00074,garden-c,dev-003,default,loam,2025-12-02 13:00:00+07:00,0.3068181818181819,0.5739758013160687,0.3225172074729597,0.730769230769231,0.5144230769230769,0.5384615384615384,0.5517241379310345,0.4041891123230835,0.4042222912139087,0.4731441485774691,0.39254385964912303
SYN_00075,garden-a,dev-004,tomato,loam,2025-12-02 13:30:00+07:00,0.3827833125778331,0.576137087281218,0.34759095378564403,0.5576923076923078,0.5096153846153846,0.3942307692307692,0.4870689655172414,0.3937497908789774,0.39382179447376586,0.42254907321340696,0.5197368421052634
SYN_00076,garden-a,dev-003,rice,sandy,2025-12-02 14:00:00+07:00,0.5820361145703611,0.3374693657011636,0.14945919370698132,0.3076923076923079,0.375,0.2403846153846154,0.01293103448275862,0.12580720714692004,0.12589257994411673,0.1148960212878415,0.0
SYN_00077,garden-c,dev-002,rice,loam,2025-12-02 14:30:00+07:00,0.6125466998754671,0.7879431118658459,0.6553588987217306,0.28846153846153877,0.6826923076923077,0.5192307692307693,0.6896551724137931,0.5650617325258472,0.5648866811549208,0.5712723494996993,0.3092105263157897
SYN_00078,garden-c,dev-003,rice,loam,2025-12-02 15:00:00+07:00,0.6386986301369862,0.6323305223750989,0.6588003933136677,0.012820512820513113,0.6971153846153846,0.75,0.6896551724137931,0.4984106802288619,0.49844768705371,0.5300089306869338,0.5811403508771932
SYN_00079,garden-b,dev-003,chili,loam,2025-12-02 15:30:00+07:00,0.5801681195516812,0.5585380444221454,0.4277286135693215,0.923076923076923,0.375,0.41346153846153844,0.39655172413793105,0.2658011844614715,0.2657559764048432,0.3470209780013487,0.6206140350877195
SYN_00080,garden-b,dev-003,chili,loam,2025-12-02 16:00:00+07:00,0.5396948941469489,0.6405125335288783,0.42281219272369713,0.5897435897435898,0.41346153846153844,0.4519230769230769,0.5603448275862069,0.4148961086760129,0.41477801924868046,0.4429620719193686,0.5197368421052634
SYN_00081,garden-a,dev-003,default,clay,2025-12-02 16:30:00+07:00,0.46871108343711076,0.6156577449296617,0.5137659783677483,0.5160256410256413,0.5480769230769231,0.49038461538461536,0.6551724137931034,0.32816943821728506,0.32815895684570007,0.30357045218437306,0.4890350877192985
SYN_00082,garden-b,dev-001,chili,loam,2025-12-02 17:00:00+07:00,0.4188978829389787,0.4330290808745489,0.3780727630285152,0.7019230769230771,0.3894230769230769,0.2403846153846154,0.6379310344827587,0.3897346672466289,0.389475318224154,0.4770809411850474,0.81359649122807
SYN_00083,garden-b,dev-001,chili,loam,2025-12-02 17:30:00+07:00,0.4101805728518058,0.3955153316223153,0.44591937069813176,0.5897435897435898,0.3125,0.46153846153846156,0.6724137931034483,0.29256867534379494,0.2924557590810307,0.39499152496035866,0.6381578947368418
SYN_00084,garden-b,dev-003,chili,sandy,2025-12-02 18:00:00+07:00,0.4425591531755916,0.028096717546940424,0.30137659783677484,0.38461538461538486,0.5240384615384616,0.3942307692307692,0.20689655172413793,0.320139190952588,0.3202421608196212,0.3834727614048517,0.34868421052631604
SYN_00085,garden-c,dev-004,chili,clay,2025-12-02 18:30:00+07:00,0.3298567870485678,0.14990061943999536,0.25172074729596855,0.07051282051282069,0.2932692307692308,0.19230769230769232,0.38362068965517243,0.16167564492923342,0.1615957777087861,0.09652432245247598,0.0065789473684217835
SYN_00086,garden-a,dev-003,chili,loam,2025-12-02 19:00:00+07:00,0.4413138231631383,0.4648308600760309,0.45427728613569324,0.6282051282051283,0.4567307692307692,0.38461538461538464,0.4051724137931034,0.3616288018201893,0.36168891648556345,0.21083711520586143,0.44956140350877216
SYN_00087,garden-c,dev-002,rice,sandy,2025-12-02 19:30:00+07:00,0.39959526774595266,0.5745933115918257,0.32940019665683384,0.6153846153846154,0.5288461538461539,0.33653846153846156,0.40086206896551724,0.3086291698731889,0.3085998137224465,0.3200466582827564,0.6644736842105261
SYN_00088,garden-a,dev-003,chili,loam,2025-12-02 20:00:00+07:00,0.38527397260273966,0.5375426950464097,0.4365781710914454,0.6089743589743591,0.30288461538461536,0.4807692307692308,0.47844827586206895,0.32361896476729,0.3235020180068301,0.30721563052472345,0.5197368421052634
SYN_00089,garden-c,dev-002,rice,loam,2025-12-02 20:30:00+07:00,0.36846201743462015,0.8819590513498389,0.5845624385447394,0.6666666666666667,0.6826923076923077,0.6826923076923077,0.5474137931034483,0.5746980292434837,0.5746662527165476,0.47445641277999523,0.554824561403509
SYN_00090,garden-c,dev-001,rice,loam,2025-12-02 21:00:00+07:00,0.3728206724782067,0.45495069566392,0.49655850540806296,0.5897435897435898,0.4326923076923077,0.4807692307692308,0.5603448275862069,0.3514571552849064,0.35144365104004965,0.48451710499936207,0.7478070175438594
SYN_00091,garden-c,dev-001,default,clay,2025-12-02 21:30:00+07:00,0.2912515566625157,0.20254337044827384,0.34513274336283184,0.3365384615384617,0.47115384615384615,0.36538461538461536,0.25,0.3428915582025629,0.3427506985408258,0.4441285289882807,0.19078947368421076
SYN_00092,garden-c,dev-002,default,loam,2025-12-02 22:00:00+07:00,0.74392901618929,0.3919646475367129,0.5063913470993117,0.17628205128205146,0.6009615384615384,0.6923076923076923,0.47844827586206895,0.47057248971124566,0.4706612853151195,0.5109081961834983,0.4846491228070178
SYN_00093,garden-b,dev-004,rice,loam,2025-12-02 22:30:00+07:00,0.5309775840597758,0.31493024063603553,0.17699115044247787,0.4455128205128208,0.22115384615384615,0.4230769230769231,0.375,0.27169003245558265,0.2716547656007451,0.1739479104015164,0.5504385964912283
SYN_00094,garden-a,dev-003,rice,loam,2025-12-02 23:00:00+07:00,0.5870174346201744,0.7298971459446942,0.5688298918387414,0.5032051282051284,0.35096153846153844,0.625,0.2974137931034483,0.2534881386556027,0.25333747283452346,0.20281772285709077,0.5942982456140353
SYN_00095,garden-a,dev-003,chili,loam,2025-12-02 23:30:00+07:00,0.5179016189290163,0.5403214912873159,0.69960668633235,0.6891025641025643,0.7163461538461539,0.7980769230769231,0.603448275862069,0.7055910596580451,0.7053710027941632,0.7545519164525124,0.5504385964912283
SYN_00096,garden-a,dev-001,chili,loam,2025-12-03 00:00:00+07:00,0.47867372353673715,0.7294340132378765,0.4247787610619469,0.41987179487179516,0.4182692307692308,0.36538461538461536,0.4482758620689655,0.17960986382039013,0.17944737659112078,0.08515136603058303,0.5504385964912283
SYN_00097,garden-b,dev-001,chili,sandy,2025-12-03 00:30:00+07:00,0.3267434620174347,0.11269562532564019,0.16224188790560473,0.35576923076923106,0.42788461538461536,0.3557692307692308,0.4956896551724138,0.2567002375614815,0.2565973300217324,0.20631709406382706,0.12061403508771955
SYN_00098,garden-c,dev-001,tomato,loam,2025-12-03 01:00:00+07:00,0.32923412204234126,0.5427915323903436,0.25958702064896755,0.10576923076923105,0.3125,0.3076923076923077,0.20689655172413793,0.12045370897045535,0.12045948463210183,0.1318096487870669,0.28289473684210553
SYN_00099,garden-b,dev-002,rice,loam,2025-12-03 01:30:00+07:00,0.7171544209215442,0.7294340132378765,0.5801376597836775,0.3814102564102567,0.4423076923076923,0.5865384615384616,0.5258620689655172,0.5107237260347307,0.5105557280347718,0.5222811526053912,0.37061403508771956
SYN_00100,garden-a,dev-001,default,sandy,2025-12-03 02:00:00+07:00,0.4269925280199253,0.4063217614480616,0.1735496558505408,0.7243589743589743,0.25,0.18269230769230768,0.1853448275862069,0.07334292501756616,0.07326917106488669,0.11197987861556126,0.36184210526315813
SYN_00101,garden-b,dev-004,rice,sandy,2025-12-03 02:30:00+07:00,0.7283623910336239,0.4521718994230138,0.2576204523107178,0.3782051282051286,0.4182692307692308,0.23076923076923078,0.36637931034482757,0.3883962927025127,0.38838869916175095,0.3898882752838682,0.42763157894736864
SYN_00102,garden-c,dev-003,rice,clay,2025-12-03 03:00:00+07:00,0.4587484433374843,0.8097103490862777,0.5550639134709932,0.34615384615384637,0.4567307692307692,0.7307692307692307,0.6163793103448276,0.46013316826713946,0.4601055572803477,0.3031330307835311,0.8004385964912278
SYN_00103,garden-a,dev-001,default,clay,2025-12-03 03:30:00+07:00,0.4008405977584059,0.3584647150768993,0.28023598820059,0.48717948717948745,0.3557692307692308,0.40384615384615385,0.1939655172413793,0.1983471074380165,0.19823036324122945,0.181675688483059,0.4539473684210529
SYN_00104,garden-b,dev-004,default,loam,2025-12-03 04:00:00+07:00,0.5372042341220423,0.41990698751471406,0.5,0.6858974358974361,0.6538461538461539,0.625,0.5862068965517241,0.5819252517817111,0.5818068922694815,0.532925073359214,0.6732456140350874
SYN_00105,garden-a,dev-002,default,clay,2025-12-03 04:30:00+07:00,0.3068181818181819,0.5259643773759672,0.44296951819075714,0.45512820512820523,0.5817307692307693,0.5576923076923077,0.47844827586206895,0.4020477130524977,0.4020490530891027,0.47985127672371364,0.5504385964912283
SYN_00106,garden-b,dev-002,default,clay,2025-12-03 05:00:00+07:00,0.6548879202988792,0.4053954960344262,0.795968534906588,0.6666666666666667,0.7163461538461539,0.7884615384615384,0.7931034482758621,0.839160839160839,0.8390251474697299,0.6590482439353345,0.5723684210526319
SYN_00107,garden-c,dev-002,tomato,loam,2025-12-03 05:30:00+07:00,0.5521481942714819,0.2550317438876131,0.6027531956735497,0.6025641025641026,0.7259615384615384,0.7307692307692307,0.6206896551724138,0.5559607856258573,0.555883266066439,0.45943827801775194,0.6864035087719296
SYN_00108,garden-a,dev-001,chili,loam,2025-12-03 06:00:00+07:00,0.22275840597758406,1.0,0.6101278269419862,0.2820512820512822,0.5,0.6826923076923077,0.5258620689655172,0.42158798139659376,0.4214529649177274,0.31727632274409023,0.33552631578947395
SYN_00109,garden-c,dev-002,default,clay,2025-12-03 06:30:00+07:00,0.5029576587795765,0.4280889986684934,0.29646017699115046,0.5064102564102566,0.20192307692307693,0.27884615384615385,0.40948275862068967,0.12152440860574829,0.12139087239987581,0.18925765943098766,0.46271929824561425
SYN_00110,garden-b,dev-001,tomato,loam,2025-12-03 07:00:00+07:00,0.4905043586550436,0.6514733409235638,0.4478859390363815,0.4807692307692309,0.5769230769230769,0.40384615384615385,0.47413793103448276,0.3742095225348813,0.37426265135051223,0.41992454480835467,0.4978070175438599
SYN_00111,garden-c,dev-003,rice,loam,2025-12-03 07:30:00+07:00,0.6237546699875467,0.3965959746048899,0.38692232055063913,0.47756410256410275,0.4375,0.5,0.3448275862068966,0.48609763442299314,0.4860291834833902,0.4315891154974757,0.39692982456140374
SYN_00112,garden-b,dev-004,rice,sandy,2025-12-03 08:00:00+07:00,0.5029576587795765,0.7626251905598116,0.275811209439528,0.560897435897436,0.36538461538461536,0.2692307692307692,0.39655172413793105,0.15177167330277377,0.15181620614715927,0.21142034374031748,0.2565789473684213
SYN_00113,garden-b,dev-002,tomato,loam,2025-12-03 08:30:00+07:00,0.5066936488169363,0.247004110302773,0.5776794493608652,0.6025641025641026,0.6682692307692307,0.625,0.6206896551724138,0.5746980292434837,0.5745110214219186,0.7090600907649407,0.4057017543859652
SYN_00114,garden-a,dev-003,chili,clay,2025-12-03 09:00:00+07:00,0.7644769613947697,0.48181239265934656,0.443952802359882,0.6185897435897438,0.6153846153846154,0.5192307692307693,0.5387931034482759,0.6062836684846252,0.6060229742316051,0.5355496017642662,0.708333333333333
SYN_00115,garden-a,dev-001,default,loam,2025-12-03 09:30:00+07:00,0.4425591531755916,0.6364987167364581,0.6425762045231072,0.2724358974358978,0.6490384615384616,0.6923076923076923,0.6724137931034483,0.6191320641081405,0.6190624029804408,0.6040789545628519,0.739035087719298
SYN_00116,garden-a,dev-002,chili,sandy,2025-12-03 10:00:00+07:00,0.39150062266500624,0.39397155593292293,0.30973451327433627,0.6506410256410258,0.20673076923076922,0.27884615384615385,0.3103448275862069,0.1638170441998193,0.16392424712822104,0.23912369912697976,0.541666666666667
SYN_00117,garden-b,dev-002,tomato,loam,2025-12-03 10:30:00+07:00,0.5621108343711082,0.6070126010690646,0.5535889872173058,0.5128205128205131,0.5769230769230769,0.41346153846153844,0.5560344827586207,0.40900726068190174,0.4090344613474076,0.3432299925273844,0.5241228070175441
SYN_00118,garden-a,dev-004,default,loam,2025-12-03 11:00:00+07:00,0.7974782067247818,0.4172825688427471,0.5245821042281219,0.6794871794871796,0.40384615384615385,0.49038461538461536,0.41379310344827586,0.41436075885836643,0.4143123253647935,0.44675305739333293,0.4846491228070178
SYN_00119,garden-c,dev-003,rice,clay,2025-12-03 11:30:00+07:00,0.5789227895392278,0.4365797649601513,0.5766961651917404,0.5288461538461541,0.4182692307692308,0.4519230769230769,0.47844827586206895,0.5399002910964632,0.5397392114250232,0.49661909708932506,0.6206140350877195
SYN_00120,garden-b,dev-002,rice,loam,2025-12-03 12:00:00+07:00,0.5521481942714819,0.4816580150904074,0.24336283185840707,0.35576923076923106,0.375,0.34615384615384615,0.4827586206896552,0.2061096797938903,0.2059919279726793,0.16257495397962343,0.40131578947368446
SYN_00121,garden-c,dev-002,rice,loam,2025-12-03 12:30:00+07:00,0.2538916562889166,0.5908029563304452,0.5496558505408063,0.5673076923076925,0.6682692307692307,0.5,0.5474137931034483,0.6782882189580752,0.6782055262340887,0.7417208886944793,0.4890350877192985
SYN_00122,garden-b,dev-002,rice,sandy,2025-12-03 13:00:00+07:00,0.6374533001245329,0.5574574014395708,0.29646017699115046,0.9775641025641025,0.19230769230769232,0.21153846153846154,0.36637931034482757,0.17960986382039013,0.17960260788574978,0.045200211420343736,0.3574561403508774
SYN_00123,garden-c,dev-004,rice,sandy,2025-12-03 13:30:00+07:00,0.6399439601494396,0.37946006445263497,0.2935103244837758,0.698717948717949,0.30288461538461536,0.4326923076923077,0.2543103448275862,0.14400910094689998,0.1440546414157094,0.16359560391492153,0.34868421052631604
SYN_00124,garden-c,dev-003,rice,sandy,2025-12-03 14:00:00+07:00,0.6598692403486923,0.6653673221280948,0.35644051130776794,0.42628205128205143,0.3317307692307692,0.22115384615384615,0.49137931034482757,0.1905845350821427,0.19046879850977957,0.3067782091238814,0.5899122807017546
SYN_00125,garden-a,dev-004,default,loam,2025-12-03 14:30:00+07:00,0.27132627646326285,0.17135910152254877,0.2055063913470993,0.5544871794871797,0.23557692307692307,0.28846153846153844,0.3620689655172414,0.19888245725566298,0.19869605712511643,0.2276049355714728,0.0460526315789481
SYN_00126,garden-a,dev-002,default,loam,2025-12-03 15:00:00+07:00,0.18166251556662516,0.5775264854016711,0.6091445427728613,0.4903846153846156,0.4326923076923077,0.6538461538461539,0.7801724137931034,0.5120621005788468,0.5121080409810618,0.5531922649315617,0.598684210526316
SYN_00127,garden-c,dev-001,default,sandy,2025-12-03 15:30:00+07:00,0.6436799501867996,0.260280581231547,0.0024582104228121925,0.5897435897435898,0.17307692307692307,0.2403846153846154,0.3146551724137931,0.08752969518519757,0.08755045017075443,0.0941914083146518,0.43201754385964936
SYN_00128,garden-c,dev-003,default,loam,2025-12-03 16:00:00+07:00,0.4855230386052303,0.4067848941548793,0.39331366764995085,0.6506410256410258,0.39903846153846156,0.34615384615384615,0.33620689655172414,0.3846488439789874,0.38466314809065505,0.3276286292306851,0.6030701754385968
SYN_00129,garden-a,dev-002,default,loam,2025-12-03 16:30:00+07:00,0.7034557907845578,0.4120337314988132,0.4410029498525074,0.5032051282051284,0.5865384615384616,0.5,0.6163793103448276,0.48582995951416996,0.48571872089413226,0.40330253157635737,0.4758771929824564
SYN_00130,garden-a,dev-001,default,loam,2025-12-03 17:00:00+07:00,0.388387297633873,0.2820478184519789,0.7015732546705998,0.7596153846153847,0.5625,0.6923076923076923,0.45689655172413796,0.6180613644728475,0.6181310152126669,0.4928281116153607,0.3267543859649125
SYN_00131,garden-a,dev-004,chili,sandy,2025-12-03 17:30:00+07:00,0.6692092154420922,0.48459118890025277,0.19862340216322516,0.3910256410256411,0.3173076923076923,0.2403846153846154,0.22844827586206898,0.1654230936527587,0.165321328779882,0.18634151675870742,0.6995614035087717
SYN_00132,garden-b,dev-003,tomato,sandy,2025-12-03 18:00:00+07:00,0.7040784557907845,0.38378263638293353,0.35889872173058013,0.6057692307692311,0.46634615384615385,0.5096153846153846,0.5474137931034483,0.442466624284806,0.442253958398013,0.4094264311881458,0.4846491228070178
SYN_00133,garden-a,dev-004,default,loam,2025-12-03 18:30:00+07:00,0.5658468244084683,0.2740201848671388,0.3952802359882006,0.4935897435897437,0.4375,0.4519230769230769,0.22413793103448276,0.2607153611938301,0.2606333436820863,0.16899046785863997,0.5679824561403511
SYN_00134,garden-a,dev-004,rice,loam,2025-12-03 19:00:00+07:00,0.45376712328767127,0.6128789486887555,0.9242871189773845,0.5512820512820513,0.8701923076923077,0.9038461538461539,0.6120689655172413,0.9007260681901829,0.9004967401428128,0.9887181730366157,0.5679824561403511
SYN_00135,garden-b,dev-004,chili,clay,2025-12-03 19:30:00+07:00,0.7694582814445828,0.2550317438876131,0.23697148475909538,0.7179487179487181,0.34615384615384615,0.3269230769230769,0.4353448275862069,0.3252250142202294,0.32505433095312014,0.2515173054841708,0.2653508771929827
SYN_00136,garden-a,dev-001,rice,sandy,2025-12-03 20:00:00+07:00,0.6978518057285179,0.47224098338511417,0.316125860373648,0.25641025641025655,0.38461538461538464,0.4326923076923077,0.625,0.25107906447619366,0.2511642347097175,0.2668270545136421,0.48026315789473706
SYN_00137,garden-a,dev-002,rice,loam,2025-12-03 20:30:00+07:00,0.5154109589041095,0.7328303197545396,0.7384464110127827,0.47756410256410275,0.6105769230769231,0.7307692307692307,0.7844827586206896,0.7117475825609796,0.7115802545793232,0.7147465689758871,0.5504385964912283
SYN_00138,garden-c,dev-003,chili,sandy,2025-12-03 21:00:00+07:00,0.20781444582814457,0.2673819494027518,0.4169124877089479,0.38461538461538486,0.4230769230769231,0.36538461538461536,0.5,0.3222805902231739,0.32226016764979815,0.24131080613118996,0.34868421052631604
SYN_00139,garden-c,dev-004,rice,sandy,2025-12-03 21:30:00+07:00,0.43757783312577825,0.47795295343586575,0.25417895771878074,0.730769230769231,0.22115384615384615,0.27884615384615385,0.40948275862068967,0.16729681801452134,0.16733933561005898,0.13589224852825924,0.4758771929824564
SYN_00140,garden-a,dev-004,default,clay,2025-12-03 22:00:00+07:00,0.6984744707347447,0.4033885876382161,0.7935103244837758,0.4647435897435899,0.8317307692307693,0.8365384615384616,0.9310344827586207,0.8308629169873188,0.8306426575597641,0.9423515045473599,0.5328947368421055
SYN_00141,garden-a,dev-001,default,loam,2025-12-03 22:30:00+07:00,0.4593711083437111,0.6618166380424924,0.3928220255653884,0.27564102564102594,0.5048076923076923,0.33653846153846156,0.22844827586206898,0.16328169438217283,0.16330332194970507,0.03893050467494122,0.4934210526315792
SYN_00142,garden-a,dev-002,default,clay,2025-12-03 23:00:00+07:00,0.9325965130759649,0.3425638254761583,0.9414945919370699,1.0,1.0,0.9615384615384616,0.8663793103448276,1.0,1.0,1.0,0.37938596491228094
SYN_00143,garden-c,dev-003,rice,loam,2025-12-03 23:30:00+07:00,0.4282378580323786,0.8157310742749079,0.7015732546705998,0.387820512820513,0.5721153846153846,0.6923076923076923,0.7629310344827587,0.6204704386522568,0.6203042533374727,0.7581970947928627,0.5811403508771932
SYN_00144,garden-c,dev-004,rice,sandy,2025-12-04 00:00:00+07:00,0.45688044831880453,0.5485035024410952,0.4754178957718781,0.7532051282051284,0.40865384615384615,0.4519230769230769,0.31896551724137934,0.3022049720614314,0.30208009934802854,0.2930723385641642,0.39254385964912303
SYN_00145,garden-b,dev-002,chili,loam,2025-12-04 00:30:00+07:00,0.6418119551681195,0.6574940661121939,0.7767944936086529,0.8814102564102564,0.6490384615384616,0.7211538461538461,0.646551724137931,0.623147187740489,0.6230984166407948,0.6244919532688137,0.5504385964912283
SYN_00146,garden-c,dev-002,default,sandy,2025-12-04 01:00:00+07:00,0.5888854296388542,0.3380868759769205,0.4749262536873156,0.7211538461538463,0.4951923076923077,0.6442307692307693,0.35344827586206895,0.30969986950848183,0.3095312014902204,0.31290210873566987,0.48026315789473706
SYN_00147,garden-a,dev-003,chili,loam,2025-12-04 01:30:00+07:00,0.34231008717310096,0.393354045657166,0.30973451327433627,0.5096153846153847,0.3125,0.4326923076923077,0.2801724137931034,0.17746846454980425,0.1775846010555728,0.20150545865456465,0.6600877192982454
SYN_00148,garden-b,dev-001,default,loam,2025-12-04 02:00:00+07:00,0.35849937733499376,0.5451071959244321,0.21042281219272368,0.2788461538461541,0.375,0.2980769230769231,0.11637931034482758,0.015525144711747575,0.015523129462899717,0.11708312829205168,0.2872807017543862
SYN_00149,garden-c,dev-004,default,loam,2025-12-04 02:30:00+07:00,0.5160336239103362,0.4396673163389359,0.4193706981317601,0.7115384615384616,0.6153846153846154,0.36538461538461536,0.41379310344827586,0.5698798808846655,0.5696988512884197,0.6373229810268467,0.6469298245614032
SYN_00150,garden-c,dev-004,default,sandy,2025-12-04 03:00:00+07:00,0.43570983810709846,0.586789139538025,0.23697148475909538,0.3685897435897439,0.30288461538461536,0.40384615384615385,0.5689655172413793,0.2342155452203299,0.2340887923005278,0.2961342883700585,0.4583333333333336
SYN_00151,garden-b,dev-001,default,clay,2025-12-04 03:30:00+07:00,0.4182752179327522,0.7522818934408829,0.316125860373648,0.3589743589743592,0.22596153846153846,0.21153846153846154,0.5043103448275862,0.17265031619098603,0.17246196833281588,0.21841908615379005,0.15570175438596515
SYN_00152,garden-b,dev-001,default,loam,2025-12-04 04:00:00+07:00,0.6025840597758406,0.49694139441539137,0.5806293018682399,0.6346153846153848,0.5673076923076923,0.7403846153846154,0.5991379310344828,0.6914042894904138,0.6912449549829245,0.591539541072047,0.5285087719298248
SYN_00153,garden-c,dev-004,chili,sandy,2025-12-04 04:30:00+07:00,0.23521170610211703,0.40446923062079077,0.3416912487708948,0.4423076923076924,0.23076923076923078,0.4230769230769231,0.43103448275862066,0.24786696557031482,0.24790437752250852,0.23795724205806765,0.31359649122807043
SYN_00154,garden-a,dev-001,rice,loam,2025-12-04 05:00:00+07:00,0.651774595267746,0.5806140367804558,0.3697148475909538,0.5641025641025641,0.4807692307692308,0.41346153846153844,0.45689655172413796,0.37180044835547216,0.37162371934181926,0.3589771629576977,0.5942982456140353
SYN_00155,garden-b,dev-001,chili,loam,2025-12-04 05:30:00+07:00,0.44380448318804483,0.6425194419250883,0.8947885939036382,0.7211538461538463,0.7836538461538461,0.875,0.9008620689655172,0.8110549737343994,0.8110835144365103,0.8340168042721489,0.6469298245614032
SYN_00156,garden-b,dev-003,chili,sandy,2025-12-04 06:00:00+07:00,0.3024595267745953,0.3371606105632851,0.2910521140609636,0.5801282051282054,0.3269230769230769,0.4230769230769231,0.46551724137931033,0.37367417271723485,0.37364172617199626,0.32237957242058063,0.7214912280701752
SYN_00157,garden-b,dev-004,default,loam,2025-12-04 06:30:00+07:00,0.3174034869240348,0.6767912622295981,0.811701081612586,0.1121794871794876,0.8269230769230769,0.8461538461538461,0.7198275862068966,0.7858935323050155,0.7856255821173548,0.688063863524523,0.8530701754385962
SYN_00158,garden-c,dev-004,tomato,sandy,2025-12-04 07:00:00+07:00,0.8111768368617684,0.26537504100654175,0.319567354965585,0.6506410256410258,0.2692307692307692,0.41346153846153844,0.34051724137931033,0.22752367249974903,0.22741384663148093,0.2872400532196037,0.36184210526315813
SYN_00159,garden-c,dev-004,rice,sandy,2025-12-04 07:30:00+07:00,0.6119240348692403,0.41326875205032704,0.45132743362831856,0.20512820512820554,0.32211538461538464,0.5096153846153846,0.5560344827586207,0.35734600327901755,0.3571872089413225,0.3639346055005741,0.6030701754385968
SYN_00160,garden-b,dev-004,chili,loam,2025-12-04 08:00:00+07:00,0.2912515566625157,0.3252735377549642,0.8933136676499508,0.33333333333333354,0.8509615384615384,0.7692307692307693,0.5603448275862069,0.7992772777461771,0.7991307047500775,0.6336778026864964,0.35307017543859676
SYN_00161,garden-c,dev-003,default,sandy,2025-12-04 08:30:00+07:00,0.6206413449564134,0.45587696107755543,0.10471976401179942,0.4070512820512824,0.03365384615384615,0.125,0.4482758620689655,0.0939538929969552,0.09407016454517232,0.14172453387281972,0.4407894736842108
SYN_00162,garden-c,dev-002,default,loam,2025-12-04 09:00:00+07:00,0.31615815691158156,0.4836649234866173,0.4252704031465093,0.25961538461538497,0.5192307692307693,0.5576923076923077,0.5086206896551724,0.5005520794994478,0.500465693883887,0.3397306213206481,0.7521929824561401
SYN_00163,garden-a,dev-003,default,clay,2025-12-04 09:30:00+07:00,0.4139165628891656,0.7138418787750139,0.5752212389380531,0.7243589743589743,0.6346153846153846,0.5961538461538461,0.49137931034482757,0.6258239368287215,0.6255821173548588,0.5746259135728214,0.7521929824561401
SYN_00164,garden-c,dev-001,default,clay,2025-12-04 10:00:00+07:00,0.4425591531755916,0.42531020242758727,0.6789577187807276,0.49679487179487186,0.7451923076923077,0.4807692307692308,0.5517241379310345,0.7205808545521463,0.720583669667805,0.7147465689758871,0.8311403508771927
SYN_00165,garden-b,dev-004,default,loam,2025-12-04 10:30:00+07:00,0.7451743462017434,0.4711603404025395,0.47000983284169123,0.7564102564102566,0.6490384615384616,0.5961538461538461,0.7413793103448276,0.5468598387258673,0.5467246196833281,0.5521716149962637,0.5592105263157897
SYN_00166,garden-a,dev-003,default,clay,2025-12-04 11:00:00+07:00,0.3971046077210461,0.7068948881727485,0.47099311701081614,0.8942307692307693,0.5192307692307693,0.4326923076923077,0.4267241379310345,0.5254458460200087,0.5253027010245265,0.46483314196147046,0.38815789473684237
SYN_00167,garden-c,dev-003,rice,loam,2025-12-04 11:30:00+07:00,0.7096824408468244,0.4916925570714575,0.4351032448377581,0.28846153846153877,0.5096153846153846,0.36538461538461536,0.5862068965517241,0.3900023421554521,0.3897857808134119,0.3276286292306851,0.5328947368421055
SYN_00168,garden-c,dev-002,chili,loam,2025-12-04 12:00:00+07:00,0.28813823163138236,0.36417668512765095,0.5958702064896755,0.6410256410256411,0.6298076923076923,0.6634615384615384,0.5991379310344828,0.5688091812493725,0.5686122322260168,0.6400933165655128,0.2872807017543862
SYN_00169,garden-c,dev-004,chili,loam,2025-12-04 12:30:00+07:00,0.18353051058530517,0.5092915999305301,0.428220255653884,0.5192307692307694,0.3894230769230769,0.4423076923076923,0.6293103448275862,0.388663967611336,0.38854393045637997,0.43333880110084383,0.7653508771929822
SYN_00170,garden-c,dev-001,rice,clay,2025-12-04 13:00:00+07:00,0.35912204234122047,0.667528608093244,0.24237954768928222,0.3814102564102567,0.14423076923076922,0.25961538461538464,0.4224137931034483,0.03105028942349516,0.03104625892579944,0.04942861829515009,0.19517543859649147
SYN_00171,garden-a,dev-004,default,clay,2025-12-04 13:30:00+07:00,0.46186176836861764,0.8924567260377066,1.0,0.7115384615384616,1.0,0.9807692307692307,1.0,0.9307056579783851,0.9306116113008382,0.8427652322889897,0.01973684210526389
SYN_00172,garden-c,dev-002,rice,loam,2025-12-04 14:00:00+07:00,0.5658468244084683,0.3617066440246232,0.6494591937069814,0.2788461538461541,0.8413461538461539,0.5865384615384616,0.7758620689655172,0.5484658881788067,0.5482769326296181,0.6310532742814442,0.554824561403509
SYN_00173,garden-a,dev-004,tomato,clay,2025-12-04 14:30:00+07:00,1.0,0.24190965052777832,0.6406096361848574,0.43910256410256426,0.5913461538461539,0.6153846153846154,0.39655172413793105,0.6349248837287114,0.6347407637379695,0.6335319955528823,0.31798245614035114
SYN_00174,garden-b,dev-004,chili,loam,2025-12-04 15:00:00+07:00,0.43944582814445826,0.46050828814573236,0.5486725663716814,0.19551282051282085,0.4326923076923077,0.6634615384615384,0.4698275862068966,0.5540870612640947,0.553865259236262,0.4518563070698234,0.6337719298245612
SYN_00175,garden-a,dev-004,tomato,clay,2025-12-04 15:30:00+07:00,0.3005915317559153,0.3102989135678586,0.4690265486725664,0.23717948717948745,0.8173076923076923,0.7019230769230769,0.46551724137931033,0.7869642319403084,0.7867122011797577,0.7417208886944793,0.5504385964912283
SYN_00176,garden-b,dev-003,chili,sandy,2025-12-04 16:00:00+07:00,0.7408156911581568,0.23156635340884968,0.6543756145526057,0.5897435897435898,0.5913461538461539,0.6442307692307693,0.7112068965517241,0.46736039080536684,0.46724619683328156,0.5479432081214572,0.5153508771929827
SYN_00177,garden-c,dev-003,tomato,clay,2025-12-04 16:30:00+07:00,0.7264943960149439,0.886744755986955,0.668141592920354,0.7884615384615384,0.6875,0.6634615384615384,0.5646551724137931,0.5112590758523772,0.5111766532132878,0.4578343995479979,0.4846491228070178
SYN_00178,garden-c,dev-001,rice,sandy,2025-12-04 17:00:00+07:00,0.4892590286425903,0.461588931128307,0.4473942969518191,0.5416666666666669,0.3942307692307692,0.5096153846153846,0.07758620689655173,0.20557432997624384,0.20568146538342127,0.18823700949568956,0.6469298245614032
SYN_00179,garden-c,dev-001,default,loam,2025-12-04 17:30:00+07:00,0.6343399750933997,0.5214874278767295,0.5545722713864307,0.6923076923076924,0.3317307692307692,0.4326923076923077,0.3793103448275862,0.4100779603171947,0.40996584911518164,0.5009933110977454,0.7521929824561401
SYN_00180,garden-b,dev-002,rice,sandy,2025-12-04 18:00:00+07:00,0.4176525529265254,0.5140773045676462,0.36430678466076694,0.5833333333333335,0.40865384615384615,0.23076923076923078,0.29310344827586204,0.09850436644695017,0.09857187208941322,0.18211310988390106,0.5723684210526319
SYN_00181,garden-a,dev-002,default,sandy,2025-12-04 18:30:00+07:00,0.25326899128269004,0.25364234576716,0.08603736479842675,0.30448717948717974,0.052884615384615384,0.15384615384615385,0.14655172413793102,0.09020644427342991,0.09003415088481839,0.03397306213206481,0.19078947368421076
SYN_00182,garden-a,dev-002,rice,sandy,2025-12-04 19:00:00+07:00,0.4002179327521794,0.5157754578259778,0.4444444444444444,0.5737179487179488,0.3173076923076923,0.47115384615384615,0.5862068965517241,0.09181249372636932,0.09189692642036636,0.052490568101044334,0.5899122807017546
SYN_00183,garden-a,dev-001,rice,clay,2025-12-04 19:30:00+07:00,0.46497509339975096,0.7786804577294918,0.6873156342182891,0.903846153846154,0.8173076923076923,0.6923076923076923,0.5258620689655172,0.6641014487904439,0.663769015833592,0.5636903785517706,0.6118421052631582
SYN_00184,garden-a,dev-003,chili,sandy,2025-12-04 20:00:00+07:00,0.8616127023661269,0.41450377260184096,0.31170108161258603,0.4935897435897437,0.33653846153846156,0.3269230769230769,0.2629310344827586,0.35975507745842666,0.3595156783607575,0.33900158565257804,0.6250000000000002
SYN_00185,garden-a,dev-001,tomato,sandy,2025-12-04 20:30:00+07:00,0.5745641344956413,0.28081279790046504,0.22861356932153393,0.4711538461538462,0.22115384615384615,0.3269230769230769,0.3620689655172414,0.2435841670291431,0.24355790127289662,0.2647857546430459,0.34868421052631604
SYN_00186,garden-c,dev-003,chili,loam,2025-12-04 21:00:00+07:00,0.5403175591531756,0.5616255958009301,0.5486725663716814,0.36217948717948734,0.5288461538461539,0.5865384615384616,0.45689655172413796,0.49439555659651346,0.49425644209872704,0.6011628118905717,0.7214912280701752
SYN_00187,garden-b,dev-003,chili,sandy,2025-12-04 21:30:00+07:00,0.8398194271481945,0.434418478995002,0.5206489675516224,0.6089743589743591,0.375,0.5865384615384616,0.6336206896551724,0.320139190952588,0.3202421608196212,0.47562286984890734,0.6250000000000002
SYN_00188,garden-b,dev-004,default,sandy,2025-12-04 22:00:00+07:00,0.594489414694894,0.2715501437641111,0.3893805309734513,0.5000000000000003,0.27884615384615385,0.375,0.3577586206896552,0.3158563924114163,0.3157404532753803,0.3274828220970711,0.708333333333333
SYN_00189,garden-c,dev-003,default,clay,2025-12-04 22:30:00+07:00,0.6959838107098382,0.7138418787750139,0.724188790560472,0.5576923076923078,0.6971153846153846,0.5576923076923077,0.8405172413793104,0.7050557098403987,0.7049053089102763,0.7793391291668944,0.44517543859649145
SYN_00190,garden-b,dev-001,default,sandy,2025-12-04 23:00:00+07:00,0.38651930261519296,0.3839370139518728,0.3687315634218289,0.20512820512820554,0.5144230769230769,0.75,0.34913793103448276,0.3287047880349315,0.32877988202421604,0.3566442488198735,0.2478070175438599
SYN_00191,garden-a,dev-001,chili,clay,2025-12-04 23:30:00+07:00,0.529109589041096,0.5380058277532275,0.45476892822025566,0.4423076923076924,0.4230769230769231,0.4230769230769231,0.31896551724137934,0.2604476862850068,0.2603228810928283,0.26901416151785223,0.5065789473684214
SYN_00192,garden-b,dev-004,default,clay,2025-12-05 00:00:00+07:00,0.9780510585305107,0.40493236332760846,0.7261553588987217,0.6346153846153848,0.7019230769230769,0.7596153846153846,0.5689655172413793,0.6691872720580854,0.6690468798509779,0.724953068328868,0.598684210526316
SYN_00193,garden-c,dev-002,rice,loam,2025-12-05 00:30:00+07:00,0.3697073474470734,0.5406302464251944,0.4198623402163225,0.40064102564102577,0.6538461538461539,0.5576923076923077,0.41379310344827586,0.40981028540837144,0.4096553865259236,0.4455866003244208,0.4890350877192985
SYN_00194,garden-a,dev-002,chili,sandy,2025-12-05 01:00:00+07:00,0.5378268991282689,0.1426448736998514,0.21730580137659783,0.6089743589743591,0.4423076923076923,0.4230769230769231,0.34051724137931033,0.32629571385552236,0.3262961813101521,0.31625567280879213,0.304824561403509
SYN_00195,garden-c,dev-003,default,sandy,2025-12-05 01:30:00+07:00,0.625,0.1395573223210667,0.443952802359882,0.6057692307692311,0.5769230769230769,0.5384615384615384,0.6379310344827587,0.5366881921905844,0.5366345855324433,0.4244445659503891,0.31359649122807043
SYN_00196,garden-a,dev-004,default,clay,2025-12-05 02:00:00+07:00,0.6374533001245329,0.3379324984079813,0.5978367748279253,0.48717948717948745,0.6538461538461539,0.5865384615384616,0.5991379310344828,0.4668250409877204,0.4666252716547655,0.4776641697195035,0.4890350877192985
SYN_00197,garden-c,dev-001,default,loam,2025-12-05 02:30:00+07:00,0.3659713574097136,0.3731305841261265,0.6415929203539823,0.4743589743589746,0.6538461538461539,0.5384615384615384,0.6120689655172413,0.48074413624652845,0.48075131946600436,0.5981008620846775,0.4934210526315792
SYN_00198,garden-b,dev-001,default,sandy,2025-12-05 03:00:00+07:00,0.6119240348692403,0.44908434804422914,0.5452310717797444,0.3397435897435901,0.5048076923076923,0.5192307692307693,0.5862068965517241,0.3404824840231538,0.3404222291213908,0.3719539978493448,0.7258771929824559
SYN_00199,garden-c,dev-002,tomato,sandy,2025-12-05 03:30:00+07:00,0.359744707347447,0.19281758360510218,0.4296951819075713,0.36538461538461575,0.5192307692307693,0.34615384615384615,0.5646551724137931,0.39776491451132595,0.3975473455448618,0.4186122806058286,0.2565789473684213
SYN_00200,garden-a,dev-004,tomato,loam,2025-12-05 04:00:00+07:00,0.5266189290161892,0.28961231933000137,0.39233038348082594,0.4519230769230771,0.33653846153846156,0.34615384615384615,0.4698275862068966,0.25964466155853716,0.25954672461968337,0.25180891975139885,0.5065789473684214
SYN_00201,garden-a,dev-004,tomato,clay,2025-12-05 04:30:00+07:00,0.17854919053549187,0.4666833909033017,1.0,0.5128205128205131,1.0,1.0,1.0,1.0,1.0,1.0,0.554824561403509
SYN_00202,garden-b,dev-003,tomato,sandy,2025-12-05 05:00:00+07:00,1.0,0.15761949788695703,0.29891838741396265,0.637820512820513,0.5432692307692307,0.3076923076923077,0.5301724137931034,0.32683106367316883,0.3267618751940391,0.31713051561047617,0.14254385964912306
SYN_00203,garden-a,dev-004,chili,sandy,2025-12-05 05:30:00+07:00,0.37966998754669984,0.3044325659481677,0.43952802359882004,0.5288461538461541,0.4567307692307692,0.375,0.6120689655172413,0.3257603640378759,0.32552002483700715,0.3579565130223996,0.36184210526315813
SYN_00204,garden-b,dev-001,default,clay,2025-12-05 06:00:00+07:00,0.7377023661270236,0.5586924219910846,0.9355948869223205,0.3493589743589745,0.6875,0.9711538461538461,0.7974137931034483,0.8843978987519656,0.884197454206768,0.9346237264658173,0.5592105263157897
SYN_00205,garden-a,dev-002,default,loam,2025-12-05 06:30:00+07:00,0.46933374844333753,0.2678450821095695,0.28220255653883974,0.34294871794871823,0.5336538461538461,0.19230769230769232,0.28448275862068967,0.32790176330846177,0.32769326296181306,0.2872400532196037,0.2521929824561406
SYN_00206,garden-b,dev-003,rice,clay,2025-12-05 07:00:00+07:00,0.4761830635118306,0.6028444067077053,0.6902654867256637,0.5192307692307694,0.4951923076923077,0.5865384615384616,0.5991379310344828,0.5647940576170241,0.5645762185656629,0.5018681538994295,0.9188596491228068
SYN_00207,garden-a,dev-004,rice,loam,2025-12-05 07:30:00+07:00,0.6878891656288916,0.7791435904363095,0.7477876106194691,1.0,0.6971153846153846,0.5096153846153846,0.4353448275862069,0.5056379027670892,0.5055883266066439,0.44689886452694694,0.5065789473684214
SYN_00208,garden-b,dev-001,default,sandy,2025-12-05 08:00:00+07:00,0.4811643835616437,0.2706238783504757,0.2590953785644051,0.5897435897435898,0.3894230769230769,0.3557692307692308,0.24568965517241378,0.14454445076454644,0.1445203352995964,0.07188291687170795,0.5197368421052634
SYN_00209,garden-c,dev-002,rice,loam,2025-12-05 08:30:00+07:00,0.5297322540473225,0.6565678006985585,0.6617502458210422,0.4358974358974361,0.6394230769230769,0.5192307692307693,0.7672413793103449,0.5540870612640947,0.553865259236262,0.39440829642590264,0.5460526315789476
SYN_00210,garden-c,dev-004,default,loam,2025-12-05 09:00:00+07:00,0.43570983810709846,0.2749464502807742,0.3058013765978368,0.29807692307692346,0.41346153846153844,0.25961538461538464,0.7025862068965517,0.3206745407702345,0.3207078547035082,0.2550166766909071,0.43640350877193007
SYN_00211,garden-c,dev-003,tomato,loam,2025-12-05 09:30:00+07:00,0.466843088418431,0.4984851701047837,0.34316617502458213,0.6634615384615387,0.3942307692307692,0.4230769230769231,0.4051724137931034,0.28186167899086556,0.28174479975162997,0.33827254998450795,0.4057017543859652
SYN_00212,garden-a,dev-002,chili,sandy,2025-12-05 10:00:00+07:00,0.15986924034869254,0.09370718434611451,0.0,0.5288461538461541,0.2980769230769231,0.21153846153846154,0.41810344827586204,0.21119550306153176,0.21111456069543622,0.17919696721162082,0.13815789473684234
SYN_00213,garden-a,dev-003,chili,sandy,2025-12-05 10:30:00+07:00,0.3560087173100872,0.29053858474363675,0.3529990167158309,0.3012820512820516,0.39903846153846156,0.34615384615384615,0.22844827586206898,0.3731388228995884,0.37317603228810925,0.2770335538666229,0.4978070175438599
SYN_00214,garden-b,dev-004,default,sandy,2025-12-05 11:00:00+07:00,0.7700809464508094,0.2684625923853264,0.4577187807276303,0.41666666666666674,0.5817307692307693,0.3557692307692308,0.6551724137931034,0.4472847726436242,0.4472213598261409,0.5416735013760547,0.4714912280701757
SYN_00215,garden-c,dev-002,chili,loam,2025-12-05 11:30:00+07:00,0.7202677459526775,0.6832751201250458,0.7689282202556539,1.0,0.6730769230769231,0.49038461538461536,0.8879310344827587,0.7160303811021513,0.7159267308289351,0.4573969781471558,0.7346491228070173
SYN_00216,garden-b,dev-003,rice,clay,2025-12-05 12:00:00+07:00,0.842310087173101,0.4915381795025183,0.7202556538839725,0.5480769230769231,0.8269230769230769,0.8557692307692307,0.5387931034482759,0.75564626760799,0.7553554796647003,0.6720250788269816,0.6644736842105261
SYN_00217,garden-a,dev-001,chili,loam,2025-12-05 12:30:00+07:00,0.7059464508094645,0.3475039076822138,0.5152409046214356,0.6057692307692311,0.6682692307692307,0.5,0.6637931034482759,0.588884799411115,0.5887923005277863,0.5664607140904367,0.5197368421052634
SYN_00218,garden-c,dev-004,default,sandy,2025-12-05 13:00:00+07:00,0.87219800747198,0.37127805329885566,0.3328416912487709,0.637820512820513,0.14903846153846154,0.375,0.36637931034482757,0.22912972195268844,0.2289661595777709,0.26901416151785223,0.36184210526315813
SYN_00219,garden-c,dev-001,default,loam,2025-12-05 13:30:00+07:00,0.6243773349937732,0.4131143744813878,0.436086529006883,0.8141025641025641,0.375,0.4423076923076923,0.29310344827586204,0.36992672399370957,0.3697609438062713,0.4428162647857546,0.6030701754385968
SYN_00220,garden-b,dev-003,tomato,loam,2025-12-05 14:00:00+07:00,0.5888854296388542,0.2646031531618456,0.4582104228121927,0.653846153846154,0.5480769230769231,0.6634615384615384,0.3146551724137931,0.5527486867199785,0.552778640173859,0.5951847194123971,0.4539473684210529
SYN_00221,garden-a,dev-001,rice,clay,2025-12-05 14:30:00+07:00,0.08950809464508093,0.8875166438316512,0.5776794493608652,0.3493589743589745,0.5288461538461539,0.6634615384615384,0.5948275862068966,0.509920701308261,0.5099348028562558,0.4693531631035048,0.3267543859649125
SYN_00222,garden-b,dev-003,tomato,loam,2025-12-05 15:00:00+07:00,0.6966064757160647,0.7124524806545608,0.5634218289085545,0.21794871794871837,0.6346153846153846,0.6153846153846154,0.6939655172413793,0.46388061699066474,0.46383110835144364,0.6078699400368162,0.4407894736842108
SYN_00223,garden-b,dev-004,rice,loam,2025-12-05 15:30:00+07:00,0.11939601494396015,0.6031531618455838,0.7640117994100295,0.3782051282051286,0.8846153846153846,0.7692307692307693,0.8922413793103449,0.741994847258005,0.7416951257373485,0.8402865110175515,0.5942982456140353
SYN_00224,garden-b,dev-003,rice,sandy,2025-12-05 16:00:00+07:00,0.36472602739726034,0.5506647884062446,0.6799410029498525,0.730769230769231,0.4807692307692308,0.6730769230769231,0.4827586206896552,0.22484692341151669,0.22493014591741695,0.14580713361401204,0.651315789473684
SYN_00225,garden-b,dev-001,default,loam,2025-12-05 16:30:00+07:00,0.4139165628891656,0.5386233380289843,0.3387413962635202,0.6506410256410258,0.25,0.3942307692307692,0.36637931034482757,0.39749723960250266,0.3975473455448618,0.350228734940857,0.5460526315789476
SYN_00226,garden-c,dev-004,default,clay,2025-12-05 17:00:00+07:00,0.3410647571606475,0.288068543640609,0.5226155358898722,0.23717948717948745,0.5480769230769231,0.47115384615384615,0.6077586206896551,0.501890454043564,0.5018627755355479,0.6134106111141487,0.5065789473684214
SYN_00227,garden-c,dev-002,chili,sandy,2025-12-05 17:30:00+07:00,0.3877646326276462,0.12473707570290037,0.04523107177974434,0.5833333333333335,0.23076923076923078,0.07692307692307693,0.05603448275862069,0.0,0.0,0.008748428016840722,0.2478070175438599
SYN_00228,garden-c,dev-002,rice,loam,2025-12-05 18:00:00+07:00,0.8703300124533,0.48181239265934656,0.3200589970501475,0.4423076923076924,0.5336538461538461,0.33653846153846156,0.5474137931034483,0.39107304179074504,0.3910276311704439,0.36203911276359196,0.5635964912280704
SYN_00229,garden-c,dev-001,default,loam,2025-12-05 18:30:00+07:00,0.3709526774595267,0.4498562358889253,0.5309734513274337,0.7115384615384616,0.6105769230769231,0.6634615384615384,0.5387931034482759,0.6713286713286712,0.6710648866811548,0.7271401753330782,0.6206140350877195
SYN_00230,garden-b,dev-002,tomato,clay,2025-12-05 19:00:00+07:00,0.37157534246575347,0.7935007043476582,0.6356932153392331,0.29487179487179505,0.5865384615384616,0.6346153846153846,0.6120689655172413,0.6044099441228628,0.6043154299906861,0.5779794776459438,0.6995614035087717
SYN_00231,garden-b,dev-001,default,clay,2025-12-05 19:30:00+07:00,0.6287359900373598,0.6684548735068794,0.47640117994100295,0.5993589743589745,0.46634615384615385,0.3173076923076923,0.4353448275862069,0.35118948037608316,0.35097795715616265,0.5055133322397798,0.4407894736842108
SYN_00232,garden-a,dev-001,rice,loam,2025-12-05 20:00:00+07:00,0.39274595267745954,0.49215568977827523,0.4051130776794494,0.310897435897436,0.4375,0.5,0.36637931034482757,0.4063305115936694,0.4062402980440857,0.38128565440064155,0.7916666666666664
SYN_00233,garden-c,dev-002,chili,loam,2025-12-05 20:30:00+07:00,0.2707036114570361,0.7788348352984311,0.5880039331366765,0.6089743589743591,0.46634615384615385,0.5480769230769231,0.7456896551724138,0.38946699233780563,0.389475318224154,0.4775183625858895,0.6469298245614032
SYN_00234,garden-b,dev-001,chili,sandy,2025-12-05 21:00:00+07:00,0.3024595267745953,0.4480037050616545,0.3997050147492625,0.24679487179487214,0.4326923076923077,0.4326923076923077,0.40086206896551724,0.3054170709673101,0.3053399565352375,0.37428691198716896,0.6293859649122809
SYN_00235,garden-c,dev-002,default,sandy,2025-12-05 21:30:00+07:00,0.5702054794520549,0.489376893537369,0.5663716814159292,0.525641025641026,0.5961538461538461,0.4230769230769231,0.40086206896551724,0.42533543012011904,0.42517851598882334,0.28971877449104194,0.8355263157894735
SYN_00236,garden-b,dev-001,chili,loam,2025-12-05 22:00:00+07:00,0.5390722291407224,0.30659385191331695,0.36037364798426746,0.3012820512820516,0.35096153846153844,0.3173076923076923,0.4353448275862069,0.2154783016027035,0.21546103694504815,0.08194360909107479,0.31359649122807043
SYN_00237,garden-a,dev-001,rice,loam,2025-12-05 22:30:00+07:00,0.5720734744707346,0.6374249821500936,0.6873156342182891,0.730769230769231,0.6298076923076923,0.6442307692307693,0.3793103448275862,0.6528591026198681,0.6527475939149332,0.5905188911367488,0.5328947368421055
SYN_00238,garden-a,dev-001,tomato,sandy,2025-12-05 23:00:00+07:00,0.6386986301369862,0.0768800293317381,0.28023598820059,0.3685897435897439,0.3173076923076923,0.5384615384615384,0.5646551724137931,0.3586843778231337,0.35858429059298347,0.37341206918548486,0.16008771929824586
SYN_00239,garden-b,dev-003,default,loam,2025-12-05 23:30:00+07:00,0.8584993773349937,0.19559637984600836,0.37069813176007865,0.8237179487179488,0.5336538461538461,0.5384615384615384,0.5431034482758621,0.43095660320540696,0.4309220738900962,0.3031330307835311,0.3750000000000002
SYN_00240,garden-b,dev-002,rice,loam,2025-12-06 00:00:00+07:00,0.7103051058530511,0.735763493564385,0.7472959685349065,0.6474358974358977,0.6971153846153846,0.7788461538461539,0.6724137931034483,0.8811857998460868,0.8809375970195591,0.8038347276140484,0.6557017543859647
SYN_00241,garden-c,dev-002,default,loam,2025-12-06 00:30:00+07:00,0.27693026151930267,0.4512456340093784,0.6946902654867256,0.3782051282051286,0.7067307692307693,0.8653846153846154,0.6724137931034483,0.6185967142904941,0.6184414778019248,0.4856835620682741,0.6820175438596489
SYN_00242,garden-c,dev-003,rice,sandy,2025-12-06 01:00:00+07:00,0.20843711083437108,0.521796183014608,0.21140609636184857,0.35576923076923106,0.18269230769230768,0.3942307692307692,0.5086206896551724,0.1699735671027537,0.16982303632412296,0.26289026190606374,0.37938596491228094
SYN_00243,garden-c,dev-004,default,clay,2025-12-06 01:30:00+07:00,0.7171544209215442,0.22508249551340187,0.6814159292035398,0.6153846153846154,0.9807692307692307,0.7980769230769231,0.7198275862068966,0.784287482852076,0.7842285004656938,0.7176627116481673,0.423245614035088
SYN_00244,garden-c,dev-004,default,loam,2025-12-06 02:00:00+07:00,0.6785491905354919,0.5275081530653596,0.3815142576204523,1.0,0.375,0.36538461538461536,0.43103448275862066,0.25482651319971894,0.25473455448618443,0.14070388393752162,0.46710526315789497
SYN_00245,garden-c,dev-003,rice,clay,2025-12-06 02:30:00+07:00,0.6766811955168118,0.5492753902857914,0.5752212389380531,0.37500000000000017,0.3557692307692308,0.4519230769230769,0.7370689655172413,0.4234617057583564,0.4234709717479043,0.33112800043742135,0.541666666666667
SYN_00246,garden-a,dev-002,chili,loam,2025-12-06 03:00:00+07:00,0.6667185554171854,0.44167422473514595,0.3185840707964602,0.25641025641025655,0.39903846153846156,0.4519230769230769,0.28879310344827586,0.24278114230267334,0.24262651350512263,0.3077988590591795,0.2916666666666669
SYN_00247,garden-a,dev-002,chili,sandy,2025-12-06 03:30:00+07:00,0.7570049813200497,0.42716273325485804,0.3387413962635202,0.8621794871794873,0.5528846153846154,0.5384615384615384,0.4698275862068966,0.33539666075551233,0.3352995963986339,0.327045400696229,0.423245614035088
SYN_00248,garden-c,dev-002,tomato,loam,2025-12-06 04:00:00+07:00,0.5085616438356164,0.4290152640821288,0.3638151425762045,0.2692307692307694,0.5288461538461539,0.6153846153846154,0.35344827586206895,0.4454110482818616,0.445203352995964,0.5399238157726867,0.39692982456140374
SYN_00249,garden-a,dev-004,default,clay,2025-12-06 04:30:00+07:00,0.35165006226650064,0.31354084251558245,0.25958702064896755,0.8685897435897436,0.47115384615384615,0.36538461538461536,0.2974137931034483,0.3632348512731287,0.3630859981372245,0.31888020121384436,0.41447368421052655
SYN_00250,garden-a,dev-004,default,clay,2025-12-06 05:00:00+07:00,0.18041718555417188,0.2928542482777252,0.11553588987217306,0.48397435897435903,0.23557692307692307,0.22115384615384615,0.09913793103448276,0.1418677016763141,0.14188140329090346,0.1719066105309202,0.37061403508771956
SYN_00251,garden-c,dev-002,rice,loam,2025-12-06 05:30:00+07:00,0.7607409713574097,0.6368074718743366,0.7787610619469026,0.41025641025641046,0.7644230769230769,0.6057692307692307,0.7241379310344828,0.6788235687757218,0.6786712201179758,0.6266790602730238,0.5153508771929827
SYN_00252,garden-b,dev-004,rice,clay,2025-12-06 06:00:00+07:00,0.573318804483188,0.5415565118388298,0.6720747295968534,0.4647435897435899,0.6153846153846154,0.6730769230769231,0.7543103448275862,0.6793589185933682,0.6791369140018627,0.7290356680700603,0.5635964912280704
SYN_00253,garden-a,dev-003,default,clay,2025-12-06 06:30:00+07:00,0.5259962640099627,0.445688041527566,0.8200589970501475,0.2788461538461541,0.6538461538461539,0.7307692307692307,0.7198275862068966,0.7998126275638237,0.7995963986339646,0.810104434359451,0.41885964912280726
SYN_00254,garden-b,dev-004,default,loam,2025-12-06 07:00:00+07:00,0.2065691158156913,0.5684182088342563,0.5004916420845624,0.05448717948717973,0.4855769230769231,0.5,0.7198275862068966,0.27383143172616853,0.27382800372555105,0.3372519000492099,0.4539473684210529
SYN_00255,garden-c,dev-003,default,loam,2025-12-06 07:30:00+07:00,0.49922166874221674,0.2382045888732367,0.3225172074729597,0.310897435897436,0.33653846153846156,0.41346153846153844,0.5517241379310345,0.20905410379094588,0.20909655386525922,0.242331456066488,0.39692982456140374
SYN_00256,garden-b,dev-003,chili,loam,2025-12-06 08:00:00+07:00,0.39959526774595266,0.3777619111943034,0.3608652900688299,0.43910256410256426,0.3701923076923077,0.47115384615384615,0.521551724137931,0.3423562083849164,0.3421297733623098,0.507846246377604,0.5767543859649126
SYN_00257,garden-b,dev-003,rice,loam,2025-12-06 08:30:00+07:00,0.7545143212951431,0.7431736168734683,0.344149459193707,0.4647435897435899,0.3701923076923077,0.19230769230769232,0.39655172413793105,0.015525144711747575,0.015523129462899717,0.12174895656770006,0.260964912280702
SYN_00258,garden-c,dev-004,default,sandy,2025-12-06 09:00:00+07:00,0.8398194271481945,0.3038150556724108,0.3166175024582104,0.5096153846153847,0.30288461538461536,0.49038461538461536,0.2974137931034483,0.2979221735202596,0.2978888543930457,0.17963438861246284,0.17324561403508795
SYN_00259,garden-a,dev-004,rice,loam,2025-12-06 09:30:00+07:00,0.4792963885429639,0.9222515968429786,0.676007866273353,0.5352564102564104,0.6730769230769231,0.6538461538461539,0.8405172413793104,0.6879245156757117,0.6876746352064576,0.6616727723403867,0.4714912280701757
SYN_00260,garden-c,dev-001,default,clay,2025-12-06 10:00:00+07:00,0.4020859277708592,0.43364659115030585,0.4026548672566372,0.41666666666666674,0.32211538461538464,0.5288461538461539,0.7112068965517241,0.45558269481714453,0.45544861844147777,0.5425483441777389,0.39692982456140374
SYN_00261,garden-a,dev-002,chili,clay,2025-12-06 10:30:00+07:00,0.785024906600249,0.5188630092047625,0.6588003933136677,0.5320512820512822,0.6875,0.7596153846153846,0.38362068965517243,0.641349081540469,0.6412604781123875,0.5620865000820164,0.8355263157894735
SYN_00262,garden-b,dev-001,chili,loam,2025-12-06 11:00:00+07:00,0.23085305105853046,0.39752224001852526,0.27876106194690264,0.29487179487179505,0.3173076923076923,0.38461538461538464,0.33620689655172414,0.23555391976444606,0.23548587395218878,0.26391091184136184,0.3267543859649125
SYN_00263,garden-b,dev-004,default,clay,2025-12-06 11:30:00+07:00,0.2744396014943961,0.6916115088477643,0.47640117994100295,0.5512820512820513,0.5096153846153846,0.4807692307692308,0.3103448275862069,0.29417472479673434,0.2940080720273207,0.3448338709971385,0.4934210526315792
SYN_00264,garden-c,dev-003,rice,clay,2025-12-06 12:00:00+07:00,0.5185242839352427,0.6474595241311437,0.5845624385447394,0.432692307692308,0.7067307692307693,0.6923076923076923,0.6551724137931034,0.643758155719878,0.6435889475318224,0.6271164816738659,0.38377192982456165
SYN_00265,garden-c,dev-002,default,clay,2025-12-06 12:30:00+07:00,0.5614881693648818,0.635726828891762,0.7310717797443461,0.4038461538461539,0.8269230769230769,0.7980769230769231,0.4698275862068966,0.6314451099140094,0.6313256752561316,0.847285253431024,0.4846491228070178
SYN_00266,garden-b,dev-001,chili,loam,2025-12-06 13:00:00+07:00,0.49112702366127015,0.512533528878254,0.19714847590953785,0.2820512820512822,0.1875,0.23076923076923078,0.3275862068965517,0.06477732793522266,0.06488668115492083,0.11766635682650774,0.6250000000000002
SYN_00267,garden-c,dev-002,default,loam,2025-12-06 13:30:00+07:00,0.3286114570361145,0.3734393392640049,0.4631268436578171,0.698717948717949,0.47596153846153844,0.5096153846153846,0.6939655172413793,0.38598721852310364,0.385904998447687,0.26332768330690576,0.6250000000000002
SYN_00268,garden-b,dev-004,default,loam,2025-12-06 14:00:00+07:00,0.18788916562889174,0.5219505605835472,0.3967551622418879,0.5192307692307694,0.4230769230769231,0.41346153846153844,0.6896551724137931,0.3766185967142904,0.37659112076994716,0.4197787376747407,0.5592105263157897
SYN_00269,garden-c,dev-001,rice,loam,2025-12-06 14:30:00+07:00,0.7750622665006224,0.45664884892225155,0.36283185840707965,0.2820512820512822,0.40384615384615385,0.3557692307692308,0.6724137931034483,0.2350185699467996,0.23486494877367278,0.14901489055352032,0.48026315789473706
SYN_00270,garden-c,dev-003,default,loam,2025-12-06 15:00:00+07:00,0.6386986301369862,0.5679550761274387,0.7064896755162242,0.6121794871794873,0.6586538461538461,0.9326923076923077,0.5732758620689655,0.6151169404757921,0.6150263893200869,0.5550877576685439,0.5328947368421055
SYN_00271,garden-c,dev-002,default,sandy,2025-12-06 15:30:00+07:00,0.47306973848069733,0.1673452847301287,0.2015732546705998,0.6185897435897438,0.32211538461538464,0.27884615384615385,0.35344827586206895,0.21735202596446615,0.2174790437752251,0.2738257969271146,0.4978070175438599
SYN_00272,garden-b,dev-001,chili,loam,2025-12-06 16:00:00+07:00,0.75326899128269,0.5082109569479555,0.7812192723697149,0.8173076923076923,0.9423076923076923,0.6923076923076923,0.6767241379310345,0.856292033325526,0.8559453585842907,0.7791933220332805,0.8092105263157893
SYN_00273,garden-a,dev-003,chili,clay,2025-12-06 16:30:00+07:00,0.201587795765878,0.8649775187665232,0.40412979351032446,0.4935897435897437,0.4567307692307692,0.3557692307692308,0.3577586206896552,0.35734600327901755,0.3571872089413225,0.39236699655530644,0.37938596491228094
SYN_00274,garden-a,dev-002,default,loam,2025-12-06 17:00:00+07:00,0.5602428393524285,0.5673375658516817,0.5358898721730581,0.41987179487179516,0.7019230769230769,0.5096153846153846,0.3879310344827586,0.44674942282597774,0.4466004346476249,0.3981992818998669,0.6469298245614032
SYN_00275,garden-a,dev-002,default,clay,2025-12-06 17:30:00+07:00,0.7264943960149439,0.5895679357789313,0.8416912487708947,0.7435897435897437,0.7740384615384616,0.8365384615384616,0.7801724137931034,0.721383879278616,0.7210493635516919,0.7905662784551734,0.9320175438596489
SYN_00276,garden-a,dev-003,chili,loam,2025-12-06 18:00:00+07:00,0.6150373599003736,0.39428031107080136,0.38741396263520156,0.3782051282051286,0.5096153846153846,0.49038461538461536,0.5603448275862069,0.30086659751731515,0.30068301769636757,0.3226711866878087,0.31798245614035114
SYN_00277,garden-c,dev-003,chili,sandy,2025-12-06 18:30:00+07:00,0.714041095890411,0.1739835201945157,0.4945919370698132,0.5929487179487182,0.5048076923076923,0.6153846153846154,0.39655172413793105,0.40311841268779064,0.40313567215150575,0.45404341407403354,0.22587719298245637
SYN_00278,garden-c,dev-001,default,clay,2025-12-06 19:00:00+07:00,0.6573785803237858,0.3663379710928002,0.443952802359882,0.42628205128205143,0.375,0.5384615384615384,0.521551724137931,0.5605112590758523,0.5602297423160509,0.6564237155302822,0.4407894736842108
SYN_00279,garden-a,dev-004,chili,loam,2025-12-06 19:30:00+07:00,0.5347135740971358,0.7217151347909149,0.5943952802359882,0.3301282051282054,0.40865384615384615,0.5673076923076923,0.521551724137931,0.5107237260347307,0.5105557280347718,0.5655858712887527,0.6337719298245612
SYN_00280,garden-b,dev-004,default,clay,2025-12-06 20:00:00+07:00,0.4905043586550436,0.544335308079736,0.4744346116027532,0.4903846153846156,0.5432692307692307,0.5096153846153846,0.5991379310344828,0.55783450998762,0.5577460416019869,0.5781252847795578,0.5021929824561406
SYN_00281,garden-c,dev-003,default,loam,2025-12-06 20:30:00+07:00,0.4755603985056039,0.6230678682387448,0.46214355948869223,0.4070512820512824,0.39903846153846156,0.4423076923076923,0.5991379310344828,0.23020042158798137,0.23020800993480287,0.20267191572347673,0.5153508771929827
SYN_00282,garden-b,dev-003,chili,loam,2025-12-06 21:00:00+07:00,0.5203922789539228,0.21967928060052874,0.6130776794493609,0.8044871794871794,0.8365384615384616,0.7211538461538461,0.6206896551724138,0.7063940843845149,0.7063023905619372,0.5609200430131044,0.44956140350877216
SYN_00283,garden-c,dev-001,rice,loam,2025-12-06 21:30:00+07:00,0.7482876712328765,0.9160764940854094,0.6745329400196657,0.5673076923076925,0.625,0.6346153846153846,0.6724137931034483,0.5471275136346906,0.5470350822725861,0.6157435252519728,0.4583333333333336
SYN_00284,garden-c,dev-003,tomato,loam,2025-12-06 22:00:00+07:00,0.4313511830635119,0.23002257771945733,0.5865290068829891,0.39423076923076955,0.6201923076923077,0.7403846153846154,0.8318965517241379,0.790979355572657,0.7909034461347407,0.7924617711921554,0.36622807017543885
SYN_00285,garden-c,dev-002,default,loam,2025-12-06 22:30:00+07:00,0.2819115815691158,0.2791146446421334,0.33726647000983284,0.730769230769231,0.3894230769230769,0.375,0.5344827586206896,0.2928363502526181,0.2927662216702887,0.26915996865146624,0.2565789473684213
SYN_00286,garden-c,dev-001,default,sandy,2025-12-06 23:00:00+07:00,0.6978518057285179,0.23295575152930278,0.22713864306784662,0.2692307692307694,0.30288461538461536,0.3557692307692308,0.25862068965517243,0.25268511392913307,0.2527165476560075,0.3408970783895602,0.23026315789473709
SYN_00287,garden-a,dev-004,chili,sandy,2025-12-06 23:30:00+07:00,0.25326899128269004,0.24345342621717062,0.12094395280235988,0.5096153846153847,0.25961538461538464,0.07692307692307693,0.21551724137931033,0.152039348211597,0.15212666873641725,0.1719066105309202,0.38815789473684237
SYN_00288,garden-a,dev-003,chili,loam,2025-12-07 00:00:00+07:00,0.6928704856787048,0.3180177920148202,0.3279252704031465,0.5737179487179488,0.38461538461538464,0.14423076923076922,0.07327586206896551,0.2256499481379864,0.22555107109593295,0.21827327902017607,0.33552631578947395
SYN_00289,garden-c,dev-001,default,clay,2025-12-07 00:30:00+07:00,0.4475404732254047,0.38687018776171817,0.4960668633235005,0.7019230769230771,0.4567307692307692,0.49038461538461536,0.5043103448275862,0.5080469769464984,0.5079167960260789,0.4861209834691162,0.6381578947368418
SYN_00290,garden-c,dev-002,chili,sandy,2025-12-07 01:00:00+07:00,0.3672166874221669,0.26398564288608867,0.295968534906588,0.12500000000000042,0.4375,0.3173076923076923,0.3232758620689655,0.2534881386556027,0.2534927041291524,0.3912005394863943,0.4890350877192985
SYN_00291,garden-c,dev-001,rice,loam,2025-12-07 01:30:00+07:00,0.5122976338729762,0.459582022732097,0.8254670599803343,0.5544871794871797,0.6971153846153846,0.8173076923076923,0.6120689655172413,0.6721316960551409,0.6719962744489288,0.8335793828713068,0.6644736842105261
SYN_00292,garden-c,dev-002,default,sandy,2025-12-07 02:00:00+07:00,0.8074408468244084,0.38254761583141966,0.16125860373647985,0.544871794871795,0.2548076923076923,0.21153846153846154,0.2025862068965517,0.10680228862047043,0.10679913070475007,0.23416625658410337,0.36184210526315813
SYN_00293,garden-a,dev-002,chili,loam,2025-12-07 02:30:00+07:00,0.4294831880448319,0.4328747033056097,0.3062930186823992,0.8044871794871794,0.4326923076923077,0.4326923076923077,0.34051724137931033,0.22672064777327933,0.2266376901583359,0.2719303041901325,0.6030701754385968
SYN_00294,garden-b,dev-004,chili,clay,2025-12-07 03:00:00+07:00,0.469956413449564,0.5975955693637715,0.7861356932153393,0.698717948717949,0.7836538461538461,0.7692307692307693,0.8663793103448276,0.7524341687021112,0.7522508537721204,0.7038110339548361,0.7127192982456138
SYN_00295,garden-a,dev-002,tomato,sandy,2025-12-07 03:30:00+07:00,0.40333125778331247,0.3402481619420698,0.352015732546706,0.34294871794871823,0.44711538461538464,0.38461538461538464,0.45689655172413796,0.43390102720246254,0.43387146848804714,0.4506898500009113,0.40131578947368446
SYN_00296,garden-a,dev-003,default,sandy,2025-12-07 04:00:00+07:00,0.2314757160647572,0.33438181432237896,0.1455260570304818,0.5673076923076925,0.3701923076923077,0.3269230769230769,0.2413793103448276,0.15953424565864754,0.15957777087860914,0.21331583647729965,0.34868421052631604
SYN_00297,garden-a,dev-002,tomato,clay,2025-12-07 04:30:00+07:00,0.6430572851805728,0.50527778313811,0.5172074729596854,0.7179487179487181,0.41346153846153844,0.6346153846153846,0.6077586206896551,0.4408605748318666,0.440701645451723,0.26347349044051976,0.739035087719298
SYN_00298,garden-b,dev-004,tomato,loam,2025-12-07 05:00:00+07:00,0.3267434620174347,0.2846722371239459,0.4886922320550639,0.4519230769230771,0.6009615384615384,0.5096153846153846,0.6293103448275862,0.5075116271288519,0.5074511021421918,0.4942861829515009,0.6600877192982454
SYN_00299,garden-b,dev-004,default,loam,2025-12-07 05:30:00+07:00,0.3896326276463262,0.4828930356419212,0.5860373647984267,0.5576923076923078,0.4951923076923077,0.6730769230769231,0.5948275862068966,0.7631411650550406,0.7629618131015212,0.7631545373357391,0.7565789473684208
SYN_00300,garden-c,dev-001,default,clay,2025-12-07 06:00:00+07:00,0.6773038605230386,0.5556048706123,0.604228121927237,0.432692307692308,0.6586538461538461,0.5,0.375,0.5674708067052564,0.5673703818689847,0.5415276942424407,0.7741228070175437
SYN_00301,garden-a,dev-002,default,loam,2025-12-07 06:30:00+07:00,0.7632316313823162,0.4730128712298103,0.35742379547689285,0.3814102564102567,0.5721153846153846,0.4423076923076923,0.46551724137931033,0.5714859303376049,0.5712511642347097,0.38857601108134215,0.6688596491228068
SYN_00302,garden-c,dev-004,rice,sandy,2025-12-07 07:00:00+07:00,0.31117683686176845,0.4021535670867023,0.15634218289085547,0.37500000000000017,0.3605769230769231,0.27884615384615385,0.14655172413793102,0.12286278314986446,0.12294318534616579,0.10935535021050904,0.4583333333333336
SYN_00303,garden-a,dev-003,default,sandy,2025-12-07 07:30:00+07:00,0.43882316313823155,0.457575114335887,0.316125860373648,0.30448717948717974,0.27403846153846156,0.36538461538461536,0.14224137931034483,0.21761970087328938,0.2174790437752251,0.12991415605008474,0.37061403508771956
SYN_00304,garden-c,dev-004,chili,sandy,2025-12-07 08:00:00+07:00,0.40395392278953923,0.33530807973601434,0.3028515240904621,0.32371794871794884,0.47596153846153844,0.375,0.5991379310344828,0.2682102586408806,0.26823967711890717,0.3890134324821842,0.2697368421052634
SYN_00305,garden-c,dev-003,rice,sandy,2025-12-07 08:30:00+07:00,0.1791718555417186,0.6565678006985585,0.4051130776794494,0.6602564102564105,0.5625,0.4326923076923077,0.46551724137931033,0.3270987385819921,0.3270723377832971,0.4210910018772668,0.541666666666667
SYN_00306,garden-b,dev-002,default,sandy,2025-12-07 09:00:00+07:00,0.42636986301369856,0.11439377858397175,0.1823992133726647,0.621794871794872,0.35096153846153844,0.25961538461538464,0.5474137931034483,0.2880182018937999,0.2879540515367898,0.3763282118577651,0.16447368421052655
SYN_00307,garden-a,dev-001,rice,loam,2025-12-07 09:30:00+07:00,0.4724470734744708,0.8473784759074506,0.5117994100294986,0.4230769230769233,0.4855769230769231,0.6346153846153846,0.46551724137931033,0.3522601800113761,0.35206457621856563,0.21010807953779137,0.6206140350877195
SYN_00308,garden-a,dev-004,default,clay,2025-12-07 10:00:00+07:00,0.484277708592777,0.4429092452866598,0.32645034414945917,0.40064102564102577,0.6394230769230769,0.5192307692307693,0.4224137931034483,0.48422391006123056,0.48401117665321325,0.4678950917673647,0.2960526315789476
SYN_00309,garden-b,dev-003,chili,sandy,2025-12-07 10:30:00+07:00,0.6156600249066001,0.4938538430366068,0.37610619469026546,0.41025641025641046,0.3701923076923077,0.46153846153846156,0.5258620689655172,0.3436945829290326,0.34352685501397073,0.4441285289882807,0.7434210526315786
SYN_00310,garden-c,dev-004,default,sandy,2025-12-07 11:00:00+07:00,0.45065379825653795,0.242372783234596,0.1710914454277286,0.3685897435897439,0.34615384615384615,0.19230769230769232,0.6206896551724138,0.2933717000702646,0.2932319155541757,0.30604917345581134,0.20833333333333356
SYN_00311,garden-c,dev-001,chili,sandy,2025-12-07 11:30:00+07:00,0.587640099626401,0.41234248663669165,0.5609636184857424,0.4743589743589746,0.47115384615384615,0.625,0.75,0.5241074714758924,0.5240608506674945,0.49632748282209704,0.6776315789473681
SYN_00312,garden-b,dev-003,tomato,loam,2025-12-07 12:00:00+07:00,0.28253424657534254,0.38470890179656897,0.2581120943952802,0.4134615384615386,0.4519230769230769,0.4230769230769231,0.22844827586206898,0.25268511392913307,0.25256131636137846,0.2927807242969362,0.37061403508771956
SYN_00313,garden-b,dev-003,chili,loam,2025-12-07 12:30:00+07:00,0.1822851805728519,0.5673375658516817,0.22123893805309736,0.5000000000000003,0.2403846153846154,0.22115384615384615,0.23706896551724138,0.1630140194733496,0.16283762806581809,0.3490622778719449,0.6118421052631582
SYN_00314,garden-c,dev-004,rice,sandy,2025-12-07 13:00:00+07:00,0.50233499377335,0.4107987109472993,0.3141592920353982,0.6250000000000001,0.34615384615384615,0.41346153846153844,0.34913793103448276,0.24974068993207743,0.2497671530580565,0.29671751690451453,0.4978070175438599
SYN_00315,garden-c,dev-004,default,sandy,2025-12-07 13:30:00+07:00,0.3672166874221669,0.18247428648617356,0.16764995083579154,0.37179487179487203,0.4230769230769231,0.5,0.44396551724137934,0.2470639408438451,0.24712822104936355,0.2816993821422713,0.34868421052631604
SYN_00316,garden-c,dev-001,tomato,sandy,2025-12-07 14:00:00+07:00,0.2937422166874222,0.46498523764497013,0.49311701081612586,0.28525641025641063,0.4951923076923077,0.4423076923076923,0.41810344827586204,0.4799411115200588,0.4798199316982303,0.4661454061639965,0.3574561403508774
SYN_00317,garden-c,dev-001,default,sandy,2025-12-07 14:30:00+07:00,0.6007160647571607,0.3618610215935624,0.23303834808259588,0.5961538461538464,0.22115384615384615,0.4230769230769231,0.2801724137931034,0.2106601532438853,0.2106488668115492,0.11956184956348988,0.3267543859649125
SYN_00318,garden-c,dev-004,rice,loam,2025-12-07 15:00:00+07:00,0.43384184308841844,0.4848999440381312,0.616519174041298,0.7051282051282053,0.5817307692307693,0.5,0.4698275862068966,0.7280757519991968,0.7278795405153679,0.7905662784551734,0.6074561403508775
SYN_00319,garden-b,dev-004,tomato,clay,2025-12-07 15:30:00+07:00,0.5677148194271481,0.37946006445263497,0.4729596853490659,0.7532051282051284,0.6538461538461539,0.5576923076923077,0.41810344827586204,0.5749657041523069,0.5746662527165476,0.3920753822880784,0.6250000000000002
SYN_00320,garden-b,dev-001,default,sandy,2025-12-07 16:00:00+07:00,0.0,0.26552941857548096,0.2551622418879056,0.6666666666666667,0.5336538461538461,0.5096153846153846,0.3879310344827586,0.2417104426673804,0.24169512573734864,0.23533271365301547,0.23026315789473709
SYN_00321,garden-c,dev-002,chili,loam,2025-12-07 16:30:00+07:00,0.6636052303860523,0.5881785376584782,0.6017699115044248,0.637820512820513,0.6634615384615384,0.5673076923076923,0.75,0.5471275136346906,0.5470350822725861,0.49530683288679894,0.6162280701754388
SYN_00322,garden-b,dev-002,default,loam,2025-12-07 17:00:00+07:00,0.09262141967621423,0.45664884892225155,0.4882005899705015,0.17307692307692332,0.5528846153846154,0.6442307692307693,0.5431034482758621,0.36510857563489135,0.3651040049674014,0.27834581806914904,0.7346491228070173
SYN_00323,garden-b,dev-004,tomato,loam,2025-12-07 17:30:00+07:00,0.5776774595267745,0.3990660157079176,0.6293018682399213,0.19551282051282085,0.39903846153846156,0.5,0.4525862068965517,0.505370227858266,0.5051226327227569,0.5902272768695208,0.6644736842105261
SYN_00324,garden-b,dev-002,default,loam,2025-12-07 18:00:00+07:00,0.651774595267746,0.621832847687231,0.9011799410029498,0.5032051282051284,0.7451923076923077,0.9807692307692307,0.9094827586206896,0.9614882724930571,0.9613474076373796,0.9423515045473599,0.5197368421052634
SYN_00325,garden-c,dev-001,default,loam,2025-12-07 18:30:00+07:00,0.35227272727272735,0.39628721946701145,0.30137659783677484,0.6346153846153848,0.23557692307692307,0.3173076923076923,0.40086206896551724,0.30595242078495655,0.3058056504191245,0.24393533453624217,0.5723684210526319
SYN_00326,garden-c,dev-002,chili,clay,2025-12-07 19:00:00+07:00,0.49859900373599,0.6821944771424712,0.48279252704031467,0.637820512820513,0.49038461538461536,0.38461538461538464,0.521551724137931,0.26018001137618363,0.2600124185035703,0.21360745074452767,0.6732456140350874
SYN_00327,garden-b,dev-004,rice,sandy,2025-12-07 19:30:00+07:00,0.3479140722291408,0.44507053125180907,0.4026548672566372,0.3782051282051286,0.40865384615384615,0.4423076923076923,0.3577586206896552,0.36992672399370957,0.36991617510090036,0.3471667851349627,0.5021929824561406
SYN_00328,garden-b,dev-001,rice,sandy,2025-12-07 20:00:00+07:00,0.4201432129514322,0.5960517936743791,0.316125860373648,0.7788461538461541,0.21153846153846154,0.10576923076923077,0.07758620689655173,0.16649379328805164,0.16656317913691399,0.15018134762243243,0.2960526315789476
SYN_00329,garden-c,dev-001,chili,clay,2025-12-07 20:30:00+07:00,0.4892590286425903,0.5548329827676038,0.4473942969518191,0.794871794871795,0.6490384615384616,0.7211538461538461,0.6293103448275862,0.6611570247933882,0.661130083824899,0.5667523283576649,0.33114035087719323
SYN_00330,garden-b,dev-004,chili,sandy,2025-12-07 21:00:00+07:00,0.5135429638854297,0.4003010362594315,0.4646017699115044,0.5000000000000003,0.3701923076923077,0.5,0.6120689655172413,0.3428915582025629,0.3427506985408258,0.19042411649989974,0.6425438596491225
SYN_00331,garden-c,dev-003,default,sandy,2025-12-07 21:30:00+07:00,0.39834993773349936,0.41558441558441556,0.316125860373648,0.6602564102564105,0.5240384615384616,0.4230769230769231,0.7672413793103449,0.3506541305584367,0.3505122632722757,0.22920881404122695,0.4846491228070178
SYN_00332,garden-a,dev-003,rice,clay,2025-12-07 22:00:00+07:00,0.5179016189290163,0.928426699600548,0.5511307767944936,0.5641025641025641,0.36538461538461536,0.5096153846153846,0.4224137931034483,0.4665573660788971,0.46647004036013656,0.3971786319645689,0.2872807017543862
SYN_00333,garden-b,dev-002,default,loam,2025-12-07 22:30:00+07:00,0.5191469489414695,0.5134597942918894,0.3343166175024582,0.4230769230769233,0.2644230769230769,0.28846153846153844,0.21120689655172414,0.1426707264027838,0.14265755976404842,0.31771374414493225,0.901315789473684
SYN_00334,garden-c,dev-002,tomato,sandy,2025-12-07 23:00:00+07:00,0.3933686176836863,0.45248065456089226,0.3220255653883973,0.4807692307692309,0.5961538461538461,0.38461538461538464,0.1939655172413793,0.3461036571084417,0.3458553244334057,0.40738513131754966,0.43640350877193007
SYN_00335,garden-c,dev-003,chili,loam,2025-12-07 23:30:00+07:00,0.5614881693648818,0.5886416703652959,0.4665683382497542,0.544871794871795,0.4375,0.4230769230769231,0.4051724137931034,0.49493090641415993,0.49472213598261405,0.49589006142125497,0.6250000000000002
SYN_00336,garden-a,dev-004,default,clay,2025-12-08 00:00:00+07:00,0.44878580323785794,0.35074583662993764,0.6647000983284169,0.33333333333333354,0.7355769230769231,0.8557692307692307,0.7068965517241379,0.7101415331080402,0.7100279416330332,0.7560099877886525,0.6162280701754388
SYN_00337,garden-a,dev-002,chili,loam,2025-12-08 00:30:00+07:00,0.8827833125778332,0.5733582910403118,0.7772861356932154,0.47756410256410275,0.875,0.7980769230769231,0.8793103448275862,0.8386254893431926,0.8384042222912138,0.9387063262070096,0.7521929824561401
SYN_00338,garden-c,dev-001,chili,loam,2025-12-08 01:00:00+07:00,0.2887608966376089,0.48690685243434123,0.4105211406096362,0.4615384615384618,0.5,0.49038461538461536,0.3275862068965517,0.49118345769063465,0.4911518162061471,0.3893050467494122,0.5855263157894739
SYN_00339,garden-b,dev-003,default,sandy,2025-12-08 01:30:00+07:00,0.5141656288916562,0.20856409563690395,0.45132743362831856,0.6506410256410258,0.3798076923076923,0.5384615384615384,0.38362068965517243,0.3380734098437447,0.33793852840732685,0.3273370149634571,0.3399122807017546
SYN_00340,garden-c,dev-002,chili,sandy,2025-12-08 02:00:00+07:00,0.3622353673723538,0.43796916308060435,0.5948869223205506,0.544871794871795,0.41346153846153844,0.625,0.6163793103448276,0.4312242781142302,0.4312325364793542,0.3639346055005741,0.5065789473684214
SYN_00341,garden-a,dev-001,default,loam,2025-12-08 02:30:00+07:00,0.4195205479452055,0.22153181142779954,0.5570304818092429,0.6666666666666667,0.39903846153846156,0.6153846153846154,0.5689655172413793,0.716833405828621,0.7167028873020801,0.6812109282446642,0.43640350877193007
SYN_00342,garden-c,dev-002,default,loam,2025-12-08 03:00:00+07:00,0.546544209215442,0.5057409158449276,0.4646017699115044,0.4519230769230771,0.6634615384615384,0.5961538461538461,0.4827586206896552,0.4729815638906547,0.4729897547345544,0.5391947801046165,0.901315789473684
SYN_00343,garden-b,dev-001,tomato,sandy,2025-12-08 03:30:00+07:00,0.13683063511830643,0.3711236757299164,0.3416912487708948,0.5064102564102566,0.33653846153846156,0.28846153846153844,0.31896551724137934,0.26499815973500185,0.2649798199316982,0.253558605354767,0.5021929824561406
SYN_00344,garden-c,dev-003,rice,sandy,2025-12-08 04:00:00+07:00,0.3174034869240348,0.3473495301132745,0.49655850540806296,0.46794871794871806,0.49038461538461536,0.36538461538461536,0.2629310344827586,0.29952822297319903,0.2995963986339646,0.2611405763026956,0.81359649122807
SYN_00345,garden-a,dev-002,default,loam,2025-12-08 04:30:00+07:00,0.3709526774595267,0.24499720190656296,0.36922320550639137,0.2724358974358978,0.38461538461538464,0.3173076923076923,0.4870689655172414,0.37581557198782073,0.3756597330021732,0.410738695390672,0.3267543859649125
SYN_00346,garden-b,dev-001,default,loam,2025-12-08 05:00:00+07:00,0.5110523038605229,0.13538912795970745,0.6617502458210422,0.5993589743589745,0.7932692307692307,0.625,0.7629310344827587,0.6587479506139792,0.658646383110835,0.6607979295387026,0.5285087719298248
SYN_00347,garden-c,dev-001,default,loam,2025-12-08 05:30:00+07:00,0.20781444582814457,0.45649447135331234,0.7841691248770895,0.28525641025641063,0.9663461538461539,0.8076923076923077,0.9310344827586207,0.9649680463077591,0.9649177274138466,1.0,0.6732456140350874
SYN_00348,garden-c,dev-004,default,loam,2025-12-08 06:00:00+07:00,0.37406600249065997,0.43688852009802975,0.3220255653883973,0.3205128205128207,0.36538461538461536,0.49038461538461536,0.40948275862068967,0.23956904339679452,0.2396771189071717,0.3556235988845754,0.6644736842105261
SYN_00349,garden-b,dev-001,rice,clay,2025-12-08 06:30:00+07:00,0.37157534246575347,0.884737847590745,0.671583087512291,0.43910256410256426,0.5288461538461539,0.5384615384615384,0.6120689655172413,0.5377588918258773,0.5375659733002173,0.6495707802504237,0.44956140350877216
SYN_00350,garden-c,dev-001,default,loam,2025-12-08 07:00:00+07:00,0.5521481942714819,0.3441076011655506,0.5127826941986234,0.13782051282051325,0.6394230769230769,0.6730769230769231,0.603448275862069,0.6774851942316056,0.6772741384663147,0.7112471977691508,0.6118421052631582
SYN_00351,garden-b,dev-004,tomato,clay,2025-12-08 07:30:00+07:00,0.5490348692403487,0.4972501495532699,0.3303834808259587,0.4807692307692309,0.27884615384615385,0.5096153846153846,0.41810344827586204,0.2810586542643958,0.2809686432784849,0.2155029434815098,0.826754385964912
SYN_00352,garden-a,dev-003,rice,sandy,2025-12-08 08:00:00+07:00,0.5832814445828144,0.36325041971401556,0.2753195673549656,0.6826923076923077,0.3605769230769231,0.3173076923076923,0.22844827586206898,0.15712517147923843,0.15709407016454516,0.2458308272732243,0.2565789473684213
SYN_00353,garden-a,dev-003,default,sandy,2025-12-08 08:30:00+07:00,0.054016189290161866,0.3989116381389784,0.4390363815142576,0.6730769230769234,0.5384615384615384,0.47115384615384615,0.16810344827586207,0.30461404624084043,0.3044085687674635,0.2997794667104088,0.5460526315789476
SYN_00354,garden-a,dev-003,chili,loam,2025-12-08 09:00:00+07:00,0.7607409713574097,0.26151560178306094,0.3529990167158309,0.4647435897435899,0.20192307692307693,0.46153846153846156,0.2974137931034483,0.1472211998527788,0.14715926730828935,0.24437275593708419,0.5372807017543862
SYN_00355,garden-c,dev-001,chili,loam,2025-12-08 09:30:00+07:00,0.9251245330012453,0.3777619111943034,0.415929203539823,0.27564102564102594,0.46153846153846156,0.3076923076923077,0.4353448275862069,0.3693913741760631,0.3692952499223843,0.3397306213206481,0.6469298245614032
SYN_00356,garden-b,dev-002,default,clay,2025-12-08 10:00:00+07:00,0.5446762141967622,0.6644410567144593,0.5889872173058014,0.7019230769230771,0.5865384615384616,0.5576923076923077,0.5818965517241379,0.46013316826713946,0.4601055572803477,0.3970328248309548,0.46710526315789497
SYN_00357,garden-b,dev-003,default,loam,2025-12-08 10:30:00+07:00,0.6754358655043585,0.6195171841531425,0.6450344149459194,0.653846153846154,0.6105769230769231,0.5192307692307693,0.6982758620689655,0.4368454511995181,0.4366656317913691,0.4976397470246231,0.7609649122807015
SYN_00358,garden-a,dev-001,rice,sandy,2025-12-08 11:00:00+07:00,0.38651930261519296,0.5958974161054399,0.22713864306784662,0.3814102564102567,0.23076923076923078,0.33653846153846156,0.1206896551724138,0.12527185732927357,0.12527165476560073,0.10600178613738676,0.2960526315789476
SYN_00359,garden-b,dev-002,tomato,clay,2025-12-08 11:30:00+07:00,0.7725716064757159,0.7087474190000191,0.5860373647984267,0.42948717948717957,0.7067307692307693,0.5961538461538461,0.43103448275862066,0.5278549201994177,0.5276311704439615,0.5641277999526126,0.5197368421052634
SYN_00360,garden-b,dev-004,tomato,sandy,2025-12-08 12:00:00+07:00,0.6611145703611456,0.5606993303872947,0.26745329400196655,0.8461538461538464,0.40384615384615385,0.33653846153846156,0.3577586206896552,0.14534747549101615,0.14529649177274137,0.031640147994240614,0.5065789473684214
SYN_00361,garden-c,dev-002,default,loam,2025-12-08 12:30:00+07:00,0.30121419676214206,0.42438393701395183,0.4183874139626352,0.4230769230769233,0.47596153846153844,0.4519230769230769,0.6163793103448276,0.4459463980995081,0.4459795094691089,0.40315672444274336,0.4978070175438599
SYN_00362,garden-b,dev-004,default,sandy,2025-12-08 13:00:00+07:00,0.608810709838107,0.34271820304509754,0.41789577187807275,0.3205128205128207,0.375,0.3076923076923077,0.5862068965517241,0.22832669722621873,0.2283452343992549,0.2935097599650062,0.6381578947368418
SYN_00363,garden-b,dev-001,rice,loam,2025-12-08 13:30:00+07:00,0.3174034869240348,0.488759383261612,0.29547689282202555,0.44871794871794896,0.3317307692307692,0.36538461538461536,0.13793103448275862,0.1402616522233747,0.14017385904998447,0.10119015072812436,0.6469298245614032
SYN_00364,garden-a,dev-001,rice,sandy,2025-12-08 14:00:00+07:00,0.5042029887920298,0.3458057544238822,0.3033431661750246,0.5352564102564104,0.5192307692307693,0.2692307692307692,0.5732758620689655,0.16836751764981428,0.16842595467246196,0.1198534638307179,0.16885964912280726
SYN_00365,garden-b,dev-001,tomato,loam,2025-12-08 14:30:00+07:00,0.2688356164383563,0.32681731344435655,0.20058997050147492,0.48717948717948745,0.2403846153846154,0.46153846153846156,0.09482758620689655,0.10519623916753103,0.10509158646383111,0.2162319791495799,0.3574561403508774
SYN_00366,garden-b,dev-001,tomato,sandy,2025-12-08 15:00:00+07:00,0.5185242839352427,0.5001833233631153,0.24532940019665683,0.6153846153846154,0.3798076923076923,0.16346153846153846,0.2801724137931034,0.18308963763509217,0.18317292766221668,0.15674266863506295,0.541666666666667
SYN_00367,garden-b,dev-002,chili,clay,2025-12-08 15:30:00+07:00,0.4008405977584059,0.9129889427066247,0.8082595870206489,0.5352564102564104,0.8269230769230769,0.5576923076923077,0.39655172413793105,0.5824606015993574,0.5822725861533685,0.603933147429238,0.4539473684210529
SYN_00368,garden-c,dev-004,rice,clay,2025-12-08 16:00:00+07:00,0.3448007471980075,0.5651762798865324,0.31465093411996065,0.6153846153846154,0.35096153846153844,0.18269230769230768,0.3706896551724138,0.20129153143507209,0.20117975783918038,0.20500482986130095,0.423245614035088
SYN_00369,garden-a,dev-001,tomato,loam,2025-12-08 16:30:00+07:00,0.2264943960149439,0.33206615078829044,0.5250737463126843,0.657051282051282,0.5576923076923077,0.5769230769230769,0.21120689655172414,0.627697661190484,0.6274448928904066,0.7459492955692856,0.5065789473684214
SYN_00370,garden-c,dev-001,chili,sandy,2025-12-08 17:00:00+07:00,0.4998443337484433,0.5114528858956794,0.1902654867256637,0.2692307692307694,0.2644230769230769,0.125,0.125,0.1723826412821628,0.1723067370381869,0.18109245994860296,0.4714912280701757
SYN_00371,garden-c,dev-003,chili,clay,2025-12-08 17:30:00+07:00,0.07394146948941469,0.6774087725053549,0.7472959685349065,0.36217948717948734,0.5913461538461539,0.6730769230769231,0.5086206896551724,0.6124401913875597,0.6123874573113939,0.6852935279858566,0.6644736842105261
SYN_00372,garden-b,dev-001,default,sandy,2025-12-08 18:00:00+07:00,0.4736924034869241,0.3586190926458385,0.13372664700098327,0.5000000000000003,0.2548076923076923,0.14423076923076922,0.4870689655172414,0.006691872720580848,0.006830176963675875,0.06838354566497165,0.3574561403508774
SYN_00373,garden-a,dev-004,default,loam,2025-12-08 18:30:00+07:00,0.41267123287671237,0.5021902317593253,0.5619469026548672,0.37500000000000017,0.6634615384615384,0.8365384615384616,0.6336206896551724,0.4935925318700437,0.4934802856255821,0.5905188911367488,0.651315789473684
SYN_00374,garden-b,dev-004,rice,clay,2025-12-08 19:00:00+07:00,0.5066936488169363,0.9606916115088477,0.5412979351032449,0.37179487179487203,0.40865384615384615,0.5865384615384616,0.5905172413793104,0.46173921772007886,0.46181310152126664,0.4124883809940401,0.36184210526315813
SYN_00375,garden-c,dev-002,rice,clay,2025-12-08 19:30:00+07:00,0.27879825653798246,0.9813782057467049,0.6892822025565388,0.4358974358974361,0.5192307692307693,0.4807692307692308,0.3017241379310345,0.4387191755612807,0.438683638621546,0.4321723440319317,0.33114035087719323
SYN_00376,garden-b,dev-003,tomato,loam,2025-12-08 20:00:00+07:00,0.41702988792029894,0.537079562339592,0.5432645034414946,0.6762820512820514,0.7451923076923077,0.6346153846153846,0.3922413793103448,0.687121490949242,0.6870537100279417,0.6330945741520403,0.6162280701754388
SYN_00377,garden-a,dev-003,default,loam,2025-12-08 20:30:00+07:00,0.22462640099626408,0.36417668512765095,0.4832841691248771,0.48717948717948745,0.5528846153846154,0.46153846153846156,0.5517241379310345,0.4799411115200588,0.4798199316982303,0.4699363916379608,0.6250000000000002
SYN_00378,garden-c,dev-002,default,sandy,2025-12-08 21:00:00+07:00,0.7451743462017434,0.2548773663186739,0.34365781710914456,0.41987179487179516,0.34134615384615385,0.25961538461538464,0.16810344827586207,0.2609830361026533,0.2610990375659733,0.10439790766763263,0.22587719298245637
SYN_00379,garden-b,dev-003,tomato,loam,2025-12-08 21:30:00+07:00,0.06273349937733501,0.5069759363964416,0.2605703048180924,0.17948717948717988,0.42788461538461536,0.4519230769230769,0.21551724137931033,0.19459965871449122,0.19450481217013352,0.19348606630579399,0.5723684210526319
SYN_00380,garden-b,dev-004,default,clay,2025-12-08 22:00:00+07:00,0.4593711083437111,0.5815403021940911,0.6071779744346116,0.4711538461538462,0.7163461538461539,0.7980769230769231,0.5646551724137931,0.7227222538227321,0.722601676497982,0.7458034884356717,0.8048245614035086
SYN_00381,garden-a,dev-001,default,clay,2025-12-08 22:30:00+07:00,0.744551681195517,0.37158680843673414,0.5422812192723697,0.5576923076923078,0.5817307692307693,0.4230769230769231,0.6767241379310345,0.6263592866463679,0.6262030425333747,0.6801902783093662,0.7346491228070173
SYN_00382,garden-b,dev-002,tomato,loam,2025-12-08 23:00:00+07:00,0.36659402241594014,0.11393064587715405,0.33726647000983284,0.4070512820512824,0.34134615384615385,0.20192307692307693,0.4956896551724138,0.2658011844614715,0.2657559764048432,0.30284141651630303,0.010964912280702484
SYN_00383,garden-c,dev-004,chili,sandy,2025-12-08 23:30:00+07:00,0.6592465753424658,0.38378263638293353,0.727630285152409,0.5032051282051284,0.6730769230769231,0.5384615384615384,0.5086206896551724,0.40525981195837646,0.4049984476870537,0.4520021142034374,0.5811403508771932
SYN_00384,garden-b,dev-002,rice,clay,2025-12-09 00:00:00+07:00,0.5154109589041095,0.8027633584840123,0.5270403146509341,0.6442307692307693,0.46153846153846156,0.6442307692307693,0.625,0.45317362063773536,0.45312014902204284,0.4511272714017533,0.36184210526315813
SYN_00385,garden-c,dev-002,default,loam,2025-12-09 00:30:00+07:00,0.42450186799501877,0.4359622546843943,0.20747295968534907,0.4711538461538462,0.3269230769230769,0.038461538461538464,0.4870689655172414,0.31103824405259806,0.3110835144365104,0.3442506424626825,0.46271929824561425
SYN_00386,garden-a,dev-002,rice,sandy,2025-12-09 01:00:00+07:00,0.5888854296388542,0.3956697091912545,0.034906588003933134,0.5160256410256413,0.10096153846153846,0.23076923076923078,0.22844827586206898,0.07628734901462174,0.07621856566283762,0.05817704631199081,0.20833333333333356
SYN_00387,garden-c,dev-002,tomato,sandy,2025-12-09 01:30:00+07:00,0.7551369863013696,0.32450164991026803,0.5973451327433629,0.310897435897436,0.6394230769230769,0.5961538461538461,0.5344827586206896,0.4933248569612205,0.4933250543309531,0.50770043924399,0.4846491228070178
SYN_00388,garden-a,dev-002,chili,loam,2025-12-09 02:00:00+07:00,0.18664383561643846,0.5312132147199011,0.7925270403146509,0.4807692307692309,0.7211538461538461,0.8846153846153846,0.9137931034482759,0.7446715963462374,0.7444892890406706,0.7638835730038092,0.510964912280702
SYN_00389,garden-a,dev-003,chili,loam,2025-12-09 02:30:00+07:00,0.6137920298879204,0.5468053491827637,0.4970501474926254,0.2820512820512822,0.47596153846153844,0.6442307692307693,0.646551724137931,0.38759326797604304,0.387457311393977,0.2962800955036725,0.46271929824561425
SYN_00390,garden-a,dev-001,default,loam,2025-12-09 03:00:00+07:00,0.5266189290161892,0.4924644449161536,0.20894788593903638,0.18589743589743615,0.4230769230769231,0.33653846153846156,0.13793103448275862,0.24063974303208746,0.24060850667494568,0.2819909964094993,0.6425438596491225
SYN_00391,garden-a,dev-001,chili,loam,2025-12-09 03:30:00+07:00,0.24766500622664997,0.34318133575191523,0.3638151425762045,0.45833333333333365,0.5528846153846154,0.38461538461538464,0.41810344827586204,0.40472446214073,0.4046879850977957,0.604516375963694,0.42763157894736864
SYN_00392,garden-c,dev-002,rice,clay,2025-12-09 04:00:00+07:00,0.23645703611457028,0.7237220431871249,0.7295968534906588,0.5032051282051284,0.46634615384615385,0.6057692307692307,0.6551724137931034,0.5776424532405393,0.5774604160198695,0.5943098766107131,0.5767543859649126
SYN_00393,garden-b,dev-003,chili,sandy,2025-12-09 04:30:00+07:00,0.2003424657534247,0.0657648443681133,0.127826941986234,0.5384615384615388,0.28365384615384615,0.38461538461538464,0.31896551724137934,0.21654900123799645,0.2165476560074511,0.27747097526746495,0.14692982456140374
SYN_00394,garden-b,dev-002,chili,loam,2025-12-09 05:00:00+07:00,0.484277708592777,0.060207251886300925,0.39233038348082594,0.6057692307692311,0.5961538461538461,0.5480769230769231,0.7370689655172413,0.47699668752300317,0.4768705371002793,0.5623781143492446,0.3092105263157897
SYN_00395,garden-a,dev-004,default,loam,2025-12-09 05:30:00+07:00,0.5708281444582813,0.5665656780069855,0.40363815142576204,0.544871794871795,0.5,0.4230769230769231,0.47844827586206895,0.3477097065613811,0.34756286867432473,0.302549802249075,0.5372807017543862
SYN_00396,garden-b,dev-002,default,loam,2025-12-09 06:00:00+07:00,0.50046699875467,0.32372976206557186,0.49311701081612586,0.621794871794872,0.27884615384615385,0.6153846153846154,0.41810344827586204,0.4352394017465787,0.4352685501397081,0.38784697541327207,0.48026315789473706
SYN_00397,garden-a,dev-004,chili,loam,2025-12-09 06:30:00+07:00,0.5702054794520549,0.28637039038227746,0.36922320550639137,0.20192307692307712,0.5817307692307693,0.5576923076923077,0.3448275862068966,0.42774450429952815,0.4276622167028873,0.4861209834691162,0.5153508771929827
SYN_00398,garden-a,dev-004,default,clay,2025-12-09 07:00:00+07:00,0.46871108343711076,0.30659385191331695,0.4257620452310718,0.5993589743589745,0.3173076923076923,0.5480769230769231,0.5517241379310345,0.3645732258172449,0.3644830797888854,0.47635190551697737,0.5723684210526319
SYN_00399,garden-a,dev-002,rice,loam,2025-12-09 07:30:00+07:00,0.40457658779576594,0.747650566372706,0.4783677482792527,0.4423076923076924,0.5625,0.3076923076923077,0.3448275862068966,0.4992137049553317,0.499068612232226,0.45900085661691,0.4714912280701757
SYN_00400,garden-b,dev-004,rice,sandy,2025-12-09 08:00:00+07:00,0.4892590286425903,0.5327569904092935,0.27335299901671584,0.36538461538461575,0.4807692307692308,0.2692307692307692,0.17672413793103448,0.1833573125439154,0.18348339025147467,0.15892977563927316,0.4758771929824564
SYN_00401,garden-b,dev-001,rice,loam,2025-12-09 08:30:00+07:00,0.08328144458281457,0.5835472105903011,0.5427728613569321,0.5384615384615388,0.5432692307692307,0.4326923076923077,0.3706896551724138,0.4258707799377655,0.4259546724619683,0.3108608088650737,0.554824561403509
SYN_00402,garden-c,dev-001,default,loam,2025-12-09 09:00:00+07:00,0.31055417185554174,0.22894193473688268,0.36922320550639137,0.12500000000000042,0.33653846153846156,0.4807692307692308,0.35344827586206895,0.471107839528892,0.4711269791990065,0.5394863943718446,0.22149122807017568
SYN_00403,garden-b,dev-003,chili,sandy,2025-12-09 09:30:00+07:00,0.28128891656288924,0.35661218424962854,0.45181907571288105,0.32371794871794884,0.27403846153846156,0.375,0.5086206896551724,0.35493692909960844,0.3548587395218876,0.31071500173145966,0.31798245614035114
SYN_00404,garden-a,dev-004,tomato,clay,2025-12-09 10:00:00+07:00,0.6505292652552926,0.6210609598425348,0.8303834808259587,0.9487179487179487,0.8028846153846154,0.8365384615384616,0.8060344827586207,0.7957975039314751,0.7957156162682396,0.8076257130880127,0.6557017543859647
SYN_00405,garden-b,dev-002,tomato,sandy,2025-12-09 10:30:00+07:00,0.29934620174346205,0.3297504872542019,0.31219272369714846,0.4743589743589746,0.39903846153846156,0.4326923076923077,0.15517241379310345,0.2773112055408705,0.277243092207389,0.22614686423533267,0.4057017543859652
SYN_00406,garden-b,dev-004,chili,loam,2025-12-09 11:00:00+07:00,0.25140099626401,0.27000636807471873,0.5973451327433629,0.3365384615384617,0.7307692307692307,0.6442307692307693,0.6853448275862069,0.5763040786964231,0.5760633343682086,0.37239141925018676,0.5372807017543862
SYN_00407,garden-b,dev-003,rice,sandy,2025-12-09 11:30:00+07:00,0.38340597758405986,0.49663263927751294,0.5712881022615536,0.432692307692308,0.4230769230769231,0.5288461538461539,0.49137931034482757,0.47539063807006376,0.4751629928593604,0.47722674831866146,0.7302631578947366
SYN_00408,garden-b,dev-003,default,sandy,2025-12-09 12:00:00+07:00,0.587640099626401,0.4543331853881631,0.4051130776794494,0.5480769230769231,0.5432692307692307,0.40384615384615385,0.44396551724137934,0.3985679392377956,0.3984787333126358,0.3519784205442251,0.8662280701754383
SYN_00409,garden-a,dev-004,chili,loam,2025-12-09 12:30:00+07:00,0.5895080946450809,0.39397155593292293,0.5983284169124877,0.46794871794871806,0.5961538461538461,0.8653846153846154,0.4224137931034483,0.6959547629404088,0.6957466625271654,0.6889387063262069,0.20394736842105288
SYN_00410,garden-c,dev-004,rice,clay,2025-12-09 13:00:00+07:00,0.44380448318804483,0.829779433048378,0.7369714847590954,0.4423076923076924,0.6298076923076923,0.6538461538461539,0.7543103448275862,0.497339980593569,0.497205836696678,0.44762790019501697,0.6557017543859647
SYN_00411,garden-b,dev-002,default,loam,2025-12-09 13:30:00+07:00,0.7215130759651308,0.45942764516315776,0.4218289085545723,0.6089743589743591,0.4375,0.41346153846153844,0.521551724137931,0.20396828052330443,0.20381868984787332,0.08398490896167093,0.39692982456140374
SYN_00412,garden-a,dev-004,tomato,loam,2025-12-09 14:00:00+07:00,0.36846201743462015,0.5412477567009514,0.6563421828908554,0.6891025641025643,0.5240384615384616,0.7019230769230769,0.6896551724137931,0.4282798541171746,0.42828314188140326,0.20865000820165125,0.8618421052631576
SYN_00413,garden-c,dev-004,rice,sandy,2025-12-09 14:30:00+07:00,0.46559775840597745,0.3278979564269311,0.4970501474926254,0.24358974358974372,0.47115384615384615,0.375,0.7543103448275862,0.3760832468966439,0.3759701955914312,0.32237957242058063,0.41447368421052655
SYN_00414,garden-b,dev-004,default,loam,2025-12-09 15:00:00+07:00,0.5863947696139477,0.585399741417572,0.3274336283185841,0.3365384615384617,0.47115384615384615,0.2692307692307692,0.4870689655172414,0.08940341954696021,0.08925799441167338,0.13953742686860954,0.39692982456140374
SYN_00415,garden-c,dev-004,chili,loam,2025-12-09 15:30:00+07:00,0.5446762141967622,0.7237220431871249,0.6052114060963618,0.6474358974358977,0.5576923076923077,0.5673076923076923,0.5,0.5551577608993876,0.554951878298665,0.6205551606612353,0.8004385964912278
SYN_00416,garden-b,dev-004,rice,sandy,2025-12-09 16:00:00+07:00,0.560865504358655,0.5179367437911271,0.31219272369714846,0.3012820512820516,0.30288461538461536,0.3557692307692308,0.3275862068965517,0.274366781543815,0.27429369760943806,0.1946525233747061,0.5285087719298248
SYN_00417,garden-a,dev-002,rice,sandy,2025-12-09 16:30:00+07:00,0.32923412204234126,0.703961714362903,0.5260570304818093,0.5705128205128207,0.4230769230769231,0.4519230769230769,0.6508620689655172,0.3345936360290427,0.33436820863086,0.42488198735123117,0.46710526315789497
SYN_00418,garden-a,dev-002,rice,sandy,2025-12-09 17:00:00+07:00,0.12686799501868,0.4107987109472993,0.3672566371681416,0.26602564102564125,0.40384615384615385,0.27884615384615385,0.3232758620689655,0.3779569712584066,0.37798820242160813,0.4702280059051889,0.5021929824561406
SYN_00419,garden-b,dev-002,chili,loam,2025-12-09 17:30:00+07:00,0.5783001245330013,0.5472684818895814,0.4144542772861357,0.6346153846153848,0.3894230769230769,0.38461538461538464,0.46551724137931033,0.48743600896710937,0.48742626513505116,0.3719539978493448,0.5197368421052634
SYN_00420,garden-a,dev-001,default,loam,2025-12-09 18:00:00+07:00,0.6692092154420922,0.11454815615291097,0.1927236971484759,0.5352564102564104,0.4951923076923077,0.4326923076923077,0.23275862068965517,0.30622009569377984,0.30611611300838254,0.32194215101973866,0.059210526315790206
SYN_00421,garden-a,dev-002,rice,sandy,2025-12-09 18:30:00+07:00,0.6903798256537983,0.6022268964319484,0.25663716814159293,0.41987179487179516,0.4182692307692308,0.34615384615384615,0.36637931034482757,0.23394787031150666,0.2339335610058988,0.1751143674704285,0.4714912280701757
SYN_00422,garden-c,dev-001,default,sandy,2025-12-09 19:00:00+07:00,0.0907534246575342,0.36093475617992704,0.41543756145526056,0.5576923076923078,0.46634615384615385,0.5576923076923077,0.5905172413793104,0.3934821159701542,0.3935113318845079,0.35766489875517155,0.46271929824561425
SYN_00423,garden-a,dev-003,rice,sandy,2025-12-09 19:30:00+07:00,0.6555105853051058,0.5086740896547731,0.41642084562438547,0.6474358974358977,0.4326923076923077,0.4326923076923077,0.4482758620689655,0.36724997490547723,0.36712201179757836,0.3837643756720797,0.708333333333333
SYN_00424,garden-c,dev-001,default,clay,2025-12-09 20:00:00+07:00,0.5758094645080947,0.5109897531888616,0.5978367748279253,0.733974358974359,0.5336538461538461,0.5384615384615384,0.5344827586206896,0.6167229899287314,0.6165787022663768,0.6539449942588441,0.6864035087719296
SYN_00425,garden-a,dev-002,chili,loam,2025-12-09 20:30:00+07:00,0.22711706102117063,0.5786071283842457,0.36037364798426746,0.7115384615384616,0.44711538461538464,0.40384615384615385,0.6379310344827587,0.38384581925251776,0.3837317603228811,0.4619169992891902,0.6030701754385968
SYN_00426,garden-c,dev-003,chili,loam,2025-12-09 21:00:00+07:00,0.35351805728518065,0.23388201694293814,0.27728613569321536,0.7083333333333334,0.5528846153846154,0.5865384615384616,0.28879310344827586,0.49466323150533664,0.494411673393356,0.5558167933366139,0.260964912280702
SYN_00427,garden-c,dev-001,default,loam,2025-12-09 21:30:00+07:00,0.31117683686176845,0.5460334613380675,0.36283185840707965,0.42628205128205143,0.5576923076923077,0.6153846153846154,0.4224137931034483,0.42399705557600287,0.42393666563179133,0.4611879636211201,0.510964912280702
SYN_00428,garden-a,dev-004,chili,sandy,2025-12-09 22:00:00+07:00,0.7470423412204235,0.5060496709828062,0.32595870206489674,0.3589743589743592,0.34134615384615385,0.40384615384615385,0.21120689655172414,0.2620537357379462,0.2618751940391183,0.20996227240417734,0.6469298245614032
SYN_00429,garden-b,dev-003,rice,loam,2025-12-09 22:30:00+07:00,0.6156600249066001,0.7272727272727272,0.8308751229105211,0.7211538461538463,0.7211538461538461,0.7788461538461539,0.5775862068965517,0.6212734633787264,0.6210804098106177,0.6610895438059307,0.5372807017543862
SYN_00430,garden-b,dev-001,rice,loam,2025-12-09 23:00:00+07:00,0.5091843088418432,0.40107292410412765,0.2222222222222222,0.4358974358974361,0.34615384615384615,0.15384615384615385,0.2801724137931034,0.2505437146585472,0.2505433095312015,0.25180891975139885,0.41885964912280726
SYN_00431,garden-a,dev-004,rice,clay,2025-12-09 23:30:00+07:00,0.14367995018679955,0.7874799791590281,0.6135693215339233,0.5416666666666669,0.3798076923076923,0.6442307692307693,0.7025862068965517,0.5037641784053266,0.5037255510710958,0.47387318424553915,0.6250000000000002
SYN_00432,garden-b,dev-004,rice,loam,2025-12-10 00:00:00+07:00,0.12935865504358657,0.6778719052121726,0.32989183874139627,0.5641025641025641,0.3269230769230769,0.46153846153846156,0.3793103448275862,0.28025562953792615,0.2801924868053399,0.3136311444037399,0.4539473684210529
SYN_00433,garden-c,dev-001,rice,loam,2025-12-10 00:30:00+07:00,0.5166562889165628,0.49354508789872825,0.46607669616519176,0.621794871794872,0.47115384615384615,0.46153846153846156,0.5775862068965517,0.32174524040552743,0.3216392424712821,0.42706909435544127,0.7434210526315786
SYN_00434,garden-a,dev-001,tomato,sandy,2025-12-10 01:00:00+07:00,0.4419364881693648,0.3005731267246869,0.16420845624385447,0.34294871794871823,0.2932692307692308,0.38461538461538464,0.31896551724137934,0.19941780707330944,0.1993169823036324,0.27542967539686875,0.31359649122807043
SYN_00435,garden-a,dev-004,chili,loam,2025-12-10 01:30:00+07:00,0.7183997509339975,0.6093282646031531,0.41248770894788594,0.7083333333333334,0.5576923076923077,0.375,0.5560344827586207,0.35252785492019933,0.35237503880782367,0.22046038602438622,0.5328947368421055
SYN_00436,garden-c,dev-002,rice,clay,2025-12-10 02:00:00+07:00,0.47805105853051066,0.7394685552189266,0.932645034414946,0.5320512820512822,0.8990384615384616,0.9038461538461539,0.8663793103448276,0.7792016595844347,0.779105867742937,0.8919022363169117,0.5767543859649126
SYN_00437,garden-a,dev-003,chili,sandy,2025-12-10 02:30:00+07:00,0.33421544209215437,0.29254549313984674,0.2551622418879056,0.3685897435897439,0.4519230769230769,0.2692307692307692,0.2025862068965517,0.21681667614681968,0.21670288730208012,0.30459110211967116,0.21710526315789497
SYN_00438,garden-b,dev-002,chili,sandy,2025-12-10 03:00:00+07:00,0.3068181818181819,0.13508037282182897,0.3854473942969518,0.45512820512820523,0.27403846153846156,0.6346153846153846,0.28448275862068967,0.3817044199819319,0.38155852219807507,0.3837643756720797,0.2434210526315792
SYN_00439,garden-a,dev-002,default,loam,2025-12-10 03:30:00+07:00,0.48490037359900373,0.16935219312633873,0.6066863323500492,0.3493589743589745,0.4423076923076923,0.49038461538461536,0.41379310344827586,0.5725566299728978,0.5724930145917416,0.5603368144786484,0.5285087719298248
SYN_00440,garden-a,dev-004,default,loam,2025-12-10 04:00:00+07:00,0.49922166874221674,0.5200980297562764,0.700589970501475,0.5737179487179488,0.8365384615384616,0.8461538461538461,0.6939655172413793,0.793388429752066,0.7933871468488046,0.8169573696393095,0.7258771929824559
SYN_00441,garden-b,dev-002,default,sandy,2025-12-10 04:30:00+07:00,0.45812577833125784,0.2801952876247081,0.4557522123893805,0.18269230769230801,0.47596153846153844,0.375,0.5387931034482759,0.23742764412620865,0.23750388078236573,0.41904970200667063,0.541666666666667
SYN_00442,garden-a,dev-004,tomato,loam,2025-12-10 05:00:00+07:00,0.7725716064757159,0.34565137685494296,0.5063913470993117,0.5865384615384617,0.3317307692307692,0.375,0.5086206896551724,0.5233044467494228,0.5232846941943495,0.6823773853135764,0.44517543859649145
SYN_00443,garden-a,dev-001,default,clay,2025-12-10 05:30:00+07:00,0.5154109589041095,0.3658748383859825,0.7050147492625368,0.24038461538461559,0.5576923076923077,0.7884615384615384,0.6508620689655172,0.7347676247197777,0.7345544861844148,0.7606758160643008,0.6864035087719296
SYN_00444,garden-c,dev-001,default,loam,2025-12-10 06:00:00+07:00,0.31117683686176845,0.44136546959726747,0.4582104228121927,0.45833333333333365,0.6490384615384616,0.7692307692307693,0.4870689655172414,0.6199350888346102,0.6198385594535858,0.6750870286328758,0.541666666666667
SYN_00445,garden-a,dev-001,rice,clay,2025-12-10 06:30:00+07:00,0.6411892901618927,0.541093379132012,0.7384464110127827,0.3493589743589745,0.7548076923076923,0.8846153846153846,0.7068965517241379,0.8691404289490412,0.8689847873331263,0.8604078954562852,0.6644736842105261
SYN_00446,garden-b,dev-001,tomato,clay,2025-12-10 07:00:00+07:00,0.6492839352428393,0.4254645799965265,0.816125860373648,0.4935897435897437,0.8317307692307693,0.7692307692307693,0.8232758620689655,0.7243283032756715,0.724153989444272,0.8434942679570597,0.4758771929824564
SYN_00447,garden-c,dev-004,rice,clay,2025-12-10 07:30:00+07:00,0.5284869240348692,0.5804596592115165,0.8972468043264503,0.6955128205128206,0.7980769230769231,0.6730769230769231,0.9525862068965517,0.8900190718372535,0.889785780813412,0.9028377713379626,0.6600877192982454
SYN_00448,garden-b,dev-003,default,sandy,2025-12-10 08:00:00+07:00,0.4494084682440847,0.31724590417012405,0.34267453294001965,0.6025641025641026,0.3557692307692308,0.5288461538461539,0.5517241379310345,0.46896644025830625,0.4689537410742005,0.42692328722182726,0.3442982456140353
SYN_00449,garden-c,dev-002,default,sandy,2025-12-10 08:30:00+07:00,0.6542652552926524,0.15468632407711158,0.17010816125860373,0.3493589743589745,0.375,0.3173076923076923,0.5344827586206896,0.3118412687790677,0.3118596709096554,0.37909854739643134,0.0
SYN_00450,garden-a,dev-004,default,loam,2025-12-10 09:00:00+07:00,0.8124221668742215,0.17182223422936646,0.6991150442477876,0.4230769230769233,0.5576923076923077,0.5673076923076923,0.49137931034482757,0.5650617325258472,0.5650419124495497,0.7318060036087265,0.2872807017543862
SYN_00451,garden-a,dev-001,default,loam,2025-12-10 09:30:00+07:00,0.3311021170610213,0.5275081530653596,0.3480825958702065,0.5961538461538464,0.6490384615384616,0.5769230769230769,0.5948275862068966,0.4606685180847859,0.46057125116423464,0.3149434086062661,0.695175438596491
SYN_00452,garden-a,dev-002,chili,loam,2025-12-10 10:00:00+07:00,0.4643524283935242,0.30180814727620076,0.5442477876106194,0.25641025641025655,0.6346153846153846,0.7115384615384616,0.46120689655172414,0.6761468196874894,0.6760322881092827,0.724515646928026,0.4846491228070178
SYN_00453,garden-b,dev-002,rice,loam,2025-12-10 10:30:00+07:00,0.9942403486924034,0.6699986491962717,0.5904621435594887,0.7211538461538463,0.5288461538461539,0.375,0.6206896551724138,0.48449158497005373,0.48432163924247124,0.5582955146080522,0.5504385964912283
SYN_00454,garden-b,dev-003,default,loam,2025-12-10 11:00:00+07:00,0.7053237858032378,0.5194805194805194,0.7325467059980334,0.657051282051282,0.7980769230769231,0.6826923076923077,0.6206896551724138,0.8736909023990362,0.8736417261719963,0.8886944793774034,0.5679824561403511
SYN_00455,garden-c,dev-004,rice,sandy,2025-12-10 11:30:00+07:00,0.4313511830635119,0.635726828891762,0.22418879056047197,0.8750000000000001,0.35096153846153844,0.40384615384615385,0.16810344827586207,0.027035165791146648,0.026855013970816514,0.09535786538356389,0.46710526315789497
SYN_00456,garden-a,dev-003,chili,sandy,2025-12-10 12:00:00+07:00,0.5857721046077211,0.36463981783446864,0.5363815142576205,0.2500000000000003,0.5,0.6346153846153846,0.41379310344827586,0.4630775922641951,0.4628997205836696,0.46818670603459267,0.43640350877193007
SYN_00457,garden-b,dev-004,default,clay,2025-12-10 12:30:00+07:00,0.5010896637608966,0.4191350996700179,0.6887905604719764,0.28846153846153877,0.6826923076923077,0.7692307692307693,0.7586206896551724,0.7508281192491717,0.7506985408258304,0.7918785426576995,0.695175438596491
SYN_00458,garden-b,dev-001,rice,loam,2025-12-10 13:00:00+07:00,0.0,0.7393141776499874,0.4385447394296952,0.4519230769230771,0.49038461538461536,0.4423076923076923,0.5431034482758621,0.2746344564526382,0.2744489289040671,0.3483332422038748,0.2521929824561406
SYN_00459,garden-c,dev-002,rice,loam,2025-12-10 13:30:00+07:00,0.060242839352428454,0.4135775071882055,0.2866273352999017,0.387820512820513,0.20673076923076922,0.3557692307692308,0.3448275862068966,0.22672064777327933,0.2266376901583359,0.19771447318060037,0.28289473684210553
SYN_00460,garden-a,dev-003,chili,loam,2025-12-10 14:00:00+07:00,0.5353362391033624,0.47733544316010884,0.7079646017699115,0.26602564102564125,0.6105769230769231,0.9230769230769231,0.6637931034482759,0.5985210961287515,0.5984166407947842,0.48685001913718623,0.4583333333333336
SYN_00461,garden-c,dev-002,default,loam,2025-12-10 14:30:00+07:00,0.5060709838107098,0.4796511066941973,0.46017699115044247,0.3782051282051286,0.47596153846153844,0.5576923076923077,0.4396551724137931,0.3637702010907752,0.36370692331574045,0.3340441431097016,0.6600877192982454
SYN_00462,garden-a,dev-001,tomato,clay,2025-12-10 15:00:00+07:00,0.5583748443337484,0.436425387391212,0.5816125860373648,0.3589743589743592,0.46634615384615385,0.6923076923076923,0.6982758620689655,0.5918292234081707,0.5915864638311084,0.46177119215557616,0.7346491228070173
SYN_00463,garden-a,dev-003,default,loam,2025-12-10 15:30:00+07:00,0.3130448318804483,0.180776133227842,0.32104228121927236,0.4935897435897437,0.2980769230769231,0.2692307692307692,0.33189655172413796,0.2502760397497239,0.2503880782365725,0.26959739005230826,0.059210526315790206
SYN_00464,garden-b,dev-001,rice,loam,2025-12-10 16:00:00+07:00,0.6573785803237858,0.6971691013295767,0.3613569321533923,0.4711538461538462,0.42788461538461536,0.33653846153846156,0.40948275862068967,0.33646736039080527,0.3363862154610369,0.20150545865456465,0.5460526315789476
SYN_00465,garden-a,dev-003,chili,sandy,2025-12-10 16:30:00+07:00,0.6156600249066001,0.11732695239381717,0.3077679449360865,0.5705128205128207,0.3894230769230769,0.3269230769230769,0.40948275862068967,0.2671395590055877,0.2671530580565042,0.23139592104543713,0.09868421052631603
SYN_00466,garden-a,dev-001,default,sandy,2025-12-10 17:00:00+07:00,0.6990971357409712,0.4280889986684934,0.37069813176007865,0.621794871794872,0.4423076923076923,0.47115384615384615,0.34913793103448276,0.3174624418643557,0.31744799751629926,0.2599741192337835,0.4583333333333336
SYN_00467,garden-b,dev-003,rice,loam,2025-12-10 17:30:00+07:00,0.8616127023661269,0.6062407132243685,0.6302851524090463,0.6282051282051283,0.5528846153846154,0.5865384615384616,0.5905172413793104,0.5115267507612005,0.5114871158025458,0.544006415513879,0.7127192982456138
SYN_00468,garden-c,dev-004,chili,loam,2025-12-10 18:00:00+07:00,0.3802926525529266,0.7711159568514695,0.3505408062930187,0.31410256410256443,0.22596153846153846,0.4230769230769231,0.4353448275862069,0.253755813564426,0.2538031667184104,0.3150892157398801,0.5723684210526319
SYN_00469,garden-a,dev-002,rice,sandy,2025-12-10 18:30:00+07:00,0.3877646326276462,0.5728951583334941,0.5245821042281219,0.8717948717948717,0.5384615384615384,0.5192307692307693,0.5948275862068966,0.2933717000702646,0.2932319155541757,0.4229864946142489,0.7872807017543857
SYN_00470,garden-b,dev-004,rice,loam,2025-12-10 19:00:00+07:00,0.6941158156911581,0.70457922463866,0.5658800393313668,0.6410256410256411,0.5865384615384616,0.6153846153846154,0.4396551724137931,0.4729815638906547,0.47283452343992544,0.3981992818998669,0.6162280701754388
SYN_00471,garden-b,dev-001,chili,loam,2025-12-10 19:30:00+07:00,0.27693026151930267,0.4737847590745064,0.3672566371681416,0.3685897435897439,0.28365384615384615,0.3557692307692308,0.25,0.2502760397497239,0.2503880782365725,0.2093790438697213,0.6118421052631582
SYN_00472,garden-b,dev-004,default,clay,2025-12-10 20:00:00+07:00,0.685398505603985,0.6982497443121514,0.4950835791543756,0.34615384615384637,0.5192307692307693,0.49038461538461536,0.3620689655172414,0.41516378358483613,0.41493325054330954,0.33812674285089395,0.5504385964912283
SYN_00473,garden-c,dev-004,chili,loam,2025-12-10 20:30:00+07:00,0.5976027397260273,0.578143995677428,0.38987217305801375,0.03846153846153877,0.2980769230769231,0.4807692307692308,0.21982758620689655,0.3522601800113761,0.3522198075131946,0.41598775220077644,0.3442982456140353
SYN_00474,garden-c,dev-004,default,loam,2025-12-10 21:00:00+07:00,0.5776774595267745,0.5069759363964416,0.2232055063913471,0.45833333333333365,0.5673076923076923,0.36538461538461536,0.46551724137931033,0.39803258942014913,0.39801303942874877,0.41569613793354837,0.5285087719298248
SYN_00475,garden-a,dev-002,tomato,loam,2025-12-10 21:30:00+07:00,0.6779265255292651,0.14341676154454755,0.35398230088495575,0.525641025641026,0.5673076923076923,0.5480769230769231,0.5387931034482759,0.5321377187405895,0.5319776466935734,0.5256347166785135,0.41008771929824583
SYN_00476,garden-c,dev-003,chili,sandy,2025-12-10 22:00:00+07:00,0.7825342465753425,0.10096293008625845,0.5835791543756146,0.32692307692307726,0.5961538461538461,0.6153846153846154,0.22844827586206898,0.41302238431425026,0.4127600124185035,0.4242987588167751,0.0
SYN_00477,garden-a,dev-001,rice,loam,2025-12-10 22:30:00+07:00,0.3790473225404733,0.6073213562069432,0.5496558505408063,0.621794871794872,0.4230769230769231,0.3942307692307692,0.5732758620689655,0.5589052096229129,0.5588326606643899,0.5938724552098712,0.7171052631578945
SYN_00478,garden-a,dev-004,rice,sandy,2025-12-10 23:00:00+07:00,0.8055728518057284,0.4652939927828486,0.6111111111111112,0.47756410256410275,0.6586538461538461,0.5865384615384616,0.46120689655172414,0.5444507645464582,0.5442409189692642,0.5017223467658155,0.6250000000000002
SYN_00479,garden-a,dev-002,rice,loam,2025-12-10 23:30:00+07:00,0.5533935242839351,0.5363076744948959,0.38495575221238937,0.6602564102564105,0.42788461538461536,0.41346153846153844,0.4396551724137931,0.29203332552614847,0.29183483390251475,0.362913955565276,0.2872807017543862
SYN_00480,garden-a,dev-004,default,loam,2025-12-11 00:00:00+07:00,0.7837795765877955,0.530441326875205,0.4655850540806293,0.2788461538461541,0.42788461538461536,0.34615384615384615,0.31896551724137934,0.32308361494964355,0.3230363241229432,0.2853445604826216,0.4758771929824564
SYN_00481,garden-c,dev-003,default,loam,2025-12-11 00:30:00+07:00,0.4631070983810709,0.3004187491557477,0.40658800393313665,0.810897435897436,0.3269230769230769,0.46153846153846156,0.5344827586206896,0.2711546826379362,0.2710338404222291,0.19071573076712778,0.19956140350877216
SYN_00482,garden-b,dev-003,rice,loam,2025-12-11 01:00:00+07:00,0.7395703611457036,0.42762586596167573,0.3633235004916421,0.4935897435897437,0.5721153846153846,0.4230769230769231,0.36637931034482757,0.3637702010907752,0.36370692331574045,0.4291103942260375,0.5285087719298248
SYN_00483,garden-c,dev-003,default,loam,2025-12-11 01:30:00+07:00,0.49673100871730996,0.3411744273557052,0.6317600786627335,0.5737179487179488,0.6778846153846154,0.7403846153846154,0.46551724137931033,0.7931207548432428,0.7930766842595467,0.810396048626679,0.598684210526316
SYN_00484,garden-c,dev-003,default,loam,2025-12-11 02:00:00+07:00,0.7152864259028642,0.6144227243781478,0.6819075712881023,0.4358974358974361,0.6634615384615384,0.6442307692307693,0.7370689655172413,0.6555358517081004,0.6553865259236261,0.641988809302495,0.5021929824561406
SYN_00485,garden-c,dev-002,rice,clay,2025-12-11 02:30:00+07:00,0.4014632627646327,0.8747033056096948,0.6533923303834809,0.2339743589743593,0.6394230769230769,0.5961538461538461,0.7887931034482759,0.6335865091845952,0.6334989133809376,0.6558404869958262,0.30043859649122834
SYN_00486,garden-b,dev-001,default,loam,2025-12-11 03:00:00+07:00,0.6561332503113325,0.521178672738851,0.7045231071779744,0.6089743589743591,0.6923076923076923,0.5480769230769231,0.7327586206896551,0.5543547361729179,0.554330953120149,0.5776878633787158,0.510964912280702
SYN_00487,garden-b,dev-004,chili,loam,2025-12-11 03:30:00+07:00,0.46933374844333753,0.2706238783504757,0.2920353982300885,0.7083333333333334,0.5817307692307693,0.375,0.4525862068965517,0.5808545521464181,0.5808755045017076,0.5482348223886853,0.20833333333333356
SYN_00488,garden-c,dev-003,default,sandy,2025-12-11 04:00:00+07:00,0.5745641344956413,0.27942339978001196,0.2969518190757129,0.43910256410256426,0.4567307692307692,0.33653846153846156,0.38362068965517243,0.31987151604376474,0.3199316982303632,0.30663240199026737,0.4846491228070178
SYN_00489,garden-a,dev-002,default,sandy,2025-12-11 04:30:00+07:00,0.5328455790784558,0.18231990891723432,0.35152409046214356,0.44871794871794896,0.5048076923076923,0.4326923076923077,0.4267241379310345,0.38946699233780563,0.38932008692952497,0.3694752765779065,0.2960526315789476
SYN_00490,garden-b,dev-004,default,loam,2025-12-11 05:00:00+07:00,0.7557596513075966,0.2744833175739565,0.1415929203539823,0.560897435897436,0.18269230769230768,0.15384615384615385,0.2801724137931034,0.17211496637333956,0.17199627444892893,0.12014507809794593,0.33114035087719323
SYN_00491,garden-c,dev-004,tomato,loam,2025-12-11 05:30:00+07:00,0.187266500622665,0.6479226568379614,0.4503441494591937,0.5641025641025641,0.40384615384615385,0.49038461538461536,0.5474137931034483,0.43550707665540195,0.43542378143433713,0.44646144312610486,0.5592105263157897
SYN_00492,garden-b,dev-001,rice,clay,2025-12-11 06:00:00+07:00,0.4431818181818181,0.703961714362903,0.6578171091445427,0.5032051282051284,0.7115384615384616,0.7211538461538461,0.6896551724137931,0.8198882457255661,0.8196212356411052,0.7481364025734959,0.4583333333333336
SYN_00493,garden-a,dev-002,tomato,sandy,2025-12-11 06:30:00+07:00,0.6629825653798256,0.10173481793095462,0.16420845624385447,0.4743589743589746,0.2980769230769231,0.19230769230769232,0.22844827586206898,0.22779134740857226,0.22787954051536788,0.30021688811125086,0.09868421052631603
SYN_00494,garden-c,dev-003,default,sandy,2025-12-11 07:00:00+07:00,0.4313511830635119,0.34518824414812527,0.43215339233038347,0.48397435897435903,0.5576923076923077,0.5,0.41379310344827586,0.4526382708200889,0.45249922384352687,0.5584413217416662,0.43640350877193007
SYN_00495,garden-a,dev-001,default,clay,2025-12-11 07:30:00+07:00,0.4556351183063513,0.3731305841261265,0.6504424778761062,0.5737179487179488,0.6105769230769231,0.8557692307692307,0.5431034482758621,0.6568742262522165,0.6569388388699162,0.6991452056791878,0.6732456140350874
SYN_00496,garden-c,dev-004,chili,sandy,2025-12-11 08:00:00+07:00,0.6324719800747198,0.21103413673993168,0.37610619469026546,0.733974358974359,0.3894230769230769,0.38461538461538464,0.38362068965517243,0.20557432997624384,0.2055262340887923,0.13268449158875098,0.2785087719298248
SYN_00497,garden-c,dev-002,default,clay,2025-12-11 08:30:00+07:00,0.42761519302615186,0.7031898265182068,0.8736479842674533,0.6506410256410258,1.0,0.6346153846153846,1.0,0.8260447686285005,0.825830487426265,0.8243935334536241,0.37061403508771956
SYN_00498,garden-b,dev-001,chili,clay,2025-12-11 09:00:00+07:00,0.7003424657534247,0.5991393450531638,0.8824975417895772,0.37179487179487203,0.7211538461538461,0.625,0.7586206896551724,0.644828855355171,0.6446755665942253,0.6759618714345599,0.4978070175438599
SYN_00499,garden-c,dev-003,chili,loam,2025-12-11 09:30:00+07:00,0.7856475716064756,0.487369985141159,0.4616519174041298,0.44871794871794896,0.4807692307692308,0.375,0.43103448275862066,0.3204068658614112,0.32039739211425017,0.23912369912697976,0.7039473684210524
SYN_00500,garden-c,dev-003,tomato,loam,2025-12-11 10:00:00+07:00,0.14741594022415935,0.10883618610215937,0.2910521140609636,0.36538461538461575,0.3701923076923077,0.49038461538461536,0.7370689655172413,0.4266738046642352,0.42673082893511327,0.3562068274190315,0.46271929824561425
SYN_00501,garden-c,dev-004,default,clay,2025-12-11 10:30:00+07:00,0.5179016189290163,0.5255012446691495,0.6337266470009832,0.730769230769231,0.5625,0.6442307692307693,0.6767241379310345,0.6868538160404187,0.6867432474386835,0.7525106165819162,0.5811403508771932
SYN_00502,garden-c,dev-004,chili,clay,2025-12-11 11:00:00+07:00,0.4101805728518058,0.35028270392311994,0.6937069813176008,0.17948717948717988,0.8461538461538461,0.7019230769230769,0.6594827586206896,0.7154950312845049,0.7154610369450481,0.5270927880146536,0.6732456140350874
SYN_00503,garden-a,dev-003,chili,sandy,2025-12-11 11:30:00+07:00,0.3678393524283936,0.15221628297408385,0.34906588003933137,0.842948717948718,0.375,0.6730769230769231,0.3879310344827586,0.37180044835547216,0.3717789506364483,0.459146663750524,0.2916666666666669
SYN_00504,garden-a,dev-002,rice,loam,2025-12-11 12:00:00+07:00,0.7570049813200497,0.6113351729993631,0.6912487708947886,0.544871794871795,0.7836538461538461,0.5865384615384616,0.4827586206896552,0.5808545521464181,0.5808755045017076,0.6205551606612353,0.8530701754385962
SYN_00505,garden-c,dev-002,rice,sandy,2025-12-11 12:30:00+07:00,0.7127957658779577,0.3001099940178692,0.2551622418879056,0.9423076923076924,0.22596153846153846,0.25,0.10775862068965517,0.2382306688526784,0.2381248059608817,0.326462172161773,0.3223684210526318
SYN_00506,garden-b,dev-004,rice,loam,2025-12-11 13:00:00+07:00,0.598225404732254,0.5014183439146291,0.7635201573254671,0.6602564102564105,0.7163461538461539,0.9038461538461539,0.7672413793103449,0.6282330110081306,0.6282210493635516,0.5531922649315617,0.7214912280701752
SYN_00507,garden-c,dev-001,chili,loam,2025-12-11 13:30:00+07:00,0.625,0.48984002624418665,0.4183874139626352,0.06410256410256443,0.5,0.5480769230769231,0.5086206896551724,0.29203332552614847,0.2919900651971437,0.37895274026281733,0.5811403508771932
SYN_00508,garden-b,dev-003,default,clay,2025-12-11 14:00:00+07:00,0.4954856787048567,0.7346828505818105,0.95968534906588,0.41987179487179516,0.7836538461538461,0.9230769230769231,0.9094827586206896,0.9561347743165924,0.9559143123253647,0.8573459456503909,0.37061403508771956
SYN_00509,garden-a,dev-001,default,loam,2025-12-11 14:30:00+07:00,0.9027085927770859,0.377453156056425,0.2581120943952802,0.794871794871795,0.16346153846153846,0.47115384615384615,0.4267241379310345,0.18469568708803158,0.18472524060850667,0.2929265314305502,0.46710526315789497
SYN_00510,garden-a,dev-001,chili,sandy,2025-12-11 15:00:00+07:00,0.44069115815691157,0.38378263638293353,0.36430678466076694,0.6955128205128206,0.40384615384615385,0.5673076923076923,0.47413793103448276,0.4719108642553618,0.47174790437752245,0.5133869174549365,0.22149122807017568
SYN_00511,garden-c,dev-001,rice,loam,2025-12-11 15:30:00+07:00,0.3317247820672478,0.6868258042106482,0.5776794493608652,0.5128205128205131,0.5,0.4519230769230769,0.4827586206896552,0.49653695586709934,0.49642968022353307,0.4922448830809047,0.7039473684210524
SYN_00512,garden-a,dev-002,rice,loam,2025-12-11 16:00:00+07:00,0.5110523038605229,0.6517820960614422,0.4272369714847591,0.7275641025641028,0.6538461538461539,0.47115384615384615,0.39655172413793105,0.39053769197309857,0.3904067059919279,0.3719539978493448,0.6074561403508775
SYN_00513,garden-c,dev-002,chili,sandy,2025-12-11 16:30:00+07:00,0.699719800747198,0.34843017309584917,0.46804326450344147,0.18589743589743615,0.5528846153846154,0.6346153846153846,0.375,0.4205172817613008,0.4203663458553244,0.36510106256948616,0.6425438596491225
SYN_00514,garden-c,dev-003,rice,clay,2025-12-11 17:00:00+07:00,0.6362079701120796,0.50728469153432,0.6573254670599803,0.5737179487179488,0.4230769230769231,0.375,0.5991379310344828,0.4649513166259577,0.4647624961192176,0.3909089252191663,0.6074561403508775
SYN_00515,garden-b,dev-003,chili,sandy,2025-12-11 17:30:00+07:00,0.5558841843088419,0.12041450377260185,0.20698131760078664,0.7243589743589743,0.25961538461538464,0.19230769230769232,0.25862068965517243,0.06772175193227824,0.06768084445824278,0.002041299870596169,0.2390350877192985
SYN_00516,garden-a,dev-002,tomato,loam,2025-12-11 18:00:00+07:00,0.529109589041096,0.5227224484282433,0.6091445427728613,0.310897435897436,0.7644230769230769,0.6730769230769231,0.6551724137931034,0.6889952153110046,0.6887612542688605,0.7669455228097034,0.4539473684210529
SYN_00517,garden-b,dev-001,default,loam,2025-12-11 18:30:00+07:00,0.42387920298879206,0.5224136932903649,0.34611602753195675,0.5641025641025641,0.4423076923076923,0.22115384615384615,0.3706896551724138,0.2936393749790879,0.29354237814343376,0.25064246268248674,0.4890350877192985
SYN_00518,garden-a,dev-002,rice,sandy,2025-12-11 19:00:00+07:00,0.5571295143212952,0.6954709480712452,0.4606686332350049,0.6410256410256411,0.40384615384615385,0.41346153846153844,0.5646551724137931,0.14641817512630909,0.14638311083514438,0.18269633841835708,0.3750000000000002
SYN_00519,garden-a,dev-004,default,clay,2025-12-11 19:30:00+07:00,0.5110523038605229,0.598676212346346,0.4759095378564405,0.5641025641025641,0.46153846153846156,0.4230769230769231,0.2629310344827586,0.2435841670291431,0.24355790127289662,0.17219822479814825,0.5811403508771932
SYN_00520,garden-b,dev-004,chili,loam,2025-12-11 20:00:00+07:00,0.44504981320049813,0.3211053433936049,0.4119960668633235,0.7051282051282053,0.47596153846153844,0.49038461538461536,0.5646551724137931,0.4440726737377454,0.44396150263893197,0.4934113401498168,0.35307017543859676
SYN_00521,garden-c,dev-002,default,clay,2025-12-11 20:30:00+07:00,0.6580012453300125,0.4541788078192239,0.5766961651917404,0.4807692307692309,0.5913461538461539,0.47115384615384615,0.6896551724137931,0.44808779737009397,0.44799751629928586,0.3484790493374888,0.708333333333333
SYN_00522,garden-b,dev-003,chili,loam,2025-12-11 21:00:00+07:00,0.546544209215442,0.2641400204550279,0.32989183874139627,0.5929487179487182,0.3605769230769231,0.5865384615384616,0.5474137931034483,0.37902767089369954,0.3790748214840111,0.28374068201286745,0.36184210526315813
SYN_00523,garden-a,dev-001,rice,clay,2025-12-11 21:30:00+07:00,0.5390722291407224,0.7217151347909149,0.7212389380530974,0.5865384615384617,0.5192307692307693,0.6538461538461539,0.8577586206896551,0.6030715695787465,0.603073579633654,0.8707602019428801,0.598684210526316
SYN_00524,garden-b,dev-001,rice,loam,2025-12-11 22:00:00+07:00,0.5110523038605229,0.5772177302637926,0.2767944936086529,1.0,0.27403846153846156,0.11538461538461539,0.004310344827586207,0.10519623916753103,0.10509158646383111,0.26172380483715163,0.35307017543859676
SYN_00525,garden-a,dev-004,default,loam,2025-12-11 22:30:00+07:00,0.5172789539227896,0.6364987167364581,0.4390363815142576,0.4423076923076924,0.3317307692307692,0.5769230769230769,0.5689655172413793,0.26767490882323414,0.2674635206457622,0.1245192921063663,0.6644736842105261
SYN_00526,garden-c,dev-001,chili,loam,2025-12-11 23:00:00+07:00,0.3186488169364881,0.5001833233631153,0.7645034414945919,0.8461538461538464,0.5769230769230769,0.7115384615384616,0.8405172413793104,0.7746511861344395,0.774604160198696,0.725827911130552,0.5942982456140353
SYN_00527,garden-b,dev-001,rice,loam,2025-12-11 23:30:00+07:00,0.4481631382316314,0.6930009069682175,0.8436578171091446,0.9134615384615387,0.5769230769230769,0.7211538461538461,0.7068965517241379,0.7947268042961821,0.7944737659112076,0.6348442597554085,0.739035087719298
SYN_00528,garden-b,dev-001,default,loam,2025-12-12 00:00:00+07:00,0.2644769613947697,0.7794523455741881,0.5540806293018682,0.387820512820513,0.6201923076923077,0.5865384615384616,0.7370689655172413,0.3637702010907752,0.36370692331574045,0.3570816702207155,0.4407894736842108
SYN_00529,garden-b,dev-003,default,clay,2025-12-12 00:30:00+07:00,0.5340909090909091,0.6726230678682387,0.44837758112094395,0.4807692307692309,0.4519230769230769,0.34615384615384615,0.7112068965517241,0.3222805902231739,0.32226016764979815,0.1618459183115534,0.7565789473684208
SYN_00530,garden-c,dev-001,default,loam,2025-12-12 01:00:00+07:00,0.1822851805728519,0.6466876362864475,0.5275319567354966,0.887820512820513,0.7451923076923077,0.5480769230769231,0.5,0.5674708067052564,0.5673703818689847,0.5055133322397798,0.48026315789473706
SYN_00531,garden-b,dev-003,default,loam,2025-12-12 01:30:00+07:00,0.6629825653798256,0.8848922251596842,0.3495575221238938,0.6314102564102564,0.28365384615384615,0.2692307692307692,0.5129310344827587,0.13812025295278882,0.13815585221980753,0.0797565020868646,0.2785087719298248
SYN_00532,garden-c,dev-004,default,sandy,2025-12-12 02:00:00+07:00,0.28627023661270234,0.5037340074487177,0.4577187807276303,0.32692307692307726,0.27403846153846156,0.3942307692307692,0.5043103448275862,0.31612406732023945,0.3160509158646383,0.26886835438423823,0.5285087719298248
SYN_00533,garden-c,dev-001,chili,loam,2025-12-12 02:30:00+07:00,0.1380759651307597,0.6283167055826788,0.4729596853490659,0.9006410256410258,0.47115384615384615,0.6538461538461539,0.41810344827586204,0.4901127580553417,0.4900651971437442,0.4807261195253978,0.42763157894736864
SYN_00534,garden-c,dev-001,chili,clay,2025-12-12 03:00:00+07:00,0.5664694894146948,0.4958607514328167,0.7138643067846607,0.71474358974359,0.7884615384615384,0.6730769230769231,0.7198275862068966,0.8514738849667078,0.8514436510400496,0.9344779193322033,0.8486842105263156
SYN_00535,garden-c,dev-004,rice,loam,2025-12-12 03:30:00+07:00,0.6075653798256537,0.5752108218675825,0.5993117010816126,0.4743589743589746,0.4855769230769231,0.7115384615384616,0.6594827586206896,0.5575668350787967,0.5574355790127289,0.5616490786811744,0.9934210526315786
SYN_00536,garden-a,dev-002,default,clay,2025-12-12 04:00:00+07:00,0.6262453300124533,0.30983578086104085,0.5585054080629301,0.6025641025641026,0.5480769230769231,0.6057692307692307,0.5732758620689655,0.6084250677552111,0.6081962123564111,0.5887692055333807,0.6776315789473681
SYN_00537,garden-c,dev-002,default,loam,2025-12-12 04:30:00+07:00,0.4369551681195517,0.4493931031821076,0.31170108161258603,0.3365384615384617,0.27884615384615385,0.5096153846153846,0.5172413793103449,0.315588717502593,0.3155852219807513,0.2360617493210855,0.5635964912280704
SYN_00538,garden-a,dev-002,default,loam,2025-12-12 05:00:00+07:00,0.39461394769613956,0.5129966615850716,0.6922320550639135,0.621794871794872,0.6490384615384616,0.7211538461538461,0.8318965517241379,0.6295713855522467,0.6293076684259545,0.6492791659831957,1.0
SYN_00539,garden-a,dev-002,rice,clay,2025-12-12 05:30:00+07:00,0.7071917808219178,0.805850909862797,0.811701081612586,0.36217948717948734,0.6538461538461539,0.6634615384615384,0.75,0.6357279084551811,0.6356721515057435,0.6804818925765942,0.5372807017543862
SYN_00540,garden-a,dev-004,default,loam,2025-12-12 06:00:00+07:00,0.5222602739726027,0.5381602053221667,0.4414945919370698,0.3814102564102567,0.44711538461538464,0.5384615384615384,0.3879310344827586,0.38357814434369447,0.38342129773362305,0.39863670330070894,0.44956140350877216
SYN_00541,garden-c,dev-002,tomato,loam,2025-12-12 06:30:00+07:00,0.4905043586550436,0.5011095887767507,0.26745329400196655,0.7564102564102566,0.5432692307692307,0.3942307692307692,0.31896551724137934,0.3474420316525579,0.3472524060850667,0.4088432026536898,0.7214912280701752
SYN_00542,garden-c,dev-004,rice,clay,2025-12-12 07:00:00+07:00,0.5241282689912826,0.7416298411840759,0.643559488692232,0.42628205128205143,0.7019230769230769,0.7307692307692307,0.6681034482758621,0.7609997657844547,0.7607885749767153,0.7459492955692856,0.4758771929824564
SYN_00543,garden-a,dev-001,default,loam,2025-12-12 07:30:00+07:00,0.6598692403486923,0.48721560757221977,0.5014749262536873,0.6185897435897438,0.5336538461538461,0.625,0.4353448275862069,0.4349717268377555,0.4348028562558211,0.5511509650609655,0.5811403508771932
SYN_00544,garden-c,dev-001,default,sandy,2025-12-12 08:00:00+07:00,0.0,0.2642943980239671,0.37954768928220256,0.38461538461538486,0.39903846153846156,0.33653846153846156,0.4827586206896552,0.2106601532438853,0.2104936355169202,0.07567390234567226,0.31798245614035114
SYN_00545,garden-c,dev-002,rice,sandy,2025-12-12 08:30:00+07:00,0.3491594022415941,0.35722969452538544,0.32595870206489674,0.7435897435897437,0.38461538461538464,0.3173076923076923,0.3232758620689655,0.2138722521497641,0.21375349270412913,0.23868627772613774,0.4890350877192985
SYN_00546,garden-a,dev-002,chili,clay,2025-12-12 09:00:00+07:00,0.2949875466998755,0.4691534320063295,0.34513274336283184,0.5352564102564104,0.5240384615384616,0.41346153846153844,0.6077586206896551,0.43149195302305343,0.4313877677739832,0.48116354092623975,0.5460526315789476
SYN_00547,garden-b,dev-004,tomato,loam,2025-12-12 09:30:00+07:00,0.34044209215442095,0.5532892070782115,0.2999016715830875,0.6346153846153848,0.38461538461538464,0.4519230769230769,0.33189655172413796,0.2398367183056178,0.2398323502018007,0.2599741192337835,0.38815789473684237
SYN_00548,garden-b,dev-002,default,clay,2025-12-12 10:00:00+07:00,0.3821606475716064,0.487369985141159,0.4365781710914454,0.6250000000000001,0.6057692307692307,0.3942307692307692,0.4956896551724138,0.42319403084953316,0.4231605091586464,0.4161335593343904,0.5328947368421055
SYN_00549,garden-c,dev-003,tomato,sandy,2025-12-12 10:30:00+07:00,0.06646948941469505,0.32388413963451107,0.45181907571288105,0.32692307692307726,0.6634615384615384,0.5,0.41379310344827586,0.6244855622846052,0.6244954982924557,0.5985382834855195,0.4890350877192985
SYN_00550,garden-c,dev-002,tomato,loam,2025-12-12 11:00:00+07:00,0.5602428393524285,0.5875610273827213,0.5073746312684366,0.9391025641025643,0.40865384615384615,0.375,0.5387931034482759,0.4521029210024424,0.45203352995963986,0.4186122806058286,0.38377192982456165
SYN_00551,garden-a,dev-004,tomato,loam,2025-12-12 11:30:00+07:00,0.8261207970112078,0.49308195519191056,0.35939036381514256,0.3012820512820516,0.2644230769230769,0.38461538461538464,0.5517241379310345,0.27543748117910793,0.27538031667184104,0.2649315617766599,0.46710526315789497
SYN_00552,garden-a,dev-001,rice,clay,2025-12-12 12:00:00+07:00,0.5527708592777086,0.8120260126203662,0.7979351032448377,0.387820512820513,0.7307692307692307,0.7019230769230769,0.6120689655172413,0.5077793020376751,0.5077615647314498,0.399074124701551,0.5592105263157897
SYN_00553,garden-b,dev-003,chili,loam,2025-12-12 12:30:00+07:00,0.45999377334993763,0.11532004399760715,0.48131760078662733,0.3365384615384617,0.5961538461538461,0.6923076923076923,0.5129310344827587,0.8000803024726468,0.7999068612232225,0.810979277161135,0.5197368421052634
SYN_00554,garden-a,dev-004,rice,sandy,2025-12-12 13:00:00+07:00,0.562733499377335,0.5338376333918681,0.3918387413962635,0.31410256410256443,0.46153846153846156,0.36538461538461536,0.3275862068965517,0.22297319904975405,0.223067370381869,0.3111524231323017,0.8618421052631576
SYN_00555,garden-a,dev-002,chili,clay,2025-12-12 13:30:00+07:00,0.6025840597758406,0.6295517261341926,0.5186823992133727,0.36538461538461575,0.6490384615384616,0.4423076923076923,0.375,0.5685415063405493,0.5684570009313877,0.5940182623434851,0.6600877192982454
SYN_00556,garden-b,dev-001,chili,sandy,2025-12-12 14:00:00+07:00,0.3086861768368617,0.16888906041952104,0.24090462143559488,0.4358974358974361,0.33653846153846156,0.08653846153846154,0.15948275862068967,0.24947301502325422,0.2494566904687985,0.33273187890717554,0.33114035087719323
SYN_00557,garden-b,dev-004,default,loam,2025-12-12 14:30:00+07:00,0.3248754669987547,0.45572258350861616,0.6263520157325467,0.5929487179487182,0.25,0.5961538461538461,0.2543103448275862,0.30381102151437067,0.30378764358894755,0.2770335538666229,0.5855263157894739
SYN_00558,garden-b,dev-001,default,loam,2025-12-12 15:00:00+07:00,0.8697073474470735,0.43827791821848283,0.3387413962635202,0.7243589743589743,0.3317307692307692,0.4230769230769231,0.4827586206896552,0.17720078964098102,0.1771189071716858,0.3083820875936355,0.44517543859649145
SYN_00559,garden-c,dev-004,default,loam,2025-12-12 15:30:00+07:00,0.2183997509339975,0.4111074660851778,0.7104228121927237,0.5192307692307694,0.6778846153846154,0.5961538461538461,0.49137931034482757,0.7312878509050756,0.7312946289972058,0.8385368254141834,0.6644736842105261
SYN_00560,garden-b,dev-004,rice,sandy,2025-12-12 16:00:00+07:00,0.46933374844333753,0.3586190926458385,0.12291052114060963,0.8653846153846154,0.11057692307692307,0.28846153846153844,0.3275862068965517,0.08806504500284404,0.08801614405464141,0.02814077678750433,0.17763157894736867
SYN_00561,garden-c,dev-001,tomato,clay,2025-12-12 16:30:00+07:00,0.7233810709838105,0.7629339456976901,0.4223205506391347,0.7852564102564104,0.4375,0.5384615384615384,0.6077586206896551,0.4558503697259677,0.45575908103073576,0.5368618659667924,0.5197368421052634
SYN_00562,garden-c,dev-001,default,sandy,2025-12-12 17:00:00+07:00,0.9581257783312578,0.5494297678547307,0.612094395280236,0.5929487179487182,0.7019230769230769,0.5961538461538461,0.8103448275862069,0.595576672131696,0.5953120149022043,0.49530683288679894,0.423245614035088
SYN_00563,garden-c,dev-004,rice,loam,2025-12-12 17:30:00+07:00,0.733343711083437,0.8015283379324983,0.7684365781710915,0.1923076923076927,0.6682692307692307,0.7307692307692307,0.5172413793103449,0.7652825643256265,0.7649798199316982,0.666046986348807,0.598684210526316
SYN_00564,garden-a,dev-002,chili,clay,2025-12-12 18:00:00+07:00,0.4830323785803237,0.6925377742613997,0.8087512291052114,0.6250000000000001,0.9423076923076923,0.7115384615384616,0.6982758620689655,0.7106768829256866,0.7104936355169202,0.6669218291504911,0.695175438596491
SYN_00565,garden-c,dev-002,rice,loam,2025-12-12 18:30:00+07:00,0.7906288916562887,0.3070569846201347,0.3053097345132743,0.7115384615384616,0.41346153846153844,0.4326923076923077,0.5431034482758621,0.39053769197309857,0.3904067059919279,0.31990085114914246,0.34868421052631604
SYN_00566,garden-a,dev-004,default,clay,2025-12-12 19:00:00+07:00,0.44691780821917815,0.43025028463364273,0.5889872173058014,0.8237179487179488,0.41346153846153844,0.6538461538461539,0.5905172413793104,0.48395623515240727,0.4838559453585843,0.3694752765779065,0.6206140350877195
SYN_00567,garden-c,dev-004,default,clay,2025-12-12 19:30:00+07:00,0.40333125778331247,0.43009590706470346,0.5889872173058014,0.9967948717948719,0.5865384615384616,0.625,0.7155172413793104,0.41302238431425026,0.4127600124185035,0.5177611314633568,0.34868421052631604
SYN_00568,garden-a,dev-004,default,loam,2025-12-12 20:00:00+07:00,0.46933374844333753,0.30335192296559305,0.5688298918387414,0.121794871794872,0.6394230769230769,0.5480769230769231,0.6853448275862069,0.6290360357346003,0.6289972058366966,0.5520258078626497,0.5065789473684214
SYN_00569,garden-c,dev-003,chili,sandy,2025-12-12 20:30:00+07:00,0.4064445828144458,0.520561162463094,0.26499508357915436,0.2820512820512822,0.4951923076923077,0.3557692307692308,0.3232758620689655,0.22618529795563286,0.22617199627444892,0.2961342883700585,0.46710526315789497
SYN_00570,garden-b,dev-004,rice,loam,2025-12-12 21:00:00+07:00,0.46497509339975096,0.7527450261477007,0.5988200589970502,0.730769230769231,0.4567307692307692,0.47115384615384615,0.23706896551724138,0.5273195703817712,0.5271654765600745,0.6344068383545665,0.7609649122807015
SYN_00571,garden-a,dev-001,chili,clay,2025-12-12 21:30:00+07:00,0.361612702366127,0.6926921518303389,0.6327433628318584,0.4807692307692309,0.7403846153846154,0.75,0.8017241379310345,0.6611570247933882,0.6609748525302701,0.6511746587201779,0.6557017543859647
SYN_00572,garden-c,dev-002,chili,loam,2025-12-12 22:00:00+07:00,0.3877646326276462,0.3340730591845005,0.3942969518190757,0.1923076923076927,0.25,0.38461538461538464,0.3577586206896552,0.34717435674373465,0.3470971747904377,0.3158182514079501,0.3223684210526318
SYN_00573,garden-b,dev-002,default,sandy,2025-12-12 22:30:00+07:00,0.7327210460772104,0.3319117732193512,0.2743362831858407,0.4455128205128208,0.15384615384615385,0.3557692307692308,0.47844827586206895,0.17907451400274366,0.1791369140018628,0.15149361182495852,0.2872807017543862
SYN_00574,garden-a,dev-002,chili,sandy,2025-12-12 23:00:00+07:00,0.25140099626401,0.4600451554389147,0.1671583087512291,0.730769230769231,0.2403846153846154,0.28846153846153844,0.1336206896551724,0.07709037374109144,0.0769947221359826,0.14318260520895984,0.260964912280702
SYN_00575,garden-c,dev-001,rice,sandy,2025-12-12 23:30:00+07:00,0.598225404732254,0.7072036433106269,0.5378564405113078,0.657051282051282,0.5288461538461539,0.5576923076923077,0.6508620689655172,0.3552046040084317,0.35516920211114555,0.37443271912078296,0.4890350877192985
SYN_00576,garden-b,dev-002,tomato,loam,2025-12-13 00:00:00+07:00,0.09324408468244097,0.6051600702417939,0.7069813176007866,0.5128205128205131,0.6201923076923077,0.7019230769230769,0.4698275862068966,0.6234148626493122,0.6232536479354237,0.520239852734795,0.7653508771929822
SYN_00577,garden-b,dev-002,rice,loam,2025-12-13 00:30:00+07:00,0.38714196762141967,0.36710985893749637,0.5,0.5673076923076925,0.5961538461538461,0.4230769230769231,0.4827586206896552,0.5147388496670793,0.5145917416951257,0.4922448830809047,0.7653508771929822
SYN_00578,garden-b,dev-004,chili,loam,2025-12-13 01:00:00+07:00,0.42574719800747207,0.3850176569344474,0.20993117010816126,0.637820512820513,0.22115384615384615,0.2692307692307692,0.4525862068965517,0.03426238832937397,0.03430611611300838,0.0495744254287641,0.5942982456140353
SYN_00579,garden-c,dev-002,rice,loam,2025-12-13 01:30:00+07:00,0.3971046077210461,0.6028444067077053,0.7030481809242871,0.5032051282051284,0.6971153846153846,0.7884615384615384,0.771551724137931,0.664369123699267,0.66407947842285,0.7529480379827582,0.782894736842105
SYN_00580,garden-b,dev-002,chili,loam,2025-12-13 02:00:00+07:00,0.5826587795765878,0.4236120491692557,0.5865290068829891,0.525641025641026,0.6634615384615384,0.6923076923076923,0.5732758620689655,0.6467025797169337,0.6465383421297733,0.6278455173419359,0.541666666666667
SYN_00581,garden-c,dev-003,rice,loam,2025-12-13 02:30:00+07:00,0.3771793275217933,0.3998379035526138,0.37905604719764013,0.3589743589743592,0.34615384615384615,0.28846153846153844,0.5775862068965517,0.22431157359387022,0.22415398944427195,0.32617055789454497,0.46710526315789497
SYN_00582,garden-b,dev-002,chili,clay,2025-12-13 03:00:00+07:00,0.4755603985056039,0.7515100055961869,0.5245821042281219,0.23717948717948745,0.5096153846153846,0.6634615384615384,0.4482758620689655,0.48609763442299314,0.4860291834833902,0.3980534747662529,0.6118421052631582
SYN_00583,garden-b,dev-002,rice,loam,2025-12-13 03:30:00+07:00,0.3298567870485678,0.7567588429401207,0.41789577187807275,0.5320512820512822,0.21634615384615385,0.4519230769230769,0.6293103448275862,0.315588717502593,0.3154299906861223,0.37822370459474725,0.4846491228070178
SYN_00584,garden-c,dev-001,rice,clay,2025-12-13 04:00:00+07:00,0.6144146948941468,0.725111441307578,0.9547689282202556,0.6025641025641026,0.7355769230769231,1.0,0.8362068965517241,0.7955298290226519,0.7954051536789816,0.6940419560026974,0.19956140350877216
SYN_00585,garden-c,dev-001,default,loam,2025-12-13 04:30:00+07:00,0.2775529265255292,0.5518998089577584,0.6494591937069814,0.34294871794871823,0.5432692307692307,0.7019230769230769,0.5646551724137931,0.7270050523639039,0.7269481527475938,0.6991452056791878,0.3750000000000002
SYN_00586,garden-c,dev-001,rice,clay,2025-12-13 05:00:00+07:00,0.11441469489414706,0.43009590706470346,0.5206489675516224,0.09935897435897477,0.5625,0.25,0.47413793103448276,0.3538662294643155,0.3536168891648556,0.2977381668398126,0.6250000000000002
SYN_00587,garden-c,dev-002,chili,sandy,2025-12-13 05:30:00+07:00,0.6704545454545455,0.09633160301808147,0.3249754178957719,0.387820512820513,0.42788461538461536,0.34615384615384615,0.31896551724137934,0.35199250510255287,0.35190934492393666,0.5039094537700256,0.0723684210526323
SYN_00588,garden-a,dev-004,tomato,loam,2025-12-13 06:00:00+07:00,0.7750622665006224,0.24484282433762372,0.39823008849557523,0.5192307692307694,0.5240384615384616,0.5673076923076923,0.5603448275862069,0.484759259878877,0.4846321018317292,0.47183188437494306,0.2653508771929827
SYN_00589,garden-a,dev-001,default,loam,2025-12-13 06:30:00+07:00,0.09884806973848081,0.37220431871249104,0.3382497541789577,0.7403846153846156,0.32211538461538464,0.3076923076923077,0.5,0.11697393515575334,0.1170443961502639,0.09156687990959957,0.541666666666667
SYN_00590,garden-b,dev-001,tomato,loam,2025-12-13 07:00:00+07:00,0.7638542963885427,0.4171281912738079,0.43952802359882004,0.5512820512820513,0.4519230769230769,0.5769230769230769,0.33620689655172414,0.3707297487201792,0.3706923315740453,0.4229864946142489,0.6381578947368418
SYN_00591,garden-b,dev-001,default,loam,2025-12-13 07:30:00+07:00,0.5583748443337484,0.519171764342641,0.316125860373648,0.5512820512820513,0.4423076923076923,0.17307692307692307,0.29310344827586204,0.19245825944390535,0.19248680533995652,0.1959647875772322,0.46271929824561425
SYN_00592,garden-c,dev-004,rice,clay,2025-12-13 08:00:00+07:00,0.8105541718555415,1.0,0.7640117994100295,0.32371794871794884,0.6298076923076923,0.7307692307692307,0.5517241379310345,0.588884799411115,0.5887923005277863,0.5741884921719795,0.2741228070175441
SYN_00593,garden-a,dev-004,chili,sandy,2025-12-13 08:30:00+07:00,0.49299501867995016,0.4209876304972887,0.4646017699115044,0.5032051282051284,0.14423076923076922,0.38461538461538464,0.6681034482758621,0.1739886907351022,0.17385904998447688,0.2287713926403849,0.7785087719298244
SYN_00594,garden-c,dev-002,rice,loam,2025-12-13 09:00:00+07:00,0.6299813200498131,0.8554061094922907,0.5589970501474927,0.40064102564102577,0.5673076923076923,0.5288461538461539,0.5474137931034483,0.39294676615250773,0.3927351754113629,0.44427433612189476,0.651315789473684
SYN_00595,garden-c,dev-002,chili,loam,2025-12-13 09:30:00+07:00,0.5266189290161892,0.5231855811350611,0.7055063913470994,0.5897435897435898,0.7259615384615384,0.8269230769230769,0.5905172413793104,0.6480409542610498,0.6479354237814342,0.6408223522335829,1.0
SYN_00596,garden-c,dev-003,default,sandy,2025-12-13 10:00:00+07:00,0.5415628891656289,0.44445302097605216,0.4862340216322517,0.4647435897435899,0.6730769230769231,0.41346153846153844,0.5646551724137931,0.33352293639374975,0.33343682086308596,0.35227003481145314,0.6206140350877195
SYN_00597,garden-b,dev-003,chili,clay,2025-12-13 10:30:00+07:00,0.48178704856787047,0.3299048648231412,0.516715830875123,0.2820512820512822,0.5432692307692307,0.4423076923076923,0.75,0.607086693211095,0.60679913070475,0.6819399639127344,0.6600877192982454
SYN_00598,garden-c,dev-002,default,loam,2025-12-13 11:00:00+07:00,0.562733499377335,0.5892591806410529,0.7330383480825958,0.7788461538461541,0.7067307692307693,0.6153846153846154,0.7629310344827587,0.82765081808144,0.8273828003725551,0.7628629230685111,0.6688596491228068
SYN_00599,garden-c,dev-003,default,loam,2025-12-13 11:30:00+07:00,0.7364570361145703,0.26815383724744796,0.5063913470993117,0.310897435897436,0.6634615384615384,0.5576923076923077,0.5172413793103449,0.6014655201258071,0.6012108040981062,0.5163030601272167,0.5065789473684214
SYN_00600,garden-a,dev-002,chili,clay,2025-12-13 12:00:00+07:00,0.2576276463262764,0.368190501920071,0.5776794493608652,0.5544871794871797,0.47115384615384615,0.6153846153846154,0.46551724137931033,0.6046776190316859,0.6044706612853151,0.5368618659667924,0.3574561403508774
SYN_00601,garden-c,dev-004,tomato,sandy,2025-12-13 12:30:00+07:00,0.31989414694894136,0.26166997935200015,0.3529990167158309,0.432692307692308,0.3605769230769231,0.34615384615384615,0.375,0.20503898015859737,0.2050605402049053,0.2987588167751107,0.3092105263157897
SYN_00602,garden-b,dev-003,chili,loam,2025-12-13 13:00:00+07:00,0.5857721046077211,0.286061635244399,0.37168141592920356,0.6089743589743591,0.46634615384615385,0.3269230769230769,0.22844827586206898,0.45477967009067477,0.45482769326296174,0.4496692000656132,0.4846491228070178
SYN_00603,garden-a,dev-002,tomato,sandy,2025-12-13 13:30:00+07:00,0.48178704856787047,0.3073657397580131,0.21632251720747295,0.7275641025641028,0.3317307692307692,0.25,0.15948275862068967,0.1699735671027537,0.16997826761875193,0.17642663167295458,0.19956140350877216
SYN_00604,garden-a,dev-001,rice,loam,2025-12-13 14:00:00+07:00,0.5509028642590286,0.6087107543273962,0.7718780727630286,0.47756410256410275,0.6346153846153846,0.6923076923076923,0.6120689655172413,0.5792485026934786,0.5791679602607885,0.5711265423660852,0.541666666666667
SYN_00605,garden-c,dev-002,rice,clay,2025-12-13 14:30:00+07:00,0.5452988792029887,0.6536346268887131,0.6302851524090463,0.7884615384615384,0.6490384615384616,0.5865384615384616,0.47413793103448276,0.5251781711111854,0.5249922384352684,0.5495470865912114,0.5635964912280704
SYN_00606,garden-a,dev-002,default,sandy,2025-12-13 15:00:00+07:00,0.08639476961394764,0.18340055189980894,0.21042281219272368,0.653846153846154,0.5625,0.41346153846153844,0.17672413793103448,0.3276340883996386,0.3275380316671841,0.35154099914338305,0.30043859649122834
SYN_00607,garden-c,dev-004,chili,loam,2025-12-13 15:30:00+07:00,0.6766811955168118,0.5594643098357809,0.49065880039331367,0.16666666666666705,0.5144230769230769,0.5769230769230769,0.3103448275862069,0.4165021581289523,0.4164855634895995,0.40680190278309364,0.5504385964912283
SYN_00608,garden-a,dev-001,default,sandy,2025-12-13 16:00:00+07:00,0.49859900373599,0.2923911155709075,0.4183874139626352,0.2820512820512822,0.2644230769230769,0.4807692307692308,0.4827586206896552,0.32468966440258296,0.32458863706923313,0.3433757996609984,0.13815789473684234
SYN_00609,garden-b,dev-002,rice,loam,2025-12-13 16:30:00+07:00,0.5010896637608966,0.7522818934408829,0.5196656833824975,0.6634615384615387,0.5048076923076923,0.5961538461538461,0.4353448275862069,0.4403252250142201,0.44008072027320705,0.49516102575318494,0.4714912280701757
SYN_00610,garden-b,dev-003,default,loam,2025-12-13 17:00:00+07:00,0.5496575342465753,0.7459524131143744,0.3967551622418879,0.7788461538461541,0.3173076923076923,0.38461538461538464,0.4525862068965517,0.17586241509686484,0.17587705681465382,0.338564164251736,0.5899122807017546
SYN_00611,garden-a,dev-003,chili,loam,2025-12-13 17:30:00+07:00,0.8634806973848068,0.221840566565678,0.48180924287118976,0.3525641025641029,0.5865384615384616,0.5865384615384616,0.5043103448275862,0.6667781978786763,0.666718410431543,0.6246377604024276,0.304824561403509
SYN_00612,garden-a,dev-003,rice,loam,2025-12-13 18:00:00+07:00,0.7296077210460772,0.5514366762509407,0.9626352015732547,0.28525641025641063,0.8076923076923077,0.9230769230769231,0.9655172413793104,0.7759895606785558,0.775846010555728,0.7237866112599559,0.708333333333333
SYN_00613,garden-b,dev-001,rice,clay,2025-12-13 18:30:00+07:00,0.6411892901618927,0.8259199938248972,0.6730580137659784,0.3301282051282054,0.5192307692307693,0.5192307692307693,0.625,0.5412386656405794,0.5411362930766842,0.6389268594966008,0.44517543859649145
SYN_00614,garden-c,dev-002,rice,sandy,2025-12-13 19:00:00+07:00,0.3167808219178083,0.6195171841531425,0.4026548672566372,0.40064102564102577,0.41346153846153844,0.17307692307692307,0.34913793103448276,0.12152440860574829,0.12154610369450479,0.16228333971239542,0.43201754385964936
SYN_00615,garden-a,dev-001,default,loam,2025-12-13 19:30:00+07:00,0.3541407222914072,0.5653306574554716,0.6224188790560472,0.5833333333333335,0.5384615384615384,0.7019230769230769,0.40948275862068967,0.525981195837655,0.5257683949084135,0.5765214063098036,0.8092105263157893
SYN_00616,garden-b,dev-002,rice,loam,2025-12-13 20:00:00+07:00,0.5241282689912826,0.7698809362999556,0.5683382497541789,0.34294871794871823,0.3942307692307692,0.5192307692307693,0.5732758620689655,0.46414829189948803,0.4639863396460726,0.5421109227768968,0.5767543859649126
SYN_00617,garden-a,dev-001,chili,loam,2025-12-13 20:30:00+07:00,0.5540161892901618,0.5512822986820015,0.3942969518190757,0.544871794871795,0.5769230769230769,0.4326923076923077,0.49137931034482757,0.4668250409877204,0.4666252716547655,0.2949678313011464,0.5328947368421055
SYN_00618,garden-b,dev-001,chili,loam,2025-12-13 21:00:00+07:00,0.466843088418431,0.5585380444221454,0.5294985250737463,0.4807692307692309,0.5480769230769231,0.625,0.375,0.5008197544082711,0.500620925178516,0.5661690998232088,0.5285087719298248
SYN_00619,garden-c,dev-003,rice,clay,2025-12-13 21:30:00+07:00,0.4419364881693648,0.5407846239941336,0.8436578171091446,1.0,0.8653846153846154,0.7884615384615384,0.728448275862069,0.8819888245725565,0.8818689847873331,0.9101281280186633,0.8355263157894735
SYN_00620,garden-c,dev-004,chili,clay,2025-12-13 22:00:00+07:00,0.22275840597758406,0.49416259817448516,0.3544739429695182,0.6185897435897438,0.5144230769230769,0.4326923076923077,0.4956896551724138,0.383042794526048,0.38280037255510707,0.30823628046002144,0.7565789473684208
SYN_00621,garden-a,dev-001,default,sandy,2025-12-13 22:30:00+07:00,0.7227584059775841,0.37513749252233647,0.24385447394296952,0.34615384615384637,0.32211538461538464,0.4230769230769231,0.3793103448275862,0.2842707531702746,0.2843837317603229,0.38507663987460583,0.37938596491228094
SYN_00622,garden-a,dev-001,chili,clay,2025-12-13 23:00:00+07:00,0.3149128268991283,0.8994037166399721,0.7615535889872173,0.5224358974358975,0.7788461538461539,0.7596153846153846,0.5129310344827587,0.7628734901462173,0.7626513505122633,0.8641988809302494,0.40131578947368446
SYN_00623,garden-c,dev-001,default,loam,2025-12-13 23:30:00+07:00,0.1692092154420922,0.4285521313753112,0.5049164208456244,0.5641025641025641,0.7067307692307693,0.7307692307692307,0.6336206896551724,0.794459129387359,0.7941633033219496,0.7628629230685111,0.5635964912280704
SYN_00624,garden-a,dev-002,rice,clay,2025-12-14 00:00:00+07:00,0.587640099626401,0.5446440632176145,0.584070796460177,0.387820512820513,0.46153846153846156,0.6826923076923077,0.5387931034482759,0.5741626794258372,0.5740453275380316,0.5833743415896623,0.5592105263157897
SYN_00625,garden-b,dev-001,chili,clay,2025-12-14 00:30:00+07:00,0.7408156911581568,0.3393218965284344,0.5127826941986234,0.5993589743589745,0.5432692307692307,0.4423076923076923,0.41379310344827586,0.4456787231906848,0.445669046879851,0.46147957788834815,0.46710526315789497
SYN_00626,garden-a,dev-004,tomato,loam,2025-12-14 01:00:00+07:00,0.6262453300124533,0.5069759363964416,0.5732546705998034,0.46794871794871806,0.6826923076923077,0.6538461538461539,0.625,0.5669354568876099,0.5669046879850977,0.5695226638963311,0.6074561403508775
SYN_00627,garden-b,dev-002,chili,sandy,2025-12-14 01:30:00+07:00,0.9550124533001243,0.15406881380135465,0.12291052114060963,0.525641025641026,0.33653846153846156,0.19230769230769232,0.14224137931034483,0.14695352494395555,0.14700403601366036,0.07261195253977801,0.16008771929824586
SYN_00628,garden-b,dev-004,default,sandy,2025-12-14 02:00:00+07:00,0.4612391033623911,0.5600818201115377,0.24237954768928222,0.2692307692307694,0.20192307692307693,0.3173076923076923,0.5775862068965517,0.19941780707330944,0.19947221359826142,0.35256164907868115,0.4758771929824564
SYN_00629,garden-b,dev-001,default,sandy,2025-12-14 02:30:00+07:00,0.5558841843088419,0.5566855135948746,0.2448377581120944,0.35576923076923106,0.3557692307692308,0.33653846153846156,0.28448275862068967,0.21654900123799645,0.2163924247128221,0.2465598629412944,0.5372807017543862
SYN_00630,garden-b,dev-002,tomato,loam,2025-12-14 03:00:00+07:00,0.436332503113325,0.46498523764497013,0.4252704031465093,0.730769230769231,0.5913461538461539,0.5192307692307693,0.5474137931034483,0.32656338876434565,0.32645141260478105,0.1668033608544298,0.4890350877192985
SYN_00631,garden-c,dev-001,default,sandy,2025-12-14 03:30:00+07:00,0.8130448318804481,0.2923911155709075,0.5688298918387414,0.6474358974358977,0.3076923076923077,0.5865384615384616,0.6551724137931034,0.5142034998494327,0.5141260478112387,0.6363023310915485,0.5504385964912283
SYN_00632,garden-a,dev-001,chili,sandy,2025-12-14 04:00:00+07:00,0.5857721046077211,0.3780706663321819,0.4665683382497542,0.7051282051282053,0.5769230769230769,0.5865384615384616,0.47413793103448276,0.527051895472948,0.5270102452654455,0.6701295860899994,0.6250000000000002
SYN_00633,garden-b,dev-002,chili,clay,2025-12-14 04:30:00+07:00,0.6330946450809464,0.9878620636421527,0.6283185840707964,0.5416666666666669,0.4567307692307692,0.6057692307692307,0.44396551724137934,0.291497975708502,0.2915243713132567,0.34570871379882256,0.19078947368421076
SYN_00634,garden-c,dev-002,tomato,sandy,2025-12-14 05:00:00+07:00,0.24704234122042346,0.6326392775129773,0.5309734513274337,0.39423076923076955,0.46153846153846156,0.6153846153846154,0.6594827586206896,0.49305718205239724,0.49301459174169504,0.58074981318461,0.782894736842105
SYN_00635,garden-b,dev-003,default,clay,2025-12-14 05:30:00+07:00,0.4755603985056039,0.5228768259971825,0.36922320550639137,0.6250000000000001,0.4230769230769231,0.38461538461538464,0.3706896551724138,0.1678321678321678,0.167649798199317,0.22556363570087665,0.9495614035087717
SYN_00636,garden-a,dev-004,chili,loam,2025-12-14 06:00:00+07:00,0.5185242839352427,0.6060863356554292,0.5496558505408063,0.7820512820512822,0.6538461538461539,0.5673076923076923,0.6767241379310345,0.5674708067052564,0.5672151505743558,0.5781252847795578,0.5328947368421055
SYN_00637,garden-b,dev-004,chili,clay,2025-12-14 06:30:00+07:00,0.28253424657534254,0.7785260801605526,0.3505408062930187,0.7467948717948719,0.23076923076923078,0.19230769230769232,0.45689655172413796,0.033994713420550736,0.033995653523750384,0.10089853646089633,0.46710526315789497
SYN_00638,garden-c,dev-004,default,loam,2025-12-14 07:00:00+07:00,0.29810087173100874,0.2528704579224638,0.7064896755162242,0.3525641025641029,0.7836538461538461,0.7884615384615384,0.6681034482758621,0.8404992137049552,0.8402669978267618,0.9949878797820182,0.5811403508771932
SYN_00639,garden-c,dev-001,default,loam,2025-12-14 07:30:00+07:00,0.34417808219178075,0.2964049323633276,0.5339233038348082,0.24358974358974372,0.5240384615384616,0.6057692307692307,0.40086206896551724,0.5607789339846755,0.5608506674945669,0.6654637578143511,0.6469298245614032
SYN_00640,garden-b,dev-004,tomato,loam,2025-12-14 08:00:00+07:00,0.7171544209215442,0.3109164238436155,0.6425762045231072,0.32371794871794884,0.5240384615384616,0.5192307692307693,0.5905172413793104,0.5061732525847358,0.5060540204905308,0.4693531631035048,0.46271929824561425
SYN_00641,garden-c,dev-002,tomato,clay,2025-12-14 08:30:00+07:00,0.900840597758406,0.5355357866501996,0.6941986234021632,0.5224358974358975,0.47115384615384615,0.5096153846153846,0.6206896551724138,0.6081573928463879,0.6078857497671529,0.5810414274518381,0.8355263157894735
SYN_00642,garden-c,dev-004,chili,loam,2025-12-14 09:00:00+07:00,0.5863947696139477,0.6520908511993208,0.7536873156342183,0.20833333333333368,0.7692307692307693,0.75,0.6681034482758621,0.6244855622846052,0.6243402669978267,0.6922922703993293,0.5153508771929827
SYN_00643,garden-a,dev-001,chili,sandy,2025-12-14 09:30:00+07:00,0.27008094645080954,0.11269562532564019,0.11356932153392331,0.28846153846153877,0.2980769230769231,0.3557692307692308,0.3879310344827586,0.3878609428848662,0.387767773983235,0.3053201377877412,0.17324561403508795
SYN_00644,garden-c,dev-001,chili,sandy,2025-12-14 10:00:00+07:00,0.45376712328767127,0.31740028173906326,0.2999016715830875,0.0,0.2980769230769231,0.3076923076923077,0.2974137931034483,0.2398367183056178,0.2396771189071717,0.3009459237793209,0.5679824561403511
SYN_00645,garden-b,dev-003,rice,clay,2025-12-14 10:30:00+07:00,0.41080323785803236,0.621832847687231,0.8692232055063913,0.40064102564102577,0.8701923076923077,0.7980769230769231,0.7543103448275862,0.839160839160839,0.8390251474697299,0.7834217289080868,0.8706140350877191
SYN_00646,garden-b,dev-002,default,loam,2025-12-14 11:00:00+07:00,0.32363013698630144,0.5458790837691283,0.5855457227138643,0.5224358974358975,0.5721153846153846,0.5576923076923077,0.46551724137931033,0.5380265667347006,0.5378764358894753,0.47081123443964495,0.958333333333333
SYN_00647,garden-a,dev-002,rice,sandy,2025-12-14 11:30:00+07:00,0.3497820672478206,0.3380868759769205,0.46361848574237957,0.3974358974358977,0.4423076923076923,0.5673076923076923,0.47413793103448276,0.3222805902231739,0.3221049363551691,0.33069057903657934,0.5635964912280704
SYN_00648,garden-c,dev-002,rice,loam,2025-12-14 12:00:00+07:00,0.529109589041096,0.7209432469462187,0.5796460176991151,0.40064102564102577,0.5192307692307693,0.5673076923076923,0.6551724137931034,0.5024258038612105,0.5023284694194349,0.5989757048863614,0.6381578947368418
SYN_00649,garden-b,dev-004,rice,loam,2025-12-14 12:30:00+07:00,0.3037048567870486,0.6494664325273537,0.539331366764995,0.6698717948717949,0.6490384615384616,0.41346153846153844,0.4396551724137931,0.5059055776759125,0.5058987891959018,0.4547724497421036,0.782894736842105
SYN_00650,garden-b,dev-004,tomato,loam,2025-12-14 13:00:00+07:00,0.3697073474470734,0.3623241543003801,0.3829891838741396,0.5961538461538464,0.5144230769230769,0.33653846153846156,0.6810344827586207,0.42854752902599785,0.42843837317603223,0.4646873348278564,0.3574561403508774
SYN_00651,garden-b,dev-004,tomato,clay,2025-12-14 13:30:00+07:00,0.3971046077210461,0.8588024160089539,0.40904621435594885,0.11858974358974388,0.39903846153846156,0.41346153846153844,0.5172413793103449,0.21413992705858734,0.21406395529338715,0.24743470574297846,0.15570175438596515
SYN_00652,garden-b,dev-002,default,loam,2025-12-14 14:00:00+07:00,0.5091843088418432,0.3547596534223577,0.4085545722713864,0.5384615384615388,0.5865384615384616,0.5480769230769231,0.21551724137931033,0.4542443202730283,0.45420676808444577,0.3898882752838682,0.44956140350877216
SYN_00653,garden-a,dev-003,rice,loam,2025-12-14 14:30:00+07:00,0.39648194271481935,0.27942339978001196,0.4606686332350049,0.2532051282051284,0.46634615384615385,0.5769230769230769,0.4525862068965517,0.5639910328905543,0.5638000620925178,0.6396558951646708,0.4714912280701757
SYN_00654,garden-a,dev-001,default,sandy,2025-12-14 15:00:00+07:00,0.24953300124532998,0.35769282723220314,0.2664700098328417,0.4358974358974361,0.3317307692307692,0.34615384615384615,0.1810344827586207,0.19326128417037505,0.19310773051847252,0.2884065102885158,0.41885964912280726
SYN_00655,garden-a,dev-001,default,clay,2025-12-14 15:30:00+07:00,0.4743150684931506,0.5534435846471507,0.23795476892822026,0.5801282051282054,0.34615384615384615,0.25,0.43103448275862066,0.15712517147923843,0.15709407016454516,0.2819909964094993,0.6074561403508775
SYN_00656,garden-b,dev-004,chili,sandy,2025-12-14 16:00:00+07:00,0.22462640099626408,0.38378263638293353,0.5240904621435595,0.31410256410256443,0.5913461538461539,0.5769230769230769,0.4827586206896552,0.5069762773112054,0.5068301769636758,0.6517578872546338,0.5460526315789476
SYN_00657,garden-a,dev-002,rice,sandy,2025-12-14 16:30:00+07:00,0.436332503113325,0.21010787132629627,0.507866273352999,0.3076923076923079,0.5384615384615384,0.5096153846153846,0.5043103448275862,0.34958343092314376,0.3494256442098727,0.33812674285089395,0.4978070175438599
SYN_00658,garden-b,dev-003,rice,clay,2025-12-14 17:00:00+07:00,0.35725404732254046,0.29794870805271995,0.28269419862340217,0.3910256410256411,0.36538461538461536,0.5480769230769231,0.3146551724137931,0.46388061699066474,0.46367587705681457,0.42284068748063497,0.22587719298245637
SYN_00659,garden-b,dev-003,default,loam,2025-12-14 17:30:00+07:00,0.359744707347447,0.6573396885432546,0.5412979351032449,0.6602564102564105,0.5865384615384616,0.36538461538461536,0.4525862068965517,0.48797135878475584,0.4877367277243092,0.4222574589461789,0.37938596491228094
SYN_00660,garden-b,dev-001,default,sandy,2025-12-14 18:00:00+07:00,0.5565068493150684,0.48767874027903746,0.20206489675516223,0.5512820512820513,0.2932692307692308,0.33653846153846156,0.10344827586206896,0.14454445076454644,0.14436510400496738,0.1052727504693167,0.4934210526315792
SYN_00661,garden-c,dev-002,tomato,loam,2025-12-14 18:30:00+07:00,0.5428082191780822,0.37266745141930874,0.5968534906588004,0.826923076923077,0.7548076923076923,0.6442307692307693,0.5862068965517241,0.750025094522702,0.7499223843526854,0.7106639692346947,0.6074561403508775
SYN_00662,garden-c,dev-001,chili,loam,2025-12-14 19:00:00+07:00,0.7215130759651308,0.7451805252696783,0.6007866273352999,0.37179487179487203,0.5721153846153846,0.5096153846153846,0.44396551724137934,0.4614715428112557,0.4613474076373797,0.44573240745803483,0.8092105263157893
SYN_00663,garden-a,dev-004,default,loam,2025-12-14 19:30:00+07:00,0.26945828144458284,0.429787151926825,0.6647000983284169,0.5641025641025641,0.7163461538461539,0.6442307692307693,0.5,0.6062836684846252,0.6060229742316051,0.5773962491114877,0.826754385964912
SYN_00664,garden-b,dev-004,chili,loam,2025-12-14 20:00:00+07:00,0.5378268991282689,0.4041604754829123,0.5727630285152409,0.6057692307692311,0.46634615384615385,0.5673076923076923,0.7155172413793104,0.4662896911700739,0.4663148090655076,0.44252465051852663,0.8925438596491225
SYN_00665,garden-b,dev-001,rice,loam,2025-12-14 20:30:00+07:00,0.5571295143212952,0.864823141197584,0.47000983284169123,0.24038461538461559,0.36538461538461536,0.4807692307692308,0.5,0.3878609428848662,0.387612542688606,0.4565221353454717,0.5855263157894739
SYN_00666,garden-c,dev-002,rice,loam,2025-12-14 21:00:00+07:00,0.6274906600249065,0.8308600760309527,0.6224188790560472,0.7211538461538463,0.5096153846153846,0.8653846153846154,0.646551724137931,0.5495365878140996,0.549363551692021,0.5790001275812419,0.39692982456140374
SYN_00667,garden-b,dev-004,rice,sandy,2025-12-14 21:30:00+07:00,0.30432752179327516,0.487369985141159,0.5211406096361848,0.5993589743589745,0.4326923076923077,0.3942307692307692,0.4698275862068966,0.28052330444674933,0.28050294939459797,0.3124646873348278,0.7127192982456138
SYN_00668,garden-b,dev-004,default,loam,2025-12-14 22:00:00+07:00,0.43757783312577825,0.046313270681769936,0.352015732546706,0.733974358974359,0.49038461538461536,0.375,0.6163793103448276,0.4558503697259677,0.45575908103073576,0.5526090363971057,0.0372807017543867
SYN_00669,garden-c,dev-004,tomato,clay,2025-12-14 22:30:00+07:00,0.7078144458281443,0.7082842862932016,0.8171091445427728,0.4743589743589746,0.6346153846153846,0.6634615384615384,0.625,0.5527486867199785,0.552778640173859,0.4899119689430805,0.5635964912280704
SYN_00670,garden-b,dev-002,rice,clay,2025-12-14 23:00:00+07:00,0.4873910336239103,0.6758649968159626,0.7438544739429696,0.4807692307692309,0.5913461538461539,0.5576923076923077,0.8405172413793104,0.8568273831431725,0.8565662837628065,0.7740900723567901,0.6118421052631582
SYN_00671,garden-b,dev-004,rice,clay,2025-12-14 23:30:00+07:00,0.6330946450809464,0.7064317554659307,0.8269419862340216,0.7852564102564104,0.8317307692307693,0.5865384615384616,0.6293103448275862,0.6632984240639741,0.6631480906550761,0.6304700457469881,0.5855263157894739
SYN_00672,garden-a,dev-004,default,clay,2025-12-15 00:00:00+07:00,0.3958592777085928,0.32033345554890874,0.5132743362831859,0.75,0.6346153846153846,0.6153846153846154,0.5775862068965517,0.4901127580553417,0.4900651971437442,0.4401917363807024,0.5241228070175441
SYN_00673,garden-b,dev-003,rice,sandy,2025-12-15 00:30:00+07:00,0.6654732254047322,0.4572663591980085,0.4169124877089479,0.5032051282051284,0.3125,0.5384615384615384,0.39655172413793105,0.3019372971526081,0.3019248680533996,0.42196584467895093,0.5285087719298248
SYN_00674,garden-b,dev-001,default,loam,2025-12-15 01:00:00+07:00,0.47991905354919046,0.4703884525578433,0.5457227138643068,0.4519230769230771,0.5096153846153846,0.4326923076923077,0.7456896551724138,0.594505972496403,0.5942253958398012,0.7176627116481673,0.4758771929824564
SYN_00675,garden-b,dev-003,chili,sandy,2025-12-15 01:30:00+07:00,0.5259962640099627,0.23218386368460658,0.33185840707964603,0.3685897435897439,0.47115384615384615,0.3173076923076923,0.6853448275862069,0.2912303007996787,0.29121390872399877,0.2588076621648714,0.35307017543859676
SYN_00676,garden-a,dev-002,rice,clay,2025-12-15 02:00:00+07:00,0.20843711083437108,0.6562590455606799,0.13569321533923304,0.46794871794871806,0.3557692307692308,0.07692307692307693,0.36637931034482757,0.22859437213504197,0.22850046569388388,0.35824812728962757,0.38815789473684237
SYN_00677,garden-b,dev-002,default,sandy,2025-12-15 02:30:00+07:00,0.3335927770859278,0.25101792709519305,0.15732546705998032,0.22756410256410275,0.21153846153846154,0.25,0.20689655172413793,0.062100578846990315,0.062092517851598875,0.05074088249767619,0.10745614035087743
SYN_00678,garden-a,dev-001,rice,loam,2025-12-15 03:00:00+07:00,0.8230074719800746,0.6687636286447579,0.43559488692232057,0.32371794871794884,0.47115384615384615,0.6057692307692307,0.5474137931034483,0.366982299996654,0.36696678050294934,0.3194634297483004,0.2916666666666669
SYN_00679,garden-a,dev-004,default,sandy,2025-12-15 03:30:00+07:00,0.75140099626401,0.5069759363964416,0.2669616519174041,0.42628205128205143,0.23557692307692307,0.49038461538461536,0.2629310344827586,0.22779134740857226,0.2275690779261099,0.20967065813694932,0.4758771929824564
SYN_00680,garden-a,dev-001,default,sandy,2025-12-15 04:00:00+07:00,0.49299501867995016,0.3664923486617394,0.29400196656833827,0.5480769230769231,0.5913461538461539,0.40384615384615385,0.5689655172413793,0.44326964901127575,0.443340577460416,0.46629121329761053,0.5372807017543862
SYN_00681,garden-c,dev-004,rice,sandy,2025-12-15 04:30:00+07:00,0.6561332503113325,0.3285154667026881,0.18436578171091444,0.6602564102564105,0.21153846153846154,0.2403846153846154,0.1206896551724138,0.09850436644695017,0.09841664079478421,0.0653215958590774,0.3574561403508774
SYN_00682,garden-b,dev-003,rice,clay,2025-12-15 05:00:00+07:00,0.39959526774595266,0.5523629416645761,0.647984267453294,0.3974358974358977,0.6153846153846154,0.5961538461538461,0.5948275862068966,0.5254458460200087,0.5254579323191555,0.4872874405380283,0.8837719298245612
SYN_00683,garden-a,dev-003,tomato,loam,2025-12-15 05:30:00+07:00,0.6959838107098382,0.3921190251056521,0.5570304818092429,0.3589743589743592,0.5192307692307693,0.6057692307692307,0.4224137931034483,0.4405928999230434,0.44039118286246504,0.375307561922467,0.7565789473684208
SYN_00684,garden-c,dev-002,chili,sandy,2025-12-15 06:00:00+07:00,0.313667496886675,0.5108353756199224,0.25172074729596855,0.7724358974358975,0.47115384615384615,0.2692307692307692,0.4525862068965517,0.16167564492923342,0.1615957777087861,0.2677018973153261,0.423245614035088
SYN_00685,garden-c,dev-002,chili,loam,2025-12-15 06:30:00+07:00,0.1119240348692403,0.21242353486038476,0.31170108161258603,0.2820512820512822,0.7019230769230769,0.3942307692307692,0.5948275862068966,0.501890454043564,0.5018627755355479,0.4829132265296079,0.31359649122807043
SYN_00686,garden-a,dev-001,tomato,sandy,2025-12-15 07:00:00+07:00,0.21030510585305112,0.30937264815422316,0.288102261553589,0.637820512820513,0.13942307692307693,0.3557692307692308,0.30603448275862066,0.2342155452203299,0.2340887923005278,0.33214865037271946,0.2390350877192985
SYN_00687,garden-a,dev-001,chili,clay,2025-12-15 07:30:00+07:00,0.4213885429638855,0.5065128036896239,0.4646017699115044,0.4519230769230771,0.46634615384615385,0.6442307692307693,0.4956896551724138,0.6073543681199182,0.607109593294008,0.5769588277106457,0.5241228070175441
SYN_00688,garden-a,dev-002,tomato,loam,2025-12-15 08:00:00+07:00,0.4886363636363636,0.5979043245016499,0.5968534906588004,0.637820512820513,0.6875,0.5769230769230769,0.47844827586206895,0.43764847592598777,0.4375970195591431,0.3484790493374888,0.554824561403509
SYN_00689,garden-a,dev-001,rice,sandy,2025-12-15 08:30:00+07:00,0.37033001245330016,0.5585380444221454,0.45083579154375614,0.5128205128205131,0.3269230769230769,0.22115384615384615,0.4396551724137931,0.22779134740857226,0.2277243092207389,0.16869885359141196,0.5460526315789476
SYN_00690,garden-c,dev-002,chili,loam,2025-12-15 09:00:00+07:00,0.5558841843088419,0.2855985025375813,0.336283185840708,0.2339743589743593,0.4375,0.4423076923076923,0.46551724137931033,0.1983471074380165,0.19838559453585844,0.2994878524431807,0.41447368421052655
SYN_00691,garden-b,dev-003,default,clay,2025-12-15 09:30:00+07:00,0.3560087173100872,0.635726828891762,0.6302851524090463,0.432692307692308,0.7644230769230769,0.6634615384615384,0.7887931034482759,0.6475056044434034,0.6474697298975474,0.5874569413308546,0.554824561403509
SYN_00692,garden-a,dev-004,rice,loam,2025-12-15 10:00:00+07:00,0.9911270236612704,0.44815808263059376,0.5408062930186824,0.4070512820512824,0.5,0.5769230769230769,0.7629310344827587,0.4384515006524575,0.4383731760322881,0.38128565440064155,0.826754385964912
SYN_00693,garden-b,dev-001,tomato,sandy,2025-12-15 10:30:00+07:00,0.5739414694894147,0.1593176511452886,0.17059980334316618,0.2788461538461541,0.16346153846153846,0.3173076923076923,0.3275862068965517,0.0752166493793288,0.07513194660043465,0.08908815863816136,0.0
SYN_00694,garden-a,dev-003,tomato,loam,2025-12-15 11:00:00+07:00,0.4774283935242839,0.36093475617992704,0.31022615535889875,0.5160256410256413,0.4951923076923077,0.4326923076923077,0.14224137931034483,0.33271991166728,0.33266066438994096,0.3643720269014161,0.7521929824561401
SYN_00695,garden-a,dev-004,default,clay,2025-12-15 11:30:00+07:00,0.36472602739726034,0.249011018698983,0.45132743362831856,0.4935897435897437,0.375,0.4230769230769231,0.5689655172413793,0.4917188075082811,0.4916175100900341,0.5413818871088267,0.5328947368421055
SYN_00696,garden-b,dev-003,tomato,clay,2025-12-15 12:00:00+07:00,0.560865504358655,0.7110630825341078,0.6843657817109144,0.5641025641025641,0.6538461538461539,0.7019230769230769,0.40086206896551724,0.7066617592933381,0.7064576218565662,0.7191207829843075,0.4407894736842108
SYN_00697,garden-c,dev-002,tomato,sandy,2025-12-15 12:30:00+07:00,0.5203922789539228,0.2632137550413925,0.4306784660766962,0.5993589743589745,0.47115384615384615,0.40384615384615385,0.3793103448275862,0.3412855087496235,0.3410431542999068,0.32354602948949274,0.6030701754385968
SYN_00698,garden-a,dev-001,chili,sandy,2025-12-15 13:00:00+07:00,0.49174968866749685,0.44136546959726747,0.252212389380531,0.5224358974358975,0.22596153846153846,0.20192307692307693,0.0,0.05166125740288419,0.05184725240608507,0.08879654437093334,0.37938596491228094
SYN_00699,garden-b,dev-003,rice,loam,2025-12-15 13:30:00+07:00,0.42076587795765874,0.4916925570714575,0.7463126843657817,0.653846153846154,0.8365384615384616,0.9615384615384616,1.0,0.8431759627931875,0.8430611611300838,0.8364955255435872,0.9627192982456138
SYN_00700,garden-a,dev-001,default,loam,2025-12-15 14:00:00+07:00,0.778175591531756,0.3992203932768568,0.49655850540806296,0.34294871794871823,0.5432692307692307,0.5480769230769231,0.5086206896551724,0.345300632381972,0.34523439925488975,0.25078826981610075,0.7214912280701752
SYN_00701,garden-c,dev-004,default,sandy,2025-12-15 14:30:00+07:00,0.11939601494396015,0.3160108836186102,0.27925270403146507,0.5512820512820513,0.4182692307692308,0.3173076923076923,0.38362068965517243,0.24786696557031482,0.24790437752250852,0.2322707638471212,0.554824561403509
SYN_00702,garden-c,dev-003,default,sandy,2025-12-15 15:00:00+07:00,0.8522727272727272,0.18293741919299125,0.3687315634218289,0.2724358974358978,0.34134615384615385,0.47115384615384615,0.3103448275862069,0.3485127312878508,0.3484942564420987,0.2526837625530829,0.38815789473684237
SYN_00703,garden-a,dev-004,rice,sandy,2025-12-15 15:30:00+07:00,0.9064445828144455,0.43040466220258194,0.2944936086529007,1.0,0.16826923076923078,0.3076923076923077,0.6810344827586207,0.17960986382039013,0.17960260788574978,0.0,0.5197368421052634
SYN_00704,garden-b,dev-003,default,clay,2025-12-15 16:00:00+07:00,0.6131693648816936,0.5968236815190752,0.37905604719764013,0.46794871794871806,0.5240384615384616,0.34615384615384615,0.5862068965517241,0.36885602435841663,0.36867432474386835,0.4018444602402172,0.2960526315789476
SYN_00705,garden-c,dev-003,rice,sandy,2025-12-15 16:30:00+07:00,0.6779265255292651,0.22817004689218656,0.2168141592920354,0.4358974358974361,0.44711538461538464,0.23076923076923078,0.29310344827586204,0.2550941881085421,0.25488978578081345,0.24393533453624217,0.2521929824561406
SYN_00706,garden-a,dev-004,tomato,loam,2025-12-15 17:00:00+07:00,0.6274906600249065,0.6701530267652109,0.6096361848574238,0.8942307692307693,0.625,0.625,0.6982758620689655,0.40445678723190676,0.4042222912139087,0.4441285289882807,0.5767543859649126
SYN_00707,garden-b,dev-003,default,loam,2025-12-15 17:30:00+07:00,0.778175591531756,0.49616950657069525,0.7168141592920354,0.6250000000000001,0.7884615384615384,0.6442307692307693,0.46551724137931033,0.739585773078596,0.7393666563179137,0.6498623945176517,0.9364035087719296
SYN_00708,garden-a,dev-004,rice,loam,2025-12-15 18:00:00+07:00,0.5484122042341221,0.7241851758939425,0.7055063913470994,0.7660256410256413,0.6586538461538461,0.6346153846153846,0.6594827586206896,0.5348144678288218,0.5346165787022663,0.47474802704722324,0.5021929824561406
SYN_00709,garden-b,dev-004,tomato,clay,2025-12-15 18:30:00+07:00,0.6374533001245329,0.47023407498890407,0.7035398230088495,0.5480769230769231,0.7740384615384616,0.6923076923076923,0.6594827586206896,0.7634088399638638,0.7631170443961501,0.761842273133213,0.8662280701754383
SYN_00710,garden-c,dev-003,rice,loam,2025-12-15 19:00:00+07:00,0.6611145703611456,0.5233399587040003,0.23107177974434612,0.40064102564102577,0.14423076923076922,0.6057692307692307,0.23706896551724138,0.22912972195268844,0.22912139087239985,0.021725262908487794,0.3223684210526318
SYN_00711,garden-c,dev-001,rice,loam,2025-12-15 19:30:00+07:00,0.6231320049813199,0.482121147797225,0.6297935103244838,0.5576923076923078,0.8365384615384616,0.6442307692307693,0.728448275862069,0.66543982333456,0.665476560074511,0.6597772796034046,0.9495614035087717
SYN_00712,garden-c,dev-001,chili,loam,2025-12-15 20:00:00+07:00,0.42076587795765874,0.21041662646417475,0.5098328416912488,0.4615384615384618,0.5961538461538461,0.5384615384615384,0.6939655172413793,0.6504500284404588,0.6502638932008693,0.6558404869958262,0.651315789473684
SYN_00713,garden-a,dev-002,default,clay,2025-12-15 20:30:00+07:00,0.5235056039850561,0.3379324984079813,0.44936086529006886,0.45833333333333365,0.5817307692307693,0.49038461538461536,0.5474137931034483,0.45692106936126065,0.4566904687985097,0.27542967539686875,0.6776315789473681
SYN_00714,garden-a,dev-002,chili,loam,2025-12-15 21:00:00+07:00,0.5154109589041095,0.4216051407730456,0.6892822025565388,0.6153846153846154,0.5625,0.6634615384615384,0.6594827586206896,0.5714859303376049,0.5714063955293386,0.459875699418594,0.782894736842105
SYN_00715,garden-c,dev-004,tomato,sandy,2025-12-15 21:30:00+07:00,0.635585305105853,0.24329904864823143,0.20206489675516223,0.653846153846154,0.23557692307692307,0.4326923076923077,0.1336206896551724,0.13383745441161707,0.13365414467556658,0.07450744527676016,0.18201754385964936
SYN_00716,garden-c,dev-003,tomato,sandy,2025-12-15 22:00:00+07:00,0.8821606475716066,0.2247737403755234,0.08603736479842675,0.2820512820512822,0.3076923076923077,0.16346153846153846,0.04741379310344827,0.12313045805868769,0.12309841664079477,0.13005996318369875,0.0065789473684217835
SYN_00717,garden-a,dev-001,rice,loam,2025-12-15 22:30:00+07:00,0.34231008717310096,0.5412477567009514,0.24532940019665683,0.34615384615384637,0.27884615384615385,0.4423076923076923,0.44396551724137934,0.35814902800548726,0.35827382800372554,0.3169847084768622,0.6337719298245612
SYN_00718,garden-b,dev-003,tomato,loam,2025-12-15 23:00:00+07:00,0.4195205479452055,0.5535979622160899,0.599803343166175,0.6089743589743591,0.42788461538461536,0.6538461538461539,0.5732758620689655,0.5107237260347307,0.5107109593294008,0.411613538192356,0.6688596491228068
SYN_00719,garden-b,dev-002,rice,sandy,2025-12-15 23:30:00+07:00,0.6013387297633873,0.543717797803979,0.35693215339233036,0.71474358974359,0.25961538461538464,0.40384615384615385,0.24568965517241378,0.009903971626459661,0.009779571561626824,0.06911258133304171,0.6206140350877195
SYN_00720,garden-a,dev-001,rice,clay,2025-12-16 00:00:00+07:00,0.7171544209215442,0.7192450936878871,0.7192723697148475,0.40064102564102577,0.8557692307692307,0.5192307692307693,0.5560344827586207,0.5666677819787866,0.5664389941012108,0.4178832449377586,0.5592105263157897
SYN_00721,garden-c,dev-001,default,sandy,2025-12-16 00:30:00+07:00,0.30495018679950187,0.35367901043978306,0.4414945919370698,0.8974358974358974,0.40384615384615385,0.4807692307692308,0.521551724137931,0.2567002375614815,0.2565973300217324,0.3833269542712377,0.5811403508771932
SYN_00722,garden-c,dev-003,rice,loam,2025-12-16 01:00:00+07:00,0.44878580323785794,0.8797977653846896,0.46853490658800395,0.43910256410256426,0.3173076923076923,0.5288461538461539,0.3232758620689655,0.14400910094689998,0.1440546414157094,0.10687662893907084,0.5635964912280704
SYN_00723,garden-a,dev-001,rice,clay,2025-12-16 01:30:00+07:00,0.49797633872976343,0.9247216379460064,0.7084562438544739,0.39423076923076955,0.6826923076923077,0.6442307692307693,0.6724137931034483,0.66543982333456,0.665166097485253,0.6322197313503564,0.3750000000000002
SYN_00724,garden-a,dev-001,chili,loam,2025-12-16 02:00:00+07:00,0.29311955168119547,0.4330290808745489,0.26302851524090465,0.31730769230769257,0.22596153846153846,0.28846153846153844,0.28879310344827586,0.24144276775855722,0.24122943185346166,0.205879672662985,0.5899122807017546
SYN_00725,garden-a,dev-003,tomato,clay,2025-12-16 02:30:00+07:00,0.38465130759651317,0.3377781208390421,0.3008849557522124,0.32371794871794884,0.3942307692307692,0.4519230769230769,0.7327586206896551,0.35814902800548726,0.3581185967090965,0.4608963493538921,0.2653508771929827
SYN_00726,garden-a,dev-004,chili,loam,2025-12-16 03:00:00+07:00,0.6474159402241594,0.5775264854016711,0.47099311701081614,0.5993589743589745,0.33653846153846156,0.3269230769230769,0.521551724137931,0.4274768293907049,0.42735175411362925,0.3554777917509614,0.6118421052631582
SYN_00727,garden-c,dev-002,default,sandy,2025-12-16 03:30:00+07:00,0.7433063511830634,0.1710503463846703,0.4528023598820059,0.6346153846153848,0.6105769230769231,0.4423076923076923,0.5991379310344828,0.5024258038612105,0.5023284694194349,0.3719539978493448,0.5285087719298248
SYN_00728,garden-b,dev-001,default,loam,2025-12-16 04:00:00+07:00,0.42263387297633875,0.580150904073638,0.4832841691248771,0.4615384615384618,0.6009615384615384,0.6057692307692307,0.43103448275862066,0.3648409007260681,0.3647935423781434,0.3238376437567208,0.7609649122807015
SYN_00729,garden-b,dev-001,default,loam,2025-12-16 04:30:00+07:00,0.5235056039850561,0.29578742208757064,0.34119960668633237,0.7756410256410257,0.39903846153846156,0.41346153846153844,0.5560344827586207,0.27490213136146147,0.27475939149332507,0.4222574589461789,0.36184210526315813
SYN_00730,garden-b,dev-002,chili,loam,2025-12-16 05:00:00+07:00,0.6337173100871731,0.42639084541016187,0.5585054080629301,0.8173076923076923,0.5769230769230769,0.6153846153846154,0.5431034482758621,0.5307993441964733,0.5305805650419124,0.45900085661691,0.695175438596491
SYN_00731,garden-a,dev-002,default,loam,2025-12-16 05:30:00+07:00,0.7956102117061022,0.48644371972752354,0.4444444444444444,0.3397435897435901,0.6442307692307693,0.6730769230769231,0.33620689655172414,0.5358851674641147,0.5357031977646692,0.6085989757048864,0.6776315789473681
SYN_00732,garden-a,dev-001,rice,loam,2025-12-16 06:00:00+07:00,0.4811643835616437,0.45387005268134534,0.6258603736479843,0.4358974358974361,0.42788461538461536,0.625,0.46551724137931033,0.5388295914611703,0.5386525923626202,0.532487651958372,0.5767543859649126
SYN_00733,garden-c,dev-004,chili,sandy,2025-12-16 06:30:00+07:00,0.35040473225404734,0.36618359352386093,0.30973451327433627,0.7051282051282053,0.5384615384615384,0.28846153846153844,0.3879310344827586,0.30434637133201714,0.3040981061782055,0.42852716569158145,0.42763157894736864
SYN_00734,garden-c,dev-001,tomato,clay,2025-12-16 07:00:00+07:00,0.2576276463262764,0.5968236815190752,0.7359882005899705,0.5641025641025641,0.8413461538461539,0.8846153846153846,0.8232758620689655,0.9277612339813295,0.9275069854082583,0.96743033152897,0.8530701754385962
SYN_00735,garden-a,dev-004,default,loam,2025-12-16 07:30:00+07:00,0.42636986301369856,0.39644159703595067,0.09685349065880039,0.7211538461538463,0.24519230769230768,0.2403846153846154,0.21982758620689655,0.1739886907351022,0.17401428127910587,0.12320702790384018,0.35307017543859676
SYN_00736,garden-a,dev-003,rice,clay,2025-12-16 08:00:00+07:00,0.3971046077210461,0.44846683776847224,0.523598820058997,0.3974358974358977,0.6394230769230769,0.6923076923076923,0.5689655172413793,0.6777528691404289,0.6774293697609438,0.5833743415896623,0.6600877192982454
SYN_00737,garden-c,dev-001,chili,loam,2025-12-16 08:30:00+07:00,0.6648505603985057,0.27988653248682965,0.471976401179941,0.560897435897436,0.5480769230769231,0.6153846153846154,0.7801724137931034,0.5516779870846855,0.5515367898168271,0.6621101937412288,0.6469298245614032
SYN_00738,garden-c,dev-004,chili,loam,2025-12-16 09:00:00+07:00,0.7345890410958903,0.615194612222844,0.6853490658800393,0.525641025641026,0.5625,0.6442307692307693,0.5258620689655172,0.4435373239200989,0.44365104004967393,0.37559917618969507,0.9364035087719296
SYN_00739,garden-b,dev-002,chili,sandy,2025-12-16 09:30:00+07:00,0.6418119551681195,0.016672777445437176,0.17748279252704033,0.7019230769230771,0.36538461538461536,0.25961538461538464,0.0,0.1480242245792485,0.14809065507606334,0.20515063699491495,0.032894736842106
SYN_00740,garden-b,dev-004,rice,loam,2025-12-16 10:00:00+07:00,0.5826587795765878,0.821134289187781,0.69960668633235,0.44871794871794896,0.6490384615384616,0.7211538461538461,0.7155172413793104,0.4855622846053467,0.4854082583048742,0.46162538502196215,0.4846491228070178
SYN_00741,garden-b,dev-001,rice,clay,2025-12-16 10:30:00+07:00,0.6262453300124533,0.6737037108508134,0.6986234021632252,0.11538461538461574,0.6442307692307693,0.7211538461538461,0.8491379310344828,0.7470806705256465,0.7469729897547345,0.714309147575045,0.5460526315789476
SYN_00742,garden-b,dev-002,default,loam,2025-12-16 11:00:00+07:00,0.48490037359900373,0.5037340074487177,0.5624385447394297,0.2692307692307694,0.49038461538461536,0.5961538461538461,0.40086206896551724,0.5377588918258773,0.5377212045948463,0.5111998104507263,0.9100877192982454
SYN_00743,garden-b,dev-002,tomato,loam,2025-12-16 11:30:00+07:00,0.6523972602739725,0.6673742305243047,0.640117994100295,0.5064102564102566,0.5528846153846154,0.7115384615384616,0.8318965517241379,0.5471275136346906,0.5470350822725861,0.471540270107715,0.8662280701754383
SYN_00744,garden-b,dev-004,default,loam,2025-12-16 12:00:00+07:00,0.4070672478206725,0.31400397522240014,0.2974434611602753,0.5128205128205131,0.38461538461538464,0.3269230769230769,0.5043103448275862,0.3726034730819419,0.37271033840422224,0.3468751708677347,0.5504385964912283
SYN_00745,garden-a,dev-002,chili,clay,2025-12-16 12:30:00+07:00,0.8248754669987547,0.41635630342911173,0.3505408062930187,0.15705128205128235,0.4855769230769231,0.41346153846153844,0.30603448275862066,0.45879479372302334,0.45886370692331574,0.39965735323600704,0.5197368421052634
SYN_00746,garden-b,dev-003,default,loam,2025-12-16 13:00:00+07:00,0.4743150684931506,0.3261998031685996,0.2192723697148476,0.26602564102564125,0.1971153846153846,0.28846153846153844,0.4698275862068966,0.015525144711747575,0.015523129462899717,0.1183953924945778,0.34868421052631604
SYN_00747,garden-b,dev-003,chili,sandy,2025-12-16 13:30:00+07:00,0.6405666251556662,0.391347137260956,0.42084562438544737,0.9455128205128206,0.42788461538461536,0.38461538461538464,0.4396551724137931,0.27195770736440583,0.27196522819000307,0.266098018845572,0.38815789473684237
SYN_00748,garden-a,dev-004,rice,clay,2025-12-16 14:00:00+07:00,0.7557596513075966,0.7788348352984311,0.511307767944936,0.5512820512820513,0.4326923076923077,0.6634615384615384,0.5344827586206896,0.31317964332318393,0.31310152126668733,0.3919295751544644,0.6337719298245612
SYN_00749,garden-b,dev-001,tomato,sandy,2025-12-16 14:30:00+07:00,0.7414383561643834,0.36942552247158483,0.15732546705998032,0.544871794871795,0.28846153846153844,0.38461538461538464,0.5043103448275862,0.3380734098437447,0.33793852840732685,0.47606029124974936,0.4057017543859652
SYN_00750,garden-c,dev-002,rice,loam,2025-12-16 15:00:00+07:00,0.6978518057285179,0.5863260068312074,0.7640117994100295,0.40064102564102577,0.5769230769230769,0.8846153846153846,0.7931034482758621,0.6766821695051359,0.6766532132877988,0.5397780086390727,0.6820175438596489
SYN_00751,garden-b,dev-002,default,loam,2025-12-16 15:30:00+07:00,0.4195205479452055,0.285444124968642,0.3421828908554572,0.2339743589743593,0.33653846153846156,0.3173076923076923,0.3620689655172414,0.2296650717703349,0.22943185346165787,0.11256310715001731,0.41885964912280726
SYN_00752,garden-a,dev-001,default,clay,2025-12-16 16:00:00+07:00,0.5951120797011208,0.46699214604118017,0.6696165191740413,0.5993589743589745,0.6778846153846154,0.7115384615384616,0.6853448275862069,0.7216515541874392,0.721515057435579,0.6521953086554759,0.6162280701754388
SYN_00753,garden-b,dev-002,tomato,clay,2025-12-16 16:30:00+07:00,0.4867683686176838,0.22168618899673875,0.4169124877089479,0.6858974358974361,0.5817307692307693,0.41346153846153844,0.4396551724137931,0.480208786428882,0.4801303942874883,0.5094501248473582,0.28289473684210553
SYN_00754,garden-b,dev-004,default,clay,2025-12-16 17:00:00+07:00,0.471824408468244,0.7390054225121089,0.45083579154375614,0.42948717948717957,0.3894230769230769,0.34615384615384615,0.2974137931034483,0.3817044199819319,0.38155852219807507,0.5218437312045492,0.5021929824561406
SYN_00755,garden-a,dev-004,chili,loam,2025-12-16 17:30:00+07:00,0.2968555417185555,0.6942359275197313,0.3997050147492625,0.387820512820513,0.5096153846153846,0.5192307692307693,0.4353448275862069,0.5021581289523872,0.502173238124806,0.508866896312902,0.34868421052631604
SYN_00756,garden-a,dev-002,chili,sandy,2025-12-16 18:00:00+07:00,0.28440224159402255,0.3547596534223577,0.32055063913470994,0.733974358974359,0.2980769230769231,0.41346153846153844,0.44396551724137934,0.19968548198213268,0.1997826761875194,0.25064246268248674,0.38377192982456165
SYN_00757,garden-a,dev-002,chili,loam,2025-12-16 18:30:00+07:00,0.6281133250311333,0.2899210744678798,0.4105211406096362,0.5384615384615388,0.34615384615384615,0.34615384615384615,0.3879310344827586,0.34878040619667405,0.3486494877367277,0.2465598629412944,0.5942982456140353
SYN_00758,garden-b,dev-004,default,loam,2025-12-16 19:00:00+07:00,0.4232565379825653,0.3147758630670963,0.7212389380530974,0.4423076923076924,0.5576923076923077,0.6730769230769231,0.7198275862068966,0.8410345635226016,0.8408879230052778,0.8477226748318661,0.2872807017543862
SYN_00759,garden-c,dev-002,chili,sandy,2025-12-16 19:30:00+07:00,0.8360834371108343,0.14140985314833754,0.6764995083579154,0.4134615384615386,0.6153846153846154,0.7115384615384616,0.7241379310344828,0.6057483186669789,0.6057125116423471,0.7933366139938396,0.3574561403508774
SYN_00760,garden-b,dev-004,default,clay,2025-12-16 20:00:00+07:00,0.3267434620174347,0.6500839428031107,0.5766961651917404,0.4038461538461539,0.625,0.6346153846153846,0.7931034482758621,0.4799411115200588,0.4798199316982303,0.3696210837115206,0.6644736842105261
SYN_00761,garden-b,dev-001,default,loam,2025-12-16 20:30:00+07:00,0.3217621419676214,0.45232627699195305,0.21779744346116028,0.5673076923076925,0.11057692307692307,0.20192307692307693,0.10775862068965517,0.1865694114497942,0.18658801614405462,0.17248983906537627,0.2653508771929827
SYN_00762,garden-a,dev-004,default,sandy,2025-12-16 21:00:00+07:00,0.5496575342465753,0.047702668802223035,0.23795476892822026,0.2307692307692309,0.44711538461538464,0.4807692307692308,0.4482758620689655,0.37554789707899744,0.37550450170754424,0.3763282118577651,0.0
SYN_00763,garden-a,dev-003,default,loam,2025-12-16 21:30:00+07:00,0.3485367372353673,0.570888249937284,0.6573254670599803,0.5160256410256413,0.7115384615384616,0.7115384615384616,0.8146551724137931,0.7176364305550907,0.7176342750698541,0.7649042229391073,0.739035087719298
SYN_00764,garden-a,dev-004,default,loam,2025-12-16 22:00:00+07:00,0.5857721046077211,0.5404758688562551,0.4414945919370698,0.31730769230769257,0.7019230769230769,0.5,0.5905172413793104,0.3693913741760631,0.3691400186277553,0.3417719211912442,0.5855263157894739
SYN_00765,garden-c,dev-001,rice,loam,2025-12-16 22:30:00+07:00,0.3858966376089664,0.44522490882074833,0.4995083579154376,0.3910256410256411,0.5288461538461539,0.46153846153846156,0.375,0.5042995282229731,0.5043464762496118,0.48116354092623975,0.6250000000000002
SYN_00766,garden-a,dev-004,chili,loam,2025-12-16 23:00:00+07:00,0.1660958904109589,0.5015727214835685,0.4567354965585054,0.15384615384615422,0.5096153846153846,0.3269230769230769,0.5818965517241379,0.3809013952554621,0.3807823657249301,0.4072393241839357,0.5592105263157897
SYN_00767,garden-c,dev-003,default,clay,2025-12-16 23:30:00+07:00,0.6025840597758406,0.8458347002180583,0.7236971484759095,0.30448717948717974,0.6394230769230769,0.7211538461538461,0.7413793103448276,0.5254458460200087,0.5253027010245265,0.41452968086463626,0.6732456140350874
SYN_00768,garden-b,dev-003,rice,sandy,2025-12-17 00:00:00+07:00,0.4961083437110834,0.4697709422820864,0.3500491642084562,0.6474358974358977,0.41346153846153844,0.5,0.5387931034482759,0.26687188409676443,0.2668425954672462,0.20967065813694932,0.5285087719298248
SYN_00769,garden-a,dev-002,default,loam,2025-12-17 00:30:00+07:00,0.35849937733499376,0.31076204627467624,0.3584070796460177,1.0,0.3798076923076923,0.5192307692307693,0.21982758620689655,0.38893164252015916,0.388699161751009,0.3849308327409918,0.21271929824561428
SYN_00770,garden-b,dev-001,chili,sandy,2025-12-17 01:00:00+07:00,0.8012141967621418,0.5605449528183555,0.32595870206489674,0.21153846153846181,0.2932692307692308,0.4423076923076923,0.25,0.09234784354401579,0.09220738900962436,0.10250241493065047,0.510964912280702
SYN_00771,garden-c,dev-001,tomato,sandy,2025-12-17 01:30:00+07:00,0.5951120797011208,0.1962138901217653,0.3387413962635202,0.5961538461538464,0.5048076923076923,0.22115384615384615,0.39655172413793105,0.3474420316525579,0.3472524060850667,0.3602894271602238,0.5592105263157897
SYN_00772,garden-b,dev-003,chili,loam,2025-12-17 02:00:00+07:00,0.4855230386052303,0.18046737808996352,0.4911504424778761,0.794871794871795,0.4230769230769231,0.49038461538461536,0.6379310344827587,0.41917890721718465,0.4189692642036634,0.4980771684254652,0.37938596491228094
SYN_00773,garden-c,dev-003,default,sandy,2025-12-17 02:30:00+07:00,0.6007160647571607,0.3592366029215955,0.21730580137659783,0.3814102564102567,0.24519230769230768,0.2403846153846154,0.25,0.25429116338207247,0.2542688606022974,0.18619570962509338,0.46271929824561425
SYN_00774,garden-c,dev-001,chili,loam,2025-12-17 03:00:00+07:00,0.4014632627646327,0.6000656104667991,0.4473942969518191,0.4134615384615386,0.5336538461538461,0.5769230769230769,0.625,0.5128651253053166,0.5127289661595777,0.423278108881477,0.6688596491228068
SYN_00775,garden-b,dev-003,chili,sandy,2025-12-17 03:30:00+07:00,0.7607409713574097,0.44970185831998605,0.20894788593903638,0.48397435897435903,0.3317307692307692,0.3557692307692308,0.4525862068965517,0.16247866965570312,0.1625271654765601,0.11854119962819179,0.34868421052631604
SYN_00776,garden-b,dev-004,chili,clay,2025-12-17 04:00:00+07:00,0.6723225404732253,0.5824665676077265,0.5290068829891839,0.46794871794871806,0.5480769230769231,0.5,0.5646551724137931,0.35279552982902257,0.35284073269171057,0.32442087229117683,0.8793859649122805
SYN_00777,garden-b,dev-004,rice,clay,2025-12-17 04:30:00+07:00,0.41329389788293885,0.871461376661971,0.6976401179941003,0.42628205128205143,0.5673076923076923,0.6153846153846154,0.5387931034482759,0.7015759360256967,0.7013349891338093,0.5937266480762571,0.46271929824561425
SYN_00778,garden-b,dev-003,default,loam,2025-12-17 05:00:00+07:00,0.5857721046077211,0.2825109511587966,0.4960668633235005,0.45833333333333365,0.6875,0.5192307692307693,0.6767241379310345,0.569344531067019,0.5690779261099037,0.6387810523629869,0.7302631578947366
SYN_00779,garden-b,dev-004,chili,loam,2025-12-17 05:30:00+07:00,0.5085616438356164,0.4674552787479979,0.6253687315634219,0.7724358974358975,0.6394230769230769,0.5769230769230769,0.603448275862069,0.5069762773112054,0.5069854082583048,0.4703738130388029,0.6337719298245612
SYN_00780,garden-b,dev-001,rice,loam,2025-12-17 06:00:00+07:00,0.47493773349937735,0.3692711449026456,0.41642084562438547,0.3525641025641029,0.5144230769230769,0.4807692307692308,0.3922413793103448,0.33191688694081034,0.331884507916796,0.4910784260119926,0.37938596491228094
SYN_00781,garden-a,dev-002,default,sandy,2025-12-17 06:30:00+07:00,0.3086861768368617,0.24453406919974527,0.24336283185840707,0.32371794871794884,0.3942307692307692,0.18269230769230768,0.3879310344827586,0.21815505069093585,0.21809996895374106,0.278054203801921,0.0504385964912288
SYN_00782,garden-a,dev-004,tomato,clay,2025-12-17 07:00:00+07:00,0.4792963885429639,0.4554138283707377,0.46361848574237957,0.2211538461538465,0.6201923076923077,0.46153846153846156,0.5560344827586207,0.5559607856258573,0.555883266066439,0.5890608198006086,0.2478070175438599
SYN_00783,garden-c,dev-001,tomato,loam,2025-12-17 07:30:00+07:00,0.16734122042341218,0.5414021342698906,0.772369714847591,0.6410256410256411,0.6153846153846154,0.8653846153846154,0.7629310344827587,0.7824137584903135,0.7823657249301459,0.8618659667924252,0.6425438596491225
SYN_00784,garden-a,dev-002,chili,clay,2025-12-17 08:00:00+07:00,0.6716998754669987,0.30335192296559305,0.20747295968534907,0.3493589743589745,0.42788461538461536,0.3557692307692308,0.40086206896551724,0.22136714959681464,0.22135982614095,0.18327956695281314,0.33552631578947395
SYN_00785,garden-b,dev-004,default,loam,2025-12-17 08:30:00+07:00,0.49673100871730996,0.17259412207406263,0.25467059980334317,0.7596153846153847,0.47115384615384615,0.3557692307692308,0.47413793103448276,0.30943219459965865,0.30937597019559143,0.3572274773543296,0.2521929824561406
SYN_00786,garden-b,dev-003,chili,sandy,2025-12-17 09:00:00+07:00,0.4556351183063513,0.1756816734528473,0.22025565388397247,0.2692307692307694,0.1971153846153846,0.41346153846153844,0.5301724137931034,0.24090741794091075,0.24091896926420367,0.32092150108444056,0.3399122807017546
SYN_00787,garden-a,dev-001,tomato,sandy,2025-12-17 09:30:00+07:00,0.6380759651307597,0.1770710715733004,0.23500491642084562,0.5384615384615388,0.4519230769230769,0.4230769230769231,0.24568965517241378,0.29256867534379494,0.2924557590810307,0.15630524723422093,0.2960526315789476
SYN_00788,garden-c,dev-003,tomato,loam,2025-12-17 10:00:00+07:00,0.311799501867995,0.4103355782404816,0.6986234021632252,0.387820512820513,0.6153846153846154,0.6153846153846154,0.6896551724137931,0.7066617592933381,0.7064576218565662,0.6791696283740682,0.6425438596491225
SYN_00789,garden-a,dev-003,default,sandy,2025-12-17 10:30:00+07:00,0.2576276463262764,0.18293741919299125,0.19321533923303835,0.5993589743589745,0.3798076923076923,0.34615384615384615,0.34051724137931033,0.34717435674373465,0.3470971747904377,0.35212422767783913,0.0
SYN_00790,garden-c,dev-002,rice,clay,2025-12-17 11:00:00+07:00,0.45999377334993763,0.7629339456976901,0.5457227138643068,0.121794871794872,0.3605769230769231,0.38461538461538464,0.4525862068965517,0.1833573125439154,0.18348339025147467,0.22541782856726264,0.2960526315789476
SYN_00791,garden-c,dev-002,chili,sandy,2025-12-17 11:30:00+07:00,0.39150062266500624,0.13554350552864666,0.38200589970501475,0.8076923076923078,0.4375,0.36538461538461536,0.4051724137931034,0.2861444775320373,0.2859360447066128,0.3474583994021907,0.4934210526315792
SYN_00792,garden-c,dev-003,default,clay,2025-12-17 12:00:00+07:00,0.6162826899128269,0.5745933115918257,0.3230088495575221,0.3814102564102567,0.42788461538461536,0.40384615384615385,0.29310344827586204,0.31264429350553746,0.3126358273828003,0.2916142672280241,0.44517543859649145
SYN_00793,garden-a,dev-001,default,sandy,2025-12-17 12:30:00+07:00,0.36659402241594014,0.2862160128133382,0.021632251720747297,0.5320512820512822,0.1201923076923077,0.33653846153846156,0.38362068965517243,0.0987720413557734,0.09872710338404221,0.1293309275156287,0.14692982456140374
SYN_00794,garden-b,dev-001,rice,loam,2025-12-17 13:00:00+07:00,0.48988169364881684,0.7643233438181432,0.5285152409046214,0.7628205128205128,0.6538461538461539,0.5096153846153846,0.6853448275862069,0.43149195302305343,0.4315429990686122,0.37428691198716896,0.6162280701754388
SYN_00795,garden-a,dev-002,chili,loam,2025-12-17 13:30:00+07:00,0.3286114570361145,0.39072962698519903,0.6878072763028515,0.47756410256410275,0.7163461538461539,0.6153846153846154,0.9396551724137931,0.6732023956904338,0.6730828935113318,0.5596077788105783,0.739035087719298
SYN_00796,garden-a,dev-002,chili,sandy,2025-12-17 14:00:00+07:00,0.5421855541718554,0.3893402288647459,0.2586037364798427,0.7275641025641028,0.4567307692307692,0.2692307692307692,0.3146551724137931,0.20637735470271354,0.20630239056193728,0.2889897388229719,0.6118421052631582
SYN_00797,garden-c,dev-002,rice,clay,2025-12-17 14:30:00+07:00,0.388387297633873,0.9112907894482931,0.48525073746312686,0.576923076923077,0.5048076923076923,0.6057692307692307,0.3620689655172414,0.2706193328202897,0.27056814653834216,0.24014434906227786,0.41008771929824583
SYN_00798,garden-b,dev-004,rice,clay,2025-12-17 15:00:00+07:00,0.40582191780821925,1.0,0.6027531956735497,0.4038461538461539,0.6730769230769231,0.6730769230769231,0.7025862068965517,0.5607789339846755,0.5606954361999379,0.5348205660961962,0.5241228070175441
SYN_00799,garden-b,dev-003,default,loam,2025-12-17 15:30:00+07:00,0.5122976338729762,0.4029254549313985,0.22763028515240905,0.5961538461538464,0.3125,0.38461538461538464,0.1853448275862069,0.3014019473349616,0.30145917416951257,0.2607031549018536,0.4758771929824564
SYN_00800,garden-c,dev-004,default,sandy,2025-12-17 16:00:00+07:00,0.7252490660024906,0.24931977383686146,0.5663716814159292,0.37500000000000017,0.5144230769230769,0.7596153846153846,0.5387931034482759,0.6025362197611001,0.6024526544551382,0.5953305265460113,0.8618421052631576
SYN_00801,garden-a,dev-003,chili,sandy,2025-12-17 16:30:00+07:00,0.4624844333748444,0.3692711449026456,0.37561455260570303,0.4711538461538462,0.34615384615384615,0.4423076923076923,0.3017241379310345,0.3396794592966841,0.33949084135361685,0.37166238358211673,0.5460526315789476
SYN_00802,garden-a,dev-004,default,sandy,2025-12-17 17:00:00+07:00,0.49922166874221674,0.4697709422820864,0.2999016715830875,0.36538461538461575,0.36538461538461536,0.5384615384615384,0.41810344827586204,0.2882858768026232,0.28810928283141884,0.41234257386042605,0.6118421052631582
SYN_00803,garden-b,dev-004,rice,loam,2025-12-17 17:30:00+07:00,0.4892590286425903,0.5043515177244746,0.5319567354965585,0.5737179487179488,0.4951923076923077,0.33653846153846156,0.34051724137931033,0.4079365610466088,0.4077926109903756,0.4795596624564857,0.8355263157894735
SYN_00804,garden-a,dev-001,chili,clay,2025-12-17 18:00:00+07:00,0.6829078455790785,0.3371606105632851,0.5432645034414946,0.5352564102564104,0.6826923076923077,0.7115384615384616,0.4870689655172414,0.7907116806638336,0.7905929835454828,0.67814897843877,0.4714912280701757
SYN_00805,garden-c,dev-001,rice,loam,2025-12-17 18:30:00+07:00,0.1642278953922789,0.6434457073387236,0.6932153392330384,0.4455128205128208,0.5961538461538461,0.6346153846153846,0.4827586206896552,0.5112590758523772,0.5111766532132878,0.49516102575318494,0.8004385964912278
SYN_00806,garden-c,dev-003,tomato,loam,2025-12-17 19:00:00+07:00,0.7339663760896638,0.5310588371509619,0.3928220255653884,0.7115384615384616,0.2692307692307692,0.41346153846153844,0.4525862068965517,0.3436945829290326,0.3436820863085998,0.34468806386352446,0.5767543859649126
SYN_00807,garden-a,dev-003,rice,sandy,2025-12-17 19:30:00+07:00,0.3622353673723538,0.5248837343933926,0.3166175024582104,0.7724358974358975,0.25961538461538464,0.3076923076923077,0.3448275862068966,0.3150533676849465,0.3149642968022353,0.42867297282519545,0.3574561403508774
SYN_00808,garden-a,dev-003,default,clay,2025-12-17 20:00:00+07:00,0.5098069738480696,0.5636325041971401,0.3746312684365782,0.2916666666666669,0.2548076923076923,0.4519230769230769,0.36637931034482757,0.22243784923210758,0.222446445203353,0.21754424335210598,0.6206140350877195
SYN_00809,garden-b,dev-003,default,loam,2025-12-17 20:30:00+07:00,0.5365815691158156,0.7771366820400996,0.744346116027532,0.46794871794871806,0.4375,0.7884615384615384,0.853448275862069,0.4719108642553618,0.4719031356721515,0.6252209889368837,0.5811403508771932
SYN_00810,garden-a,dev-004,tomato,sandy,2025-12-17 21:00:00+07:00,0.3765566625155665,0.33963065166631284,0.4995083579154376,0.25961538461538497,0.6298076923076923,0.3269230769230769,0.4698275862068966,0.30407869642319396,0.3039428748835765,0.27120126852206244,0.4890350877192985
SYN_00811,garden-c,dev-003,default,clay,2025-12-17 21:30:00+07:00,0.49112702366127015,0.3630960421450763,0.7143559488692232,1.0,0.6490384615384616,0.75,0.7672413793103449,0.7874995817579548,0.7873331263582738,0.7598009732626169,0.6074561403508775
SYN_00812,garden-a,dev-003,rice,loam,2025-12-17 22:00:00+07:00,0.38900996264009974,0.7586113737673915,0.8171091445427728,0.637820512820513,0.6778846153846154,0.9038461538461539,0.5301724137931034,0.8785090507578545,0.8782986650108661,1.0,0.5504385964912283
SYN_00813,garden-a,dev-002,rice,clay,2025-12-17 22:30:00+07:00,0.5589975093399749,0.5752108218675825,0.8947885939036382,0.5064102564102566,0.8365384615384616,0.875,1.0,0.8212266202696824,0.8211735485873952,0.7711739296845097,0.81359649122807
SYN_00814,garden-a,dev-002,rice,loam,2025-12-17 23:00:00+07:00,0.4743150684931506,0.29146485015727214,0.4778761061946903,0.8012820512820513,0.5913461538461539,0.4423076923076923,0.3577586206896552,0.6252885870110749,0.6252716547656006,0.6103486613082545,0.5635964912280704
SYN_00815,garden-b,dev-001,rice,loam,2025-12-17 23:30:00+07:00,0.48178704856787047,0.5877154049516605,0.41248770894788594,0.6634615384615387,0.44711538461538464,0.36538461538461536,0.5043103448275862,0.27169003245558265,0.2716547656007451,0.2609947691690816,0.5767543859649126
SYN_00816,garden-b,dev-004,tomato,loam,2025-12-18 00:00:00+07:00,0.6604919053549191,0.5892591806410529,0.28466076696165193,0.387820512820513,0.4519230769230769,0.49038461538461536,0.5344827586206896,0.3608257770937196,0.3607575287177895,0.3037162593179871,0.6118421052631582
SYN_00817,garden-c,dev-002,rice,loam,2025-12-18 00:30:00+07:00,0.6499066002490659,0.7894868875552382,0.6116027531956736,0.4358974358974361,0.4951923076923077,0.5288461538461539,0.5172413793103449,0.5010874293170943,0.5009313877677739,0.4992436254943773,0.6995614035087717
SYN_00818,garden-b,dev-003,default,loam,2025-12-18 01:00:00+07:00,0.49797633872976343,0.35043708149205915,0.11160275319567355,0.6474358974358977,0.19230769230769232,0.47115384615384615,0.3448275862068966,0.22404389868504698,0.22384352685501396,0.22352233583028047,0.35307017543859676
SYN_00819,garden-a,dev-001,default,sandy,2025-12-18 01:30:00+07:00,0.5621108343711082,0.23048571042627505,0.11799410029498525,0.5320512820512822,0.34134615384615385,0.36538461538461536,0.5387931034482759,0.2623214106467695,0.26234088792300525,0.34352160679461236,0.21271929824561428
SYN_00820,garden-b,dev-004,tomato,loam,2025-12-18 02:00:00+07:00,0.6032067247820672,0.5165473456706741,0.4557522123893805,0.08012820512820538,0.7067307692307693,0.5288461538461539,0.75,0.5147388496670793,0.5147469729897547,0.4212368090108808,0.6030701754385968
SYN_00821,garden-b,dev-003,rice,loam,2025-12-18 02:30:00+07:00,0.6561332503113325,0.6321761448061597,0.3053097345132743,0.06410256410256443,0.34134615384615385,0.2403846153846154,0.31896551724137934,0.16408471910864253,0.16392424712822104,0.22541782856726264,0.3267543859649125
SYN_00822,garden-a,dev-002,chili,clay,2025-12-18 03:00:00+07:00,0.1362079701120797,0.8421296385635166,0.7354965585054081,0.5128205128205131,0.7211538461538461,0.7115384615384616,0.5732758620689655,0.7021112858433431,0.7019559143123254,0.652924344323546,0.44956140350877216
SYN_00823,garden-c,dev-003,tomato,loam,2025-12-18 03:30:00+07:00,0.2134184308841844,0.37405684953976187,0.591937069813176,0.5096153846153847,0.7259615384615384,0.4807692307692308,0.40086206896551724,0.578445477967009,0.5782365724930145,0.5979550549510634,0.9100877192982454
SYN_00824,garden-c,dev-004,rice,loam,2025-12-18 04:00:00+07:00,0.5863947696139477,0.504660272862353,1.0,0.4423076923076924,0.8413461538461539,0.8653846153846154,0.8793103448275862,0.9052765416401779,0.9049984476870537,0.8812583155630888,0.6206140350877195
SYN_00825,garden-b,dev-002,default,loam,2025-12-18 04:30:00+07:00,0.7196450809464507,0.3333011713398043,0.47984267453294,0.49679487179487186,0.5769230769230769,0.6153846153846154,0.33620689655172414,0.5286579449258875,0.5287177895063644,0.5886233983997666,0.21271929824561428
SYN_00826,garden-c,dev-004,default,clay,2025-12-18 05:00:00+07:00,0.3971046077210461,0.6017637637251306,0.6873156342182891,0.44871794871794896,0.625,0.6923076923076923,0.5991379310344828,0.6009301703081606,0.6009003415088481,0.5816246559862941,0.3750000000000002
SYN_00827,garden-c,dev-003,default,loam,2025-12-18 05:30:00+07:00,0.49361768368617687,0.4095636903957855,0.660275319567355,0.6250000000000001,0.7067307692307693,0.5,0.6594827586206896,0.5848696757787666,0.5847562868674324,0.5666065212240509,0.7346491228070173
SYN_00828,garden-a,dev-003,rice,loam,2025-12-18 06:00:00+07:00,0.814912826899128,0.32882422184056653,0.6764995083579154,0.6089743589743591,0.7596153846153846,0.6923076923076923,0.44396551724137934,0.8094489242814601,0.8093759701955914,0.726556946798622,0.6206140350877195
SYN_00829,garden-c,dev-003,chili,sandy,2025-12-18 06:30:00+07:00,0.5116749688667497,0.5384689604600451,0.2748279252704032,0.5224358974358975,0.28846153846153844,0.28846153846153844,0.06465517241379311,0.06236825375581355,0.062247749146227875,0.07086226693640986,0.2521929824561406
SYN_00830,garden-c,dev-003,rice,loam,2025-12-18 07:00:00+07:00,0.5689601494396014,0.5864803844001466,0.6150442477876106,0.7019230769230771,0.6057692307692307,0.8173076923076923,0.7844827586206896,0.7374443738080101,0.7371934181931077,0.6968122915413636,0.4934210526315792
SYN_00831,garden-c,dev-004,rice,loam,2025-12-18 07:30:00+07:00,0.5776774595267745,0.5901854460546881,0.69960668633235,0.19871794871794898,0.6346153846153846,0.5288461538461539,0.5517241379310345,0.6065513433934486,0.606333436820863,0.4871416334044143,0.5241228070175441
SYN_00832,garden-c,dev-004,rice,sandy,2025-12-18 08:00:00+07:00,0.6380759651307597,0.4287065089442504,0.19518190757128812,0.4519230769230771,0.07692307692307693,0.3269230769230769,0.28879310344827586,0.0,0.0,0.19363187343940802,0.4846491228070178
SYN_00833,garden-a,dev-004,default,clay,2025-12-18 08:30:00+07:00,0.5751867995018679,0.41002682310260313,0.6745329400196657,0.3525641025641029,0.6442307692307693,0.6442307692307693,0.6637931034482759,0.6421521062669387,0.6418814032909034,0.40694770991670765,0.7697368421052629
SYN_00834,garden-a,dev-003,default,clay,2025-12-18 09:00:00+07:00,0.4736924034869241,0.21551108623916945,0.46509341199606685,0.3974358974358977,0.5673076923076923,0.49038461538461536,0.6681034482758621,0.5848696757787666,0.5846010555728035,0.6427178449705652,0.0723684210526323
SYN_00835,garden-c,dev-001,default,loam,2025-12-18 09:30:00+07:00,0.388387297633873,0.3294417321163235,0.31022615535889875,0.5160256410256413,0.46153846153846156,0.375,0.28879310344827586,0.3461036571084417,0.34616578702266376,0.40592705998140954,0.16008771929824586
SYN_00836,garden-b,dev-001,rice,clay,2025-12-18 10:00:00+07:00,0.6804171855541719,0.8926111036066459,0.8097345132743363,0.37500000000000017,0.7692307692307693,0.7884615384615384,0.6810344827586207,0.8423729380667178,0.8422850046569389,0.9091074780833652,0.4890350877192985
SYN_00837,garden-b,dev-002,tomato,loam,2025-12-18 10:30:00+07:00,0.4425591531755916,0.24607784488913761,0.36922320550639137,0.7756410256410257,0.47596153846153844,0.41346153846153844,0.125,0.13116070532338472,0.13101521266687366,0.1269980133778045,0.5197368421052634
SYN_00838,garden-b,dev-001,default,clay,2025-12-18 11:00:00+07:00,0.4942403486924034,0.6323305223750989,0.6637168141592921,0.5096153846153847,0.7836538461538461,0.6923076923076923,0.8922413793103449,0.6092280924816809,0.6089723688295561,0.472269305775785,0.7478070175438594
SYN_00839,garden-a,dev-004,default,sandy,2025-12-18 11:30:00+07:00,0.5932440846824407,0.1999189517763069,0.03146509341199607,0.432692307692308,0.3173076923076923,0.0673076923076923,0.12931034482758622,0.10760531334694014,0.10773051847252405,0.27163868992290446,0.0
SYN_00840,garden-b,dev-003,rice,loam,2025-12-18 12:00:00+07:00,0.3304794520547945,0.7007197854151791,0.6032448377581121,0.36538461538461575,0.5336538461538461,0.6923076923076923,0.4224137931034483,0.5875464248669989,0.5872399875814964,0.6085989757048864,0.38377192982456165
SYN_00841,garden-c,dev-004,default,clay,2025-12-18 12:30:00+07:00,0.40582191780821925,0.5057409158449276,0.532448377581121,0.3910256410256411,0.7307692307692307,0.7884615384615384,0.5474137931034483,0.6311774350051862,0.6308599813722446,0.6313448885486722,0.7785087719298244
SYN_00842,garden-b,dev-004,rice,loam,2025-12-18 13:00:00+07:00,0.434464508094645,0.5943536404160475,0.6327433628318584,0.5192307692307694,0.5144230769230769,0.5865384615384616,0.5474137931034483,0.5051025529494428,0.5051226327227569,0.3891592396157982,0.9364035087719296
SYN_00843,garden-c,dev-001,default,sandy,2025-12-18 13:30:00+07:00,0.4425591531755916,0.16904343798846025,0.26991150442477874,0.07051282051282069,0.32211538461538464,0.20192307692307693,0.3922413793103448,0.18469568708803158,0.18457000931387768,0.1739479104015164,0.09868421052631603
SYN_00844,garden-b,dev-002,chili,clay,2025-12-18 14:00:00+07:00,0.5452988792029887,0.16533837633391868,0.35988200589970504,0.31410256410256443,0.40865384615384615,0.21153846153846154,0.2672413793103448,0.18871081072038007,0.18860602297423162,0.22964623544206897,0.304824561403509
SYN_00845,garden-a,dev-002,chili,sandy,2025-12-18 14:30:00+07:00,0.8111768368617684,0.20918160591266088,0.6342182890855457,0.4903846153846156,0.5336538461538461,0.5961538461538461,0.6551724137931034,0.5444507645464582,0.5443961502638931,0.44427433612189476,0.6074561403508775
SYN_00846,garden-b,dev-004,rice,clay,2025-12-18 15:00:00+07:00,0.6019613947696139,0.8875166438316512,0.7502458210422812,0.6602564102564105,0.7211538461538461,0.6826923076923077,0.7586206896551724,0.7267373774550807,0.7266376901583359,0.8203109337124319,0.423245614035088
SYN_00847,garden-c,dev-003,default,clay,2025-12-18 15:30:00+07:00,0.744551681195517,0.5571486463016924,0.6238938053097345,0.5064102564102566,0.6826923076923077,0.7596153846153846,0.5862068965517241,0.634389533911065,0.6342750698540824,0.6989993985455737,0.7039473684210524
SYN_00848,garden-c,dev-003,default,clay,2025-12-18 16:00:00+07:00,0.7875155666251556,0.1673452847301287,0.6066863323500492,0.7596153846153847,0.7115384615384616,0.5480769230769231,0.8448275862068966,0.6732023956904338,0.6729276622167029,0.7478447883062678,0.3267543859649125
SYN_00849,garden-c,dev-002,chili,clay,2025-12-18 16:30:00+07:00,0.1492839352428394,0.5764458424190965,0.47935103244837757,0.6025641025641026,0.3173076923076923,0.5961538461538461,0.6681034482758621,0.27356375681734524,0.27351754113629306,0.3181511655457743,0.5811403508771932
SYN_00850,garden-a,dev-001,rice,loam,2025-12-18 17:00:00+07:00,0.23770236612702378,0.7036529592250246,0.7458210422812193,0.5576923076923078,0.7644230769230769,0.7596153846153846,0.7672413793103449,0.8843978987519656,0.8843526855013971,0.7937740353946816,0.5723684210526319
SYN_00851,garden-b,dev-002,chili,sandy,2025-12-18 17:30:00+07:00,0.5066936488169363,0.2710870110572933,0.6396263520157326,0.7083333333333334,0.5336538461538461,0.6634615384615384,0.46120689655172414,0.6499146786228125,0.6497981993169822,0.6584650154008784,0.4846491228070178
SYN_00852,garden-c,dev-004,rice,clay,2025-12-18 18:00:00+07:00,0.5035803237858033,0.5004920785009938,0.49016715830875124,0.5641025641025641,0.4855769230769231,0.47115384615384615,0.6422413793103449,0.5350821427376451,0.5350822725861533,0.46731186323290863,0.6732456140350874
SYN_00853,garden-b,dev-003,chili,loam,2025-12-18 18:30:00+07:00,0.5297322540473225,0.2641400204550279,0.3608652900688299,0.5032051282051284,0.5769230769230769,0.5480769230769231,0.35344827586206895,0.41221935958778055,0.41213908723998754,0.3423551497257003,0.22587719298245637
SYN_00854,garden-b,dev-004,chili,sandy,2025-12-18 19:00:00+07:00,0.6741905354919053,0.6615078829046139,0.6017699115044248,0.6282051282051283,0.46634615384615385,0.6346153846153846,0.6982758620689655,0.5265165456553016,0.5263893200869295,0.471977691508557,0.3223684210526318
SYN_00855,garden-a,dev-003,default,clay,2025-12-18 19:30:00+07:00,0.6050747198007472,0.580150904073638,0.8593903638151426,0.7788461538461541,0.7307692307692307,0.7788461538461539,0.9181034482758621,0.6424197811757619,0.6423470971747904,0.6392184737638289,0.6206140350877195
SYN_00856,garden-b,dev-002,default,clay,2025-12-18 20:00:00+07:00,0.8404420921544209,0.49678701684645216,0.4473942969518191,0.7788461538461541,0.4326923076923077,0.4230769230769231,0.6379310344827587,0.27169003245558265,0.2716547656007451,0.34045965698871816,0.5197368421052634
SYN_00857,garden-c,dev-003,chili,clay,2025-12-18 20:30:00+07:00,0.5988480697384806,0.9196271781710117,0.6101278269419862,0.3589743589743592,0.6442307692307693,0.5673076923076923,0.8663793103448276,0.5444507645464582,0.5442409189692642,0.5757923706417336,0.22587719298245637
SYN_00858,garden-b,dev-001,rice,loam,2025-12-18 21:00:00+07:00,0.42387920298879206,0.4952432411570598,0.5314650934119961,0.31730769230769257,0.4375,0.5480769230769231,0.625,0.3969618897848562,0.39692642036634584,0.4552098711429456,0.6206140350877195
SYN_00859,garden-b,dev-003,rice,clay,2025-12-18 21:30:00+07:00,0.3429327521793275,0.6326392775129773,0.688298918387414,0.5096153846153847,0.4230769230769231,0.49038461538461536,0.5560344827586207,0.4646836417171345,0.4646072648245886,0.640530737966355,0.9846491228070173
SYN_00860,garden-a,dev-001,chili,sandy,2025-12-18 22:00:00+07:00,0.5515255292652553,0.20053646205206382,0.23647984267453295,0.16666666666666705,0.30288461538461536,0.4326923076923077,0.4956896551724138,0.29952822297319903,0.2992859360447066,0.4668744418320666,0.304824561403509
SYN_00861,garden-a,dev-003,rice,sandy,2025-12-18 22:30:00+07:00,0.5222602739726027,0.47671793288435194,0.29547689282202555,0.7564102564102566,0.5,0.5192307692307693,0.4698275862068966,0.4384515006524575,0.43821794473765907,0.519656624200339,0.46271929824561425
SYN_00862,garden-b,dev-004,default,loam,2025-12-18 23:00:00+07:00,0.6903798256537983,0.4586557573184616,0.5958702064896755,0.29487179487179505,0.6730769230769231,0.5480769230769231,0.5689655172413793,0.6057483186669789,0.6057125116423471,0.6190970893250952,0.6864035087719296
SYN_00863,garden-c,dev-002,chili,sandy,2025-12-18 23:30:00+07:00,0.46497509339975096,0.22986820015051812,0.5049164208456244,0.6121794871794873,0.5769230769230769,0.6634615384615384,0.5991379310344828,0.5714859303376049,0.5715616268239677,0.43377622250168585,0.33114035087719323
SYN_00864,garden-c,dev-001,rice,sandy,2025-12-19 00:00:00+07:00,0.8373287671232874,0.5204067848941548,0.140117994100295,0.5641025641025641,0.38461538461538464,0.23076923076923078,0.41379310344827586,0.0995750660822431,0.0995032598571872,0.12262379936938413,0.8442982456140349
SYN_00865,garden-a,dev-004,rice,loam,2025-12-19 00:30:00+07:00,0.31989414694894136,0.54958414542367,0.7984267453294002,0.7884615384615384,0.6875,0.7019230769230769,0.7198275862068966,0.6290360357346003,0.6289972058366966,0.6348442597554085,0.6118421052631582
SYN_00866,garden-c,dev-002,chili,loam,2025-12-19 01:00:00+07:00,0.5882627646326276,0.41141622122305627,0.49852507374631266,0.41987179487179516,0.40865384615384615,0.25961538461538464,0.5905172413793104,0.3766185967142904,0.37659112076994716,0.3180053584121603,0.6074561403508775
SYN_00867,garden-c,dev-002,rice,sandy,2025-12-19 01:30:00+07:00,0.49922166874221674,0.7397773103568052,0.18387413962635202,0.34615384615384637,0.2980769230769231,0.3076923076923077,0.08189655172413793,0.0,0.0,0.0,0.37061403508771956
SYN_00868,garden-c,dev-004,chili,loam,2025-12-19 02:00:00+07:00,0.3821606475716064,0.6405125335288783,0.5845624385447394,0.24679487179487214,0.6875,0.625,0.6767241379310345,0.5059055776759125,0.5057435579012729,0.4573969781471558,0.5635964912280704
SYN_00869,garden-b,dev-002,chili,loam,2025-12-19 02:30:00+07:00,0.4462951432129514,0.6699986491962717,0.49016715830875124,0.46794871794871806,0.41346153846153844,0.38461538461538464,0.5689655172413793,0.36591160036136106,0.3657249301459174,0.398928317567937,0.48026315789473706
SYN_00870,garden-c,dev-001,tomato,loam,2025-12-19 03:00:00+07:00,0.3448007471980075,0.18942127708843903,0.43411996066863323,0.525641025641026,0.49038461538461536,0.5576923076923077,0.40948275862068967,0.4869006591494629,0.4868053399565352,0.5262179452129695,0.3223684210526318
SYN_00871,garden-a,dev-003,default,sandy,2025-12-19 03:30:00+07:00,0.37531133250311327,0.2335732618050597,0.3446411012782694,0.39423076923076955,0.5,0.38461538461538464,0.6594827586206896,0.4049921370495532,0.40484321639242465,0.48816228333971234,0.5723684210526319
SYN_00872,garden-c,dev-004,default,sandy,2025-12-19 04:00:00+07:00,0.6206413449564134,0.4399760714768144,0.10373647984267453,0.6185897435897438,0.0,0.3076923076923077,0.1896551724137931,0.0,0.0,0.07348679534146207,0.5153508771929827
SYN_00873,garden-b,dev-004,rice,sandy,2025-12-19 04:30:00+07:00,0.4089352428393525,0.6104089075857277,0.4970501474926254,0.6025641025641026,0.5048076923076923,0.7403846153846154,0.3146551724137931,0.49118345769063465,0.4909965849115181,0.5798749703829259,0.5285087719298248
SYN_00874,garden-b,dev-001,tomato,clay,2025-12-19 05:00:00+07:00,0.6069427148194272,0.7573763532158777,0.6632251720747296,0.12820512820512855,0.6586538461538461,0.5961538461538461,0.5387931034482759,0.345300632381972,0.34523439925488975,0.31158984453314376,0.41885964912280726
SYN_00875,garden-b,dev-004,rice,clay,2025-12-19 05:30:00+07:00,0.8834059775840597,0.8188186256536925,0.5968534906588004,0.5064102564102566,0.6586538461538461,0.6538461538461539,0.4827586206896552,0.4440726737377454,0.443806271344303,0.46629121329761053,0.4407894736842108
SYN_00876,garden-b,dev-004,default,loam,2025-12-19 06:00:00+07:00,0.4139165628891656,0.5373883174774705,0.6538839724680433,0.5032051282051284,0.625,0.8942307692307693,0.7155172413793104,0.7379797236256566,0.7379695746662527,0.7322434250095685,0.7258771929824559
SYN_00877,garden-a,dev-004,chili,loam,2025-12-19 06:30:00+07:00,0.4550124533001245,0.4354991219775766,0.443952802359882,0.2500000000000003,0.2644230769230769,0.47115384615384615,0.33189655172413796,0.33004316257904764,0.33002173238124805,0.2442269488034702,0.81359649122807
SYN_00878,garden-b,dev-003,rice,loam,2025-12-19 07:00:00+07:00,0.44878580323785794,0.9982053607610812,0.6465093411996067,0.42948717948717957,0.5961538461538461,0.6826923076923077,0.3879310344827586,0.5342791180111753,0.5341508848183794,0.5540671077332457,0.36184210526315813
SYN_00879,garden-a,dev-001,chili,sandy,2025-12-19 07:30:00+07:00,0.5085616438356164,0.3529071225950869,0.47099311701081614,0.5416666666666669,0.5096153846153846,0.40384615384615385,0.34051724137931033,0.5321377187405895,0.5319776466935734,0.3849308327409918,0.598684210526316
SYN_00880,garden-a,dev-001,rice,sandy,2025-12-19 08:00:00+07:00,0.4562577833125778,0.36741861407537485,0.4882005899705015,0.4903846153846156,0.4375,0.4423076923076923,0.5086206896551724,0.2781142302673403,0.278019248680534,0.34672936373412067,0.6030701754385968
SYN_00881,garden-a,dev-004,chili,loam,2025-12-19 08:30:00+07:00,0.3971046077210461,0.42762586596167573,0.4803343166175025,0.794871794871795,0.5096153846153846,0.5480769230769231,0.5,0.39963863887308854,0.3994101210804098,0.4174458235369165,0.6381578947368418
SYN_00882,garden-c,dev-001,chili,clay,2025-12-19 09:00:00+07:00,0.469956413449564,0.530441326875205,0.6922320550639135,0.6698717948717949,0.7740384615384616,0.5673076923076923,0.5560344827586207,0.6327834844581255,0.6325675256131637,0.5609200430131044,0.7478070175438594
SYN_00883,garden-c,dev-002,chili,clay,2025-12-19 09:30:00+07:00,0.22400373599003734,0.512533528878254,0.6892822025565388,0.48397435897435903,0.7115384615384616,0.625,0.8491379310344828,0.7211162043697927,0.7210493635516919,0.6037873402956239,0.6074561403508775
SYN_00884,garden-c,dev-004,default,clay,2025-12-19 10:00:00+07:00,0.7993462017434618,0.5478859921653384,0.855457227138643,0.6474358974358977,0.7403846153846154,0.75,0.5948275862068966,0.8051661257402883,0.8048742626513504,0.8414529680864635,0.7127192982456138
SYN_00885,garden-c,dev-004,rice,loam,2025-12-19 10:30:00+07:00,0.38340597758405986,0.7655583643696571,0.471976401179941,0.4711538461538462,0.5384615384615384,0.25,0.5905172413793104,0.23234182085856725,0.2322260167649798,0.1886744308965316,0.6469298245614032
SYN_00886,garden-b,dev-004,tomato,loam,2025-12-19 11:00:00+07:00,0.6673412204234122,0.6391231354084251,0.4306784660766962,0.8237179487179488,0.22115384615384615,0.21153846153846154,0.5732758620689655,0.12313045805868769,0.12309841664079477,0.18546667395702335,0.598684210526316
SYN_00887,garden-a,dev-002,chili,clay,2025-12-19 11:30:00+07:00,0.3921232876712328,0.40570425117230463,0.6474926253687315,0.621794871794872,0.7115384615384616,0.6346153846153846,0.7327586206896551,0.7382473985344797,0.7381248059608817,0.8140412269670293,0.6162280701754388
SYN_00888,garden-c,dev-004,default,loam,2025-12-19 12:00:00+07:00,0.07830012453300125,0.5857084965554504,0.8829891838741396,0.9391025641025643,0.8509615384615384,0.8653846153846154,0.8103448275862069,0.7294141265433131,0.7294318534616578,0.6495707802504237,0.6030701754385968
SYN_00889,garden-a,dev-004,default,clay,2025-12-19 12:30:00+07:00,0.02412826899128264,0.5525173192335153,0.400196656833825,0.38461538461538486,0.6009615384615384,0.375,0.35344827586206895,0.4250677552112958,0.4248680533995653,0.3637887983669601,0.5460526315789476
SYN_00890,garden-a,dev-003,chili,loam,2025-12-19 13:00:00+07:00,0.29747820672478203,0.32326662935875417,0.6858407079646017,0.5320512820512822,0.6105769230769231,0.8557692307692307,0.5043103448275862,0.643758155719878,0.6435889475318224,0.5243224524759874,0.41008771929824583
SYN_00891,garden-b,dev-003,chili,sandy,2025-12-19 13:30:00+07:00,0.36348069738480704,0.06777175276432333,0.5216322517207473,0.43910256410256426,0.47596153846153844,0.4230769230769231,0.39655172413793105,0.5174155987553115,0.5173859049984476,0.5157198315927606,0.4714912280701757
SYN_00892,garden-a,dev-004,tomato,loam,2025-12-19 14:00:00+07:00,0.4923723536737236,0.21643735165280484,0.4051130776794494,0.621794871794872,0.46153846153846156,0.6442307692307693,0.5086206896551724,0.6547328269816306,0.6544551381558522,0.5253431024112855,0.4407894736842108
SYN_00893,garden-a,dev-003,rice,sandy,2025-12-19 14:30:00+07:00,0.529109589041096,0.4475405723548368,0.316125860373648,0.8205128205128207,0.3894230769230769,0.36538461538461536,0.5043103448275862,0.28373540335262815,0.2836075752871779,0.3914921537536224,0.4758771929824564
SYN_00894,garden-c,dev-002,chili,clay,2025-12-19 15:00:00+07:00,0.7352117061021171,0.49555199629493835,0.8230088495575221,0.7275641025641028,0.9423076923076923,0.7692307692307693,0.9870689655172413,0.8161407970020409,0.8158956845700094,0.6676508648185612,0.81359649122807
SYN_00895,garden-a,dev-003,default,sandy,2025-12-19 15:30:00+07:00,0.7594956413449562,0.3371606105632851,0.16617502458210423,0.4358974358974361,0.3894230769230769,0.3942307692307692,0.4698275862068966,0.28400307826145144,0.2837628065818069,0.2093790438697213,0.28289473684210553
SYN_00896,garden-b,dev-004,rice,sandy,2025-12-19 16:00:00+07:00,0.44442714819427137,0.6428281970629667,0.48131760078662733,0.6025641025641026,0.5288461538461539,0.3173076923076923,0.40086206896551724,0.19968548198213268,0.19962744489289042,0.17015692492755208,0.7434210526315786
SYN_00897,garden-c,dev-003,chili,loam,2025-12-19 16:30:00+07:00,0.3603673723536738,0.4825842805040427,0.39872173058013766,0.46794871794871806,0.4567307692307692,0.5192307692307693,0.45689655172413796,0.49118345769063465,0.4911518162061471,0.48262161226237993,0.5241228070175441
SYN_00898,garden-a,dev-001,default,sandy,2025-12-19 17:00:00+07:00,0.052770859277708596,0.26691881669593404,0.35988200589970504,0.8333333333333335,0.3894230769230769,0.25961538461538464,0.5301724137931034,0.3014019473349616,0.30145917416951257,0.22293910729582442,0.37061403508771956
SYN_00899,garden-b,dev-002,chili,loam,2025-12-19 17:30:00+07:00,0.4145392278953924,0.45294378726770995,0.5462143559488692,0.621794871794872,0.5,0.6923076923076923,0.6206896551724138,0.49493090641415993,0.49472213598261405,0.5989757048863614,0.6776315789473681
SYN_00900,garden-a,dev-002,rice,loam,2025-12-19 18:00:00+07:00,0.5160336239103362,0.2278612917543081,0.4365781710914454,0.44871794871794896,0.4807692307692308,0.46153846153846156,0.5172413793103449,0.5631880081640847,0.5630239056193728,0.6714418502925256,0.42763157894736864
SYN_00901,garden-a,dev-001,chili,sandy,2025-12-19 18:30:00+07:00,0.5546388542963886,0.4791879739873796,0.3972468043264503,0.525641025641026,0.6586538461538461,0.5384615384615384,0.5646551724137931,0.49653695586709934,0.49658491151816203,0.3400222355878761,0.5328947368421055
SYN_00902,garden-c,dev-003,rice,sandy,2025-12-19 19:00:00+07:00,0.38153798256537985,0.4788792188495012,0.3942969518190757,0.7211538461538463,0.4807692307692308,0.4230769230769231,0.4698275862068966,0.33673503529962856,0.33669667805029496,0.26230703337160766,0.4583333333333336
SYN_00903,garden-a,dev-001,chili,loam,2025-12-19 19:30:00+07:00,0.8180261519302616,0.4581926246116439,0.3780727630285152,0.121794871794872,0.41346153846153844,0.5384615384615384,0.2974137931034483,0.44862314718774043,0.4486184414778019,0.5505677365265095,0.3574561403508774
SYN_00904,garden-c,dev-002,chili,sandy,2025-12-19 20:00:00+07:00,0.13745330012453297,0.17475540803921188,0.25712881022615536,0.7435897435897437,0.4230769230769231,0.28846153846153844,0.4956896551724138,0.27704353063204734,0.27693262961813103,0.2684309329833962,0.032894736842106
SYN_00905,garden-a,dev-004,chili,loam,2025-12-19 20:30:00+07:00,0.24206102117061012,0.5256556222380887,0.5781710914454278,0.24038461538461559,0.6057692307692307,0.6153846153846154,0.5775862068965517,0.5428447150935188,0.5428438373176032,0.5496928937248254,0.6732456140350874
SYN_00906,garden-b,dev-004,default,sandy,2025-12-19 21:00:00+07:00,0.4282378580323786,0.0,0.15781710914454278,0.6185897435897438,0.1875,0.3557692307692308,0.22844827586206898,0.38919931742898245,0.389009624340267,0.3760365975905371,0.2434210526315792
SYN_00907,garden-a,dev-003,default,sandy,2025-12-19 21:30:00+07:00,0.62126400996264,0.4149669053086586,0.6538839724680433,0.28525641025641063,0.625,0.5096153846153846,0.39655172413793105,0.6434904808110549,0.6434337162371934,0.6749412214992617,0.38815789473684237
SYN_00908,garden-a,dev-001,tomato,sandy,2025-12-19 22:00:00+07:00,0.4593711083437111,0.17429227533239416,0.387905604719764,0.31730769230769257,0.5,0.4423076923076923,0.4482758620689655,0.4421989493759828,0.442253958398013,0.4266316729545993,0.22149122807017568
SYN_00909,garden-a,dev-004,chili,loam,2025-12-19 22:30:00+07:00,0.30121419676214206,0.5647131471797148,0.38987217305801375,0.5416666666666669,0.2932692307692308,0.5961538461538461,0.33620689655172414,0.4796734366112355,0.47950946910897235,0.4702280059051889,0.4890350877192985
SYN_00910,garden-a,dev-002,default,loam,2025-12-19 23:00:00+07:00,0.3659713574097136,0.17074159124679184,0.2753195673549656,0.5128205128205131,0.40865384615384615,0.3269230769230769,0.36637931034482757,0.5216983972964833,0.5215771499534306,0.5480890152550713,0.0679824561403516
SYN_00911,garden-a,dev-003,rice,sandy,2025-12-19 23:30:00+07:00,0.28813823163138236,0.5275081530653596,0.5240904621435595,0.7467948717948719,0.6201923076923077,0.47115384615384615,0.5775862068965517,0.3849165188878107,0.38497361067991304,0.3231086080886507,0.739035087719298
SYN_00912,garden-c,dev-004,default,sandy,2025-12-20 00:00:00+07:00,0.40582191780821925,0.19590513498388681,0.3176007866273353,0.4935897435897437,0.46153846153846156,0.5192307692307693,0.3232758620689655,0.337270385117275,0.33716237193418186,0.26201541910437964,0.36184210526315813
SYN_00913,garden-b,dev-002,rice,clay,2025-12-20 00:30:00+07:00,0.3024595267745953,0.6374249821500936,0.6583087512291053,0.3397435897435901,0.5817307692307693,0.6442307692307693,0.5862068965517241,0.6220764881051961,0.6220117975783918,0.5811872345854521,0.6600877192982454
SYN_00914,garden-a,dev-001,chili,sandy,2025-12-20 01:00:00+07:00,0.48490037359900373,0.4932363327608499,0.5447394296951819,0.40064102564102577,0.4423076923076923,0.47115384615384615,0.7672413793103449,0.493860206778867,0.49379074821484004,0.37107915504766065,0.8925438596491225
SYN_00915,garden-a,dev-003,chili,clay,2025-12-20 01:30:00+07:00,0.49174968866749685,0.2644487755929063,0.6853490658800393,0.5032051282051284,0.8173076923076923,0.7115384615384616,0.4698275862068966,0.7141566567403886,0.7139087239987582,0.8570543313831629,0.34868421052631604
SYN_00916,garden-a,dev-003,rice,loam,2025-12-20 02:00:00+07:00,0.5017123287671232,0.7280446151174234,0.6656833824975418,0.33333333333333354,0.625,0.6826923076923077,0.6810344827586207,0.571753605246428,0.5717168581185966,0.5708349280988572,0.5065789473684214
SYN_00917,garden-b,dev-003,default,clay,2025-12-20 02:30:00+07:00,0.4774283935242839,0.5018814766214469,0.40117994100294985,0.41025641025641046,0.5192307692307693,0.2980769230769231,0.2629310344827586,0.39589119014956325,0.39583980130394286,0.3372519000492099,0.4714912280701757
SYN_00918,garden-b,dev-003,rice,clay,2025-12-20 03:00:00+07:00,0.4064445828144458,0.8790258775399934,0.29793510324483774,0.5961538461538464,0.3894230769230769,0.49038461538461536,0.13793103448275862,0.1755947401880416,0.17556659422539583,0.10352306486594855,0.0
SYN_00919,garden-a,dev-004,chili,clay,2025-12-20 03:30:00+07:00,0.4905043586550436,0.6266185523243473,0.6848574237954769,0.8750000000000001,0.6778846153846154,0.5769230769230769,0.7844827586206896,0.5709505805199584,0.5706302390561937,0.4992436254943773,0.6600877192982454
SYN_00920,garden-b,dev-002,chili,loam,2025-12-20 04:00:00+07:00,0.4288605230386051,0.4141950174639624,0.5063913470993117,0.27564102564102594,0.5,0.5384615384615384,0.5301724137931034,0.3648409007260681,0.3647935423781434,0.3570816702207155,0.7346491228070173
SYN_00921,garden-c,dev-001,rice,loam,2025-12-20 04:30:00+07:00,0.48988169364881684,0.7027266938113892,0.5978367748279253,0.5416666666666669,0.5336538461538461,0.38461538461538464,0.6206896551724138,0.35118948037608316,0.35113318845079167,0.38843020394772815,0.5592105263157897
SYN_00922,garden-b,dev-002,chili,sandy,2025-12-20 05:00:00+07:00,0.4998443337484433,0.3004187491557477,0.38987217305801375,0.6730769230769234,0.3701923076923077,0.28846153846153844,0.5043103448275862,0.33164921203198705,0.331729276622167,0.3688920480434505,0.39692982456140374
SYN_00923,garden-c,dev-001,default,loam,2025-12-20 05:30:00+07:00,0.3267434620174347,0.4881418729858551,0.3416912487708948,0.4743589743589746,0.44711538461538464,0.4326923076923077,0.4051724137931034,0.45370897045538183,0.4537410742005588,0.39863670330070894,0.5855263157894739
SYN_00924,garden-a,dev-001,chili,loam,2025-12-20 06:00:00+07:00,0.4550124533001245,0.8719245093687886,0.6750245821042281,0.6634615384615387,0.41346153846153844,0.5865384615384616,0.6206896551724138,0.3477097065613811,0.34756286867432473,0.254141833889223,0.36622807017543885
SYN_00925,garden-b,dev-003,chili,clay,2025-12-20 06:30:00+07:00,0.0,0.5338376333918681,0.4783677482792527,0.3012820512820516,0.5048076923076923,0.4423076923076923,0.6982758620689655,0.39937096396426536,0.3994101210804098,0.3497913135400149,0.695175438596491
SYN_00926,garden-c,dev-003,chili,sandy,2025-12-20 07:00:00+07:00,0.4705790784557908,0.36525732811022554,0.47394296951819076,0.4423076923076924,0.32211538461538464,0.5,0.6120689655172413,0.33486131093786586,0.334833902514747,0.31056919459784565,0.5372807017543862
SYN_00927,garden-c,dev-001,chili,loam,2025-12-20 07:30:00+07:00,0.5509028642590286,0.42947839678894656,0.0,0.4903846153846156,0.18269230769230768,0.10576923076923077,0.16379310344827586,0.09636296717636429,0.09624340266997825,0.12218637796854209,0.08552631578947392
SYN_00928,garden-b,dev-004,chili,sandy,2025-12-20 08:00:00+07:00,0.6766811955168118,0.28390034927924973,0.3495575221238938,0.2692307692307694,0.27403846153846156,0.3557692307692308,0.5646551724137931,0.44674942282597774,0.4467556659422539,0.5281134379499517,0.20833333333333356
SYN_00929,garden-c,dev-004,default,loam,2025-12-20 08:30:00+07:00,0.30121419676214206,0.226471893633855,0.46804326450344147,0.730769230769231,0.7403846153846154,0.5480769230769231,0.5603448275862069,0.6044099441228628,0.604160198696057,0.6247835675360417,0.41885964912280726
SYN_00930,garden-c,dev-001,tomato,sandy,2025-12-20 09:00:00+07:00,0.3641033623910336,0.3990660157079176,0.22615535889872174,0.5897435897435898,0.20192307692307693,0.14423076923076922,0.25862068965517243,0.03238866396761133,0.03228810928283141,0.0,0.7346491228070173
SYN_00931,garden-c,dev-002,chili,loam,2025-12-20 09:30:00+07:00,0.41142590286425906,0.4478493274927153,0.3166175024582104,0.525641025641026,0.33653846153846156,0.375,0.4956896551724138,0.29551309934085046,0.2955603849736107,0.2862194032843057,0.6820175438596489
SYN_00932,garden-a,dev-002,default,clay,2025-12-20 10:00:00+07:00,0.3989726027397261,0.6539433820265915,0.6288102261553589,0.3076923076923079,0.7019230769230769,0.5480769230769231,0.7241379310344828,0.679091243684545,0.6789816827072337,0.6851477208522426,0.3223684210526318
SYN_00933,garden-b,dev-002,default,clay,2025-12-20 10:30:00+07:00,0.42387920298879206,0.3629416645761371,0.42920353982300885,0.46794871794871806,0.34134615384615385,0.5288461538461539,0.6508620689655172,0.3744771974437045,0.37441788264514125,0.45433502834126155,0.3750000000000002
SYN_00934,garden-b,dev-002,default,clay,2025-12-20 11:00:00+07:00,0.7501556662515565,0.30535883136180314,0.38839724680432647,0.6474358974358977,0.24519230769230768,0.375,0.4870689655172414,0.40579516177602293,0.4056193728655697,0.4092806240545318,0.4846491228070178
SYN_00935,garden-c,dev-004,default,loam,2025-12-20 11:30:00+07:00,0.6125466998754671,0.43426410142606275,0.5083579154375615,0.3365384615384617,0.7884615384615384,0.6346153846153846,0.5818965517241379,0.8568273831431725,0.8567215150574355,0.7892540142526473,0.5592105263157897
SYN_00936,garden-b,dev-001,default,loam,2025-12-20 12:00:00+07:00,0.30930884184308843,0.4547963180949808,0.4311701081612586,0.5961538461538464,0.6778846153846154,0.7115384615384616,0.5991379310344828,0.5519456619935088,0.551847252406085,0.531904423423916,0.7565789473684208
SYN_00937,garden-c,dev-004,default,clay,2025-12-20 12:30:00+07:00,0.6019613947696139,0.8995580942089114,0.6091445427728613,0.5032051282051284,0.7019230769230769,0.5769230769230769,0.7241379310344828,0.5310670191052965,0.5308910276311705,0.5405070443071427,0.5855263157894739
SYN_00938,garden-c,dev-003,chili,sandy,2025-12-20 13:00:00+07:00,0.5496575342465753,0.20593967696493698,0.2713864306784661,0.45833333333333365,0.14903846153846154,0.34615384615384615,0.5086206896551724,0.16435239401746576,0.16438994101210802,0.2128784150764576,0.2741228070175441
SYN_00939,garden-b,dev-004,rice,clay,2025-12-20 13:30:00+07:00,0.591376089663761,0.8407402404430636,0.6440511307767945,0.637820512820513,0.5096153846153846,0.7115384615384616,0.5775862068965517,0.4242647304848261,0.4242471282210493,0.28986458162465595,0.5679824561403511
SYN_00940,garden-a,dev-001,rice,loam,2025-12-20 14:00:00+07:00,0.6013387297633873,0.5633237490592616,0.46263520157325466,0.5897435897435898,0.44711538461538464,0.47115384615384615,0.3922413793103448,0.36591160036136106,0.36588016144054636,0.3366686715147539,0.4846491228070178
SYN_00941,garden-a,dev-004,tomato,loam,2025-12-20 14:30:00+07:00,0.3068181818181819,0.4250014472897088,0.40412979351032446,0.5576923076923078,0.47115384615384615,0.5096153846153846,0.2801724137931034,0.3477097065613811,0.34756286867432473,0.39163796088723635,0.6732456140350874
SYN_00942,garden-b,dev-002,default,loam,2025-12-20 15:00:00+07:00,0.40457658779576594,0.11007120665367323,0.32104228121927236,0.7852564102564104,0.3076923076923077,0.21153846153846154,0.2974137931034483,0.1881754609027336,0.1882955603849736,0.3086737018608635,0.2960526315789476
SYN_00943,garden-b,dev-004,default,loam,2025-12-20 15:30:00+07:00,0.6903798256537983,0.4534069199745277,0.3053097345132743,0.5801282051282054,0.41346153846153844,0.34615384615384615,0.6681034482758621,0.28159400408204227,0.28143433716237193,0.29088523155995405,0.6030701754385968
SYN_00944,garden-c,dev-002,default,loam,2025-12-20 16:00:00+07:00,0.7862702366127021,0.07842380502113043,0.43215339233038347,0.7564102564102566,0.5240384615384616,0.5384615384615384,0.5431034482758621,0.25803861210559775,0.2579944116733934,0.2994878524431807,0.2653508771929827
SYN_00945,garden-b,dev-002,tomato,loam,2025-12-20 16:30:00+07:00,0.5870174346201744,0.33546245730495355,0.5058997050147492,0.4423076923076924,0.6875,0.5865384615384616,0.6163793103448276,0.5819252517817111,0.5818068922694815,0.6769825213698579,0.5855263157894739
SYN_00946,garden-c,dev-002,rice,clay,2025-12-20 17:00:00+07:00,0.4419364881693648,0.8538623338028984,0.5555555555555556,0.6250000000000001,0.5048076923076923,0.5480769230769231,0.4396551724137931,0.4421989493759828,0.442098727103384,0.4633750706253303,0.2478070175438599
SYN_00947,garden-b,dev-002,rice,loam,2025-12-20 17:30:00+07:00,0.7401930261519302,0.9810694506088264,0.6474926253687315,0.5641025641025641,0.5673076923076923,0.5480769230769231,0.5862068965517241,0.4665573660788971,0.4663148090655076,0.4829132265296079,0.38815789473684237
SYN_00948,garden-c,dev-003,default,sandy,2025-12-20 18:00:00+07:00,0.3566313823163137,0.26398564288608867,0.3466076696165192,0.6314102564102564,0.4375,0.28846153846153844,0.23706896551724138,0.28186167899086556,0.28174479975162997,0.3569358630871015,0.43201754385964936
SYN_00949,garden-b,dev-004,default,loam,2025-12-20 18:30:00+07:00,0.20594645080946455,0.3550684085602362,0.48180924287118976,0.37500000000000017,0.5,0.6153846153846154,0.3922413793103448,0.6258239368287215,0.6255821173548588,0.6558404869958262,0.40131578947368446
SYN_00950,garden-a,dev-004,default,clay,2025-12-20 19:00:00+07:00,0.5272415940224159,0.5608537079562339,1.0,0.7884615384615384,0.9807692307692307,1.0,0.8922413793103449,1.0,1.0,1.0,0.5635964912280704
SYN_00951,garden-a,dev-004,chili,clay,2025-12-20 19:30:00+07:00,0.5403175591531756,0.2599718260936686,0.41248770894788594,0.5929487179487182,0.5432692307692307,0.375,0.47844827586206895,0.2826647037173352,0.2826761875194039,0.4210910018772668,0.2478070175438599
SYN_00952,garden-c,dev-004,default,loam,2025-12-20 20:00:00+07:00,0.40457658779576594,0.5077478242411377,0.7236971484759095,0.8685897435897436,0.7932692307692307,0.7211538461538461,0.6637931034482759,0.7880349315756013,0.7877988202421609,0.7191207829843075,0.8311403508771927
SYN_00953,garden-b,dev-001,tomato,clay,2025-12-20 20:30:00+07:00,0.3491594022415941,0.4245383145828911,0.5245821042281219,0.49679487179487186,0.3798076923076923,0.38461538461538464,0.5086206896551724,0.312108943687891,0.3121701334989133,0.38026500446534345,0.8969298245614032
SYN_00954,garden-a,dev-003,default,clay,2025-12-20 21:00:00+07:00,0.6990971357409712,0.6060863356554292,0.44346116027531957,0.3782051282051286,0.5144230769230769,0.41346153846153844,0.4051724137931034,0.41623448322012907,0.41617510090034143,0.38784697541327207,0.6600877192982454
SYN_00955,garden-b,dev-004,rice,loam,2025-12-20 21:30:00+07:00,0.2868929016189291,0.7467243009590706,0.5240904621435595,0.28846153846153877,0.47596153846153844,0.5192307692307693,0.39655172413793105,0.34797738147020435,0.34787333126358266,0.3292325077004392,0.2478070175438599
SYN_00956,garden-a,dev-001,rice,sandy,2025-12-20 22:00:00+07:00,0.3802926525529266,0.36757299164431406,0.28023598820059,0.4935897435897437,0.40865384615384615,0.4230769230769231,0.1206896551724138,0.28721517716733025,0.28717789506364483,0.21739843621849197,0.510964912280702
SYN_00957,garden-a,dev-002,tomato,sandy,2025-12-20 22:30:00+07:00,0.5845267745952676,0.2335732618050597,0.026057030481809244,0.5192307692307694,0.3269230769230769,0.33653846153846156,0.1810344827586207,0.2280590223173955,0.2280347718099969,0.3079446661927935,0.260964912280702
SYN_00958,garden-b,dev-004,tomato,loam,2025-12-20 23:00:00+07:00,0.6306039850560399,0.3995291484147353,0.26499508357915436,0.3685897435897439,0.20673076923076922,0.22115384615384615,0.1810344827586207,0.10118111553518251,0.10121080409810616,0.05861446771283285,0.22149122807017568
SYN_00959,garden-c,dev-002,chili,loam,2025-12-20 23:30:00+07:00,0.4973536737235367,0.46591150305860557,0.2374631268436578,0.5320512820512822,0.3701923076923077,0.15384615384615385,0.5431034482758621,0.30059892260849197,0.3005277864017386,0.2682851258497822,0.7521929824561401
SYN_00960,garden-a,dev-002,default,sandy,2025-12-21 00:00:00+07:00,0.5951120797011208,0.24515157947550217,0.46017699115044247,0.26602564102564125,0.4423076923076923,0.46153846153846156,0.5948275862068966,0.5433800649111653,0.5433095312014902,0.48335064793044996,0.35307017543859676
SYN_00961,garden-c,dev-001,default,loam,2025-12-21 00:30:00+07:00,0.5583748443337484,0.08413577507188205,0.43166175024582104,0.5801282051282054,0.6298076923076923,0.6634615384615384,0.5258620689655172,0.6440258306287012,0.6437441788264514,0.5912479268048189,0.36184210526315813
SYN_00962,garden-b,dev-002,chili,clay,2025-12-21 01:00:00+07:00,0.1903798256537983,0.6752474865402057,0.5855457227138643,0.7692307692307694,0.6346153846153846,0.5384615384615384,0.603448275862069,0.49118345769063465,0.4909965849115181,0.6062660615670622,0.6732456140350874
SYN_00963,garden-b,dev-001,default,loam,2025-12-21 01:30:00+07:00,0.7956102117061022,0.3223403639451187,0.5521140609636185,0.4070512820512824,0.5576923076923077,0.6057692307692307,0.5560344827586207,0.43095660320540696,0.4309220738900962,0.49603586855486903,0.36622807017543885
SYN_00964,garden-c,dev-001,tomato,loam,2025-12-21 02:00:00+07:00,0.87406600249066,0.5142316821365855,0.2974434611602753,0.560897435897436,0.3125,0.2980769230769231,0.2672413793103448,0.4403252250142201,0.44039118286246504,0.4579802066816119,0.6425438596491225
SYN_00965,garden-a,dev-003,chili,clay,2025-12-21 02:30:00+07:00,0.27693026151930267,0.34981957121630225,0.3338249754178958,0.45512820512820523,0.38461538461538464,0.3173076923076923,0.5474137931034483,0.15391307257335962,0.15398944427196523,0.16388721818214957,0.38815789473684237
SYN_00966,garden-a,dev-004,rice,loam,2025-12-21 03:00:00+07:00,0.6573785803237858,0.42824337623743264,0.3810226155358899,0.16987179487179518,0.5817307692307693,0.28846153846153844,0.5775862068965517,0.3506541305584367,0.3505122632722757,0.3776404760602912,0.8749999999999998
SYN_00967,garden-a,dev-004,default,loam,2025-12-21 03:30:00+07:00,0.5565068493150684,0.5043515177244746,0.6937069813176008,0.6346153846153848,0.7115384615384616,0.6442307692307693,0.6896551724137931,0.6836417171345399,0.6833281589568457,0.7882333643173491,0.8706140350877191
SYN_00968,garden-c,dev-004,rice,loam,2025-12-21 04:00:00+07:00,0.40395392278953923,0.672159935161421,0.4095378564405113,0.14743589743589766,0.34615384615384615,0.34615384615384615,0.41379310344827586,0.1913875598086124,0.19124495498292454,0.23489529225217343,0.510964912280702
SYN_00969,garden-b,dev-004,default,sandy,2025-12-21 04:30:00+07:00,0.577054794520548,0.44229173501090285,0.2920353982300885,0.3493589743589745,0.25961538461538464,0.38461538461538464,0.44396551724137934,0.2028975808880115,0.20288730208009934,0.2917600743616381,0.4583333333333336
SYN_00970,garden-c,dev-002,default,clay,2025-12-21 05:00:00+07:00,0.8180261519302616,0.5400127361494375,0.49852507374631266,0.45512820512820523,0.6923076923076923,0.7788461538461539,0.8232758620689655,0.7751865359520861,0.774914622787954,0.7633003444693531,0.8223684210526313
SYN_00971,garden-c,dev-002,tomato,clay,2025-12-21 05:30:00+07:00,0.21279576587795765,0.6817313444356534,0.4591937069813176,0.28846153846153877,0.3605769230769231,0.5576923076923077,0.4698275862068966,0.32683106367316883,0.3267618751940391,0.374724333388011,0.3399122807017546
SYN_00972,garden-c,dev-003,default,loam,2025-12-21 06:00:00+07:00,0.1069427148194272,0.3697342776094633,0.5363815142576205,0.5032051282051284,0.5865384615384616,0.8173076923076923,0.5387931034482759,0.7221869040050857,0.7219807513194659,0.5941640694770991,0.6337719298245612
SYN_00973,garden-b,dev-001,chili,loam,2025-12-21 06:30:00+07:00,0.484277708592777,0.393354045657166,0.232055063913471,0.24679487179487214,0.16826923076923078,0.04807692307692308,0.35344827586206895,0.057282430488172116,0.05712511642347096,0.0,0.2697368421052634
SYN_00974,garden-b,dev-003,rice,sandy,2025-12-21 07:00:00+07:00,0.7756849315068494,0.3695799000405241,0.4862340216322517,0.21794871794871837,0.47596153846153844,0.5096153846153846,0.7241379310344828,0.3640378759995984,0.3638621546103694,0.3713707693148887,0.5197368421052634
SYN_00975,garden-b,dev-004,default,sandy,2025-12-21 07:30:00+07:00,0.8659713574097134,0.3342274367534397,0.37954768928220256,0.18589743589743615,0.23076923076923078,0.3269230769230769,0.2801724137931034,0.253755813564426,0.25364793542378145,0.1898408879654437,0.3399122807017546
SYN_00976,garden-a,dev-004,chili,clay,2025-12-21 08:00:00+07:00,0.33670610211706115,0.4918469346403967,0.5663716814159292,0.47756410256410275,0.5865384615384616,0.5480769230769231,0.5301724137931034,0.4194465821260079,0.41927972679292136,0.507846246377604,0.8530701754385962
SYN_00977,garden-c,dev-003,default,loam,2025-12-21 08:30:00+07:00,0.141189290161893,0.6020725188630092,0.6892822025565388,0.621794871794872,0.7211538461538461,0.5673076923076923,0.7672413793103449,0.4976076555023923,0.49736106799130697,0.4689157417026628,0.6776315789473681
SYN_00978,garden-a,dev-002,tomato,clay,2025-12-21 09:00:00+07:00,0.785024906600249,0.6528627390440168,0.7114060963618486,0.3589743589743592,0.7836538461538461,0.5961538461538461,0.7758620689655172,0.5680061565229029,0.5679913070475008,0.6109318898427105,0.5065789473684214
SYN_00979,garden-c,dev-003,chili,loam,2025-12-21 09:30:00+07:00,0.5303549190535493,0.33824125354585977,0.464110127826942,0.576923076923077,0.5384615384615384,0.7692307692307693,0.5689655172413793,0.5629203332552614,0.5628686743247439,0.6011628118905717,0.2916666666666669
SYN_00980,garden-a,dev-003,default,sandy,2025-12-21 10:00:00+07:00,0.6748132004981321,0.500646456069933,0.3942969518190757,0.4647435897435899,0.27403846153846156,0.5192307692307693,0.43103448275862066,0.12366580787633416,0.12371934181931075,0.16563690378551768,0.4714912280701757
SYN_00981,garden-b,dev-002,rice,clay,2025-12-21 10:30:00+07:00,0.6206413449564134,0.9802975627641303,0.5127826941986234,0.5993589743589745,0.2548076923076923,0.5961538461538461,0.38362068965517243,0.27169003245558265,0.2716547656007451,0.2080667796671952,0.23026315789473709
SYN_00982,garden-a,dev-001,default,loam,2025-12-21 11:00:00+07:00,0.4761830635118306,0.4361166322533336,0.36430678466076694,0.9615384615384616,0.2692307692307692,0.16346153846153846,0.4956896551724138,0.12607488205574327,0.12604781123874573,0.28709424608598977,0.4407894736842108
SYN_00983,garden-c,dev-001,default,clay,2025-12-21 11:30:00+07:00,0.3149128268991283,0.409254935257907,0.3480825958702065,0.432692307692308,0.3557692307692308,0.46153846153846156,0.19827586206896552,0.29899287315555256,0.2989754734554486,0.27542967539686875,0.423245614035088
SYN_00984,garden-a,dev-001,chili,loam,2025-12-21 12:00:00+07:00,0.6405666251556662,0.439049806063179,0.5319567354965585,0.4903846153846156,0.6153846153846154,0.5288461538461539,0.6767241379310345,0.5642587077993776,0.5642657559764048,0.6402391236991269,0.7039473684210524
SYN_00985,garden-b,dev-004,default,loam,2025-12-21 12:30:00+07:00,1.0,0.49416259817448516,0.5948869223205506,0.7820512820512822,0.3269230769230769,0.3557692307692308,0.375,0.32790176330846177,0.327848494256442,0.31538083000710804,0.7346491228070173
SYN_00986,garden-a,dev-002,default,loam,2025-12-21 13:00:00+07:00,0.2725716064757161,0.3380868759769205,0.41642084562438547,0.5416666666666669,0.6730769230769231,0.5192307692307693,0.21551724137931033,0.5176832736641348,0.5176963675877057,0.6154519109847449,0.5899122807017546
SYN_00987,garden-c,dev-003,tomato,clay,2025-12-21 13:30:00+07:00,0.719022415940224,0.37421122710870103,0.7477876106194691,0.6282051282051283,0.6875,0.7692307692307693,0.6681034482758621,0.7374443738080101,0.7371934181931077,0.6583192082672644,0.8399122807017542
SYN_00988,garden-c,dev-001,default,sandy,2025-12-21 14:00:00+07:00,0.6580012453300125,0.3961328418980722,0.2025565388397247,0.5480769230769231,0.2692307692307692,0.17307692307692307,0.21551724137931033,0.1496302740321879,0.1496429680223533,0.17744728160825268,0.3750000000000002
SYN_00989,garden-c,dev-001,default,loam,2025-12-21 14:30:00+07:00,0.4680884184308842,0.41141622122305627,0.6238938053097345,0.8076923076923078,0.7980769230769231,0.6730769230769231,0.47844827586206895,0.523572121658246,0.5232846941943495,0.5284050522171797,0.6293859649122809
SYN_00990,garden-c,dev-002,chili,sandy,2025-12-21 15:00:00+07:00,0.3541407222914072,0.29578742208757064,0.2143559488692232,0.6250000000000001,0.20192307692307693,0.4326923076923077,0.5603448275862069,0.10546391407635426,0.10524681775846009,0.050886689631290206,0.42763157894736864
SYN_00991,garden-a,dev-004,default,loam,2025-12-21 15:30:00+07:00,0.4836550435865505,0.6426738194940275,0.48426745329400195,0.5128205128205131,0.47596153846153844,0.5192307692307693,0.38362068965517243,0.55783450998762,0.5575908103073579,0.5909563125375908,0.39692982456140374
SYN_00992,garden-c,dev-001,tomato,sandy,2025-12-21 16:00:00+07:00,0.5085616438356164,0.40169043437988455,0.2025565388397247,0.5352564102564104,0.5288461538461539,0.34615384615384615,0.41810344827586204,0.33138153712316387,0.33126358273828,0.387701168279658,0.43201754385964936
SYN_00993,garden-b,dev-001,default,loam,2025-12-21 16:30:00+07:00,0.38153798256537985,0.5733582910403118,0.6878072763028515,0.733974358974359,0.7211538461538461,0.7596153846153846,0.6336206896551724,0.6282330110081306,0.6280658180689227,0.5582955146080522,0.6907894736842103
SYN_00994,garden-a,dev-002,rice,clay,2025-12-21 17:00:00+07:00,0.3989726027397261,0.7624708129908724,0.44591937069813176,0.09294871794871822,0.4567307692307692,0.5384615384615384,0.4525862068965517,0.2933717000702646,0.2933871468488047,0.44573240745803483,0.48026315789473706
SYN_00995,garden-b,dev-002,default,loam,2025-12-21 17:30:00+07:00,0.16173723536737233,0.5972868142258929,0.5535889872173058,0.6346153846153848,0.5913461538461539,0.6153846153846154,0.41810344827586204,0.561314283802322,0.5613163613784539,0.4976397470246231,0.5592105263157897
SYN_00996,garden-c,dev-003,rice,loam,2025-12-21 18:00:00+07:00,0.74766500622665,0.28729665579591285,0.47345132743362833,0.657051282051282,0.3701923076923077,0.2980769230769231,0.7543103448275862,0.43952220028775046,0.4394597950946911,0.3427925711265423,0.40131578947368446
SYN_00997,garden-b,dev-003,default,sandy,2025-12-21 18:30:00+07:00,0.4369551681195517,0.2173636170664402,0.19223205506391347,0.22435897435897462,0.2644230769230769,0.08653846153846154,0.1896551724137931,0.14293840131160704,0.14296802235330644,0.16651174658720175,0.33114035087719323
SYN_00998,garden-c,dev-002,rice,clay,2025-12-21 19:00:00+07:00,0.13371731008717314,0.33252928349510813,0.7605703048180924,0.5384615384615388,0.8557692307692307,0.9711538461538461,0.8146551724137931,1.0,1.0,1.0,0.6907894736842103
SYN_00999,garden-b,dev-002,rice,sandy,2025-12-21 19:30:00+07:00,0.2999688667496888,0.35429652071554,0.30383480825958703,0.41666666666666674,0.3173076923076923,0.3557692307692308,0.6637931034482759,0.4542443202730283,0.45420676808444577,0.3818688829350976,0.6030701754385968
SYN_01000,garden-b,dev-001,chili,loam,2025-12-21 20:00:00+07:00,0.4593711083437111,0.4219138959109241,0.5786627335299902,0.42948717948717957,0.6923076923076923,0.6442307692307693,0.5862068965517241,0.5730919797905443,0.5729587084756287,0.4817467694606958,0.3092105263157897
SYN_01001,garden-c,dev-002,chili,sandy,2025-12-21 20:30:00+07:00,0.5085616438356164,0.34935643850948456,0.4503441494591937,0.9423076923076924,0.40865384615384615,0.5769230769230769,0.27155172413793105,0.26687188409676443,0.2666873641726172,0.4168625950024605,0.6293859649122809
SYN_01002,garden-b,dev-002,rice,sandy,2025-12-21 21:00:00+07:00,0.7663449564134492,0.5914204666062021,0.3775811209439528,0.34615384615384637,0.16346153846153846,0.33653846153846156,0.49137931034482757,0.08164084719108641,0.08165166097485253,0.09098365137514353,0.5679824561403511
SYN_01003,garden-b,dev-001,chili,clay,2025-12-21 21:30:00+07:00,0.33670610211706115,0.631095501823585,0.5275319567354966,0.6794871794871796,0.5144230769230769,0.5,0.5,0.41061331013484115,0.41043154299906853,0.40753093845116367,0.6557017543859647
SYN_01004,garden-c,dev-002,default,loam,2025-12-21 22:00:00+07:00,0.5347135740971358,0.5319851025645973,0.5806293018682399,0.6698717948717949,0.5528846153846154,0.6538461538461539,0.646551724137931,0.6049452939405091,0.6049363551692021,0.6402391236991269,0.6425438596491225
SYN_01005,garden-b,dev-004,rice,clay,2025-12-21 22:30:00+07:00,0.5303549190535493,0.7047336022075992,0.63913470993117,0.3493589743589745,0.6730769230769231,0.7403846153846154,0.625,0.759126041422692,0.7590810307357962,0.7468241383709697,0.4714912280701757
SYN_01006,garden-a,dev-002,default,sandy,2025-12-21 23:00:00+07:00,0.46871108343711076,0.4577294919048262,0.4169124877089479,0.4134615384615386,0.2548076923076923,0.5,0.20689655172413793,0.08190852209990965,0.08180689226948151,0.25574571235897714,0.5504385964912283
SYN_01007,garden-c,dev-002,default,clay,2025-12-21 23:30:00+07:00,0.6797945205479451,0.46884467686845094,0.3584070796460177,0.2916666666666669,0.46153846153846156,0.41346153846153844,0.6077586206896551,0.2623214106467695,0.26234088792300525,0.27747097526746495,0.510964912280702
SYN_01008,garden-c,dev-004,chili,loam,2025-12-22 00:00:00+07:00,0.8335927770859278,0.3552227861291754,0.6617502458210422,0.7083333333333334,0.8173076923076923,0.7307692307692307,0.6336206896551724,0.6806972931374844,0.6805339956535237,0.5036178395027977,0.651315789473684
SYN_01009,garden-a,dev-001,chili,loam,2025-12-22 00:30:00+07:00,0.2607409713574097,0.4736303815055672,0.3613569321533923,0.6121794871794873,0.4807692307692308,0.5288461538461539,0.40086206896551724,0.47672901261418,0.47671530580565036,0.41555033079993436,0.5285087719298248
SYN_01010,garden-b,dev-002,chili,sandy,2025-12-22 01:00:00+07:00,0.5179016189290163,0.22045116844522492,0.14503441494591937,0.5352564102564104,0.0673076923076923,0.2403846153846154,0.2801724137931034,0.013383745441161709,0.013349891338093754,0.0,0.2916666666666669
SYN_01011,garden-b,dev-004,rice,sandy,2025-12-22 01:30:00+07:00,0.5683374844333748,0.6358812064607012,0.4552605703048181,0.5032051282051284,0.28846153846153844,0.5384615384615384,0.3017241379310345,0.29926054806437574,0.2991307047500776,0.3478958208030328,0.5855263157894739
SYN_01012,garden-a,dev-001,rice,loam,2025-12-22 02:00:00+07:00,0.4101805728518058,0.5302869493062657,0.6691248770894789,0.32692307692307726,0.6538461538461539,0.6442307692307693,0.6120689655172413,0.5340114431023522,0.5339956535237503,0.5724388065686113,0.8223684210526313
SYN_01013,garden-c,dev-003,chili,sandy,2025-12-22 02:30:00+07:00,0.4942403486924034,0.22817004689218656,0.36037364798426746,0.6923076923076924,0.44711538461538464,0.27884615384615385,0.4870689655172414,0.49948137986415486,0.499534306116113,0.5375909016348625,0.38377192982456165
SYN_01014,garden-a,dev-003,rice,loam,2025-12-22 03:00:00+07:00,0.45252179327521797,0.6786437930568688,0.5191740412979351,0.4358974358974361,0.5817307692307693,0.47115384615384615,0.6163793103448276,0.426406129755412,0.4262651350512263,0.37239141925018676,0.6557017543859647
SYN_01015,garden-c,dev-001,chili,loam,2025-12-22 03:30:00+07:00,0.5010896637608966,0.49215568977827523,0.4464110127826942,0.6506410256410258,0.4230769230769231,0.5673076923076923,0.28879310344827586,0.4494261719142101,0.4493945979509469,0.43625494377312407,0.651315789473684
SYN_01016,garden-a,dev-004,rice,loam,2025-12-22 04:00:00+07:00,0.5421855541718554,0.8043071341734046,0.8215339233038348,0.3493589743589745,0.7019230769230769,0.5673076923076923,0.47413793103448276,0.6129755412052063,0.6128531511952808,0.6492791659831957,0.423245614035088
SYN_01017,garden-a,dev-001,default,sandy,2025-12-22 04:30:00+07:00,0.5863947696139477,0.2380502113042975,0.23795476892822026,0.43910256410256426,0.14903846153846154,0.21153846153846154,0.4870689655172414,0.0,0.0,0.12626897770973444,0.2521929824561406
SYN_01018,garden-a,dev-002,chili,loam,2025-12-22 05:00:00+07:00,0.2632316313823162,0.5782983732463672,0.47640117994100295,0.5000000000000003,0.5144230769230769,0.4423076923076923,0.3232758620689655,0.39910328905544207,0.3989444271965228,0.3913463466200084,0.6820175438596489
SYN_01019,garden-c,dev-003,chili,loam,2025-12-22 05:30:00+07:00,0.4002179327521794,0.5154667026880994,0.4095378564405113,0.71474358974359,0.6153846153846154,0.4326923076923077,0.4698275862068966,0.4745876133435941,0.47454206768084445,0.4292562013596515,0.8179824561403506
SYN_01020,garden-b,dev-003,default,clay,2025-12-22 06:00:00+07:00,0.7401930261519302,0.43688852009802975,0.7251720747295969,0.9006410256410258,0.8269230769230769,0.8269230769230769,0.6681034482758621,0.8496001606049451,0.8495808755045017,0.8566169099823208,0.4758771929824564
SYN_01021,garden-a,dev-003,chili,loam,2025-12-22 06:30:00+07:00,0.6256226650062265,0.7163119198780417,0.4975417895771878,0.2307692307692309,0.6682692307692307,0.5865384615384616,0.39655172413793105,0.429885903570114,0.42968022353306423,0.520094045601181,0.423245614035088
SYN_01022,garden-a,dev-001,tomato,sandy,2025-12-22 07:00:00+07:00,0.3304794520547945,0.4245383145828911,0.35496558505408066,0.5128205128205131,0.34615384615384615,0.46153846153846156,0.3577586206896552,0.19192290962625888,0.19186588016144054,0.2217726502269123,0.4846491228070178
SYN_01023,garden-c,dev-001,rice,sandy,2025-12-22 07:30:00+07:00,0.6467932752179326,0.5775264854016711,0.4670599803343166,0.6762820512820514,0.5528846153846154,0.27884615384615385,0.3232758620689655,0.3070231204202495,0.3068922694815275,0.40199026737383126,0.7346491228070173
SYN_01024,garden-a,dev-001,rice,clay,2025-12-22 08:00:00+07:00,0.4419364881693648,0.46946218714420784,0.316125860373648,0.5064102564102566,0.2980769230769231,0.4230769230769231,0.4525862068965517,0.12232743333221799,0.12247749146227878,0.10614759327100078,0.5460526315789476
SYN_01025,garden-a,dev-004,rice,clay,2025-12-22 08:30:00+07:00,0.6748132004981321,0.507902201810077,0.9183874139626352,0.3814102564102567,0.8221153846153846,0.8557692307692307,0.9525862068965517,1.0,1.0,0.9121694278892595,0.6600877192982454
SYN_01026,garden-a,dev-001,chili,clay,2025-12-22 09:00:00+07:00,0.6000933997509339,0.4713147179714787,0.7964601769911505,0.5705128205128207,0.9230769230769231,0.6730769230769231,0.7112068965517241,0.949978251413658,0.9498602918348339,0.9088158638161371,0.7127192982456138
SYN_01027,garden-c,dev-004,rice,loam,2025-12-22 09:30:00+07:00,0.47867372353673715,0.7931919492097798,0.7748279252704031,0.4711538461538462,0.6490384615384616,0.6923076923076923,0.7887931034482759,0.5591728845317361,0.5589878919590189,0.5650026427542967,0.4407894736842108
SYN_01028,garden-a,dev-001,default,loam,2025-12-22 10:00:00+07:00,0.6754358655043585,0.27232203160880725,0.3834808259587021,0.4711538461538462,0.5192307692307693,0.3557692307692308,0.4267241379310345,0.38598721852310364,0.38606022974231596,0.4304226584285636,0.41885964912280726
SYN_01029,garden-c,dev-002,tomato,sandy,2025-12-22 10:30:00+07:00,0.7296077210460772,0.24823913085428684,0.20993117010816126,0.5096153846153847,0.35096153846153844,0.2692307692307692,0.3577586206896552,0.22484692341151669,0.22493014591741695,0.33783512858366593,0.21710526315789497
SYN_01030,garden-c,dev-004,tomato,sandy,2025-12-22 11:00:00+07:00,0.5434308841843087,0.2954786669496922,0.32350049164208455,0.5416666666666669,0.3076923076923077,0.46153846153846156,0.33620689655172414,0.26018001137618363,0.2600124185035703,0.38755536114604405,0.3574561403508774
SYN_01031,garden-c,dev-002,chili,sandy,2025-12-22 11:30:00+07:00,0.16796388542963891,0.4731672487987495,0.7251720747295969,0.3397435897435901,0.7163461538461539,0.6057692307692307,0.7543103448275862,0.5904908488640546,0.5901893821794473,0.4729983414438551,0.5767543859649126
SYN_01032,garden-c,dev-004,rice,loam,2025-12-22 12:00:00+07:00,0.8896326276463262,0.8359545358059474,0.696165191740413,0.9198717948717949,0.6586538461538461,0.5384615384615384,0.7068965517241379,0.5722889550640746,0.5721825520024837,0.532925073359214,0.48026315789473706
SYN_01033,garden-c,dev-002,rice,loam,2025-12-22 12:30:00+07:00,0.10320672478206738,0.39829412786322144,0.4528023598820059,0.29487179487179505,0.6586538461538461,0.6153846153846154,0.16379310344827586,0.5412386656405794,0.5411362930766842,0.5501303151256675,0.41008771929824583
SYN_01034,garden-c,dev-002,default,clay,2025-12-22 13:00:00+07:00,0.3840286425902864,0.5951255282607436,0.48672566371681414,0.3012820512820516,0.5096153846153846,0.38461538461538464,0.6379310344827587,0.37528022217017426,0.3751940391182862,0.5167404815280587,0.598684210526316
SYN_01035,garden-c,dev-001,chili,clay,2025-12-22 13:30:00+07:00,0.5421855541718554,0.4578838694737654,0.6892822025565388,0.544871794871795,0.625,0.7307692307692307,0.8232758620689655,0.5749657041523069,0.5749767153058056,0.5402154300399147,0.5635964912280704
SYN_01036,garden-c,dev-004,rice,clay,2025-12-22 14:00:00+07:00,0.6779265255292651,0.5676463209895602,0.6430678466076696,0.29487179487179505,0.5336538461538461,0.7115384615384616,0.6077586206896551,0.7096061832903937,0.7094070164545171,0.6535075728580021,0.6644736842105261
SYN_01037,garden-c,dev-002,rice,loam,2025-12-22 14:30:00+07:00,0.6374533001245329,0.8517010478377491,0.6027531956735497,0.826923076923077,0.3317307692307692,0.7211538461538461,0.46551724137931033,0.37742162144076014,0.37736727724309216,0.49501521861957093,0.5635964912280704
SYN_01038,garden-a,dev-004,rice,sandy,2025-12-22 15:00:00+07:00,0.2943648816936487,0.6298604812720711,0.3967551622418879,0.5000000000000003,0.4855769230769231,0.5865384615384616,0.6120689655172413,0.4116840097701341,0.41151816206147157,0.43333880110084383,0.510964912280702
SYN_01039,garden-b,dev-002,chili,loam,2025-12-22 15:30:00+07:00,0.36099003735990026,0.39721348488064684,0.3854473942969518,0.28525641025641063,0.6682692307692307,0.5576923076923077,0.6508620689655172,0.34396225783785583,0.34399254889785774,0.35824812728962757,0.2390350877192985
SYN_01040,garden-b,dev-004,tomato,clay,2025-12-22 16:00:00+07:00,0.562733499377335,0.4645221049381525,0.6489675516224189,0.7435897435897437,0.6538461538461539,0.5384615384615384,0.5948275862068966,0.7684946632315053,0.7683949084135362,0.8117083128292051,0.8355263157894735
SYN_01041,garden-b,dev-003,chili,loam,2025-12-22 16:30:00+07:00,0.6885118306351182,0.5605449528183555,0.48770894788593905,0.4358974358974361,0.4182692307692308,0.28846153846153844,0.3879310344827586,0.312108943687891,0.31201490220428435,0.43479687243698395,0.7609649122807015
SYN_01042,garden-c,dev-003,tomato,clay,2025-12-22 17:00:00+07:00,0.019769613947696295,0.29918372860423376,0.4916420845624385,0.36538461538461575,0.6346153846153846,0.49038461538461536,0.521551724137931,0.5594405594405594,0.5592983545482769,0.5725846137022254,0.36622807017543885
SYN_01043,garden-a,dev-001,chili,loam,2025-12-22 17:30:00+07:00,0.5471668742216688,0.3777619111943034,0.3544739429695182,0.5032051282051284,0.47115384615384615,0.5480769230769231,0.3879310344827586,0.4660220162612506,0.4658491151816206,0.5021597681666575,0.4846491228070178
SYN_01044,garden-a,dev-001,tomato,loam,2025-12-22 18:00:00+07:00,0.5988480697384806,0.4816580150904074,0.3328416912487709,0.2820512820512822,0.3317307692307692,0.4326923076923077,0.33620689655172414,0.20102385652624885,0.2010245265445514,0.31421437293819593,0.598684210526316
SYN_01045,garden-a,dev-003,default,loam,2025-12-22 18:30:00+07:00,0.6716998754669987,0.4852086991760097,0.6361848574237955,0.7564102564102566,0.7355769230769231,0.5384615384615384,0.6594827586206896,0.5816575768728878,0.5816516609748525,0.6511746587201779,0.8706140350877191
SYN_01046,garden-a,dev-004,default,sandy,2025-12-22 19:00:00+07:00,0.25638231631382313,0.3695799000405241,0.4606686332350049,0.5544871794871797,0.33653846153846156,0.3942307692307692,0.22844827586206898,0.2419781175762037,0.24200558832660662,0.22381395009750849,0.5767543859649126
SYN_01047,garden-a,dev-004,default,sandy,2025-12-22 19:30:00+07:00,0.4369551681195517,0.08058509098627968,0.5570304818092429,0.310897435897436,0.5721153846153846,0.625,0.5560344827586207,0.5594405594405594,0.5594535858429058,0.5572748646727541,0.2872807017543862
SYN_01048,garden-b,dev-001,tomato,loam,2025-12-22 20:00:00+07:00,0.6137920298879204,0.41326875205032704,0.5742379547689282,0.5352564102564104,0.6730769230769231,0.38461538461538464,0.7672413793103449,0.388663967611336,0.38854393045637997,0.4426704576521406,0.9188596491228068
SYN_01049,garden-a,dev-004,chili,loam,2025-12-22 20:30:00+07:00,0.8547633872976337,0.39088400455413824,0.567354965585054,0.4455128205128208,0.5817307692307693,0.7115384615384616,0.7155172413793104,0.5556931107170341,0.555572803477181,0.5577122860735961,0.7609649122807015
SYN_01050,garden-b,dev-003,rice,sandy,2025-12-22 21:00:00+07:00,0.4051992528019925,0.5728951583334941,0.07374631268436578,0.5961538461538464,0.09615384615384616,0.22115384615384615,0.35344827586206895,0.0008030247264696994,0.0009313877677739797,0.1580549328375891,0.4714912280701757
SYN_01051,garden-a,dev-004,default,sandy,2025-12-22 21:30:00+07:00,0.3952366127023661,0.7051967349144169,0.42920353982300885,0.6410256410256411,0.46634615384615385,0.375,0.4525862068965517,0.28748285207615343,0.2874883576529028,0.3499371206736289,0.5767543859649126
SYN_01052,garden-a,dev-002,rice,loam,2025-12-22 22:00:00+07:00,0.8068181818181819,0.8268462592385326,0.4754178957718781,0.20833333333333368,0.36538461538461536,0.4519230769230769,0.5905172413793104,0.2202964499615217,0.22027320707854703,0.2802413108061312,0.3399122807017546
SYN_01053,garden-b,dev-004,chili,loam,2025-12-22 22:30:00+07:00,0.5116749688667497,0.6002199880357384,0.7792527040314651,0.16666666666666705,0.5576923076923077,0.7788461538461539,0.8706896551724138,0.6410814066316458,0.6409500155231294,0.6233254961999016,0.6600877192982454
SYN_01054,garden-c,dev-001,default,clay,2025-12-22 23:00:00+07:00,0.20096513075965122,0.5378514501842883,0.17895771878072764,0.4358974358974361,0.46153846153846156,0.3942307692307692,0.4267241379310345,0.26178606082912304,0.2617199627444893,0.4012612317057611,0.5679824561403511
SYN_01055,garden-c,dev-002,chili,clay,2025-12-22 23:30:00+07:00,0.512920298879203,0.4446073985449914,0.5388397246804326,0.32692307692307726,0.5384615384615384,0.6057692307692307,0.6896551724137931,0.5781778030581857,0.5780813411983855,0.5577122860735961,0.5679824561403511
SYN_01056,garden-b,dev-001,chili,clay,2025-12-23 00:00:00+07:00,0.5316002490660025,0.26136122421412167,0.3062930186823992,0.5416666666666669,0.39903846153846156,0.28846153846153844,0.4051724137931034,0.46227456753772533,0.46212356411052463,0.5546503362677019,0.6995614035087717
SYN_01057,garden-b,dev-001,default,loam,2025-12-23 00:30:00+07:00,0.2756849315068494,0.36479419540340785,0.32595870206489674,0.38461538461538486,0.3605769230769231,0.47115384615384615,0.17672413793103448,0.409274935590725,0.4090344613474076,0.44864855013031507,0.423245614035088
SYN_01058,garden-a,dev-002,tomato,clay,2025-12-23 01:00:00+07:00,0.3697073474470734,0.32758920128905267,0.671583087512291,0.4711538461538462,0.6442307692307693,0.75,0.771551724137931,0.8487971358784754,0.8486494877367277,0.8773215229555106,0.5285087719298248
SYN_01059,garden-c,dev-001,rice,loam,2025-12-23 01:30:00+07:00,0.4002179327521794,0.525809999807028,0.4631268436578171,0.6185897435897438,0.3317307692307692,0.3269230769230769,0.4870689655172414,0.24224579248502687,0.2423160509158646,0.32354602948949274,0.8925438596491225
SYN_01060,garden-a,dev-002,chili,loam,2025-12-23 02:00:00+07:00,0.7464196762141969,0.5387777155979235,0.6184857423795477,0.842948717948718,0.5865384615384616,0.6634615384615384,0.5344827586206896,0.41516378358483613,0.41524371313256747,0.3465835566005066,0.6557017543859647
SYN_01061,garden-b,dev-004,default,loam,2025-12-23 02:30:00+07:00,0.4705790784557908,0.3447251114413075,0.42330383480825956,0.36538461538461575,0.4855769230769231,0.5288461538461539,0.28448275862068967,0.5481982132699835,0.548121701334989,0.4369839794411941,0.43640350877193007
SYN_01062,garden-c,dev-002,default,loam,2025-12-23 03:00:00+07:00,0.29623287671232873,0.6071669786380038,0.7581120943952803,0.32371794871794884,0.5769230769230769,0.5961538461538461,0.8275862068965517,0.6697226218757317,0.669667805029494,0.616180946652815,0.782894736842105
SYN_01063,garden-a,dev-003,default,loam,2025-12-23 03:30:00+07:00,0.5857721046077211,0.37575500279809343,0.46509341199606685,0.13782051282051325,0.5721153846153846,0.40384615384615385,0.4827586206896552,0.4577240940877304,0.45762185656628374,0.42750651575628335,0.5372807017543862
SYN_01064,garden-a,dev-002,rice,loam,2025-12-23 04:00:00+07:00,0.4251245330012453,0.5358445417880782,0.45968534906588004,0.42948717948717957,0.25961538461538464,0.49038461538461536,0.75,0.22672064777327933,0.22679292145296492,0.3930960322233765,0.48026315789473706
SYN_01065,garden-a,dev-003,default,sandy,2025-12-23 04:30:00+07:00,0.6144146948941468,0.5014183439146291,0.44051130776794495,0.07371794871794912,0.6009615384615384,0.20192307692307693,0.646551724137931,0.2235085488674005,0.22353306426575595,0.3217963438861246,0.8574561403508769
SYN_01066,garden-b,dev-003,default,loam,2025-12-23 05:00:00+07:00,0.7887608966376091,0.615812122498601,0.6012782694198623,0.47756410256410275,0.5,0.7403846153846154,0.6206896551724138,0.5479305383611602,0.5476560074511021,0.35751909162155754,0.598684210526316
SYN_01067,garden-a,dev-003,tomato,loam,2025-12-23 05:30:00+07:00,0.5035803237858033,0.16657339688543252,0.4616519174041298,0.657051282051282,0.5,0.3557692307692308,0.3103448275862069,0.4320273028406999,0.4320086929524992,0.5416735013760547,0.20394736842105288
SYN_01068,garden-b,dev-004,default,clay,2025-12-23 06:00:00+07:00,0.5552615193026151,0.631095501823585,0.6937069813176008,0.36217948717948734,0.8413461538461539,0.7596153846153846,0.7241379310344828,0.6566065513433933,0.6564731449860292,0.6198261249931653,0.6907894736842103
SYN_01069,garden-b,dev-002,default,sandy,2025-12-23 06:30:00+07:00,0.7277397260273971,0.4331834584434881,0.2831858407079646,0.810897435897436,0.18269230769230768,0.34615384615384615,0.1939655172413793,0.0853882959146117,0.08537721204594846,0.1147502141542275,0.6030701754385968
SYN_01070,garden-c,dev-003,tomato,sandy,2025-12-23 07:00:00+07:00,0.5932440846824407,0.28822292120954823,0.40658800393313665,0.2532051282051284,0.6490384615384616,0.625,0.5948275862068966,0.44487569846421515,0.44489289040670593,0.4782473982539595,0.5197368421052634
SYN_01071,garden-c,dev-004,chili,clay,2025-12-23 07:30:00+07:00,0.2557596513075966,0.35352463287084385,0.5924287118977385,0.2339743589743593,0.7355769230769231,0.5576923076923077,0.625,0.7452069461638838,0.7449549829245575,0.736909253285217,0.423245614035088
SYN_01072,garden-c,dev-004,tomato,clay,2025-12-23 08:00:00+07:00,0.0888854296388544,0.7575307307848169,0.6081612586037365,0.3205128205128207,0.7692307692307693,0.6153846153846154,0.625,0.7478836952521162,0.7477491462278796,0.7580512876592487,0.44517543859649145
SYN_01073,garden-c,dev-003,rice,loam,2025-12-23 08:30:00+07:00,0.32736612702366125,0.6426738194940275,0.2153392330383481,0.20512820512820554,0.1201923076923077,0.25961538461538464,0.3448275862068966,0.05647940576170241,0.05650419124495497,0.22891719977399894,0.2960526315789476
SYN_01074,garden-b,dev-003,tomato,clay,2025-12-23 09:00:00+07:00,0.9201432129514322,0.5932729974334728,0.7212389380530974,0.5160256410256413,0.7307692307692307,0.5961538461538461,0.5301724137931034,0.6204704386522568,0.6204594846321018,0.6333861884192684,0.6820175438596489
SYN_01075,garden-a,dev-003,default,loam,2025-12-23 09:30:00+07:00,0.5396948941469489,0.3891858512958067,0.6533923303834809,0.5192307692307694,0.6634615384615384,0.5769230769230769,0.5172413793103449,0.6354602335463579,0.6353616889164856,0.640384930832741,0.7127192982456138
SYN_01076,garden-c,dev-004,default,clay,2025-12-23 10:00:00+07:00,0.29623287671232873,0.6942359275197313,0.7202556538839725,0.4070512820512824,0.5865384615384616,0.7307692307692307,0.5862068965517241,0.5337437681935289,0.5336851909344923,0.6392184737638289,0.48026315789473706
SYN_01077,garden-b,dev-002,rice,sandy,2025-12-23 10:30:00+07:00,0.48988169364881684,0.4757916674707165,0.4754178957718781,0.10576923076923105,0.7644230769230769,0.5961538461538461,0.5646551724137931,0.508850001672968,0.5086929524992237,0.5514425793281936,0.38815789473684237
SYN_01078,garden-a,dev-002,rice,sandy,2025-12-23 11:00:00+07:00,0.5415628891656289,0.4768723104532911,0.19321533923303835,0.2724358974358978,0.22115384615384615,0.21153846153846154,0.004310344827586207,0.05433800649111654,0.054486184414778024,0.009477463684910785,0.43640350877193007
SYN_01079,garden-c,dev-004,chili,sandy,2025-12-23 11:30:00+07:00,0.3622353673723538,0.4665290133343625,0.3343166175024582,0.31730769230769257,0.34615384615384615,0.4230769230769231,0.5129310344827587,0.2947100746143808,0.2944737659112077,0.25210053401862687,0.5504385964912283
SYN_01080,garden-b,dev-004,tomato,loam,2025-12-23 12:00:00+07:00,0.562733499377335,0.4997201906562976,0.504424778761062,0.4903846153846156,0.5384615384615384,0.5865384615384616,0.2801724137931034,0.42239100612306346,0.42238435268550134,0.4222574589461789,0.541666666666667
SYN_01081,garden-a,dev-004,rice,sandy,2025-12-23 12:30:00+07:00,0.8479140722291406,0.6134964589645124,0.33185840707964603,0.0,0.375,0.20192307692307693,0.4482758620689655,0.20932177869976912,0.20909655386525922,0.2442269488034702,0.5899122807017546
SYN_01082,garden-a,dev-003,chili,sandy,2025-12-23 13:00:00+07:00,0.5365815691158156,0.3299048648231412,0.4882005899705015,0.39423076923076955,0.6009615384615384,0.6538461538461539,0.6293103448275862,0.5738950045170139,0.5737348649487736,0.5012849253649735,0.7302631578947366
SYN_01083,garden-c,dev-002,default,loam,2025-12-23 13:30:00+07:00,0.5010896637608966,0.5250381119623319,0.400196656833825,0.26602564102564125,0.5432692307692307,0.47115384615384615,0.3793103448275862,0.3003312476996687,0.3000620925178516,0.2531211839539249,0.5372807017543862
SYN_01084,garden-c,dev-004,chili,loam,2025-12-23 14:00:00+07:00,0.4606164383561644,0.08135697883097584,0.5339233038348082,0.8557692307692307,0.5192307692307693,0.5673076923076923,0.6551724137931034,0.531602368922943,0.5315119528096864,0.5759381777753476,0.0811403508771937
SYN_01085,garden-a,dev-004,rice,loam,2025-12-23 14:30:00+07:00,0.203455790784558,0.4623608189730032,0.49901671583087515,0.4807692307692309,0.5913461538461539,0.4519230769230769,0.36637931034482757,0.4539766453642051,0.4537410742005588,0.46527056336231243,0.3442982456140353
SYN_01086,garden-c,dev-003,rice,sandy,2025-12-23 15:00:00+07:00,0.7881382316313821,0.6842013855386812,0.45870206489675514,0.34294871794871823,0.2692307692307692,0.5576923076923077,0.5905172413793104,0.4387191755612807,0.438683638621546,0.4260484444201432,0.2741228070175441
SYN_01087,garden-a,dev-001,default,sandy,2025-12-23 15:30:00+07:00,0.46871108343711076,0.46498523764497013,0.2610619469026549,0.2307692307692309,0.16826923076923078,0.11538461538461539,0.28879310344827586,0.019807943252919326,0.019869605712511642,0.01968396303789163,0.5460526315789476
SYN_01088,garden-b,dev-003,rice,loam,2025-12-23 16:00:00+07:00,0.598225404732254,0.886744755986955,0.73992133726647,0.5801282051282054,0.5673076923076923,0.625,0.7155172413793104,0.41382540904071996,0.41369140018627754,0.3617474984963639,0.739035087719298
SYN_01089,garden-c,dev-003,rice,clay,2025-12-23 16:30:00+07:00,0.5452988792029887,0.7243395534628818,0.8269419862340216,0.4358974358974361,0.5769230769230769,0.7788461538461539,0.7198275862068966,0.6250209121022517,0.6249611921763427,0.49589006142125497,0.43201754385964936
SYN_01090,garden-b,dev-001,rice,loam,2025-12-23 17:00:00+07:00,0.5957347447073476,0.6911483761409467,0.6106194690265486,0.8076923076923078,0.33653846153846156,0.27884615384615385,0.36637931034482757,0.4020477130524977,0.4020490530891027,0.5059507536406218,0.651315789473684
SYN_01091,garden-a,dev-002,chili,loam,2025-12-23 17:30:00+07:00,0.280043586550436,0.5103722429131047,0.6135693215339233,0.41666666666666674,0.3894230769230769,0.6634615384615384,0.5387931034482759,0.45531501990832124,0.4551381558522198,0.4573969781471558,0.651315789473684
SYN_01092,garden-c,dev-001,default,clay,2025-12-23 18:00:00+07:00,0.6287359900373598,0.6460701260106906,1.0,0.7724358974358975,0.9278846153846154,0.9807692307692307,0.8922413793103449,0.939806604878375,0.939459795094691,0.8380994040133413,0.6732456140350874
SYN_01093,garden-a,dev-002,chili,loam,2025-12-23 18:30:00+07:00,0.7682129514321293,0.26923448023002255,0.443952802359882,0.6698717948717949,0.5673076923076923,0.5769230769230769,0.5129310344827587,0.5005520794994478,0.500465693883887,0.43654655804035214,0.2741228070175441
SYN_01094,garden-a,dev-003,default,loam,2025-12-23 19:00:00+07:00,0.5278642590286424,0.49231006734721444,0.584070796460177,0.5480769230769231,0.7307692307692307,0.8269230769230769,0.5043103448275862,0.7015759360256967,0.7014902204284383,0.6291577815444621,0.6600877192982454
SYN_01095,garden-b,dev-002,default,loam,2025-12-23 19:30:00+07:00,0.8373287671232874,0.46313270681769936,0.6951819075712881,0.8621794871794873,0.6346153846153846,0.5288461538461539,0.7974137931034483,0.5910261986817009,0.5908103073579634,0.6303242386133742,0.5021929824561406
SYN_01096,garden-c,dev-003,default,clay,2025-12-23 20:00:00+07:00,0.6910024906600248,0.7306690337893903,0.8166175024582104,0.5128205128205131,0.7884615384615384,0.7307692307692307,0.7456896551724138,0.5184862983906044,0.5184725240608506,0.4508356571345253,0.6030701754385968
SYN_01097,garden-b,dev-002,default,loam,2025-12-23 20:30:00+07:00,0.50233499377335,0.4674552787479979,0.7522123893805309,0.3685897435897439,0.7451923076923077,1.0,0.7155172413793104,0.8297922173520259,0.8295560384973609,0.7437621885650755,0.7741228070175437
SYN_01098,garden-b,dev-003,default,sandy,2025-12-23 21:00:00+07:00,0.7264943960149439,0.3705061654541595,0.5943952802359882,0.6282051282051283,0.5384615384615384,0.5865384615384616,0.5474137931034483,0.4855622846053467,0.4855634895995032,0.4904951974775365,0.6688596491228068
SYN_01099,garden-a,dev-003,default,loam,2025-12-23 21:30:00+07:00,0.2968555417185555,0.778217325022674,0.7025565388397247,0.842948717948718,0.6730769230769231,0.6346153846153846,0.4224137931034483,0.6737377455080803,0.6735485873952188,0.6877722492572949,0.5285087719298248
SYN_01100,garden-b,dev-004,default,loam,2025-12-23 22:00:00+07:00,0.19785180572851815,0.32820671156480963,0.3249754178957719,0.5737179487179488,0.2548076923076923,0.28846153846153844,0.521551724137931,0.2794526048114564,0.27926109903756596,0.3031330307835311,0.3092105263157897
SYN_01101,garden-a,dev-003,default,clay,2025-12-23 22:30:00+07:00,0.40395392278953923,0.5361532969259566,0.5909537856440511,0.387820512820513,0.6538461538461539,0.4807692307692308,0.5387931034482759,0.6445611804463478,0.6445203352995964,0.6607979295387026,0.5372807017543862
SYN_01102,garden-c,dev-004,default,sandy,2025-12-23 23:00:00+07:00,0.41080323785803236,0.2899210744678798,0.21730580137659783,0.7083333333333334,0.2980769230769231,0.1346153846153846,0.27586206896551724,0.08860039482049051,0.0886370692331574,0.0,0.2960526315789476
SYN_01103,garden-a,dev-001,rice,loam,2025-12-23 23:30:00+07:00,0.5521481942714819,0.5143860597055248,0.45378564405113075,0.5544871794871797,0.5192307692307693,0.6346153846153846,0.5603448275862069,0.4296182286612908,0.42936976094380624,0.33798093571727994,0.9539473684210524
SYN_01104,garden-c,dev-003,rice,sandy,2025-12-24 00:00:00+07:00,0.3672166874221669,0.4666833909033017,0.2384464110127827,0.4743589743589746,0.3701923076923077,0.41346153846153844,0.1896551724137931,0.22377622377622375,0.22353306426575595,0.1367670913299433,0.5635964912280704
SYN_01105,garden-a,dev-001,chili,loam,2025-12-24 00:30:00+07:00,0.3354607721046076,0.42284016132455954,0.6607669616519174,0.5128205128205131,0.6923076923076923,0.8173076923076923,0.40086206896551724,0.8019540268344095,0.8017696367587706,0.9098365137514353,0.5723684210526319
SYN_01106,garden-a,dev-001,tomato,loam,2025-12-24 01:00:00+07:00,0.45065379825653795,0.4770266880222303,0.507866273352999,0.6185897435897438,0.5144230769230769,0.6057692307692307,0.5646551724137931,0.4719108642553618,0.47174790437752245,0.44325368618659666,0.6776315789473681
SYN_01107,garden-a,dev-001,tomato,loam,2025-12-24 01:30:00+07:00,0.5085616438356164,0.3845545242276297,0.35693215339233036,0.36217948717948734,0.4230769230769231,0.5096153846153846,0.41810344827586204,0.2312711212232743,0.23129462899720582,0.16971950352671003,0.38815789473684237
SYN_01108,garden-c,dev-003,tomato,sandy,2025-12-24 02:00:00+07:00,0.34666874221668753,0.2604349588004863,0.19370698131760078,0.2500000000000003,0.35096153846153844,0.27884615384615385,0.4827586206896552,0.17104426673804662,0.17106488668115494,0.2792206608708331,0.3092105263157897
SYN_01109,garden-b,dev-004,rice,loam,2025-12-24 02:30:00+07:00,0.5396948941469489,0.3803863298662704,0.34021632251720746,0.49679487179487186,0.4326923076923077,0.2980769230769231,0.5043103448275862,0.33325526148492646,0.33328158956845694,0.3422093425920863,0.41885964912280726
SYN_01110,garden-a,dev-002,tomato,clay,2025-12-24 03:00:00+07:00,0.032845579078455776,0.5681094536963779,0.3500491642084562,0.5352564102564104,0.5721153846153846,0.3942307692307692,0.2672413793103448,0.2773112055408705,0.27739832350201804,0.3161098656751782,0.7478070175438594
SYN_01111,garden-b,dev-001,chili,loam,2025-12-24 03:30:00+07:00,0.6947384806973849,0.4912294243646398,0.7718780727630286,0.5416666666666669,0.8269230769230769,0.9038461538461539,0.7112068965517241,0.7583230166962223,0.7581496429680222,0.8270180618586763,0.7741228070175437
SYN_01112,garden-c,dev-002,chili,clay,2025-12-24 04:00:00+07:00,0.6430572851805728,0.6669110978174871,0.6627335299901671,0.27564102564102594,0.5913461538461539,0.6923076923076923,0.9181034482758621,0.7318232007227221,0.7317603228810927,0.7942114567955236,0.5021929824561406
SYN_01113,garden-b,dev-004,tomato,sandy,2025-12-24 04:30:00+07:00,0.815535491905355,0.15499507921499003,0.5639134709931171,0.6185897435897438,0.5432692307692307,0.40384615384615385,0.5301724137931034,0.41061331013484115,0.4105867742936976,0.387701168279658,0.5899122807017546
SYN_01114,garden-a,dev-004,default,clay,2025-12-24 05:00:00+07:00,0.6169053549190536,0.4274714883927365,0.5506391347099312,0.7596153846153847,0.75,0.6153846153846154,0.7586206896551724,0.7955298290226519,0.7952499223843527,0.8625950024604954,0.5328947368421055
SYN_01115,garden-b,dev-001,chili,loam,2025-12-24 05:30:00+07:00,0.4269925280199253,0.4063217614480616,0.5742379547689282,0.5512820512820513,0.7788461538461539,0.6826923076923077,0.5474137931034483,0.6948840633051159,0.6948152747593914,0.7178085187817813,0.7916666666666664
SYN_01116,garden-c,dev-001,default,loam,2025-12-24 06:00:00+07:00,0.6966064757160647,0.3580015823700816,0.23647984267453295,0.5128205128205131,0.34615384615384615,0.21153846153846154,0.16810344827586207,0.12232743333221799,0.1223222601676498,0.0664880529279895,0.40131578947368446
SYN_01117,garden-c,dev-004,rice,loam,2025-12-24 06:30:00+07:00,0.4612391033623911,0.6233766233766234,0.6927236971484759,0.5064102564102566,0.4951923076923077,0.5961538461538461,0.7112068965517241,0.6338541840934184,0.6336541446755666,0.7816720433047186,0.7609649122807015
SYN_01118,garden-b,dev-002,rice,sandy,2025-12-24 07:00:00+07:00,0.4008405977584059,0.6261554196175295,0.5088495575221239,0.8301282051282051,0.4423076923076923,0.6153846153846154,0.7155172413793104,0.5324053936494126,0.5321328779882024,0.654819837060528,0.34868421052631604
SYN_01119,garden-c,dev-004,rice,sandy,2025-12-24 07:30:00+07:00,0.38651930261519296,0.4984851701047837,0.3387413962635202,0.7532051282051284,0.41346153846153844,0.5,0.40948275862068967,0.26151838592029975,0.2615647314498603,0.3063407877230393,0.6030701754385968
SYN_01120,garden-a,dev-004,tomato,loam,2025-12-24 08:00:00+07:00,0.45438978829389776,0.6239941336523803,1.0,0.5128205128205131,0.8653846153846154,0.9326923076923077,1.0,0.9539933750460066,0.9537410742005589,0.9057539140102429,0.43640350877193007
SYN_01121,garden-b,dev-004,default,loam,2025-12-24 08:30:00+07:00,0.0,0.49277320005403213,0.36774827925270404,0.30448717948717974,0.4423076923076923,0.4519230769230769,0.4353448275862069,0.4695017900759527,0.4694194349580875,0.4547724497421036,0.651315789473684
SYN_01122,garden-c,dev-002,rice,loam,2025-12-24 09:00:00+07:00,0.29561021170610224,0.9119082997240501,0.4006882989183874,0.3493589743589745,0.32211538461538464,0.40384615384615385,0.603448275862069,0.18844313581155683,0.1884507916796026,0.25807862649680136,0.18640350877193007
SYN_01123,garden-b,dev-003,tomato,sandy,2025-12-24 09:30:00+07:00,0.4139165628891656,0.2897666968989406,0.26843657817109146,0.826923076923077,0.3173076923076923,0.36538461538461536,0.27586206896551724,0.14909492421454143,0.14917727413846632,0.15674266863506295,0.40131578947368446
SYN_01124,garden-b,dev-001,default,sandy,2025-12-24 10:00:00+07:00,0.6934931506849313,0.17213098936724494,0.12586037364798427,0.8461538461538464,0.40384615384615385,0.125,0.33620689655172414,0.24304881721149663,0.24309220738900963,0.38245211146955366,0.0
SYN_01125,garden-c,dev-003,default,loam,2025-12-24 10:30:00+07:00,0.29000622665006237,0.31956156770421257,0.20993117010816126,0.49679487179487186,0.3605769230769231,0.49038461538461536,0.38362068965517243,0.4135577341318967,0.4135361688916485,0.4369839794411941,0.2960526315789476
SYN_01126,garden-b,dev-001,default,loam,2025-12-24 11:00:00+07:00,0.5745641344956413,0.1449605372339399,0.05063913470993117,0.21153846153846181,0.08653846153846154,0.09615384615384616,0.1939655172413793,0.16569076856158194,0.16578702266376902,0.06780031713051561,0.028508771929825292
SYN_01127,garden-b,dev-004,default,clay,2025-12-24 11:30:00+07:00,0.40768991282689904,0.7288165029621195,0.46804326450344147,0.3910256410256411,0.3557692307692308,0.19230769230769232,0.2629310344827586,0.25616488774383506,0.2559764048432164,0.27732516813385094,0.41885964912280726
SYN_01128,garden-c,dev-002,default,sandy,2025-12-24 12:00:00+07:00,0.7576276463262765,0.3765268906427896,0.24385447394296952,0.5384615384615388,0.21153846153846154,0.25961538461538464,0.21120689655172414,0.14855957439689496,0.14840111766532132,0.19406929484025004,0.4539473684210529
SYN_01129,garden-c,dev-004,rice,sandy,2025-12-24 12:30:00+07:00,0.5347135740971358,0.5551417379054823,0.2590953785644051,0.6602564102564105,0.375,0.375,0.36637931034482757,0.09341854317930873,0.09344923936665633,0.20617128693021303,0.5504385964912283
SYN_01130,garden-a,dev-003,rice,loam,2025-12-24 13:00:00+07:00,0.2501556662515567,0.5753651994365219,0.6519174041297935,0.621794871794872,0.47115384615384615,0.6057692307692307,0.44396551724137934,0.5329407434670592,0.5327538031667184,0.44806532159585905,0.7565789473684208
SYN_01131,garden-b,dev-002,default,clay,2025-12-24 13:30:00+07:00,0.8205168119551681,0.5543698500607861,0.4582104228121927,0.698717948717949,0.6394230769230769,0.40384615384615385,0.7370689655172413,0.47405226352594765,0.4739211425023285,0.35970619862576775,0.5021929824561406
SYN_01132,garden-a,dev-002,default,loam,2025-12-24 14:00:00+07:00,0.5577521793275216,0.15839138573165318,0.532448377581121,0.5320512820512822,0.5048076923076923,0.6442307692307693,0.3146551724137931,0.5629203332552614,0.5627134430301148,0.5878943627316966,0.14692982456140374
SYN_01133,garden-c,dev-003,default,loam,2025-12-24 14:30:00+07:00,0.6685865504358655,0.4841280561934351,0.4301868239921337,0.7403846153846156,0.47596153846153844,0.3942307692307692,0.27586206896551724,0.337270385117275,0.33731760322881094,0.3707875407804327,0.6688596491228068
SYN_01134,garden-b,dev-004,default,sandy,2025-12-24 15:00:00+07:00,0.699719800747198,0.2774164913838019,0.33480825958702065,0.37500000000000017,0.4182692307692308,0.375,0.3922413793103448,0.21280155251447117,0.21266687364172618,0.2796580822716751,0.423245614035088
SYN_01135,garden-c,dev-003,tomato,sandy,2025-12-24 15:30:00+07:00,0.27132627646326285,0.27772524652168035,0.27925270403146507,0.5576923076923078,0.08653846153846154,0.4519230769230769,0.3793103448275862,0.2419781175762037,0.24185035703197766,0.18634151675870742,0.35307017543859676
SYN_01136,garden-a,dev-002,rice,clay,2025-12-24 16:00:00+07:00,0.5726961394769614,0.6360355840296404,0.4759095378564405,0.2820512820512822,0.375,0.07692307692307693,0.5560344827586207,0.13116070532338472,0.13117044396150263,0.10439790766763263,0.5811403508771932
SYN_01137,garden-a,dev-002,default,clay,2025-12-24 16:30:00+07:00,0.440068493150685,0.11207811504988324,0.647984267453294,0.5897435897435898,0.8894230769230769,0.6634615384615384,0.6939655172413793,0.8107872988255762,0.8104625892579944,0.7334098820784807,0.5592105263157897
SYN_01138,garden-a,dev-004,chili,clay,2025-12-24 17:00:00+07:00,0.016656288916563,0.3218772312383011,0.3008849557522124,0.37500000000000017,0.4375,0.5192307692307693,0.5387931034482759,0.42158798139659376,0.42160819621235635,0.4257568301529152,0.23464912280701777
SYN_01139,garden-b,dev-001,tomato,loam,2025-12-24 17:30:00+07:00,0.9325965130759649,0.5051234055691708,0.5196656833824975,0.7916666666666666,0.6298076923076923,0.5192307692307693,0.2672413793103448,0.4582594439053769,0.4580875504501707,0.47606029124974936,0.6118421052631582
SYN_01140,garden-c,dev-004,default,sandy,2025-12-24 18:00:00+07:00,0.44069115815691157,0.45834700218058316,0.16273352999016716,0.20192307692307712,0.3605769230769231,0.2980769230769231,0.0,0.3014019473349616,0.3011487115802546,0.1719066105309202,0.4978070175438599
SYN_01141,garden-c,dev-003,chili,sandy,2025-12-24 18:30:00+07:00,0.3192714819427149,0.11408502344609328,0.33136676499508355,0.6153846153846154,0.30288461538461536,0.3269230769230769,0.1896551724137931,0.3222805902231739,0.3221049363551691,0.38478502560737776,0.17324561403508795
SYN_01142,garden-a,dev-004,default,loam,2025-12-24 19:00:00+07:00,0.8317247820672478,0.36448544026552937,0.5206489675516224,0.8173076923076923,0.6153846153846154,0.7980769230769231,0.5172413793103449,0.45665339445243747,0.45653523750388075,0.41598775220077644,0.6776315789473681
SYN_01143,garden-a,dev-003,rice,sandy,2025-12-24 19:30:00+07:00,0.714041095890411,0.35722969452538544,0.539331366764995,0.5705128205128207,0.46153846153846156,0.5576923076923077,0.4396551724137931,0.5546224110817412,0.554641415709407,0.49005777607669454,0.5855263157894739
SYN_01144,garden-b,dev-002,tomato,clay,2025-12-24 20:00:00+07:00,0.4662204234122042,0.6644410567144593,0.5422812192723697,0.3525641025641029,0.5673076923076923,0.36538461538461536,0.49137931034482757,0.46013316826713946,0.4601055572803477,0.5431315727121949,0.41008771929824583
SYN_01145,garden-b,dev-001,chili,loam,2025-12-24 20:30:00+07:00,0.7750622665006224,0.48134925995252886,0.54031465093412,0.16666666666666705,0.6682692307692307,0.6153846153846154,0.6594827586206896,0.47779971224947293,0.47749146227879535,0.3688920480434505,0.6250000000000002
SYN_01146,garden-c,dev-004,tomato,loam,2025-12-24 21:00:00+07:00,0.7196450809464507,0.4182088342563825,0.5570304818092429,0.11858974358974388,0.4423076923076923,0.4807692307692308,0.9181034482758621,0.5297286445611804,0.5296491772741384,0.41175934532597,0.598684210526316
SYN_01147,garden-b,dev-002,rice,sandy,2025-12-24 21:30:00+07:00,0.4886363636363636,0.6743212211265702,0.6307767944936087,0.14743589743589766,0.49038461538461536,0.5673076923076923,0.6206896551724138,0.38223976979957835,0.3821794473765911,0.41555033079993436,0.7171052631578945
SYN_01148,garden-c,dev-002,default,loam,2025-12-24 22:00:00+07:00,0.5160336239103362,0.7051967349144169,0.5339233038348082,0.5897435897435898,0.46153846153846156,0.7788461538461539,0.6077586206896551,0.519021648208251,0.5187829866501086,0.6005795833561156,0.7521929824561401
SYN_01149,garden-c,dev-001,default,sandy,2025-12-24 22:30:00+07:00,0.4350871731008717,0.1557669670596862,0.3249754178957719,0.6185897435897438,0.40865384615384615,0.41346153846153844,0.47413793103448276,0.2979221735202596,0.2978888543930457,0.33448156451054367,0.2785087719298248
SYN_01150,garden-b,dev-001,chili,loam,2025-12-24 23:00:00+07:00,0.535958904109589,0.4997201906562976,0.7192723697148475,0.29487179487179505,0.5817307692307693,0.6634615384615384,0.5905172413793104,0.6020008699434536,0.6019869605712511,0.45943827801775194,0.6776315789473681
SYN_01151,garden-a,dev-003,default,loam,2025-12-24 23:30:00+07:00,0.7694582814445828,0.5259643773759672,0.595378564405113,0.41666666666666674,0.6730769230769231,0.7403846153846154,0.5387931034482759,0.5891524743199383,0.5889475318224154,0.5865820985291704,0.4714912280701757
SYN_01152,garden-c,dev-002,default,clay,2025-12-25 00:00:00+07:00,0.5459215442092155,0.674784353833388,0.8357915437561455,0.3205128205128207,0.6057692307692307,0.8461538461538461,0.7672413793103449,0.7524341687021112,0.7522508537721204,0.737784096086901,0.5328947368421055
SYN_01153,garden-a,dev-001,rice,loam,2025-12-25 00:30:00+07:00,0.25638231631382313,0.8533992010960807,0.8987217305801377,0.3205128205128207,0.8509615384615384,0.8269230769230769,0.6896551724137931,0.8969786194666576,0.8967711890717168,0.9875517159677036,0.3399122807017546
SYN_01154,garden-a,dev-004,chili,sandy,2025-12-25 01:00:00+07:00,0.6281133250311333,0.3090638930163447,0.4311701081612586,0.5576923076923078,0.4375,0.40384615384615385,0.6853448275862069,0.33138153712316387,0.331418814032909,0.30823628046002144,0.4583333333333336
SYN_01155,garden-c,dev-003,rice,clay,2025-12-25 01:30:00+07:00,0.5210149439601494,0.5611624630941124,0.46214355948869223,0.5352564102564104,0.5913461538461539,0.5192307692307693,0.5905172413793104,0.5214307223876601,0.5214219186588016,0.4267774800882133,0.5811403508771932
SYN_01156,garden-c,dev-004,rice,sandy,2025-12-25 02:00:00+07:00,0.5415628891656289,0.36479419540340785,0.2994100294985251,0.45833333333333365,0.3798076923076923,0.23076923076923078,0.16810344827586207,0.1065346137116472,0.10648866811549207,0.13457998432573312,0.38815789473684237
SYN_01157,garden-b,dev-002,default,clay,2025-12-25 02:30:00+07:00,0.25700498132004984,0.7956619903128075,0.45624385447394294,0.3397435897435901,0.3798076923076923,0.5288461538461539,0.6336206896551724,0.13892327767925852,0.1389320086929525,0.2605573477682395,0.5899122807017546
SYN_01158,garden-c,dev-002,rice,loam,2025-12-25 03:00:00+07:00,0.37593399750934003,0.7629339456976901,0.6066863323500492,0.7532051282051284,0.6057692307692307,0.8653846153846154,0.5775862068965517,0.7880349315756013,0.7877988202421609,0.7115388120363788,0.6162280701754388
SYN_01159,garden-b,dev-004,tomato,sandy,2025-12-25 03:30:00+07:00,0.47120174346201754,0.36078037861098783,0.288102261553589,0.2916666666666669,0.41346153846153844,0.47115384615384615,0.4525862068965517,0.2773112055408705,0.27739832350201804,0.3191718154810724,0.22587719298245637
SYN_01160,garden-c,dev-004,default,sandy,2025-12-25 04:00:00+07:00,0.6773038605230386,0.2601262036626078,0.42133726647000985,0.6089743589743591,0.39903846153846156,0.33653846153846156,0.3706896551724138,0.3134473182320071,0.31356721515057434,0.3795359687972734,0.16885964912280726
SYN_01161,garden-c,dev-003,tomato,sandy,2025-12-25 04:30:00+07:00,0.48178704856787047,0.37405684953976187,0.34906588003933137,0.3525641025641029,0.5288461538461539,0.4519230769230769,0.3232758620689655,0.33673503529962856,0.33669667805029496,0.35227003481145314,0.39254385964912303
SYN_01162,garden-b,dev-004,rice,sandy,2025-12-25 05:00:00+07:00,0.6343399750933997,0.27201327647092877,0.6484759095378564,0.5160256410256413,0.4951923076923077,0.40384615384615385,0.7672413793103449,0.5056379027670892,0.5054330953120149,0.45346018553957745,0.5767543859649126
SYN_01163,garden-b,dev-002,default,clay,2025-12-25 05:30:00+07:00,0.07269613947696141,0.5168561008085525,0.34513274336283184,0.2532051282051284,0.3076923076923077,0.46153846153846156,0.4396551724137931,0.2106601532438853,0.21080409810617823,0.1364754770627153,0.31798245614035114
SYN_01164,garden-b,dev-004,chili,sandy,2025-12-25 06:00:00+07:00,0.49797633872976343,0.4424461125798421,0.4134709931170108,0.6057692307692311,0.27884615384615385,0.27884615384615385,0.5043103448275862,0.15792819620570814,0.15787022663769018,0.23999854192866382,0.6162280701754388
SYN_01165,garden-a,dev-001,chili,loam,2025-12-25 06:30:00+07:00,0.6262453300124533,0.5259643773759672,0.6927236971484759,0.5128205128205131,0.3798076923076923,0.6057692307692307,0.5474137931034483,0.5824606015993574,0.5822725861533685,0.46250022782364625,0.8618421052631576
SYN_01166,garden-b,dev-001,default,loam,2025-12-25 07:00:00+07:00,0.5353362391033624,0.35692093938750696,0.6494591937069814,0.5705128205128207,0.5384615384615384,0.6634615384615384,0.6336206896551724,0.66543982333456,0.6653213287798819,0.49064100461115057,0.6557017543859647
SYN_01167,garden-c,dev-003,rice,loam,2025-12-25 07:30:00+07:00,0.3379514321295144,0.5255012446691495,0.3166175024582104,0.8461538461538464,0.4519230769230769,0.2403846153846154,0.3017241379310345,0.37501254726135097,0.37488357652902826,0.3493538921391729,0.5679824561403511
SYN_01168,garden-a,dev-004,default,clay,2025-12-25 08:00:00+07:00,0.5334682440846825,0.4568032264911908,0.6061946902654868,0.29487179487179505,0.36538461538461536,0.5288461538461539,0.6336206896551724,0.3123766185967142,0.3123253647935424,0.2722219184573605,0.6381578947368418
SYN_01169,garden-a,dev-003,rice,clay,2025-12-25 08:30:00+07:00,0.438200498132005,0.8036896238976476,0.8549655850540806,0.24679487179487214,0.7788461538461539,0.7692307692307693,0.978448275862069,0.6084250677552111,0.60835144365104,0.6193887035923232,0.3092105263157897
SYN_01170,garden-a,dev-003,default,clay,2025-12-25 09:00:00+07:00,0.5658468244084683,0.44815808263059376,0.3928220255653884,0.47756410256410275,0.5528846153846154,0.5288461538461539,0.47413793103448276,0.34101783384080026,0.3410431542999068,0.3808482329997995,0.7171052631578945
SYN_01171,garden-b,dev-002,tomato,clay,2025-12-25 09:30:00+07:00,0.023505603985056116,0.3831651261071766,0.5850540806293019,0.637820512820513,0.4807692307692308,0.4423076923076923,0.38362068965517243,0.4941278816876902,0.4941012108040981,0.459584085151366,0.6469298245614032
SYN_01172,garden-b,dev-004,default,loam,2025-12-25 10:00:00+07:00,0.75326899128269,0.32558229289284263,0.34857423795476894,0.6442307692307693,0.4375,0.4519230769230769,0.3922413793103448,0.30622009569377984,0.3062713443030115,0.21112872947308944,0.34868421052631604
SYN_01173,garden-b,dev-003,default,sandy,2025-12-25 10:30:00+07:00,0.6623599003735988,0.3986028830010999,0.25172074729596855,0.21794871794871837,0.22115384615384615,0.3557692307692308,0.30603448275862066,0.20932177869976912,0.20925178515988824,0.2534127982211529,0.4407894736842108
SYN_01174,garden-a,dev-001,rice,clay,2025-12-25 11:00:00+07:00,0.7034557907845578,0.9697998880762624,0.732055063913471,0.32692307692307726,0.7259615384615384,0.5192307692307693,0.7327586206896551,0.4919864824171043,0.4917727413846631,0.5495470865912114,0.3092105263157897
SYN_01175,garden-a,dev-002,tomato,sandy,2025-12-25 11:30:00+07:00,0.8865193026151932,0.3058219640686208,0.45083579154375614,0.4070512820512824,0.30288461538461536,0.4807692307692308,0.36637931034482757,0.23528624485562283,0.23517541136293077,0.2604115406346255,0.4583333333333336
SYN_01176,garden-c,dev-001,tomato,clay,2025-12-25 12:00:00+07:00,0.5714508094645081,0.5676463209895602,0.7227138643067846,0.810897435897436,0.8461538461538461,0.8269230769230769,0.6293103448275862,0.6354602335463579,0.6352064576218565,0.6027666903603259,0.6118421052631582
SYN_01177,garden-a,dev-004,rice,loam,2025-12-25 12:30:00+07:00,0.3971046077210461,1.0,0.32055063913470994,0.5673076923076925,0.35096153846153844,0.4519230769230769,0.27155172413793105,0.14909492421454143,0.1490220428438373,0.11212568574917527,0.0635964912280709
SYN_01178,garden-a,dev-001,default,sandy,2025-12-25 13:00:00+07:00,0.6779265255292651,0.31631963875648866,0.6194690265486725,0.4423076923076924,0.5288461538461539,0.7211538461538461,0.5905172413793104,0.46736039080536684,0.4674014281279105,0.46308345635810233,0.5635964912280704
SYN_01179,garden-a,dev-004,default,clay,2025-12-25 13:30:00+07:00,0.7383250311332503,0.5968236815190752,0.8087512291052114,0.48717948717948745,0.7740384615384616,0.7307692307692307,0.6939655172413793,0.733964599993308,0.7339335610058987,0.7388047460221991,0.8486842105263156
SYN_01180,garden-a,dev-003,tomato,loam,2025-12-25 14:00:00+07:00,0.3149128268991283,0.6439088400455414,0.6799410029498525,0.35576923076923106,0.7115384615384616,0.6826923076923077,0.6896551724137931,0.7045203600227523,0.7044396150263893,0.617347403721727,0.7214912280701752
SYN_01181,garden-a,dev-004,tomato,sandy,2025-12-25 14:30:00+07:00,0.0888854296388544,0.1809305107967812,0.4257620452310718,0.3814102564102567,0.5288461538461539,0.41346153846153844,0.5172413793103449,0.4274768293907049,0.4271965228190003,0.4576885924143838,0.0635964912280709
SYN_01182,garden-c,dev-002,tomato,loam,2025-12-25 15:00:00+07:00,0.39461394769613956,0.05434090426661005,0.2502458210422812,0.3012820512820516,0.5144230769230769,0.46153846153846156,0.34913793103448276,0.3388764345702144,0.33886991617510087,0.3481874350702608,0.13815789473684234
SYN_01183,garden-a,dev-003,chili,loam,2025-12-25 15:30:00+07:00,0.43010585305105864,0.4617433086972463,0.34365781710914456,0.24358974358974372,0.46153846153846156,0.3557692307692308,0.6637931034482759,0.23100344631445108,0.23098416640794783,0.2596825049665555,0.5723684210526319
SYN_01184,garden-a,dev-002,chili,sandy,2025-12-25 16:00:00+07:00,0.36285803237858033,0.12890527006425964,0.24827925270403148,0.3814102564102567,0.40865384615384615,0.5192307692307693,0.3879310344827586,0.29738682370261316,0.29726792921452966,0.21827327902017607,0.12061403508771955
SYN_01185,garden-a,dev-003,tomato,clay,2025-12-25 16:30:00+07:00,0.5010896637608966,0.7885606221416027,0.7807276302851525,0.4519230769230771,0.8125,0.9903846153846154,0.771551724137931,0.8268477933549703,0.8266066438994101,0.8623033881932672,0.5942982456140353
SYN_01186,garden-c,dev-001,chili,clay,2025-12-25 17:00:00+07:00,0.436332503113325,0.7916481735203874,0.9862340216322517,0.3974358974358977,0.6105769230769231,0.7115384615384616,0.7672413793103449,1.0,1.0,0.8490349390343922,0.46710526315789497
SYN_01187,garden-c,dev-004,tomato,sandy,2025-12-25 17:30:00+07:00,0.42076587795765874,0.42345767160031644,0.22812192723697147,0.8814102564102564,0.4567307692307692,0.3557692307692308,0.375,0.3115735938702445,0.31154920832039734,0.2954052527019884,0.2785087719298248
SYN_01188,garden-b,dev-004,chili,sandy,2025-12-25 18:00:00+07:00,0.8821606475716066,0.3444163563034291,0.46853490658800395,0.41987179487179516,0.5288461538461539,0.46153846153846156,0.375,0.25482651319971894,0.25473455448618443,0.2685767401170102,0.4934210526315792
SYN_01189,garden-a,dev-001,default,loam,2025-12-25 18:30:00+07:00,0.3379514321295144,0.26367688774821013,0.48525073746312686,0.4519230769230771,0.4375,0.5961538461538461,0.625,0.42854752902599785,0.42843837317603223,0.42488198735123117,0.4539473684210529
SYN_01190,garden-a,dev-001,chili,sandy,2025-12-25 19:00:00+07:00,0.36285803237858033,0.24252716080353523,0.1376597836774828,0.6891025641025643,0.23076923076923078,0.25,0.08189655172413793,0.15739284638806167,0.15740453275380317,0.07261195253977801,0.2785087719298248
SYN_01191,garden-a,dev-001,default,loam,2025-12-25 19:30:00+07:00,0.4923723536737236,0.1664190193164933,0.5501474926253688,0.4038461538461539,0.47596153846153844,0.6442307692307693,0.5603448275862069,0.6504500284404588,0.6501086619062403,0.7405544316255672,0.3750000000000002
SYN_01192,garden-b,dev-002,default,clay,2025-12-25 20:00:00+07:00,0.5415628891656289,0.38440014665869043,0.7045231071779744,0.4743589743589746,0.7259615384615384,0.6634615384615384,0.6810344827586207,0.7411918225315353,0.7409189692642036,0.726265332531394,0.598684210526316
SYN_01193,garden-c,dev-003,default,loam,2025-12-25 20:30:00+07:00,0.23707970112079704,0.38285637096929814,0.46853490658800395,0.39423076923076955,0.5,0.5480769230769231,0.6336206896551724,0.5366881921905844,0.5366345855324433,0.47445641277999523,0.5460526315789476
SYN_01194,garden-c,dev-001,default,sandy,2025-12-25 21:00:00+07:00,0.9531444582814443,0.4432180004245383,0.49065880039331367,0.4455128205128208,0.3701923076923077,0.4423076923076923,0.3275862068965517,0.456118044634791,0.4559143123253648,0.4537517998068055,0.5372807017543862
SYN_01195,garden-b,dev-002,rice,clay,2025-12-25 21:30:00+07:00,0.5110523038605229,0.8760927037301479,0.688298918387414,0.21474358974358992,0.5480769230769231,0.6153846153846154,0.5818965517241379,0.506440927493559,0.5062092517851599,0.5113456175843403,0.3574561403508774
SYN_01196,garden-a,dev-004,default,loam,2025-12-25 22:00:00+07:00,0.4892590286425903,0.534455143667625,0.3254670599803343,0.18589743589743615,0.5480769230769231,0.41346153846153844,0.646551724137931,0.3220129153143506,0.32194970506054016,0.2675560901817121,0.5504385964912283
SYN_01197,garden-c,dev-002,tomato,sandy,2025-12-25 22:30:00+07:00,0.5403175591531756,0.34379884602767213,0.316125860373648,0.5288461538461541,0.36538461538461536,0.5192307692307693,0.2801724137931034,0.3616288018201893,0.36153368519093443,0.3649552554358722,0.2916666666666669
SYN_01198,garden-a,dev-002,chili,loam,2025-12-25 23:00:00+07:00,0.7314757160647573,0.6540977595955307,0.5634218289085545,0.8814102564102564,0.4951923076923077,0.49038461538461536,0.5905172413793104,0.4349717268377555,0.4349580875504501,0.3159640585415641,0.44956140350877216
SYN_01199,garden-b,dev-001,default,sandy,2025-12-25 23:30:00+07:00,0.3130448318804483,0.3079832500337701,0.30678466076696165,0.44871794871794896,0.16826923076923078,0.40384615384615385,0.27155172413793105,0.15391307257335962,0.15398944427196523,0.1767182459401826,0.11622807017543885
SYN_01200,garden-a,dev-001,chili,loam,2025-12-26 00:00:00+07:00,0.18664383561643846,0.32558229289284263,0.42281219272369713,0.5641025641025641,0.3173076923076923,0.47115384615384615,0.5129310344827587,0.42319403084953316,0.4231605091586464,0.49691071135655307,0.4539473684210529
SYN_01201,garden-a,dev-002,default,loam,2025-12-26 00:30:00+07:00,0.3354607721046076,0.3739024719708226,0.42428711897738447,0.7596153846153847,0.5192307692307693,0.5192307692307693,0.3620689655172414,0.38384581925251776,0.3837317603228811,0.26434833324220386,0.598684210526316
SYN_01202,garden-b,dev-002,default,clay,2025-12-26 01:00:00+07:00,0.5533935242839351,0.25765616255958007,0.8269419862340216,0.3589743589743592,0.7644230769230769,0.7692307692307693,0.9525862068965517,0.8707464784019807,0.8705371002794162,0.9223759272422402,0.5899122807017546
SYN_01203,garden-a,dev-004,chili,clay,2025-12-26 01:30:00+07:00,0.7296077210460772,0.46575712548966636,0.44936086529006886,0.432692307692308,0.6105769230769231,0.5,0.23706896551724138,0.5208953725700136,0.5209562247749145,0.4928281116153607,0.41447368421052655
SYN_01204,garden-a,dev-002,chili,loam,2025-12-26 02:00:00+07:00,0.1773038605230386,0.40138167924200613,0.5835791543756146,0.31410256410256443,0.7596153846153846,0.8557692307692307,0.5517241379310345,0.6916719643992371,0.6915554175721825,0.6433010735050212,0.4934210526315792
SYN_01205,garden-a,dev-001,default,sandy,2025-12-26 02:30:00+07:00,0.5421855541718554,0.2232299646861311,0.5245821042281219,0.6858974358974361,0.4567307692307692,0.4807692307692308,0.6163793103448276,0.5128651253053166,0.5127289661595777,0.49691071135655307,0.3092105263157897
SYN_01206,garden-c,dev-003,chili,loam,2025-12-26 03:00:00+07:00,0.15862391033623904,0.4674552787479979,0.43756145526057033,0.6891025641025643,0.38461538461538464,0.5961538461538461,0.3275862068965517,0.2264529728644561,0.22632722756907792,0.21710682195126396,0.6688596491228068
SYN_01207,garden-c,dev-004,tomato,loam,2025-12-26 03:30:00+07:00,0.6399439601494396,0.4254645799965265,0.3525073746312684,0.71474358974359,0.28365384615384615,0.40384615384615385,0.2672413793103448,0.2382306688526784,0.2381248059608817,0.28359487487925344,0.4714912280701757
SYN_01208,garden-a,dev-001,default,sandy,2025-12-26 04:00:00+07:00,0.11005603985056049,0.1846355724513228,0.43461160275319566,0.34615384615384637,0.5913461538461539,0.4519230769230769,0.7068965517241379,0.5669354568876099,0.5669046879850977,0.5090127034465161,0.2785087719298248
SYN_01209,garden-b,dev-003,tomato,loam,2025-12-26 04:30:00+07:00,0.5577521793275216,0.35105459176781606,0.2871189773844641,0.40064102564102577,0.5769230769230769,0.5384615384615384,0.5474137931034483,0.5492689129052765,0.5490530891027631,0.5027429967011136,0.032894736842106
SYN_01210,garden-b,dev-001,default,loam,2025-12-26 05:00:00+07:00,0.9543897882938978,0.42669960054804035,0.4287118977384464,0.3076923076923079,0.6394230769230769,0.6057692307692307,0.36637931034482757,0.32174524040552743,0.3216392424712821,0.3112982302659157,0.651315789473684
SYN_01211,garden-a,dev-004,default,loam,2025-12-26 05:30:00+07:00,0.37157534246575347,0.3881052083132321,0.6017699115044248,0.37500000000000017,0.5288461538461539,0.6923076923076923,0.5905172413793104,0.48288553551711433,0.4826140950015523,0.46760347750013664,0.5460526315789476
SYN_01212,garden-a,dev-002,tomato,clay,2025-12-26 06:00:00+07:00,0.560865504358655,0.49369946546766746,0.6499508357915438,0.30448717948717974,0.5336538461538461,0.5865384615384616,0.6853448275862069,0.5291932947435338,0.5290282520956224,0.5705433138316292,0.541666666666667
SYN_01213,garden-c,dev-004,rice,sandy,2025-12-26 06:30:00+07:00,0.469956413449564,0.6774087725053549,0.30383480825958703,0.2628205128205131,0.27884615384615385,0.21153846153846154,0.15948275862068967,0.15632214675276873,0.1561626823967712,0.2612863834363096,0.41885964912280726
SYN_01214,garden-a,dev-002,rice,clay,2025-12-26 07:00:00+07:00,0.6642278953922789,0.6375793597190328,0.7350049164208456,0.6314102564102564,0.7163461538461539,0.7211538461538461,0.7413793103448276,0.7144243316492119,0.714374417882645,0.7819636575719467,0.39692982456140374
SYN_01215,garden-a,dev-004,rice,loam,2025-12-26 07:30:00+07:00,0.5533935242839351,0.633102410219795,0.6784660766961652,0.4423076923076924,0.6586538461538461,0.7788461538461539,0.853448275862069,0.6260916117375447,0.6258925799441167,0.6344068383545665,0.7214912280701752
SYN_01216,garden-c,dev-002,default,loam,2025-12-26 08:00:00+07:00,0.5235056039850561,0.45664884892225155,0.37069813176007865,0.9903846153846153,0.3701923076923077,0.5480769230769231,0.3146551724137931,0.3115735938702445,0.31154920832039734,0.22308491442943845,0.4714912280701757
SYN_01217,garden-a,dev-002,default,clay,2025-12-26 08:30:00+07:00,0.6231320049813199,0.6497751876652322,0.4016715830875123,0.7628205128205128,0.4375,0.46153846153846156,0.4353448275862069,0.3653762505437146,0.3652592362620304,0.314505987205424,0.3442982456140353
SYN_01218,garden-a,dev-003,rice,loam,2025-12-26 09:00:00+07:00,0.6169053549190536,0.795970745450686,0.4606686332350049,0.28846153846153877,0.3605769230769231,0.4807692307692308,0.5948275862068966,0.2045036303409509,0.2044396150263893,0.24174822753203198,0.2960526315789476
SYN_01219,garden-c,dev-002,rice,clay,2025-12-26 09:30:00+07:00,0.6692092154420922,0.7880974894347851,0.45083579154375614,0.5993589743589745,0.3317307692307692,0.4230769230769231,0.5689655172413793,0.22912972195268844,0.22912139087239985,0.05030346109683415,0.39692982456140374
SYN_01220,garden-a,dev-004,chili,sandy,2025-12-26 10:00:00+07:00,0.6069427148194272,0.27263078674668567,0.13372664700098327,0.3012820512820516,0.2403846153846154,0.27884615384615385,0.15517241379310345,0.0869943453675511,0.08708475628686742,0.17526017460404247,0.3399122807017546
SYN_01221,garden-c,dev-002,default,sandy,2025-12-26 10:30:00+07:00,0.6785491905354919,0.21041662646417475,0.051622418879056046,0.3301282051282054,0.0,0.0,0.20689655172413793,0.0,0.0,0.0,0.0
SYN_01222,garden-b,dev-004,rice,loam,2025-12-26 11:00:00+07:00,0.327988792029888,0.6065494683622469,0.5486725663716814,0.4711538461538462,0.6826923076923077,0.6826923076923077,0.8060344827586207,0.4681634155318365,0.4680223533064265,0.5460477153844752,0.5372807017543862
SYN_01223,garden-b,dev-003,rice,clay,2025-12-26 11:30:00+07:00,0.6636052303860523,0.7326759421856004,0.8820058997050148,0.5096153846153847,0.7548076923076923,0.9423076923076923,0.771551724137931,0.987720413557734,0.9874262651350512,1.0,0.4758771929824564
SYN_01224,garden-c,dev-003,chili,clay,2025-12-26 12:00:00+07:00,0.5577521793275216,0.8487678740279037,0.7915437561455261,0.42948717948717957,0.6057692307692307,0.75,0.6681034482758621,0.6900659149462975,0.6898478733312635,0.6198261249931653,0.31798245614035114
SYN_01225,garden-b,dev-003,default,loam,2025-12-26 12:30:00+07:00,0.6000933997509339,0.5014183439146291,0.5363815142576205,0.5288461538461541,0.27403846153846156,0.49038461538461536,0.30603448275862066,0.30434637133201714,0.30425333747283456,0.30940273752893355,0.7127192982456138
SYN_01226,garden-b,dev-002,rice,sandy,2025-12-26 13:00:00+07:00,0.43944582814445826,0.49231006734721444,0.31465093411996065,0.2724358974358978,0.4182692307692308,0.5384615384615384,0.4827586206896552,0.3238866396761133,0.32381248059608814,0.33870997138535,0.4934210526315792
SYN_01227,garden-a,dev-001,default,loam,2025-12-26 13:30:00+07:00,0.3578767123287672,0.5523629416645761,0.31563421828908556,0.43910256410256426,0.375,0.3942307692307692,0.5517241379310345,0.4523705959112657,0.4523439925488978,0.617639017988955,0.5635964912280704
SYN_01228,garden-c,dev-002,default,loam,2025-12-26 14:00:00+07:00,0.31989414694894136,0.3408656722178267,0.3554572271386431,0.5192307692307694,0.3894230769230769,0.3269230769230769,0.3448275862068966,0.12901930605279885,0.12899720583669666,0.24568502013961033,0.7697368421052629
SYN_01229,garden-c,dev-004,rice,sandy,2025-12-26 14:30:00+07:00,0.7401930261519302,0.6908396210030682,0.523598820058997,0.5961538461538464,0.3894230769230769,0.5865384615384616,0.46551724137931033,0.38063372034663895,0.3806271344303011,0.28228261067672733,0.4934210526315792
SYN_01230,garden-c,dev-004,chili,loam,2025-12-26 15:00:00+07:00,0.5160336239103362,0.4578838694737654,0.2232055063913471,0.525641025641026,0.24519230769230768,0.4230769230769231,0.4827586206896552,0.2518820892026633,0.25178515988823347,0.2582244336304153,0.4583333333333336
SYN_01231,garden-c,dev-004,tomato,loam,2025-12-26 15:30:00+07:00,0.37593399750934003,0.30258003512089693,0.4832841691248771,0.7852564102564104,0.6586538461538461,0.33653846153846156,0.39655172413793105,0.4871683340582861,0.4869605712511642,0.46920735596989077,0.37938596491228094
SYN_01232,garden-b,dev-003,rice,loam,2025-12-26 16:00:00+07:00,0.47493773349937735,0.6811138341598965,0.35103244837758113,0.4455128205128208,0.3942307692307692,0.40384615384615385,0.5172413793103449,0.16729681801452134,0.16718410431543,0.17700986020741064,0.46710526315789497
SYN_01233,garden-b,dev-003,default,clay,2025-12-26 16:30:00+07:00,0.3018368617683686,0.4459967966654445,0.6868239921337267,0.41025641025641046,0.7211538461538461,0.625,0.771551724137931,0.7781309599491417,0.777864017385905,0.7078936336960285,0.7785087719298244
SYN_01234,garden-b,dev-003,rice,loam,2025-12-26 17:00:00+07:00,0.2669676214196763,0.47857046371162265,0.6538839724680433,0.36217948717948734,0.7884615384615384,0.7307692307692307,0.6551724137931034,0.8091812493726367,0.8089102763117043,0.8012101992089963,0.6864035087719296
SYN_01235,garden-c,dev-002,chili,loam,2025-12-26 17:30:00+07:00,0.44069115815691157,0.450319368595743,0.2915437561455261,0.0,0.28365384615384615,0.38461538461538464,0.44396551724137934,0.4312242781142302,0.4310773051847252,0.36670494103924034,0.30043859649122834
SYN_01236,garden-a,dev-003,default,loam,2025-12-26 18:00:00+07:00,0.5702054794520549,0.6610447501977962,0.42035398230088494,0.34294871794871823,0.46634615384615385,0.41346153846153844,0.4827586206896552,0.21869040050858232,0.21872089413225707,0.19261122350410992,0.5285087719298248
SYN_01237,garden-b,dev-003,default,clay,2025-12-26 18:30:00+07:00,0.7165317559153175,0.3952065764844368,0.33136676499508355,0.41987179487179516,0.4807692307692308,0.47115384615384615,0.34051724137931033,0.29604844915849693,0.2960260788574977,0.2525379554194689,0.5197368421052634
SYN_01238,garden-b,dev-002,default,sandy,2025-12-26 19:00:00+07:00,0.44069115815691157,0.39783099515640374,0.4582104228121927,0.6955128205128206,0.4855769230769231,0.6634615384615384,0.4525862068965517,0.5463244889082208,0.5462589257994411,0.5432773798458089,0.44517543859649145
SYN_01239,garden-b,dev-004,rice,clay,2025-12-26 19:30:00+07:00,0.438200498132005,0.8875166438316512,0.7266470009832842,0.733974358974359,0.4951923076923077,0.6730769230769231,0.7198275862068966,0.531602368922943,0.5313567215150574,0.4528769570051214,0.35307017543859676
SYN_01240,garden-c,dev-002,default,loam,2025-12-26 20:00:00+07:00,0.7688356164383563,0.41543003801547634,0.11455260570304818,0.4455128205128208,0.2403846153846154,0.23076923076923078,0.36637931034482757,0.15311004784688992,0.15305805650419124,0.17963438861246284,0.39254385964912303
SYN_01241,garden-a,dev-001,tomato,loam,2025-12-26 20:30:00+07:00,0.45812577833125784,0.36108913374886625,0.3343166175024582,0.5192307692307694,0.6346153846153846,0.375,0.4267241379310345,0.4108809850436644,0.4107420055883266,0.33010735050212325,0.2960526315789476
SYN_01242,garden-c,dev-002,chili,loam,2025-12-26 21:00:00+07:00,0.5527708592777086,0.3360799675807105,0.3952802359882006,0.5705128205128207,0.5288461538461539,0.5384615384615384,0.44396551724137934,0.46762806571419,0.4675566594225396,0.3971786319645689,0.36622807017543885
SYN_01243,garden-c,dev-003,rice,sandy,2025-12-26 21:30:00+07:00,0.7457970112079699,0.6168927654811756,0.40117994100294985,0.8493589743589745,0.5625,0.375,0.521551724137931,0.35895205273195696,0.3588947531822415,0.3096943517961616,0.6644736842105261
SYN_01244,garden-b,dev-001,chili,sandy,2025-12-26 22:00:00+07:00,0.7183997509339975,0.20810096293008626,0.36234021632251723,0.4615384615384618,0.5144230769230769,0.3942307692307692,0.5517241379310345,0.3817044199819319,0.38155852219807507,0.4311516940966336,0.38815789473684237
SYN_01245,garden-a,dev-003,chili,loam,2025-12-26 22:30:00+07:00,0.5851494396014943,0.4055498736033654,0.29891838741396265,0.7596153846153847,0.3125,0.25961538461538464,0.4353448275862069,0.10412553953223809,0.10400496740142812,0.12233218510215611,0.5460526315789476
SYN_01246,garden-c,dev-004,default,loam,2025-12-26 23:00:00+07:00,0.44878580323785794,0.27618147083228806,0.3407079646017699,0.22435897435897462,0.3317307692307692,0.4326923076923077,0.4396551724137931,0.4507645464583263,0.4506364483079789,0.3076530519255654,0.260964912280702
SYN_01247,garden-c,dev-002,tomato,loam,2025-12-26 23:30:00+07:00,0.3541407222914072,0.37961444202157424,0.5545722713864307,0.025641025641025942,0.6875,0.6730769230769231,0.6508620689655172,0.47539063807006376,0.4753182241539894,0.3204840796835985,0.5504385964912283
SYN_01248,garden-a,dev-003,default,sandy,2025-12-27 00:00:00+07:00,0.5347135740971358,0.4131143744813878,0.4424778761061947,0.7115384615384616,0.375,0.5192307692307693,0.4956896551724138,0.3766185967142904,0.37659112076994716,0.22046038602438622,0.43201754385964936
SYN_01249,garden-b,dev-003,chili,loam,2025-12-27 00:30:00+07:00,0.45252179327521797,0.11917948322108798,0.5191740412979351,0.38461538461538486,0.5288461538461539,0.5384615384615384,0.603448275862069,0.4727138889818314,0.4725240608506675,0.5225727668726192,0.43640350877193007
SYN_01250,garden-a,dev-002,tomato,sandy,2025-12-27 01:00:00+07:00,0.6144146948941468,0.32002470041103026,0.24139626352015733,0.6250000000000001,0.2548076923076923,0.4230769230769231,0.1896551724137931,0.15311004784688992,0.15305805650419124,0.08821331583647729,0.5504385964912283
SYN_01251,garden-b,dev-003,chili,loam,2025-12-27 01:30:00+07:00,0.4923723536737236,0.26367688774821013,0.45083579154375614,0.4743589743589746,0.5576923076923077,0.5865384615384616,0.4870689655172414,0.5168802489376652,0.5169202111145607,0.5262179452129695,0.6074561403508775
SYN_01252,garden-a,dev-002,rice,clay,2025-12-27 02:00:00+07:00,0.6374533001245329,0.6823488547114104,0.6612586037364798,0.3365384615384617,0.8317307692307693,0.8269230769230769,0.4870689655172414,0.8943018703784252,0.8939770257683948,0.918293327501048,0.31359649122807043
SYN_01253,garden-a,dev-002,default,loam,2025-12-27 02:30:00+07:00,0.43944582814445826,0.3623241543003801,0.4095378564405113,0.5737179487179488,0.6490384615384616,0.41346153846153844,0.6551724137931034,0.6362632582728275,0.6361378453896305,0.5784168990467858,0.36622807017543885
SYN_01254,garden-b,dev-004,rice,clay,2025-12-27 03:00:00+07:00,0.4288605230386051,0.8708438663862139,0.9036381514257621,0.7628205128205128,0.8125,0.7788461538461539,0.9353448275862069,0.8595041322314048,0.8593604470661285,0.6625476151420707,0.2872807017543862
SYN_01255,garden-c,dev-002,default,loam,2025-12-27 03:30:00+07:00,0.29000622665006237,0.6971691013295767,0.4808259587020649,0.5576923076923078,0.46634615384615385,0.4326923076923077,0.44396551724137934,0.5655970823434937,0.5653523750388078,0.46760347750013664,0.6557017543859647
SYN_01256,garden-c,dev-002,default,sandy,2025-12-27 04:00:00+07:00,0.6953611457036114,0.26228748962775705,0.2551622418879056,0.36217948717948734,0.27884615384615385,0.3269230769230769,0.39655172413793105,0.17265031619098603,0.1726171996274449,0.20996227240417734,0.33552631578947395
SYN_01257,garden-a,dev-002,chili,clay,2025-12-27 04:30:00+07:00,0.3174034869240348,0.1301402906157735,0.37364798426745327,0.40064102564102577,0.4230769230769231,0.3942307692307692,0.38362068965517243,0.18603406163214775,0.18596709096553865,0.29117684582718206,0.0635964912280709
SYN_01258,garden-c,dev-002,chili,loam,2025-12-27 05:00:00+07:00,0.3497820672478206,0.31060766870573703,0.20894788593903638,0.37179487179487203,0.4375,0.2980769230769231,0.0603448275862069,0.2451902164820825,0.24511021421918658,0.2841781034137095,0.37061403508771956
SYN_01259,garden-b,dev-003,default,clay,2025-12-27 05:30:00+07:00,0.4923723536737236,0.7613901700082978,0.688298918387414,0.5480769230769231,0.5865384615384616,0.6923076923076923,0.6896551724137931,0.5776424532405393,0.5776156473144985,0.5218437312045492,0.38815789473684237
SYN_01260,garden-b,dev-002,default,clay,2025-12-27 06:00:00+07:00,0.74953300124533,0.36000849076629166,0.8225172074729596,0.5160256410256413,1.0,0.7788461538461539,0.9008620689655172,0.8297922173520259,0.8295560384973609,0.8207483551132738,0.5899122807017546
SYN_01261,garden-c,dev-003,chili,loam,2025-12-27 06:30:00+07:00,0.699719800747198,0.4256189575654657,0.4469026548672566,0.48717948717948745,0.36538461538461536,0.49038461538461536,0.45689655172413796,0.4748552882524173,0.4746972989754734,0.4814551551934678,0.46271929824561425
SYN_01262,garden-b,dev-002,rice,loam,2025-12-27 07:00:00+07:00,0.280043586550436,0.7797611007120665,0.6499508357915438,0.9198717948717949,0.6826923076923077,0.7307692307692307,0.5517241379310345,0.5805868772375948,0.5804098106178205,0.5867279056627845,0.4057017543859652
SYN_01263,garden-b,dev-001,chili,sandy,2025-12-27 07:30:00+07:00,0.6225093399750935,0.17691669400436116,0.3815142576204523,0.6891025641025643,0.40384615384615385,0.5480769230769231,0.4482758620689655,0.49948137986415486,0.4993790748214839,0.4920990759472907,0.36622807017543885
SYN_01264,garden-b,dev-002,tomato,clay,2025-12-27 08:00:00+07:00,0.7327210460772104,0.5895679357789313,0.47099311701081614,0.7724358974358975,0.46634615384615385,0.5,0.6939655172413793,0.429885903570114,0.42968022353306423,0.4729983414438551,0.39254385964912303
SYN_01265,garden-b,dev-002,default,loam,2025-12-27 08:30:00+07:00,0.6667185554171854,0.47208660581617484,0.3338249754178958,0.6410256410256411,0.42788461538461536,0.38461538461538464,0.40948275862068967,0.392143741426038,0.3921142502328469,0.40694770991670765,0.6074561403508775
SYN_01266,garden-a,dev-001,rice,clay,2025-12-27 09:00:00+07:00,0.4587484433374843,0.8994037166399721,0.9695181907571289,0.3076923076923079,0.8942307692307693,0.9903846153846154,0.9482758620689655,0.760196741057985,0.7600124185035703,0.7584887090600907,0.16885964912280726
SYN_01267,garden-a,dev-003,default,loam,2025-12-27 09:30:00+07:00,0.12562266500622674,0.35784720480114235,0.34759095378564403,0.44871794871794896,0.3701923076923077,0.5288461538461539,0.4051724137931034,0.2435841670291431,0.24340266997826762,0.30663240199026737,0.5328947368421055
SYN_01268,garden-b,dev-003,chili,sandy,2025-12-27 10:00:00+07:00,0.49174968866749685,0.05619343509388085,0.13864306784660768,0.4615384615384618,0.27403846153846156,0.3942307692307692,0.25,0.2604476862850068,0.2604781123874573,0.22337652869666647,0.076754385964913
SYN_01269,garden-c,dev-004,default,loam,2025-12-27 10:30:00+07:00,0.3933686176836863,0.3365431002875282,0.6022615535889873,0.2788461538461541,0.6057692307692307,0.6153846153846154,0.6551724137931034,0.678020544049252,0.6780502949394597,0.6524869229227039,0.6337719298245612
SYN_01270,garden-b,dev-002,rice,loam,2025-12-27 11:00:00+07:00,0.5446762141967622,0.6540977595955307,0.7492625368731564,0.4743589743589746,0.7980769230769231,0.8269230769230769,0.6939655172413793,0.7494897447050556,0.7491462278795404,0.641113966500811,0.6557017543859647
SYN_01271,garden-c,dev-001,tomato,clay,2025-12-27 11:30:00+07:00,0.8061955168119549,0.7227957777734895,0.29400196656833827,0.6314102564102564,0.40384615384615385,0.3942307692307692,0.33620689655172414,0.1755947401880416,0.17556659422539583,0.18255053128474308,0.3223684210526318
SYN_01272,garden-a,dev-001,default,loam,2025-12-27 12:00:00+07:00,0.8485367372353672,0.5426371548214044,0.5058997050147492,0.5320512820512822,0.4567307692307692,0.5192307692307693,0.5172413793103449,0.4320273028406999,0.4318534616578702,0.5470683653197732,0.5679824561403511
SYN_01273,garden-b,dev-002,chili,sandy,2025-12-27 12:30:00+07:00,0.5029576587795765,0.25148105980201074,0.24926253687315633,0.387820512820513,0.4423076923076923,0.3269230769230769,0.5387931034482759,0.19540268344096093,0.1954361999379075,0.2939471813658483,0.2390350877192985
SYN_01274,garden-c,dev-002,default,loam,2025-12-27 13:00:00+07:00,0.36285803237858033,0.2641400204550279,0.27925270403146507,0.46794871794871806,0.5240384615384616,0.47115384615384615,0.5344827586206896,0.41596680831130584,0.4157094070164545,0.3713707693148887,0.38377192982456165
SYN_01275,garden-a,dev-004,default,clay,2025-12-27 13:30:00+07:00,0.31242216687422175,0.1850987051581405,0.4183874139626352,0.8525641025641026,0.6826923076923077,0.4519230769230769,0.5387931034482759,0.6729347207816105,0.6729276622167029,0.7991688993384001,0.09429824561403533
SYN_01276,garden-b,dev-002,tomato,clay,2025-12-27 14:00:00+07:00,0.4213885429638855,0.5772177302637926,0.4665683382497542,0.5801282051282054,0.47596153846153844,0.5288461538461539,0.521551724137931,0.38919931742898245,0.38916485563489595,0.35227003481145314,0.598684210526316
SYN_01277,garden-a,dev-001,tomato,loam,2025-12-27 14:30:00+07:00,0.3230074719800747,0.1664190193164933,0.45968534906588004,0.3782051282051286,0.4423076923076923,0.34615384615384615,0.35344827586206895,0.44996152173185655,0.4500155231294629,0.3882843968141141,0.3267543859649125
SYN_01278,garden-c,dev-001,tomato,loam,2025-12-27 15:00:00+07:00,0.16173723536737233,0.6148858570849655,0.5904621435594887,0.5160256410256413,0.5576923076923077,0.5,0.3017241379310345,0.38250744470840153,0.3824899099658491,0.4413581934496145,0.8004385964912278
SYN_01279,garden-c,dev-003,tomato,loam,2025-12-27 15:30:00+07:00,0.49299501867995016,0.4932363327608499,0.6676499508357916,0.7019230769230771,0.6442307692307693,0.7980769230769231,0.5474137931034483,0.6429551309934083,0.6428127910586774,0.5720013851677693,0.8793859649122805
SYN_01280,garden-a,dev-003,chili,loam,2025-12-27 16:00:00+07:00,0.36285803237858033,0.6122614384129985,0.5058997050147492,0.47756410256410275,0.375,0.4230769230769231,0.6637931034482759,0.4625422424465486,0.4624340266997826,0.5031804181019556,0.4407894736842108
SYN_01281,garden-b,dev-001,rice,loam,2025-12-27 16:30:00+07:00,0.6231320049813199,0.7717334671272263,0.5039331366764995,0.7820512820512822,0.5432692307692307,0.4807692307692308,0.6379310344827587,0.3867902432495733,0.386681154920832,0.31071500173145966,0.260964912280702
SYN_01282,garden-c,dev-001,rice,clay,2025-12-27 17:00:00+07:00,0.2445516811955169,0.8018370930703768,0.711897738446411,0.7820512820512822,0.8701923076923077,0.6442307692307693,0.6379310344827587,0.7470806705256465,0.7468177584601056,0.737346674686059,0.5153508771929827
SYN_01283,garden-c,dev-004,rice,loam,2025-12-27 17:30:00+07:00,0.48614570361145704,0.7621620578529938,0.2944936086529007,0.25961538461538497,0.3701923076923077,0.4326923076923077,0.14655172413793102,0.28694750225850696,0.2867122011797579,0.3581023201560136,0.41447368421052655
SYN_01284,garden-c,dev-003,default,loam,2025-12-27 18:00:00+07:00,0.5739414694894147,0.6737037108508134,0.47885939036381514,0.45833333333333365,0.41346153846153844,0.40384615384615385,0.4353448275862069,0.2417104426673804,0.24169512573734864,0.253704412488381,0.5372807017543862
SYN_01285,garden-c,dev-004,rice,loam,2025-12-27 18:30:00+07:00,0.6100560398505602,0.6114895505683023,0.7271386430678466,0.7628205128205128,0.75,0.625,0.7327586206896551,0.6346572088198882,0.6344303011487116,0.6032041117611678,0.6425438596491225
SYN_01286,garden-c,dev-003,rice,sandy,2025-12-27 19:00:00+07:00,0.436332503113325,0.5605449528183555,0.5211406096361848,0.7467948717948719,0.33653846153846156,0.4326923076923077,0.5862068965517241,0.31130591896142124,0.31123874573113935,0.35839393442324163,0.4714912280701757
SYN_01287,garden-b,dev-001,rice,loam,2025-12-27 19:30:00+07:00,0.3086861768368617,0.6459157484417514,0.5334316617502458,0.4647435897435899,0.5528846153846154,0.5769230769230769,0.5431034482758621,0.4869006591494629,0.4868053399565352,0.4451491789235788,0.6820175438596489
SYN_01288,garden-c,dev-003,rice,sandy,2025-12-27 20:00:00+07:00,0.4705790784557908,0.45927326759421855,0.45624385447394294,0.4711538461538462,0.4230769230769231,0.375,0.5474137931034483,0.40820423595543204,0.4082583048742626,0.5370076731004064,0.2741228070175441
SYN_01289,garden-c,dev-004,chili,loam,2025-12-27 20:30:00+07:00,0.8448007471980075,0.20485903398236235,0.4768928220255654,0.31730769230769257,0.33653846153846156,0.5961538461538461,0.5129310344827587,0.33539666075551233,0.3352995963986339,0.36408041263418806,0.5021929824561406
SYN_01290,garden-b,dev-003,rice,sandy,2025-12-27 21:00:00+07:00,0.3311021170610213,0.7464155458211922,0.4060963618485742,0.6858974358974361,0.2644230769230769,0.25961538461538464,0.3577586206896552,0.40686586141131587,0.40670599192797263,0.4403375435143164,0.2960526315789476
SYN_01291,garden-a,dev-002,default,sandy,2025-12-27 21:30:00+07:00,0.7962328767123288,0.49045753651994367,0.24385447394296952,0.3814102564102567,0.32211538461538464,0.2403846153846154,0.3620689655172414,0.16488774383511223,0.16501086619062402,0.2248346000328066,0.4758771929824564
SYN_01292,garden-a,dev-003,rice,loam,2025-12-27 22:00:00+07:00,0.4494084682440847,0.6297061037031318,0.35693215339233036,0.5064102564102566,0.30288461538461536,0.2692307692307692,0.3017241379310345,0.25268511392913307,0.25256131636137846,0.2515173054841708,0.5504385964912283
SYN_01293,garden-a,dev-003,rice,sandy,2025-12-27 22:30:00+07:00,0.843555417185554,0.5535979622160899,0.5850540806293019,0.41987179487179516,0.6730769230769231,0.5576923076923077,0.5129310344827587,0.39241141633486126,0.39226948152747587,0.39338764649060454,0.541666666666667
SYN_01294,garden-a,dev-004,rice,clay,2025-12-27 23:00:00+07:00,0.5185242839352427,1.0,0.9601769911504425,0.8846153846153846,1.0,0.8846153846153846,0.6724137931034483,0.9167865627195769,0.9166407947842286,0.7711739296845097,0.08991228070175462
SYN_01295,garden-a,dev-003,default,loam,2025-12-27 23:30:00+07:00,0.6642278953922789,0.6922290191235213,0.7743362831858407,0.8076923076923078,0.7403846153846154,0.625,0.7068965517241379,0.7010405862080502,0.7008692952499224,0.6240545318679717,0.4758771929824564
SYN_01296,garden-c,dev-001,default,clay,2025-12-28 00:00:00+07:00,0.3267434620174347,0.7146137666197101,0.5978367748279253,0.7243589743589743,0.6586538461538461,0.5576923076923077,0.6551724137931034,0.5463244889082208,0.5462589257994411,0.5511509650609655,0.42763157894736864
SYN_01297,garden-c,dev-003,tomato,loam,2025-12-28 00:30:00+07:00,0.7426836861768369,0.6087107543273962,0.39085545722713866,0.5576923076923078,0.5769230769230769,0.3557692307692308,0.3922413793103448,0.29604844915849693,0.2960260788574977,0.26930577578508025,0.81359649122807
SYN_01298,garden-b,dev-001,default,loam,2025-12-28 01:00:00+07:00,0.5085616438356164,0.5108353756199224,0.5506391347099312,0.5897435897435898,0.40384615384615385,0.5576923076923077,0.7370689655172413,0.4812794860641749,0.48137224464452033,0.6624018080084568,0.5197368421052634
SYN_01299,garden-b,dev-002,chili,sandy,2025-12-28 01:30:00+07:00,0.5826587795765878,0.1696609482642172,0.275811209439528,0.6089743589743591,0.4230769230769231,0.27884615384615385,0.33189655172413796,0.22752367249974903,0.22741384663148093,0.21841908615379005,0.16008771929824586
SYN_01300,garden-b,dev-003,default,loam,2025-12-28 02:00:00+07:00,0.5552615193026151,0.3393218965284344,0.47935103244837757,0.6346153846153848,0.3317307692307692,0.5961538461538461,0.5431034482758621,0.4033860875966138,0.4032909034461347,0.4528769570051214,0.41885964912280726
SYN_01301,garden-b,dev-004,rice,sandy,2025-12-28 02:30:00+07:00,0.187266500622665,0.4617433086972463,0.21779744346116028,0.6121794871794873,0.27884615384615385,0.25961538461538464,0.39655172413793105,0.15177167330277377,0.15181620614715927,0.09856562232307216,0.5855263157894739
SYN_01302,garden-c,dev-004,chili,clay,2025-12-28 03:00:00+07:00,0.4612391033623911,0.9398506397020513,0.9060963618485742,0.5961538461538464,0.8173076923076923,0.9711538461538461,0.853448275862069,0.8324689664402581,0.832350201800683,0.7803597791021926,0.39692982456140374
SYN_01303,garden-c,dev-003,default,clay,2025-12-28 03:30:00+07:00,0.6424346201743463,0.7726597325408617,0.32055063913470994,0.4647435897435899,0.38461538461538464,0.4423076923076923,0.5043103448275862,0.3428915582025629,0.34290592983545476,0.3231086080886507,0.6557017543859647
SYN_01304,garden-c,dev-004,rice,sandy,2025-12-28 04:00:00+07:00,0.31802615193026157,0.49354508789872825,0.10471976401179942,0.4134615384615386,0.3317307692307692,0.10576923076923077,0.35344827586206895,0.014186770167631412,0.014281279105867737,0.14726520495015216,0.36622807017543885
SYN_01305,garden-a,dev-001,rice,sandy,2025-12-28 04:30:00+07:00,0.2613636363636364,0.6298604812720711,0.46017699115044247,0.2916666666666669,0.2644230769230769,0.38461538461538464,0.5991379310344828,0.2567002375614815,0.25675256131636137,0.16855304645779792,0.304824561403509
SYN_01306,garden-a,dev-003,chili,sandy,2025-12-28 05:00:00+07:00,0.4923723536737236,0.13075780089153047,0.39036381514257623,0.4358974358974361,0.4951923076923077,0.5384615384615384,0.3879310344827586,0.37367417271723485,0.37364172617199626,0.3828895328703956,0.20833333333333356
SYN_01307,garden-a,dev-001,tomato,clay,2025-12-28 05:30:00+07:00,0.5459215442092155,0.6431369522008451,0.7458210422812193,0.5576923076923078,0.8461538461538461,0.6153846153846154,0.6767241379310345,0.8206912704520358,0.8205526234088791,0.7067271766271165,0.5767543859649126
SYN_01308,garden-a,dev-003,tomato,clay,2025-12-28 06:00:00+07:00,0.6511519302615192,0.46822716659269403,0.8456243854473943,0.5384615384615388,0.7211538461538461,1.0,0.6422413793103449,0.9612205975842337,0.9610369450481216,0.9111487779539613,0.5065789473684214
SYN_01309,garden-b,dev-001,default,sandy,2025-12-28 06:30:00+07:00,0.4195205479452055,0.3595453580594739,0.41543756145526056,0.17948717948717988,0.47115384615384615,0.5096153846153846,0.4353448275862069,0.48422391006123056,0.4841664079478422,0.5136785317221645,0.3574561403508774
SYN_01310,garden-c,dev-004,chili,clay,2025-12-28 07:00:00+07:00,0.519769613947696,0.46035391057679315,0.5127826941986234,0.3685897435897439,0.7163461538461539,0.7019230769230769,0.6982758620689655,0.6568742262522165,0.6569388388699162,0.65307015145716,0.5723684210526319
SYN_01311,garden-a,dev-004,default,clay,2025-12-28 07:30:00+07:00,0.39648194271481935,0.774821018506011,0.6032448377581121,0.6025641025641026,0.5480769230769231,0.7019230769230769,0.6379310344827587,0.5150065245759025,0.5149022042843837,0.5746259135728214,0.2960526315789476
SYN_01312,garden-a,dev-003,tomato,loam,2025-12-28 08:00:00+07:00,0.31117683686176845,0.7126068582235,0.4941002949852507,0.8012820512820513,0.5144230769230769,0.40384615384615385,0.6637931034482759,0.37581557198782073,0.3756597330021732,0.4018444602402172,0.3223684210526318
SYN_01313,garden-b,dev-001,chili,loam,2025-12-28 08:30:00+07:00,0.5272415940224159,0.5329113679782328,0.3967551622418879,0.3205128205128207,0.6153846153846154,0.4807692307692308,0.47413793103448276,0.4312242781142302,0.4310773051847252,0.40228188164105927,0.6776315789473681
SYN_01314,garden-b,dev-001,tomato,clay,2025-12-28 09:00:00+07:00,0.17979452054794515,0.8683738252831863,0.4336283185840708,0.5576923076923078,0.32211538461538464,0.5,0.3922413793103448,0.4033860875966138,0.4032909034461347,0.3616016913627499,0.3442982456140353
SYN_01315,garden-a,dev-004,default,clay,2025-12-28 09:30:00+07:00,0.44504981320049813,0.7041160919318422,0.6735496558505408,0.4615384615384618,0.6923076923076923,0.625,0.7672413793103449,0.5313346940141197,0.5310462589257994,0.38405598993930773,0.6688596491228068
SYN_01316,garden-c,dev-004,chili,loam,2025-12-28 10:00:00+07:00,0.3472914072229141,0.44368113313135593,0.49803343166175024,0.6314102564102564,0.4567307692307692,0.5865384615384616,0.3448275862068966,0.4662896911700739,0.4661595777708785,0.604662183097308,0.7434210526315786
SYN_01317,garden-b,dev-002,rice,loam,2025-12-28 10:30:00+07:00,0.29934620174346205,0.9534358657687038,0.5108161258603736,0.3012820512820516,0.5144230769230769,0.5288461538461539,0.6508620689655172,0.3616288018201893,0.36153368519093443,0.4541892212076476,0.2785087719298248
SYN_01318,garden-b,dev-004,default,sandy,2025-12-28 11:00:00+07:00,0.5179016189290163,0.37282182898824795,0.45722713864306785,0.20833333333333368,0.5817307692307693,0.5,0.5646551724137931,0.4563857195436142,0.4562247749146227,0.45943827801775194,0.40131578947368446
SYN_01319,garden-a,dev-004,default,sandy,2025-12-28 11:30:00+07:00,0.4413138231631383,0.29177360529515056,0.24139626352015733,0.5160256410256413,0.09615384615384616,0.38461538461538464,0.1896551724137931,0.17104426673804662,0.17106488668115494,0.1876537809612335,0.3442982456140353
SYN_01320,garden-b,dev-004,default,loam,2025-12-28 12:00:00+07:00,0.5278642590286424,0.121186391617298,0.44198623402163223,0.33333333333333354,0.4519230769230769,0.5480769230769231,0.39655172413793105,0.47057248971124566,0.47050605402049045,0.4703738130388029,0.14692982456140374
SYN_01321,garden-b,dev-002,rice,sandy,2025-12-28 12:30:00+07:00,0.9774283935242837,0.6275448177379827,0.5496558505408063,0.08653846153846194,0.3269230769230769,0.5865384615384616,0.3232758620689655,0.4017800381436744,0.4015833592052157,0.40840578125284777,0.510964912280702
SYN_01322,garden-c,dev-001,default,sandy,2025-12-28 13:00:00+07:00,0.36534869240348683,0.3048956986549854,0.09980334316617502,0.5641025641025641,0.3173076923076923,0.19230769230769232,0.15086206896551724,0.080034797738147,0.08009934802856256,0.08821331583647729,0.43640350877193007
SYN_01323,garden-a,dev-001,default,sandy,2025-12-28 13:30:00+07:00,0.2856475716064758,0.20300650315509156,0.5093411996066863,0.8205128205128207,0.7307692307692307,0.7403846153846154,0.30603448275862066,0.540703315822933,0.5405153678981682,0.5517341935954215,0.44956140350877216
SYN_01324,garden-a,dev-001,default,sandy,2025-12-28 14:00:00+07:00,0.5540161892901618,0.28745103336485206,0.43411996066863323,0.19871794871794898,0.5336538461538461,0.625,0.5258620689655172,0.4392545253789272,0.439304563800062,0.40476060291249744,0.43201754385964936
SYN_01325,garden-a,dev-001,default,sandy,2025-12-28 14:30:00+07:00,0.43384184308841844,0.1696609482642172,0.19616519174041297,0.3493589743589745,0.30288461538461536,0.20192307692307693,0.7370689655172413,0.09636296717636429,0.09639863396460727,0.12510252064082233,0.37061403508771956
SYN_01326,garden-c,dev-003,default,loam,2025-12-28 15:00:00+07:00,0.7071917808219178,0.5596186874047201,0.5791543756145526,0.7660256410256413,0.6057692307692307,0.5096153846153846,0.5,0.6568742262522165,0.6567836075752871,0.5244682596096013,0.6864035087719296
SYN_01327,garden-c,dev-004,tomato,clay,2025-12-28 15:30:00+07:00,0.5247509339975094,0.6360355840296404,0.7522123893805309,0.6185897435897438,0.7980769230769231,0.7403846153846154,0.8189655172413793,0.7834844581256064,0.7831418814032909,0.8504930103705324,0.5372807017543862
SYN_01328,garden-a,dev-001,default,loam,2025-12-28 16:00:00+07:00,0.6474159402241594,0.4614345535593678,0.4277286135693215,0.5000000000000003,0.4855769230769231,0.5865384615384616,0.47844827586206895,0.3817044199819319,0.3817137534927041,0.2878232817540598,0.6557017543859647
SYN_01329,garden-a,dev-001,default,clay,2025-12-28 16:30:00+07:00,0.22275840597758406,0.3445707338723683,0.48475909537856443,0.9166666666666667,0.6057692307692307,0.5192307692307693,0.5172413793103449,0.5979857463111051,0.5979509469108971,0.6842728780505585,0.43640350877193007
SYN_01330,garden-c,dev-003,default,loam,2025-12-28 17:00:00+07:00,0.5739414694894147,0.44522490882074833,0.5688298918387414,0.6858974358974361,0.3076923076923077,0.6634615384615384,0.5775862068965517,0.4727138889818314,0.47267929214529647,0.44894016439754314,0.6074561403508775
SYN_01331,garden-b,dev-002,rice,sandy,2025-12-28 17:30:00+07:00,0.5396948941469489,0.488759383261612,0.37954768928220256,0.4519230769230771,0.25,0.27884615384615385,0.38362068965517243,0.1472211998527788,0.14700403601366036,0.29905043104233875,0.6250000000000002
SYN_01332,garden-b,dev-004,default,clay,2025-12-28 18:00:00+07:00,0.6716998754669987,0.09262654136353987,0.6204523107177975,0.5865384615384617,0.4182692307692308,0.6442307692307693,0.6336206896551724,0.6598186502492721,0.659577770878609,0.6463630233109154,0.4846491228070178
SYN_01333,garden-a,dev-003,default,clay,2025-12-28 18:30:00+07:00,0.40395392278953923,0.8385789544779143,0.8151425762045231,0.4423076923076924,0.8221153846153846,0.8269230769230769,0.728448275862069,0.6721316960551409,0.6719962744489288,0.6832522281152604,0.6162280701754388
SYN_01334,garden-c,dev-001,rice,sandy,2025-12-28 19:00:00+07:00,0.35351805728518065,0.4527894096987707,0.37954768928220256,0.13782051282051325,0.40865384615384615,0.5,0.6163793103448276,0.39053769197309857,0.3904067059919279,0.3766198261249932,0.5592105263157897
SYN_01335,garden-a,dev-004,tomato,loam,2025-12-28 19:30:00+07:00,0.3659713574097136,0.3538333880087223,0.10521140609636184,0.33333333333333354,0.12980769230769232,0.09615384615384616,0.3879310344827586,0.015525144711747575,0.015523129462899717,0.0,0.2478070175438599
SYN_01336,garden-a,dev-001,chili,sandy,2025-12-28 20:00:00+07:00,0.30930884184308843,0.5159298353949171,0.032940019665683384,0.33333333333333354,0.27884615384615385,0.3076923076923077,0.1939655172413793,0.0455047344999498,0.04563800062092518,0.05890608198006087,0.16008771929824586
SYN_01337,garden-c,dev-004,tomato,sandy,2025-12-28 20:30:00+07:00,0.5963574097135741,0.047702668802223035,0.1720747295968535,0.49679487179487186,0.36538461538461536,0.2692307692307692,0.29310344827586204,0.13383745441161707,0.1338093759701956,0.09637851531886198,0.08991228070175462
SYN_01338,garden-a,dev-004,default,loam,2025-12-28 21:00:00+07:00,0.594489414694894,0.25441423361185617,0.49262536873156343,0.6442307692307693,0.5673076923076923,0.5192307692307693,0.46120689655172414,0.6697226218757317,0.669667805029494,0.7113930049027647,0.5021929824561406
SYN_01339,garden-c,dev-002,default,loam,2025-12-28 21:30:00+07:00,0.11815068493150689,0.6780262827811119,0.400196656833825,0.2532051282051284,0.11538461538461539,0.36538461538461536,0.5129310344827587,0.21681667614681968,0.21670288730208012,0.16024203984179924,0.5021929824561406
SYN_01340,garden-a,dev-002,tomato,loam,2025-12-28 22:00:00+07:00,0.2875155666251556,0.3473495301132745,0.4872173058013766,0.698717948717949,0.6346153846153846,0.6538461538461539,0.8879310344827587,0.383042794526048,0.38295560384973604,0.42590263728652916,0.7171052631578945
SYN_01341,garden-a,dev-003,rice,loam,2025-12-28 22:30:00+07:00,0.4998443337484433,0.5603905752494162,0.47885939036381514,0.5512820512820513,0.5240384615384616,0.49038461538461536,0.7198275862068966,0.49974905477297815,0.49968953741074196,0.45404341407403354,0.6820175438596489
SYN_01342,garden-c,dev-001,default,sandy,2025-12-28 23:00:00+07:00,0.5596201743462017,0.3516721020435731,0.5098328416912488,0.4743589743589746,0.3942307692307692,0.33653846153846156,0.6206896551724138,0.28855355171144637,0.2884197454206768,0.205442251262143,0.36622807017543885
SYN_01343,garden-b,dev-004,default,loam,2025-12-28 23:30:00+07:00,0.4755603985056039,0.2185986376179541,0.2895771878072763,0.6666666666666667,0.2980769230769231,0.6057692307692307,0.3577586206896552,0.2880182018937999,0.28810928283141884,0.43173492263108965,0.21271929824561428
SYN_01344,garden-b,dev-004,chili,loam,2025-12-29 00:00:00+07:00,0.49361768368617687,0.5549873603365431,0.5958702064896755,0.34615384615384637,0.6778846153846154,0.6923076923076923,0.7155172413793104,0.7676916385050355,0.7674635206457622,0.8665317950680735,0.8092105263157893
SYN_01345,garden-a,dev-001,tomato,sandy,2025-12-29 00:30:00+07:00,0.3771793275217933,0.47424789178132415,0.2615535889872173,0.44871794871794896,0.4230769230769231,0.3076923076923077,0.0,0.15337772275571315,0.15321328779882026,0.10512694333570269,0.8399122807017542
SYN_01346,garden-c,dev-001,default,sandy,2025-12-29 01:00:00+07:00,0.6063200498132004,0.3434900908897937,0.26450344149459193,0.3589743589743592,0.42788461538461536,0.2692307692307692,0.49137931034482757,0.28855355171144637,0.2884197454206768,0.253266991087539,0.3267543859649125
SYN_01347,garden-b,dev-004,tomato,sandy,2025-12-29 01:30:00+07:00,0.2152864259028642,0.37899693174581733,0.40117994100294985,0.6506410256410258,0.6153846153846154,0.5192307692307693,0.47413793103448276,0.42533543012011904,0.42517851598882334,0.4483569358630871,0.21710526315789497
SYN_01348,garden-a,dev-002,rice,sandy,2025-12-29 02:00:00+07:00,0.24081569115815685,0.44136546959726747,0.4296951819075713,0.057692307692308153,0.5288461538461539,0.3942307692307692,0.4525862068965517,0.3188008164084718,0.31868984787333127,0.32354602948949274,0.6381578947368418
SYN_01349,garden-b,dev-002,default,sandy,2025-12-29 02:30:00+07:00,0.39834993773349936,0.34719515254433525,0.3913470993117011,0.43910256410256426,0.46153846153846156,0.5673076923076923,0.5517241379310345,0.39589119014956325,0.39583980130394286,0.4928281116153607,0.46271929824561425
SYN_01350,garden-a,dev-001,default,loam,2025-12-29 03:00:00+07:00,0.3205168119551681,0.0964859805870207,0.2944936086529007,0.2692307692307694,0.34615384615384615,0.49038461538461536,0.3922413793103448,0.23930136848797134,0.2392114250232847,0.2808245393405872,0.14254385964912306
SYN_01351,garden-a,dev-002,default,loam,2025-12-29 03:30:00+07:00,0.6766811955168118,0.48783311784797667,0.4724680432645034,0.525641025641026,0.5096153846153846,0.5288461538461539,0.5387931034482759,0.5436477398199885,0.5434647624961192,0.519510817066725,0.43201754385964936
SYN_01352,garden-a,dev-004,default,clay,2025-12-29 04:00:00+07:00,0.5652241594022416,0.5583836668532062,1.0,0.5897435897435898,0.8942307692307693,1.0,0.9310344827586207,1.0,1.0,0.9225217343758543,0.6162280701754388
SYN_01353,garden-c,dev-003,tomato,clay,2025-12-29 04:30:00+07:00,0.37780199252802005,0.8004476949499237,0.7925270403146509,0.48397435897435903,0.7884615384615384,0.5,0.8706896551724138,0.7414594974403586,0.7412294318534616,0.7647584158054932,0.41008771929824583
SYN_01354,garden-c,dev-001,rice,sandy,2025-12-29 05:00:00+07:00,0.4811643835616437,0.5414021342698906,0.21238938053097345,0.4519230769230771,0.1346153846153846,0.27884615384615385,0.3577586206896552,0.04898450831465185,0.04889785780813412,0.007581970947928627,0.4407894736842108
SYN_01355,garden-a,dev-002,chili,loam,2025-12-29 05:30:00+07:00,0.7837795765877955,0.33067675266783736,0.567354965585054,0.4134615384615386,0.5144230769230769,0.6634615384615384,0.5387931034482759,0.46548666644360415,0.4653834212977336,0.532925073359214,0.37938596491228094
SYN_01356,garden-c,dev-004,chili,loam,2025-12-29 06:00:00+07:00,0.843555417185554,0.40910055768896775,0.6356932153392331,0.5897435897435898,0.4230769230769231,0.47115384615384615,0.6681034482758621,0.45370897045538183,0.4535858429059298,0.3101317731970036,0.6469298245614032
SYN_01357,garden-b,dev-001,rice,sandy,2025-12-29 06:30:00+07:00,0.36348069738480704,0.2996468613110515,0.32694198623402165,0.432692307692308,0.4182692307692308,0.23076923076923078,0.3706896551724138,0.19459965871449122,0.19450481217013352,0.1991725445167405,0.46710526315789497
SYN_01358,garden-a,dev-003,default,clay,2025-12-29 07:00:00+07:00,0.7756849315068494,0.6235310009455626,0.6091445427728613,0.2916666666666669,0.6538461538461539,0.7788461538461539,0.7629310344827587,0.8222973199049753,0.8221049363551692,0.7073104051615725,0.41447368421052655
SYN_01359,garden-a,dev-003,rice,clay,2025-12-29 07:30:00+07:00,0.47805105853051066,1.0,0.8618485742379548,0.5673076923076925,0.7403846153846154,0.9038461538461539,0.9051724137931034,0.777327935222672,0.77708786091276,0.6556946798622122,0.0811403508771937
SYN_01360,garden-a,dev-004,chili,sandy,2025-12-29 08:00:00+07:00,0.49361768368617687,0.5273537754964203,0.24434611602753195,0.5833333333333335,0.2692307692307692,0.375,0.21982758620689655,0.1715796165556931,0.17153058056504192,0.20135965152095064,0.5679824561403511
SYN_01361,garden-b,dev-001,chili,loam,2025-12-29 08:30:00+07:00,0.6816625155666252,0.4788792188495012,0.6455260570304818,0.48397435897435903,0.30288461538461536,0.6153846153846154,0.6637931034482759,0.48957740823769524,0.4895995032598572,0.5359870231651084,0.6469298245614032
SYN_01362,garden-c,dev-002,rice,sandy,2025-12-29 09:00:00+07:00,0.4923723536737236,0.5566855135948746,0.23549655850540807,0.5096153846153847,0.4375,0.33653846153846156,0.4224137931034483,0.26767490882323414,0.2676187519403912,0.2579328193631873,0.31359649122807043
SYN_01363,garden-a,dev-002,chili,sandy,2025-12-29 09:30:00+07:00,0.8697073474470735,0.7283533702553019,0.4134709931170108,0.7596153846153847,0.36538461538461536,0.47115384615384615,0.4353448275862069,0.3356643356643356,0.3356100589878919,0.350957770608927,0.38815789473684237
SYN_01364,garden-b,dev-001,default,sandy,2025-12-29 10:00:00+07:00,0.5098069738480696,0.5140773045676462,0.40117994100294985,0.5160256410256413,0.23076923076923078,0.3557692307692308,0.39655172413793105,0.21574597651152674,0.2156162682396771,0.2309584996445951,0.34868421052631604
SYN_01365,garden-a,dev-003,rice,clay,2025-12-29 10:30:00+07:00,0.38714196762141967,0.4920013122093359,0.45476892822025566,0.37179487179487203,0.40384615384615385,0.4326923076923077,0.34913793103448276,0.5594405594405594,0.5594535858429058,0.5216979240709351,0.7302631578947366
SYN_01366,garden-a,dev-004,default,sandy,2025-12-29 11:00:00+07:00,0.4002179327521794,0.4030798325003377,0.30973451327433627,0.5961538461538464,0.40865384615384615,0.19230769230769232,0.35344827586206895,0.3150533676849465,0.3149642968022353,0.21564875061512384,0.5592105263157897
SYN_01367,garden-c,dev-001,chili,clay,2025-12-29 11:30:00+07:00,0.4462951432129514,0.2488566411300438,0.543756145526057,0.4807692307692309,0.5817307692307693,0.4326923076923077,0.3620689655172414,0.6558035266169235,0.6556969885128842,0.7334098820784807,0.7039473684210524
SYN_01368,garden-c,dev-004,rice,clay,2025-12-29 12:00:00+07:00,0.48988169364881684,0.9157677389475308,0.6735496558505408,0.5416666666666669,0.6971153846153846,0.8173076923076923,0.44396551724137934,0.6638337738816207,0.6636137845389629,0.7883791714509631,0.43640350877193007
SYN_01369,garden-c,dev-003,chili,loam,2025-12-29 12:30:00+07:00,0.5365815691158156,0.21242353486038476,0.4498525073746313,0.5032051282051284,0.7259615384615384,0.5865384615384616,0.7198275862068966,0.5120621005788468,0.5119528096864328,0.5266553666138115,0.5241228070175441
SYN_01370,garden-a,dev-004,default,clay,2025-12-29 13:00:00+07:00,0.20781444582814457,0.3583103375079601,0.2718780727630285,0.7019230769230771,0.44711538461538464,0.27884615384615385,0.41810344827586204,0.3171947669555324,0.3171375349270412,0.2586618550312574,0.43201754385964936
SYN_01371,garden-a,dev-004,chili,loam,2025-12-29 13:30:00+07:00,0.4232565379825653,0.44584241909650524,0.09931170108161258,0.25641025641025655,0.0,0.21153846153846154,0.2025862068965517,0.015525144711747575,0.015523129462899717,0.07523648094483022,0.39692982456140374
SYN_01372,garden-a,dev-004,chili,sandy,2025-12-29 14:00:00+07:00,0.683530510585305,0.3010362594315046,0.5506391347099312,0.5192307692307694,0.4326923076923077,0.4326923076923077,0.5043103448275862,0.37206812326429545,0.3719341819310773,0.3904715038183243,0.423245614035088
SYN_01373,garden-a,dev-002,default,loam,2025-12-29 14:30:00+07:00,0.3560087173100872,0.3723586962814303,0.5511307767944936,0.33333333333333354,0.6153846153846154,0.7403846153846154,0.47413793103448276,0.6011978452169839,0.6010555728034771,0.4848087192665901,0.423245614035088
SYN_01374,garden-a,dev-001,rice,loam,2025-12-29 15:00:00+07:00,0.5994707347447074,0.7303602786515119,0.6293018682399213,0.6410256410256411,0.6201923076923077,0.625,0.8318965517241379,0.6568742262522165,0.6566283762806581,0.6494249731168097,0.7434210526315786
SYN_01375,garden-a,dev-003,tomato,clay,2025-12-29 15:30:00+07:00,0.41329389788293885,0.49956581308735837,0.48426745329400195,0.8301282051282051,0.4230769230769231,0.40384615384615385,0.49137931034482757,0.3742095225348813,0.3741074200558832,0.4655621776295405,0.6206140350877195
SYN_01376,garden-b,dev-001,rice,loam,2025-12-29 16:00:00+07:00,0.43197384806973843,0.8019914706393161,0.43952802359882004,0.7051282051282053,0.4230769230769231,0.3269230769230769,0.5,0.30595242078495655,0.3058056504191245,0.33010735050212325,0.31359649122807043
SYN_01377,garden-b,dev-001,chili,clay,2025-12-29 16:30:00+07:00,0.41329389788293885,0.5753651994365219,0.27089478859390365,0.8301282051282051,0.21634615384615385,0.40384615384615385,0.5258620689655172,0.19245825944390535,0.19233157404532755,0.2679935115825542,0.4758771929824564
SYN_01378,garden-b,dev-003,default,clay,2025-12-29 17:00:00+07:00,0.3074408468244084,0.6210609598425348,0.6563421828908554,0.653846153846154,0.6826923076923077,0.7403846153846154,0.8836206896551724,0.688192190584535,0.6879850977957155,0.605391218765378,0.6820175438596489
SYN_01379,garden-b,dev-002,rice,clay,2025-12-29 17:30:00+07:00,0.19473848069738486,0.7308234113583296,0.69960668633235,0.6698717948717949,0.6586538461538461,0.5,0.7370689655172413,0.6113694917522667,0.611300838248991,0.6519036943882479,0.4539473684210529
SYN_01380,garden-a,dev-004,default,loam,2025-12-29 18:00:00+07:00,0.7202677459526775,0.49339071032978904,0.3279252704031465,0.7980769230769231,0.47115384615384615,0.5961538461538461,0.3706896551724138,0.30755847023789595,0.3076684259546725,0.35154099914338305,0.6864035087719296
SYN_01381,garden-b,dev-004,default,sandy,2025-12-29 18:30:00+07:00,0.49174968866749685,0.326508558306478,0.2969518190757129,0.3589743589743592,0.44711538461538464,0.5,0.46120689655172414,0.20129153143507209,0.2013349891338094,0.2356243279202435,0.5065789473684214
SYN_01382,garden-b,dev-004,rice,clay,2025-12-29 19:00:00+07:00,0.40333125778331247,0.7800698558499449,0.6184857423795477,0.4519230769230771,0.4326923076923077,0.4423076923076923,0.6724137931034483,0.43791615083481106,0.43775225085377206,0.49793136129185117,0.5197368421052634
SYN_01383,garden-b,dev-002,tomato,loam,2025-12-29 19:30:00+07:00,0.6200186799501867,0.6448351054591768,0.5948869223205506,0.18589743589743615,0.6682692307692307,0.7019230769230769,0.6077586206896551,0.5267842205641248,0.5265445513815585,0.5886233983997666,0.3750000000000002
SYN_01384,garden-c,dev-001,chili,loam,2025-12-29 20:00:00+07:00,0.651774595267746,0.35815595993902083,0.6194690265486725,0.3525641025641029,0.6201923076923077,0.5769230769230769,0.5129310344827587,0.585405025596413,0.5853772120459484,0.46206280642280423,0.6557017543859647
SYN_01385,garden-b,dev-003,chili,clay,2025-12-29 20:30:00+07:00,0.4307285180572851,0.6712336697477855,0.7394296951819076,0.3076923076923079,0.8846153846153846,0.7211538461538461,0.9482758620689655,0.7296818014521362,0.7294318534616578,0.5632529571509286,0.651315789473684
SYN_01386,garden-c,dev-002,rice,sandy,2025-12-29 21:00:00+07:00,0.6156600249066001,0.6817313444356534,0.5889872173058014,0.6794871794871796,0.5528846153846154,0.38461538461538464,0.7327586206896551,0.3701943989025328,0.3700714063955293,0.3427925711265423,0.5942982456140353
SYN_01387,garden-a,dev-003,chili,loam,2025-12-29 21:30:00+07:00,0.7040784557907845,0.7516643831651261,0.42920353982300885,0.6282051282051283,0.5240384615384616,0.5096153846153846,0.47844827586206895,0.3592197276407802,0.3590499844768705,0.42692328722182726,0.510964912280702
SYN_01388,garden-a,dev-002,chili,sandy,2025-12-29 22:00:00+07:00,0.6075653798256537,0.333764304046622,0.10471976401179942,0.7660256410256413,0.1778846153846154,0.2403846153846154,0.20689655172413793,0.0,0.0,0.005978092478174495,0.19517543859649147
SYN_01389,garden-c,dev-001,rice,sandy,2025-12-29 22:30:00+07:00,0.6299813200498131,0.4750197796260204,0.6779744346116028,0.3301282051282054,0.6778846153846154,0.4326923076923077,0.6724137931034483,0.45504734499949806,0.45482769326296174,0.544589644048335,0.5899122807017546
SYN_01390,garden-a,dev-002,tomato,sandy,2025-12-29 23:00:00+07:00,0.6330946450809464,0.5238030914108179,0.43706981317600785,0.903846153846154,0.5240384615384616,0.6057692307692307,0.6336206896551724,0.40579516177602293,0.40577460416019867,0.4416498077168425,0.6776315789473681
SYN_01391,garden-c,dev-001,chili,clay,2025-12-29 23:30:00+07:00,0.03658156911581582,0.47548291233283796,0.6642084562438545,0.5512820512820513,0.7692307692307693,0.6346153846153846,0.8491379310344828,0.7733128115903234,0.7730518472524059,0.7947946853299797,0.5899122807017546
SYN_01392,garden-c,dev-002,default,loam,2025-12-30 00:00:00+07:00,0.6941158156911581,0.6042338048281585,0.6671583087512291,0.5000000000000003,0.6634615384615384,0.7211538461538461,0.6163793103448276,0.6828386924080703,0.6825520024837007,0.616909982320885,0.7653508771929822
SYN_01393,garden-c,dev-004,default,clay,2025-12-30 00:30:00+07:00,0.8192714819427146,0.6523996063371992,0.5103244837758112,0.30448717948717974,0.40865384615384615,0.49038461538461536,0.5646551724137931,0.5120621005788468,0.5119528096864328,0.46760347750013664,0.43640350877193007
SYN_01394,garden-c,dev-003,default,loam,2025-12-30 01:00:00+07:00,0.7875155666251556,0.4685359217305725,0.35742379547689285,0.5032051282051284,0.3798076923076923,0.36538461538461536,0.0,0.23180647104092078,0.23176032288109283,0.24991342701441666,0.3092105263157897
SYN_01395,garden-a,dev-001,default,sandy,2025-12-30 01:30:00+07:00,0.1623599003735991,0.2144304432565948,0.2890855457227139,0.5641025641025641,0.4230769230769231,0.25,0.5603448275862069,0.2997958978820222,0.29975162992859355,0.27149288278929046,0.5460526315789476
SYN_01396,garden-c,dev-001,rice,sandy,2025-12-30 02:00:00+07:00,0.39274595267745954,0.431794060323035,0.543756145526057,0.8461538461538464,0.5192307692307693,0.5961538461538461,0.5732758620689655,0.4732492387994779,0.4729897547345544,0.3977618604990249,0.7346491228070173
SYN_01397,garden-a,dev-001,default,clay,2025-12-30 02:30:00+07:00,0.26945828144458284,0.3223403639451187,0.6583087512291053,0.5032051282051284,0.5576923076923077,0.8942307692307693,0.7198275862068966,0.7361059992638939,0.7359515678360756,0.5992673191535896,0.4846491228070178
SYN_01398,garden-a,dev-002,rice,sandy,2025-12-30 03:00:00+07:00,0.4961083437110834,0.3776075336253642,0.35742379547689285,0.4519230769230771,0.40384615384615385,0.4326923076923077,0.4051724137931034,0.3621641516378358,0.36199937907482144,0.2615779977035376,0.39692982456140374
SYN_01399,garden-a,dev-003,tomato,sandy,2025-12-30 03:30:00+07:00,0.49299501867995016,0.2550317438876131,0.3559488692232055,0.46794871794871806,0.2548076923076923,0.2403846153846154,0.5948275862068966,0.31451801786730005,0.31434337162371934,0.2493301984799606,0.260964912280702
SYN_01400,garden-a,dev-004,tomato,sandy,2025-12-30 04:00:00+07:00,0.4313511830635119,0.3371606105632851,0.1902654867256637,0.576923076923077,0.2980769230769231,0.3076923076923077,0.29310344827586204,0.09930739117341987,0.0993480285625582,0.13093480598538282,0.260964912280702
SYN_01401,garden-b,dev-003,default,sandy,2025-12-30 04:30:00+07:00,0.25202366127023657,0.155612589490747,0.06981317600786627,0.4519230769230771,0.3269230769230769,0.3173076923076923,0.33620689655172414,0.2037006056144812,0.20366345855324433,0.21448229354621173,0.0679824561403516
SYN_01402,garden-b,dev-003,chili,clay,2025-12-30 05:00:00+07:00,0.7047011207970113,0.8018370930703768,0.6096361848574238,0.37179487179487203,0.4951923076923077,0.6730769230769231,0.5818965517241379,0.40847191086425527,0.4084135361688916,0.5119288461187963,0.6337719298245612
SYN_01403,garden-c,dev-002,default,sandy,2025-12-30 05:30:00+07:00,0.2856475716064758,0.09447907219081066,0.3279252704031465,0.41666666666666674,0.46153846153846156,0.4423076923076923,0.47844827586206895,0.37902767089369954,0.37891959018938215,0.35387391328120726,0.2960526315789476
SYN_01404,garden-a,dev-003,default,sandy,2025-12-30 06:00:00+07:00,0.5720734744707346,0.5143860597055248,0.4577187807276303,0.6762820512820514,0.6346153846153846,0.6730769230769231,0.5732758620689655,0.4408605748318666,0.440701645451723,0.34614613519966464,0.6557017543859647
SYN_01405,garden-c,dev-002,rice,sandy,2025-12-30 06:30:00+07:00,0.2756849315068494,0.5908029563304452,0.3977384464110128,0.41987179487179516,0.3605769230769231,0.4519230769230769,0.33189655172413796,0.3308461873055174,0.330797888854393,0.45550148541017366,0.44517543859649145
SYN_01406,garden-a,dev-003,chili,loam,2025-12-30 07:00:00+07:00,0.5210149439601494,0.23835896644217597,0.37610619469026546,0.5705128205128207,0.47596153846153844,0.6826923076923077,0.3793103448275862,0.675611469869843,0.6754113629307669,0.4859751763355022,0.17763157894736867
SYN_01407,garden-c,dev-001,chili,sandy,2025-12-30 07:30:00+07:00,0.5976027397260273,0.4182088342563825,0.3829891838741396,0.4711538461538462,0.3942307692307692,0.2403846153846154,0.21551724137931033,0.16809984274099105,0.16796026078857498,0.13137222738622487,0.6557017543859647
SYN_01408,garden-a,dev-003,default,loam,2025-12-30 08:00:00+07:00,0.4002179327521794,0.20130834989675997,0.3470993117010816,0.5384615384615388,0.5288461538461539,0.375,0.5517241379310345,0.277846555358517,0.277864017385905,0.22293910729582442,0.14692982456140374
SYN_01409,garden-c,dev-003,chili,clay,2025-12-30 08:30:00+07:00,0.4855230386052303,0.3967503521738291,0.49262536873156343,0.4519230769230771,0.5961538461538461,0.5192307692307693,0.35344827586206895,0.4454110482818616,0.44535858429059294,0.3688920480434505,0.7565789473684208
SYN_01410,garden-b,dev-004,tomato,loam,2025-12-30 09:00:00+07:00,0.5820361145703611,0.5724320256266764,0.4552605703048181,0.4358974358974361,0.47115384615384615,0.49038461538461536,0.4051724137931034,0.34556830729079524,0.3453896305495187,0.4393168935790183,0.8442982456140349
SYN_01411,garden-a,dev-001,default,loam,2025-12-30 09:30:00+07:00,0.5521481942714819,0.22770691418536884,0.4051130776794494,0.3525641025641029,0.3557692307692308,0.5096153846153846,0.5517241379310345,0.36109345200254284,0.36091276001241845,0.35766489875517155,0.6118421052631582
SYN_01412,garden-c,dev-003,default,clay,2025-12-30 10:00:00+07:00,0.38340597758405986,0.5752108218675825,0.5934119960668633,0.5352564102564104,0.5480769230769231,0.5,0.5129310344827587,0.3827751196172248,0.3826451412604781,0.39484571782674466,0.5021929824561406
SYN_01413,garden-c,dev-002,default,clay,2025-12-30 10:30:00+07:00,0.5957347447073476,0.6414387989425135,0.4832841691248771,0.5320512820512822,0.47115384615384615,0.5480769230769231,0.5172413793103449,0.46869876534948296,0.4686432784849425,0.6346984526217945,0.4934210526315792
SYN_01414,garden-a,dev-003,default,loam,2025-12-30 11:00:00+07:00,0.33919676214196764,0.5239574689797571,0.7015732546705998,0.36538461538461575,0.6826923076923077,0.9134615384615384,0.646551724137931,0.7401211228962423,0.7399875814964296,0.6828148067144184,0.81359649122807
SYN_01415,garden-a,dev-001,chili,clay,2025-12-30 11:30:00+07:00,0.3709526774595267,0.4029254549313985,0.6450344149459194,0.6474358974358977,0.5240384615384616,0.75,0.4827586206896552,0.6389400073610599,0.6387767773983235,0.6710044288916835,0.9100877192982454
SYN_01416,garden-a,dev-003,default,loam,2025-12-30 12:00:00+07:00,0.47493773349937735,0.4991026803805406,0.44936086529006886,0.5544871794871797,0.5096153846153846,0.34615384615384615,0.7025862068965517,0.3728711479907651,0.37271033840422224,0.34133449979040226,0.9276315789473681
SYN_01417,garden-b,dev-004,default,sandy,2025-12-30 12:30:00+07:00,0.28128891656288924,0.28822292120954823,0.27384464110127826,0.7211538461538463,0.27884615384615385,0.25961538461538464,0.3922413793103448,0.0050858232676414495,0.0049674014281279105,0.008165199482384675,0.5241228070175441
SYN_01418,garden-b,dev-001,default,sandy,2025-12-30 13:00:00+07:00,0.12749066002490655,0.34935643850948456,0.4331366764995084,0.657051282051282,0.49038461538461536,0.5576923076923077,0.33189655172413796,0.42239100612306346,0.4222291213908724,0.3849308327409918,0.46271929824561425
SYN_01419,garden-a,dev-003,rice,sandy,2025-12-30 13:30:00+07:00,0.30308219178082185,0.5012639663456899,0.33726647000983284,0.5929487179487182,0.4855769230769231,0.34615384615384615,0.4698275862068966,0.26794258373205737,0.2679292145296492,0.3222337652869666,0.42763157894736864
SYN_01420,garden-a,dev-002,chili,clay,2025-12-30 14:00:00+07:00,0.3933686176836863,0.6256922869107119,0.35742379547689285,0.4423076923076924,0.2644230769230769,0.28846153846153844,0.3448275862068966,0.20851875397329941,0.20863085998137226,0.17875954581077877,0.510964912280702
SYN_01421,garden-a,dev-001,chili,loam,2025-12-30 14:30:00+07:00,0.5066936488169363,0.4055498736033654,0.47345132743362833,0.7051282051282053,0.3894230769230769,0.5192307692307693,0.4525862068965517,0.3493157560143205,0.3492704129152437,0.31158984453314376,0.6250000000000002
SYN_01422,garden-a,dev-001,default,loam,2025-12-30 15:00:00+07:00,0.3771793275217933,0.37884255417687807,0.2915437561455261,0.4807692307692309,0.4326923076923077,0.46153846153846156,0.2413793103448276,0.3238866396761133,0.32381248059608814,0.3285034720323692,0.3399122807017546
SYN_01423,garden-c,dev-003,chili,clay,2025-12-30 15:30:00+07:00,0.45812577833125784,0.7334478300302966,0.3928220255653884,0.6250000000000001,0.5,0.5769230769230769,0.24568965517241378,0.3913407166995683,0.3913380937597019,0.39382506789144656,0.5592105263157897
SYN_01424,garden-b,dev-002,chili,loam,2025-12-30 16:00:00+07:00,0.14181195516811954,0.6107176627236063,0.6470009832841691,0.31730769230769257,0.8317307692307693,0.5192307692307693,0.6336206896551724,0.730484826178606,0.7303632412294319,0.7129968833725189,0.4714912280701757
SYN_01425,garden-b,dev-002,tomato,sandy,2025-12-30 16:30:00+07:00,0.4120485678704856,0.2811215530383435,0.4119960668633235,0.3493589743589745,0.44711538461538464,0.49038461538461536,0.2974137931034483,0.2997958978820222,0.29975162992859355,0.5062423679078498,0.4583333333333336
SYN_01426,garden-b,dev-001,chili,clay,2025-12-30 17:00:00+07:00,0.46497509339975096,0.6320217672372204,0.5034414945919371,0.310897435897436,0.5,0.6442307692307693,0.5560344827586207,0.49439555659651346,0.494411673393356,0.44646144312610486,0.5811403508771932
SYN_01427,garden-a,dev-002,rice,loam,2025-12-30 17:30:00+07:00,0.5403175591531756,0.7860905810385751,0.3938053097345133,0.7211538461538463,0.21634615384615385,0.36538461538461536,0.25,0.15471609729982932,0.15476560074511023,0.12860189184755863,0.2521929824561406
SYN_01428,garden-c,dev-001,default,clay,2025-12-30 18:00:00+07:00,0.25513698630136983,0.7260377067212134,0.4960668633235005,0.45512820512820523,0.4519230769230769,0.375,0.4956896551724138,0.42694147957305845,0.4268860602297423,0.5011391182313594,0.30043859649122834
SYN_01429,garden-b,dev-003,tomato,sandy,2025-12-30 18:30:00+07:00,0.699719800747198,0.11454815615291097,0.22910521140609635,0.32371794871794884,0.34134615384615385,0.21153846153846154,0.34913793103448276,0.16087262020276372,0.1608196212356411,0.2252720214336486,0.0635964912280709
SYN_01430,garden-b,dev-004,rice,sandy,2025-12-30 19:00:00+07:00,0.6741905354919053,0.46591150305860557,0.19469026548672566,0.6025641025641026,0.2403846153846154,0.34615384615384615,0.3275862068965517,0.2987251982467293,0.29866501086619063,0.3546029489492773,0.6995614035087717
SYN_01431,garden-c,dev-001,chili,clay,2025-12-30 19:30:00+07:00,0.3790473225404733,0.25425985604291695,0.47885939036381514,0.48717948717948745,0.625,0.6634615384615384,0.45689655172413796,0.4341687021112858,0.43402669978267616,0.44427433612189476,0.34868421052631604
SYN_01432,garden-a,dev-004,default,loam,2025-12-30 20:00:00+07:00,0.5621108343711082,0.31323208737770397,0.4410029498525074,0.7083333333333334,0.5240384615384616,0.47115384615384615,0.3232758620689655,0.4510322213671495,0.4509469108972368,0.411321923925128,0.28289473684210553
SYN_01433,garden-a,dev-003,tomato,sandy,2025-12-30 20:30:00+07:00,0.30930884184308843,0.6616622604735531,0.35693215339233036,0.4903846153846156,0.5480769230769231,0.3076923076923077,0.3146551724137931,0.257235587379128,0.2572182552002484,0.3395848141870341,0.4890350877192985
SYN_01434,garden-c,dev-004,default,loam,2025-12-30 21:00:00+07:00,0.5577521793275216,0.5696532293857702,0.7576204523107178,0.5064102564102566,0.6875,0.6153846153846154,0.6422413793103449,0.6948840633051159,0.6946600434647624,0.6998742413472578,0.5241228070175441
SYN_01435,garden-a,dev-001,default,sandy,2025-12-30 21:30:00+07:00,0.2644769613947697,0.34148318249358367,0.2866273352999017,0.6282051282051283,0.2692307692307692,0.20192307692307693,0.4698275862068966,0.13785257804396558,0.13784538963054954,0.10381467913317657,0.2434210526315792
SYN_01436,garden-c,dev-001,default,loam,2025-12-30 22:00:00+07:00,0.7078144458281443,0.5671831882827425,0.6538839724680433,0.842948717948718,0.5,0.7019230769230769,0.47844827586206895,0.4606685180847859,0.4604160198696057,0.4651247562286984,0.6776315789473681
SYN_01437,garden-a,dev-004,tomato,clay,2025-12-30 22:30:00+07:00,0.7296077210460772,0.6088651318963354,0.9169124877089478,0.7371794871794872,0.8221153846153846,0.8365384615384616,0.9267241379310345,0.7296818014521362,0.7295870847562869,0.6212841963293054,0.5372807017543862
SYN_01438,garden-a,dev-004,tomato,clay,2025-12-30 23:00:00+07:00,0.5490348692403487,0.6139595916713302,0.6696165191740413,0.9134615384615387,0.6971153846153846,0.7692307692307693,0.4525862068965517,0.8244387191755612,0.8242781744799751,0.8404323181511655,0.5372807017543862
SYN_01439,garden-a,dev-004,tomato,loam,2025-12-30 23:30:00+07:00,0.6256226650062265,0.5790702610910634,0.3190757128810226,0.42948717948717957,0.34615384615384615,0.3173076923076923,0.4224137931034483,0.3169270920467092,0.31698230363241225,0.4051980243133395,0.5855263157894739
SYN_01440,garden-a,dev-004,chili,loam,2025-12-31 00:00:00+07:00,0.5639788293897883,0.28390034927924973,0.3672566371681416,0.544871794871795,0.40865384615384615,0.5288461538461539,0.43103448275862066,0.2826647037173352,0.2826761875194039,0.19698543751253028,0.4714912280701757
SYN_01441,garden-b,dev-002,rice,clay,2025-12-31 00:30:00+07:00,0.31117683686176845,0.43364659115030585,0.43805309734513276,0.6089743589743591,0.4230769230769231,0.47115384615384615,0.6508620689655172,0.5297286445611804,0.5296491772741384,0.5628155357500865,0.4407894736842108
SYN_01442,garden-c,dev-003,default,sandy,2025-12-31 01:00:00+07:00,0.651774595267746,0.04399760714768143,0.3387413962635202,0.6025641025641026,0.36538461538461536,0.2980769230769231,0.31896551724137934,0.33138153712316387,0.331418814032909,0.37880693312920327,0.16447368421052655
SYN_01443,garden-a,dev-002,default,loam,2025-12-31 01:30:00+07:00,0.35227272727272735,0.3938171783639837,0.25712881022615536,0.621794871794872,0.28365384615384615,0.18269230769230768,0.20689655172413793,0.13517582895573324,0.13520645762185657,0.12087411376601599,0.46710526315789497
SYN_01444,garden-b,dev-002,rice,sandy,2025-12-31 02:00:00+07:00,0.7121731008717309,0.25086354952625384,0.2856440511307768,0.7051282051282053,0.5144230769230769,0.28846153846153844,0.13793103448275862,0.23287717067621372,0.2328469419434958,0.27790839666830697,0.10307017543859673
SYN_01445,garden-a,dev-004,default,sandy,2025-12-31 02:30:00+07:00,0.560865504358655,0.22168618899673875,0.4336283185840708,0.3525641025641029,0.5432692307692307,0.4519230769230769,0.33620689655172414,0.39910328905544207,0.39909965849115175,0.31654728707602015,0.3750000000000002
SYN_01446,garden-b,dev-002,default,loam,2025-12-31 03:00:00+07:00,0.9668430884184309,0.42994152949576425,0.45181907571288105,0.5673076923076925,0.5721153846153846,0.5480769230769231,0.16379310344827586,0.47217853916418495,0.4719031356721515,0.39178376802085035,0.6820175438596489
SYN_01447,garden-c,dev-004,default,loam,2025-12-31 03:30:00+07:00,0.8516500622665006,0.37127805329885566,0.45870206489675514,0.41025641025641046,0.25,0.5288461538461539,0.6336206896551724,0.40820423595543204,0.4079478422850046,0.48655840486995827,0.8311403508771927
SYN_01448,garden-b,dev-004,chili,sandy,2025-12-31 04:00:00+07:00,0.10133872976338737,0.486752474865402,0.4832841691248771,0.432692307692308,0.5961538461538461,0.41346153846153844,0.40086206896551724,0.45156757118479596,0.4514126047811238,0.5294257021524778,0.5241228070175441
SYN_01449,garden-c,dev-002,rice,loam,2025-12-31 04:30:00+07:00,0.5589975093399749,0.8689913355589433,0.5668633235004916,0.11538461538461574,0.4230769230769231,0.6153846153846154,0.8103448275862069,0.43015357847893726,0.43014591741695124,0.37559917618969507,0.39692982456140374
SYN_01450,garden-a,dev-003,default,loam,2025-12-31 05:00:00+07:00,0.7626089663760897,0.2591999382489724,0.4754178957718781,0.5865384615384617,0.5528846153846154,0.5673076923076923,0.4870689655172414,0.5685415063405493,0.5683017696367587,0.6370313667596186,0.4407894736842108
SYN_01451,garden-b,dev-003,default,clay,2025-12-31 05:30:00+07:00,0.9855230386052303,0.682811987418228,0.6307767944936087,0.09294871794871822,0.6394230769230769,0.5480769230769231,0.5129310344827587,0.39937096396426536,0.3992548897857807,0.4366923651739661,0.33552631578947395
SYN_01452,garden-b,dev-001,rice,clay,2025-12-31 06:00:00+07:00,0.5104296388542964,0.8158854518438471,0.6666666666666666,0.7788461538461541,0.5769230769230769,0.7692307692307693,0.7801724137931034,0.6718640211463176,0.6716858118596709,0.5545045291340879,0.43201754385964936
SYN_01453,garden-a,dev-002,rice,loam,2025-12-31 06:30:00+07:00,0.4836550435865505,0.6014550085872522,0.4016715830875123,0.2916666666666669,0.5769230769230769,0.6153846153846154,0.47844827586206895,0.253755813564426,0.25364793542378145,0.3433757996609984,0.510964912280702
SYN_01454,garden-b,dev-004,tomato,sandy,2025-12-31 07:00:00+07:00,0.8024595267745953,0.5146948148434033,0.34906588003933137,0.3814102564102567,0.4326923076923077,0.5480769230769231,0.3017241379310345,0.5230367718405995,0.5229742316050915,0.5654400641551388,0.4714912280701757
SYN_01455,garden-b,dev-003,default,sandy,2025-12-31 07:30:00+07:00,0.5029576587795765,0.5975955693637715,0.39577187807276304,0.576923076923077,0.41346153846153844,0.10576923076923077,0.23275862068965517,0.14374142603807674,0.14358894753182241,0.23402044945048933,0.7302631578947366
SYN_01456,garden-b,dev-001,tomato,loam,2025-12-31 08:00:00+07:00,0.3697073474470734,0.6882152023311012,0.492133726647001,0.6506410256410258,0.4182692307692308,0.6346153846153846,0.46551724137931033,0.41516378358483613,0.41493325054330954,0.3178595512785463,0.5328947368421055
SYN_01457,garden-a,dev-004,tomato,sandy,2025-12-31 08:30:00+07:00,0.36846201743462015,0.3138495976534609,0.3952802359882006,0.7083333333333334,0.4375,0.2980769230769231,0.5517241379310345,0.3586843778231337,0.35858429059298347,0.3693294694442925,0.35307017543859676
SYN_01458,garden-c,dev-001,default,loam,2025-12-31 09:00:00+07:00,0.3024595267745953,0.3319117732193512,0.5408062930186824,0.7115384615384616,0.7163461538461539,0.6442307692307693,0.3275862068965517,0.5377588918258773,0.5377212045948463,0.48101773379262575,0.7653508771929822
SYN_01459,garden-b,dev-004,default,loam,2025-12-31 09:30:00+07:00,0.3080635118306352,0.5023446093282645,0.6607669616519174,0.4615384615384618,0.7067307692307693,0.8846153846153846,0.6206896551724138,0.6525914277110447,0.6524371313256752,0.7291814752036744,0.6162280701754388
SYN_01460,garden-c,dev-001,chili,loam,2025-12-31 10:00:00+07:00,0.5515255292652553,0.274792072711835,0.6789577187807276,0.4711538461538462,0.7019230769230769,0.6346153846153846,0.3706896551724138,0.7473483454344697,0.7471282210493635,0.7783184792315964,0.708333333333333
SYN_01461,garden-b,dev-002,default,sandy,2025-12-31 10:30:00+07:00,0.5421855541718554,0.30273441268983614,0.36774827925270404,0.28525641025641063,0.4375,0.33653846153846156,0.6077586206896551,0.3493157560143205,0.3492704129152437,0.3400222355878761,0.16447368421052655
SYN_01462,garden-b,dev-003,default,clay,2025-12-31 11:00:00+07:00,0.44069115815691157,0.27263078674668567,0.34267453294001965,0.38461538461538486,0.2980769230769231,0.5769230769230769,0.5,0.47887041188476587,0.4787333126358273,0.4563763282118577,0.37938596491228094
SYN_01463,garden-a,dev-003,default,sandy,2025-12-31 11:30:00+07:00,0.42387920298879206,0.40570425117230463,0.21238938053097345,0.37500000000000017,0.22115384615384615,0.34615384615384615,0.1724137931034483,0.0,0.0,0.0459292470884138,0.4583333333333336
SYN_01464,garden-c,dev-004,chili,loam,2025-12-31 12:00:00+07:00,0.4051992528019925,0.44846683776847224,0.5624385447394297,0.3974358974358977,0.8028846153846154,0.5384615384615384,0.5603448275862069,0.746545320708,0.7463520645762185,0.6944793774035394,0.989035087719298
SYN_01465,garden-c,dev-001,rice,loam,2025-12-31 12:30:00+07:00,0.5870174346201744,0.8165029621196039,0.46214355948869223,0.3685897435897439,0.3125,0.47115384615384615,0.5560344827586207,0.3340582862113962,0.33405774604160193,0.35256164907868115,0.5855263157894739
SYN_01466,garden-a,dev-004,default,sandy,2025-12-31 13:00:00+07:00,0.3790473225404733,0.5375426950464097,0.40117994100294985,0.5096153846153847,0.38461538461538464,0.3076923076923077,0.39655172413793105,0.11322648643222806,0.11316361378453897,0.11708312829205168,0.423245614035088
SYN_01467,garden-c,dev-002,chili,clay,2025-12-31 13:30:00+07:00,0.7644769613947697,0.5332201231161112,0.8647984267453294,0.71474358974359,0.6394230769230769,0.6346153846153846,0.5172413793103449,0.8081105497373438,0.8079788885439304,0.809375398691381,0.6293859649122809
SYN_01468,garden-a,dev-004,default,clay,2025-12-31 14:00:00+07:00,0.4307285180572851,0.5824665676077265,0.323992133726647,0.45512820512820523,0.3557692307692308,0.40384615384615385,0.30603448275862066,0.29042727607320906,0.29028252095622475,0.2830116463447974,0.4583333333333336
SYN_01469,garden-b,dev-002,rice,sandy,2025-12-31 14:30:00+07:00,0.5895080946450809,0.5187086316358233,0.28023598820059,0.36538461538461575,0.46634615384615385,0.25961538461538464,0.5387931034482759,0.15230702312042024,0.15228190003104627,0.19538155904277615,0.5197368421052634
SYN_01470,garden-a,dev-002,chili,clay,2025-12-31 15:00:00+07:00,0.7644769613947697,0.7234132880492464,0.46853490658800395,0.8205128205128207,0.44711538461538464,0.4230769230769231,0.4482758620689655,0.471107839528892,0.47097174790437746,0.5063881750414638,0.21710526315789497
SYN_01471,garden-b,dev-002,tomato,sandy,2025-12-31 15:30:00+07:00,0.49486301369863017,0.5012639663456899,0.021632251720747297,0.310897435897436,0.36538461538461536,0.20192307692307693,0.2801724137931034,0.0,0.0,0.025516248382452106,0.2741228070175441
SYN_01472,garden-c,dev-004,default,loam,2025-12-31 16:00:00+07:00,0.8983499377334994,0.4447617761139306,0.5117994100294986,0.5064102564102566,0.4855769230769231,0.5096153846153846,0.6422413793103449,0.40740121122896233,0.4073269171064886,0.42152842327810885,0.8749999999999998
SYN_01473,garden-c,dev-001,chili,sandy,2025-12-31 16:30:00+07:00,0.37219800747197995,0.21798112734219718,0.4144542772861357,0.2820512820512822,0.46634615384615385,0.5,0.47844827586206895,0.3814367450731086,0.3814032909034461,0.45389760694041953,0.5592105263157897
SYN_01474,garden-b,dev-002,default,sandy,2025-12-31 17:00:00+07:00,0.635585305105853,0.3228034966519365,0.5117994100294986,0.621794871794872,0.40865384615384615,0.33653846153846156,0.40948275862068967,0.3305785123966941,0.330332194970506,0.242331456066488,0.7127192982456138
SYN_01475,garden-b,dev-001,chili,clay,2025-12-31 17:30:00+07:00,0.774439601494396,0.6871345593485266,0.48131760078662733,0.5576923076923078,0.6586538461538461,0.4326923076923077,0.5172413793103449,0.45370897045538183,0.4535858429059298,0.3971786319645689,0.7346491228070173
SYN_01476,garden-a,dev-001,tomato,loam,2025-12-31 18:00:00+07:00,0.361612702366127,0.6645954342833985,0.6238938053097345,0.47756410256410275,0.7115384615384616,0.5865384615384616,0.6120689655172413,0.6132432161140294,0.61300838248991,0.7010406984161699,0.6250000000000002
SYN_01477,garden-b,dev-003,rice,loam,2025-12-31 18:30:00+07:00,0.3416874221668742,0.5835472105903011,0.5993117010816126,0.4423076923076924,0.6394230769230769,0.625,0.4698275862068966,0.5463244889082208,0.5462589257994411,0.616326753786429,0.7872807017543857
SYN_01478,garden-b,dev-001,default,loam,2025-12-31 19:00:00+07:00,0.5241282689912826,0.7130699909303178,0.7468043264503441,0.6346153846153848,0.7596153846153846,0.7019230769230769,0.6767241379310345,0.6212734633787264,0.6210804098106177,0.507992053511218,0.651315789473684
SYN_01479,garden-b,dev-001,rice,clay,2025-12-31 19:30:00+07:00,0.6100560398505602,0.8316319638756487,0.9478859390363815,0.4230769230769233,0.7548076923076923,0.8942307692307693,0.8405172413793104,0.7663532639609194,0.7662216702887302,0.7191207829843075,0.059210526315790206
SYN_01480,garden-b,dev-004,chili,clay,2025-12-31 20:00:00+07:00,0.7071917808219178,0.5506647884062446,0.4523107177974435,0.432692307692308,0.5288461538461539,0.3942307692307692,0.41379310344827586,0.36992672399370957,0.36991617510090036,0.35401972041482127,0.5855263157894739
SYN_01481,garden-c,dev-003,chili,sandy,2025-12-31 20:30:00+07:00,0.5552615193026151,0.5548329827676038,0.2305801376597837,0.923076923076923,0.25,0.15384615384615385,0.3577586206896552,0.13892327767925852,0.1389320086929525,0.1488690834199063,0.22587719298245637
SYN_01482,garden-c,dev-004,tomato,loam,2025-12-31 21:00:00+07:00,0.20905977584059784,0.5338376333918681,0.34021632251720746,0.8044871794871794,0.38461538461538464,0.38461538461538464,0.4698275862068966,0.37340649780841156,0.37348649487736724,0.39367926075783255,0.8092105263157893
SYN_01483,garden-c,dev-004,rice,loam,2025-12-31 21:30:00+07:00,0.12250933997509346,0.908511993207387,0.6189773844641101,0.7243589743589743,0.4855769230769231,0.6057692307692307,0.3448275862068966,0.31826546659082533,0.31822415398944426,0.37822370459474725,0.43640350877193007
SYN_01484,garden-a,dev-002,tomato,clay,2025-12-31 22:00:00+07:00,0.6225093399750935,0.7408579533393798,0.6076696165191741,0.5705128205128207,0.6971153846153846,0.5,0.3922413793103448,0.41141633486131085,0.41136293076684255,0.28505294621539357,0.5679824561403511
SYN_01485,garden-b,dev-003,default,loam,2025-12-31 22:30:00+07:00,0.48490037359900373,0.5312132147199011,0.45083579154375614,0.4743589743589746,0.5240384615384616,0.3269230769230769,0.6206896551724138,0.3731388228995884,0.37317603228810925,0.44850274299670106,0.598684210526316
SYN_01486,garden-b,dev-002,tomato,loam,2025-12-31 23:00:00+07:00,0.10382938978829391,0.5608537079562339,0.3554572271386431,0.30448717948717974,0.5,0.34615384615384615,0.46120689655172414,0.25482651319971894,0.25473455448618443,0.33929319991980605,0.6776315789473681
SYN_01487,garden-c,dev-001,default,sandy,2025-12-31 23:30:00+07:00,0.7289850560398504,0.3769900233496073,0.31170108161258603,0.8525641025641026,0.3894230769230769,0.40384615384615385,0.5043103448275862,0.3139826680496536,0.31387767773983233,0.27236772559097455,0.2741228070175441
SYN_01488,garden-a,dev-004,chili,clay,2026-01-01 00:00:00+07:00,0.41142590286425906,0.6963972134848806,0.9301868239921337,0.698717948717949,0.9278846153846154,0.9807692307692307,0.7672413793103449,0.9199986616254557,0.9199006519714374,0.7806513933694206,0.5767543859649126
SYN_01489,garden-a,dev-001,rice,sandy,2026-01-01 00:30:00+07:00,0.7831569115815691,0.5063584261206846,0.4006882989183874,0.621794871794872,0.5144230769230769,0.5192307692307693,0.3922413793103448,0.189781510355673,0.1898478733312636,0.229500428308455,0.6732456140350874
SYN_01490,garden-a,dev-001,chili,loam,2026-01-01 01:00:00+07:00,0.23396637608966375,0.5441809305107967,0.6106194690265486,0.4647435897435899,0.4807692307692308,0.7307692307692307,0.6077586206896551,0.4507645464583263,0.4506364483079789,0.5482348223886853,0.7039473684210524
SYN_01491,garden-a,dev-003,default,loam,2026-01-01 01:30:00+07:00,0.40582191780821925,0.3703517878852202,0.3225172074729597,0.5096153846153847,0.3701923076923077,0.4519230769230769,0.23706896551724138,0.3070231204202495,0.30704750077615645,0.33273187890717554,0.3574561403508774
SYN_01492,garden-b,dev-001,default,clay,2026-01-01 02:00:00+07:00,0.3217621419676214,0.19189131819146676,0.11897738446411013,0.5673076923076925,0.28365384615384615,0.18269230769230768,0.34051724137931033,0.1975440827115468,0.19760943806271347,0.33098219330380735,0.08991228070175462
SYN_01493,garden-a,dev-002,chili,sandy,2026-01-01 02:30:00+07:00,0.4587484433374843,0.25209857007776765,0.16273352999016716,0.48397435897435903,0.0,0.3173076923076923,0.09051724137931035,0.0,0.0,0.13326772012320703,0.20394736842105288
SYN_01494,garden-b,dev-004,default,loam,2026-01-01 03:00:00+07:00,0.4139165628891656,0.34843017309584917,0.23303834808259588,0.4935897435897437,0.2980769230769231,0.2980769230769231,0.17672413793103448,0.33646736039080527,0.3365414467556659,0.4028651101755153,0.22149122807017568
SYN_01495,garden-a,dev-003,rice,loam,2026-01-01 03:30:00+07:00,0.2538916562889166,0.5109897531888616,0.25958702064896755,0.5801282051282054,0.5288461538461539,0.19230769230769232,0.22413793103448276,0.24278114230267334,0.24278174479975162,0.29146846009441013,0.782894736842105
SYN_01496,garden-a,dev-002,rice,loam,2026-01-01 04:00:00+07:00,0.5814134495641345,0.6520908511993208,0.30137659783677484,0.21474358974358992,0.1875,0.41346153846153844,0.2801724137931034,0.13383745441161707,0.13365414467556658,0.0943372154482658,0.2521929824561406
SYN_01497,garden-b,dev-003,tomato,loam,2026-01-01 04:30:00+07:00,0.4961083437110834,0.45989077786997545,0.32841691248770893,0.3974358974358977,0.5048076923076923,0.6346153846153846,0.41810344827586204,0.4290828788436443,0.42905929835454826,0.4623544206900322,0.5942982456140353
SYN_01498,garden-b,dev-004,chili,loam,2026-01-01 05:00:00+07:00,0.38340597758405986,0.6913027537098859,0.5162241887905604,0.4647435897435899,0.6009615384615384,0.3942307692307692,0.5689655172413793,0.5655970823434937,0.5655076063334368,0.5740426850383654,0.36622807017543885
SYN_01499,garden-b,dev-004,tomato,sandy,2026-01-01 05:30:00+07:00,0.7470423412204235,0.3729762065571872,0.4193706981317601,0.48397435897435903,0.4855769230769231,0.375,0.10775862068965517,0.3934821159701542,0.39335610058987885,0.43450525816975594,0.7171052631578945
